{"id": 0, "name": "Malaysia", "country": "Malaysia", "level": "admin0", "continent": "Asia", "metrics": {"solar_cf": 0.2024, "wind_cf": 0.001, "solar_f_adj": 1.3118, "wind_f_adj": 66.0347, "mix_alpha": 0.65, "mix_f_adj": 1.9424, "solar_s_tot_pct": 6.611, "wind_s_tot_pct": 70.3411, "mix_s_tot_pct": 6.5194, "solar_s_seasonal_pct": 5.1872, "solar_s_diurnal_pct": 1.4238, "wind_s_seasonal_pct": 70.2393, "wind_s_diurnal_pct": 0.1018, "solar_flaute_days": 0.625, "wind_flaute_days": 171.625, "solar_gap30d_max": 0.5836, "wind_gap30d_max": 1.0, "solar_trend_pct_decade": 1.5289, "wind_trend_pct_decade": -39.5547}, "colocation": {"k": [0, 17, 35, 50], "storage_pct_cons": [6.5194, 0.8478, 0.4448, 0.3602], "pick": ["base", "solar", "wind", "wind"]}, "datasets": {"gldas": {"series_norm": {"months": [1, 2, 3, 4, 5, 6, 7, 8, 9, 10, 11, 12], "demand": [1.0, 1.0, 1.0, 1.0, 1.0, 1.0, 1.0, 1.0, 1.0, 1.0, 1.0, 1.0], "solar_supply": [1.178015, 1.34243, 1.420252, 1.435452, 1.382269, 1.323463, 1.346271, 1.369255, 1.328338, 1.270435, 1.204472, 1.145319], "wind_supply": [202.507612, 240.475358, 102.012372, 6.923187, 4.081388, 19.692072, 45.285979, 83.930509, 13.77652, 17.601683, 15.914018, 48.904648], "mix_supply": [3.218547, 3.767659, 2.41709, 1.452781, 1.372341, 1.476456, 1.761894, 2.181857, 1.420247, 1.4039, 1.323042, 1.605748], "mix_storage": [0.055113, 0.061128, 0.063719, 0.063958, 0.0637, 0.063055, 0.06282, 0.062997, 0.061982, 0.060628, 0.057436, 0.053417], "mix_s_tot": 0.065194}}, "nldas": null}, "pdf": "figures/0.pdf"}