{"id": 1, "name": "Chile", "country": "Chile", "level": "admin0", "continent": "South America", "metrics": {"solar_cf": 0.1997, "wind_cf": 0.2653, "solar_f_adj": 1.2703, "wind_f_adj": 1.9487, "mix_alpha": 0.0, "mix_f_adj": 1.9487, "solar_s_tot_pct": 19.5157, "wind_s_tot_pct": 15.8064, "mix_s_tot_pct": 15.8064, "solar_s_seasonal_pct": 18.2476, "solar_s_diurnal_pct": 1.2681, "wind_s_seasonal_pct": 14.1269, "wind_s_diurnal_pct": 1.6795, "solar_flaute_days": 0.625, "wind_flaute_days": 6.875, "solar_gap30d_max": 0.6419, "wind_gap30d_max": 0.7278, "solar_trend_pct_decade": 2.3577, "wind_trend_pct_decade": -39.3752}, "colocation": {"k": [0, 17, 35, 50], "storage_pct_cons": [15.8064, 9.8551, 5.9312, 3.0299], "pick": ["base", "solar", "solar", "solar"]}, "datasets": {"gldas": {"series_norm": {"months": [1, 2, 3, 4, 5, 6, 7, 8, 9, 10, 11, 12], "demand": [1.0, 1.0, 1.0, 1.0, 1.0, 1.0, 1.0, 1.0, 1.0, 1.0, 1.0, 1.0], "solar_supply": [1.832236, 1.666574, 1.374225, 1.022006, 0.749054, 0.632339, 0.696138, 0.900552, 1.214763, 1.529308, 1.773301, 1.873803], "wind_supply": [2.078719, 1.845014, 1.744935, 1.718274, 1.77508, 1.999447, 1.953317, 2.016438, 1.944842, 2.094001, 2.10211, 2.102311], "mix_supply": [2.078719, 1.845014, 1.744935, 1.718274, 1.77508, 1.999447, 1.953317, 2.016438, 1.944842, 2.094001, 2.10211, 2.102311], "mix_storage": [0.151531, 0.152684, 0.15072, 0.146028, 0.137896, 0.132008, 0.127805, 0.125736, 0.12662, 0.132655, 0.138913, 0.145211], "mix_s_tot": 0.158064}}, "nldas": null}, "pdf": "figures/1.pdf"}