{"id": 10, "name": "South Sudan", "country": "South Sudan", "level": "admin0", "continent": "Africa", "metrics": {"solar_cf": 0.2417, "wind_cf": 0.0477, "solar_f_adj": 1.2587, "wind_f_adj": 3.5696, "mix_alpha": 1.0, "mix_f_adj": 1.2587, "solar_s_tot_pct": 8.1367, "wind_s_tot_pct": 53.1675, "mix_s_tot_pct": 8.1367, "solar_s_seasonal_pct": 4.8262, "solar_s_diurnal_pct": 3.3105, "wind_s_seasonal_pct": 51.3783, "wind_s_diurnal_pct": 1.7893, "solar_flaute_days": 0.75, "wind_flaute_days": 37.875, "solar_gap30d_max": 0.5852, "wind_gap30d_max": 1.0, "solar_trend_pct_decade": 3.2233, "wind_trend_pct_decade": 45.1524}, "colocation": {"k": [0, 17, 35, 50], "storage_pct_cons": [8.1367, 2.4891, 0.948, 0.6768], "pick": ["base", "wind", "wind", "wind"]}, "datasets": {"gldas": {"series_norm": {"months": [1, 2, 3, 4, 5, 6, 7, 8, 9, 10, 11, 12], "demand": [1.0, 1.0, 1.0, 1.0, 1.0, 1.0, 1.0, 1.0, 1.0, 1.0, 1.0, 1.0], "solar_supply": [1.3584, 1.40097, 1.372477, 1.293992, 1.221784, 1.15765, 1.118114, 1.163875, 1.233041, 1.227558, 1.262782, 1.303255], "wind_supply": [7.164015, 7.419045, 5.57032, 5.513699, 4.162351, 2.485209, 1.171488, 0.740941, 0.570245, 0.832651, 2.117685, 5.31184], "mix_supply": [1.3584, 1.40097, 1.372477, 1.293992, 1.221784, 1.15765, 1.118114, 1.163875, 1.233041, 1.227558, 1.262782, 1.303255], "mix_storage": [0.048155, 0.053485, 0.057772, 0.060303, 0.059441, 0.055906, 0.048355, 0.040211, 0.038028, 0.037758, 0.038046, 0.041065], "mix_s_tot": 0.081367}}, "nldas": null}, "pdf": "figures/10.pdf"}