{"id": 100, "name": "Dominican Republic", "country": "Dominican Republic", "level": "admin0", "continent": "North America", "metrics": {"solar_cf": 0.2248, "wind_cf": 0.1085, "solar_f_adj": 1.2519, "wind_f_adj": 2.5826, "mix_alpha": 0.85, "mix_f_adj": 1.3046, "solar_s_tot_pct": 8.9647, "wind_s_tot_pct": 22.0852, "mix_s_tot_pct": 8.4537, "solar_s_seasonal_pct": 7.6098, "solar_s_diurnal_pct": 1.3549, "wind_s_seasonal_pct": 21.469, "wind_s_diurnal_pct": 0.6162, "solar_flaute_days": 2.625, "wind_flaute_days": 12.125, "solar_gap30d_max": 0.6223, "wind_gap30d_max": 0.9507, "solar_trend_pct_decade": 0.3924, "wind_trend_pct_decade": -11.2131}, "colocation": {"k": [0, 17, 35, 50], "storage_pct_cons": [8.4537, 3.8652, 1.3871, 1.1466], "pick": ["base", "wind", "wind", "wind"]}, "datasets": {"gldas": {"series_norm": {"months": [1, 2, 3, 4, 5, 6, 7, 8, 9, 10, 11, 12], "demand": [1.0, 1.0, 1.0, 1.0, 1.0, 1.0, 1.0, 1.0, 1.0, 1.0, 1.0, 1.0], "solar_supply": [1.034034, 1.185211, 1.315802, 1.379048, 1.370903, 1.42778, 1.466198, 1.405925, 1.299254, 1.140363, 1.015007, 0.980759], "wind_supply": [2.821146, 3.254452, 2.860328, 2.477544, 2.50466, 3.092376, 3.584533, 3.050386, 1.793133, 1.457386, 1.672622, 2.440028], "mix_supply": [1.129693, 1.296435, 1.382247, 1.409265, 1.404105, 1.499018, 1.57034, 1.476477, 1.286726, 1.120543, 1.025814, 1.053624], "mix_storage": [0.036511, 0.034081, 0.040443, 0.04998, 0.058217, 0.064701, 0.07494, 0.080206, 0.08038, 0.074042, 0.060097, 0.045476], "mix_s_tot": 0.084537}}, "nldas": null}, "pdf": "figures/100.pdf"}