{"id": 101, "name": "Chad", "country": "Chad", "level": "admin0", "continent": "Africa", "metrics": {"solar_cf": 0.2646, "wind_cf": 0.2922, "solar_f_adj": 1.2394, "wind_f_adj": 1.6578, "mix_alpha": 1.0, "mix_f_adj": 1.2394, "solar_s_tot_pct": 7.0584, "wind_s_tot_pct": 17.3517, "mix_s_tot_pct": 7.0584, "solar_s_seasonal_pct": 4.2917, "solar_s_diurnal_pct": 2.7666, "wind_s_seasonal_pct": 16.4786, "wind_s_diurnal_pct": 0.873, "solar_flaute_days": 0.625, "wind_flaute_days": 7.625, "solar_gap30d_max": 0.6082, "wind_gap30d_max": 0.6965, "solar_trend_pct_decade": 1.3603, "wind_trend_pct_decade": 24.5416}, "colocation": {"k": [0, 17, 35, 50], "storage_pct_cons": [7.0584, 0.4903, 0.2402, 0.2106], "pick": ["base", "wind", "wind", "wind"]}, "datasets": {"gldas": {"series_norm": {"months": [1, 2, 3, 4, 5, 6, 7, 8, 9, 10, 11, 12], "demand": [1.0, 1.0, 1.0, 1.0, 1.0, 1.0, 1.0, 1.0, 1.0, 1.0, 1.0, 1.0], "solar_supply": [1.114243, 1.235616, 1.346744, 1.386132, 1.373086, 1.326403, 1.243961, 1.189111, 1.241086, 1.212352, 1.139293, 1.068769], "wind_supply": [2.069151, 2.159913, 2.070055, 1.776598, 1.553176, 1.437849, 1.364587, 1.192558, 1.188067, 1.521632, 1.6521, 1.934152], "mix_supply": [1.114243, 1.235616, 1.346744, 1.386132, 1.373086, 1.326403, 1.243961, 1.189111, 1.241086, 1.212352, 1.139293, 1.068769], "mix_storage": [0.025508, 0.021276, 0.02601, 0.037457, 0.04782, 0.054044, 0.056183, 0.053724, 0.052082, 0.051377, 0.046672, 0.035545], "mix_s_tot": 0.070584}}, "nldas": null}, "pdf": "figures/101.pdf"}