{"id": 102, "name": "Kuwait", "country": "Kuwait", "level": "admin0", "continent": "Asia", "metrics": {"solar_cf": 0.2366, "wind_cf": 0.3931, "solar_f_adj": 1.2469, "wind_f_adj": 1.5629, "mix_alpha": 0.1, "mix_f_adj": 1.4915, "solar_s_tot_pct": 17.477, "wind_s_tot_pct": 10.3178, "mix_s_tot_pct": 10.2707, "solar_s_seasonal_pct": 16.6447, "solar_s_diurnal_pct": 0.8323, "wind_s_seasonal_pct": 9.9616, "wind_s_diurnal_pct": 0.3562, "solar_flaute_days": 1.875, "wind_flaute_days": 6.125, "solar_gap30d_max": 0.699, "wind_gap30d_max": 0.7375, "solar_trend_pct_decade": 1.5483, "wind_trend_pct_decade": 18.8585}, "colocation": {"k": [0, 17, 35, 50], "storage_pct_cons": [10.2707, 5.659, 2.4891, 1.9585], "pick": ["base", "solar", "solar", "solar"]}, "datasets": {"gldas": {"series_norm": {"months": [1, 2, 3, 4, 5, 6, 7, 8, 9, 10, 11, 12], "demand": [1.0, 1.0, 1.0, 1.0, 1.0, 1.0, 1.0, 1.0, 1.0, 1.0, 1.0, 1.0], "solar_supply": [0.781172, 0.978253, 1.220081, 1.364722, 1.577416, 1.729559, 1.687303, 1.590264, 1.411487, 1.108211, 0.808803, 0.692581], "wind_supply": [1.338344, 1.527525, 1.564669, 1.524444, 1.599068, 2.198104, 2.024939, 1.695881, 1.515095, 1.228572, 1.232544, 1.309531], "mix_supply": [1.242929, 1.428988, 1.489817, 1.472569, 1.562104, 2.094808, 1.941024, 1.646792, 1.470133, 1.187765, 1.155363, 1.207585], "mix_storage": [0.075186, 0.077074, 0.08007, 0.083329, 0.086429, 0.095328, 0.100981, 0.098857, 0.09787, 0.090104, 0.083586, 0.077917], "mix_s_tot": 0.102707}}, "nldas": null}, "pdf": "figures/102.pdf"}