{"id": 103, "name": "El Salvador", "country": "El Salvador", "level": "admin0", "continent": "North America", "metrics": {"solar_cf": 0.2473, "wind_cf": 0.0726, "solar_f_adj": 1.2767, "wind_f_adj": 6.4044, "mix_alpha": 1.0, "mix_f_adj": 1.2767, "solar_s_tot_pct": 5.2362, "wind_s_tot_pct": 61.992, "mix_s_tot_pct": 5.2362, "solar_s_seasonal_pct": 4.1181, "solar_s_diurnal_pct": 1.1182, "wind_s_seasonal_pct": 61.0255, "wind_s_diurnal_pct": 0.9665, "solar_flaute_days": 1.5, "wind_flaute_days": 83.0, "solar_gap30d_max": 0.5882, "wind_gap30d_max": 1.0, "solar_trend_pct_decade": 0.3344, "wind_trend_pct_decade": -57.2747}, "colocation": {"k": [0, 17, 35, 50], "storage_pct_cons": [5.2362, 1.8135, 1.1326, 0.8951], "pick": ["base", "wind", "wind", "wind"]}, "datasets": {"gldas": {"series_norm": {"months": [1, 2, 3, 4, 5, 6, 7, 8, 9, 10, 11, 12], "demand": [1.0, 1.0, 1.0, 1.0, 1.0, 1.0, 1.0, 1.0, 1.0, 1.0, 1.0, 1.0], "solar_supply": [1.228466, 1.356715, 1.441162, 1.431591, 1.284423, 1.231035, 1.361098, 1.328725, 1.195381, 1.127548, 1.167583, 1.171293], "wind_supply": [14.923668, 11.357063, 8.385713, 5.726278, 2.332284, 1.870445, 2.98473, 2.415835, 1.102783, 4.072444, 9.37315, 12.506671], "mix_supply": [1.228466, 1.356715, 1.441162, 1.431591, 1.284423, 1.231035, 1.361098, 1.328725, 1.195381, 1.127548, 1.167583, 1.171293], "mix_storage": [0.029751, 0.034956, 0.044659, 0.050447, 0.050061, 0.046053, 0.047665, 0.049449, 0.047045, 0.039985, 0.033728, 0.030664], "mix_s_tot": 0.052362}}, "nldas": null}, "pdf": "figures/103.pdf"}