{"id": 104, "name": "Guatemala", "country": "Guatemala", "level": "admin0", "continent": "North America", "metrics": {"solar_cf": 0.222, "wind_cf": 0.0241, "solar_f_adj": 1.2725, "wind_f_adj": 4.0869, "mix_alpha": 1.0, "mix_f_adj": 1.2725, "solar_s_tot_pct": 6.7421, "wind_s_tot_pct": 59.4275, "mix_s_tot_pct": 6.7421, "solar_s_seasonal_pct": 5.9045, "solar_s_diurnal_pct": 0.8376, "wind_s_seasonal_pct": 57.7875, "wind_s_diurnal_pct": 1.64, "solar_flaute_days": 0.75, "wind_flaute_days": 46.875, "solar_gap30d_max": 0.6087, "wind_gap30d_max": 1.0, "solar_trend_pct_decade": 1.9471, "wind_trend_pct_decade": -38.3112}, "colocation": {"k": [0, 17, 35, 50], "storage_pct_cons": [6.7421, 2.7613, 1.0336, 0.6975], "pick": ["base", "wind", "wind", "wind"]}, "datasets": {"gldas": {"series_norm": {"months": [1, 2, 3, 4, 5, 6, 7, 8, 9, 10, 11, 12], "demand": [1.0, 1.0, 1.0, 1.0, 1.0, 1.0, 1.0, 1.0, 1.0, 1.0, 1.0, 1.0], "solar_supply": [1.099008, 1.2739, 1.434923, 1.539644, 1.405406, 1.280185, 1.37547, 1.36149, 1.244437, 1.128786, 1.0759, 1.052967], "wind_supply": [7.953282, 7.079909, 6.543858, 5.490044, 2.488924, 1.487856, 2.697793, 1.831593, 0.634549, 2.275608, 4.93071, 5.772529], "mix_supply": [1.099008, 1.2739, 1.434923, 1.539644, 1.405406, 1.280185, 1.37547, 1.36149, 1.244437, 1.128786, 1.0759, 1.052967], "mix_storage": [0.025575, 0.023013, 0.032959, 0.04996, 0.061567, 0.062533, 0.063863, 0.064962, 0.063932, 0.057762, 0.047636, 0.035759], "mix_s_tot": 0.067421}}, "nldas": null}, "pdf": "figures/104.pdf"}