{"id": 105, "name": "East Timor", "country": "East Timor", "level": "admin0", "continent": "Asia", "metrics": {"solar_cf": 0.2445, "wind_cf": 0.1003, "solar_f_adj": 1.3055, "wind_f_adj": 3.922, "mix_alpha": 0.9, "mix_f_adj": 1.3285, "solar_s_tot_pct": 9.3488, "wind_s_tot_pct": 34.4671, "mix_s_tot_pct": 8.1569, "solar_s_seasonal_pct": 7.7529, "solar_s_diurnal_pct": 1.5959, "wind_s_seasonal_pct": 33.4737, "wind_s_diurnal_pct": 0.9933, "solar_flaute_days": 1.75, "wind_flaute_days": 34.625, "solar_gap30d_max": 0.6273, "wind_gap30d_max": 0.993, "solar_trend_pct_decade": 0.9001, "wind_trend_pct_decade": -50.3055}, "colocation": {"k": [0, 17, 35, 50], "storage_pct_cons": [8.1569, 2.5192, 1.5385, 1.2375], "pick": ["base", "wind", "wind", "wind"]}, "datasets": {"gldas": {"series_norm": {"months": [1, 2, 3, 4, 5, 6, 7, 8, 9, 10, 11, 12], "demand": [1.0, 1.0, 1.0, 1.0, 1.0, 1.0, 1.0, 1.0, 1.0, 1.0, 1.0, 1.0], "solar_supply": [1.209296, 1.236973, 1.260552, 1.28234, 1.155056, 1.083997, 1.169488, 1.381485, 1.537009, 1.587834, 1.508034, 1.253437], "wind_supply": [3.963193, 4.094679, 2.097807, 2.364607, 4.950515, 6.565098, 6.88761, 5.560726, 4.2778, 2.884971, 1.633228, 1.770726], "mix_supply": [1.241863, 1.271667, 1.225621, 1.254615, 1.225627, 1.215235, 1.304463, 1.453688, 1.552678, 1.552049, 1.436558, 1.208026], "mix_storage": [0.070425, 0.069042, 0.066609, 0.064102, 0.061516, 0.057768, 0.055105, 0.05989, 0.069073, 0.075935, 0.07814, 0.075269], "mix_s_tot": 0.081569}}, "nldas": null}, "pdf": "figures/105.pdf"}