{"id": 106, "name": "Brunei", "country": "Brunei", "level": "admin0", "continent": "Asia", "metrics": {"solar_cf": 0.2142, "wind_cf": 0.0223, "solar_f_adj": 1.3388, "wind_f_adj": 2.6985, "mix_alpha": 0.95, "mix_f_adj": 1.3341, "solar_s_tot_pct": 6.9444, "wind_s_tot_pct": 36.4766, "mix_s_tot_pct": 6.3881, "solar_s_seasonal_pct": 6.2275, "solar_s_diurnal_pct": 0.7169, "wind_s_seasonal_pct": 36.4008, "wind_s_diurnal_pct": 0.0758, "solar_flaute_days": 1.875, "wind_flaute_days": 17.125, "solar_gap30d_max": 0.6177, "wind_gap30d_max": 0.9711, "solar_trend_pct_decade": 0.5568, "wind_trend_pct_decade": -20.4303}, "colocation": {"k": [0, 17, 35, 50], "storage_pct_cons": [6.3881, 1.9581, 1.0652, 0.9], "pick": ["base", "wind", "wind", "wind"]}, "datasets": {"gldas": {"series_norm": {"months": [1, 2, 3, 4, 5, 6, 7, 8, 9, 10, 11, 12], "demand": [1.0, 1.0, 1.0, 1.0, 1.0, 1.0, 1.0, 1.0, 1.0, 1.0, 1.0, 1.0], "solar_supply": [1.22606, 1.368143, 1.433938, 1.454355, 1.399697, 1.331132, 1.374907, 1.380067, 1.351329, 1.269631, 1.269279, 1.210989], "wind_supply": [3.415625, 4.247302, 3.159486, 1.797074, 1.834411, 2.281759, 2.590238, 3.435927, 2.259728, 2.894774, 1.95648, 2.564563], "mix_supply": [1.245116, 1.400182, 1.435578, 1.421228, 1.370407, 1.316556, 1.365623, 1.391413, 1.335132, 1.273489, 1.249961, 1.209811], "mix_storage": [0.047235, 0.04746, 0.052088, 0.056019, 0.058634, 0.05868, 0.058658, 0.059628, 0.05945, 0.057969, 0.055481, 0.052637], "mix_s_tot": 0.063881}}, "nldas": null}, "pdf": "figures/106.pdf"}