{"id": 107, "name": "Monaco", "country": "Monaco", "level": "admin0", "continent": "Europe", "metrics": {"solar_cf": 0.186, "wind_cf": 0.1513, "solar_f_adj": 1.3331, "wind_f_adj": 2.98, "mix_alpha": 0.0, "mix_f_adj": 2.98, "solar_s_tot_pct": 28.1575, "wind_s_tot_pct": 11.7108, "mix_s_tot_pct": 11.7108, "solar_s_seasonal_pct": 27.1858, "solar_s_diurnal_pct": 0.9716, "wind_s_seasonal_pct": 11.8446, "wind_s_diurnal_pct": -0.1338, "solar_flaute_days": 4.75, "wind_flaute_days": 16.75, "solar_gap30d_max": 0.786, "wind_gap30d_max": 0.9468, "solar_trend_pct_decade": 0.4464, "wind_trend_pct_decade": -52.9506}, "colocation": {"k": [0, 17, 35, 50], "storage_pct_cons": [11.7108, 10.5954, 9.197, 8.0336], "pick": ["base", "solar", "solar", "solar"]}, "datasets": {"gldas": {"series_norm": {"months": [1, 2, 3, 4, 5, 6, 7, 8, 9, 10, 11, 12], "demand": [1.0, 1.0, 1.0, 1.0, 1.0, 1.0, 1.0, 1.0, 1.0, 1.0, 1.0, 1.0], "solar_supply": [0.545664, 0.832235, 1.218551, 1.584055, 1.933651, 2.219111, 2.309129, 1.958383, 1.422111, 0.909125, 0.573937, 0.461766], "wind_supply": [3.858794, 3.731515, 3.758011, 3.272863, 2.647739, 2.121029, 2.130009, 1.959936, 2.141295, 2.650667, 3.639869, 3.891766], "mix_supply": [3.858794, 3.731515, 3.758011, 3.272863, 2.647739, 2.121029, 2.130009, 1.959936, 2.141295, 2.650667, 3.639869, 3.891766], "mix_storage": [0.104774, 0.108205, 0.113491, 0.113716, 0.113673, 0.110782, 0.108363, 0.106528, 0.104492, 0.10463, 0.105346, 0.105904], "mix_s_tot": 0.117108}}, "nldas": null}, "pdf": "figures/107.pdf"}