{"id": 108, "name": "Mozambique", "country": "Mozambique", "level": "admin0", "continent": "Africa", "metrics": {"solar_cf": 0.2361, "wind_cf": 0.0815, "solar_f_adj": 1.3205, "wind_f_adj": 1.6526, "mix_alpha": 1.0, "mix_f_adj": 1.3205, "solar_s_tot_pct": 7.0964, "wind_s_tot_pct": 36.6885, "mix_s_tot_pct": 7.0964, "solar_s_seasonal_pct": 6.081, "solar_s_diurnal_pct": 1.0154, "wind_s_seasonal_pct": 36.0266, "wind_s_diurnal_pct": 0.6618, "solar_flaute_days": 0.75, "wind_flaute_days": 15.25, "solar_gap30d_max": 0.6115, "wind_gap30d_max": 0.9481, "solar_trend_pct_decade": 6.2482, "wind_trend_pct_decade": 5.7655}, "colocation": {"k": [0, 17, 35, 50], "storage_pct_cons": [7.0964, 2.018, 0.7495, 0.6122], "pick": ["base", "wind", "wind", "wind"]}, "datasets": {"gldas": {"series_norm": {"months": [1, 2, 3, 4, 5, 6, 7, 8, 9, 10, 11, 12], "demand": [1.0, 1.0, 1.0, 1.0, 1.0, 1.0, 1.0, 1.0, 1.0, 1.0, 1.0, 1.0], "solar_supply": [1.385241, 1.400279, 1.34976, 1.251163, 1.136674, 1.009377, 1.047626, 1.256201, 1.469257, 1.566536, 1.543684, 1.43727], "wind_supply": [1.014391, 0.824675, 0.78923, 0.98652, 1.001299, 1.36778, 1.75043, 2.119922, 3.034252, 3.243382, 2.489107, 1.178068], "mix_supply": [1.385241, 1.400279, 1.34976, 1.251163, 1.136674, 1.009377, 1.047626, 1.256201, 1.469257, 1.566536, 1.543684, 1.43727], "mix_storage": [0.06778, 0.068553, 0.06783, 0.06655, 0.062303, 0.049542, 0.032573, 0.026494, 0.038181, 0.055854, 0.064386, 0.066893], "mix_s_tot": 0.070964}}, "nldas": null}, "pdf": "figures/108.pdf"}