{"id": 109, "name": "eSwatini", "country": "eSwatini", "level": "admin0", "continent": "Africa", "metrics": {"solar_cf": 0.2113, "wind_cf": 0.0918, "solar_f_adj": 1.323, "wind_f_adj": 2.3062, "mix_alpha": 1.0, "mix_f_adj": 1.323, "solar_s_tot_pct": 9.8713, "wind_s_tot_pct": 22.8103, "mix_s_tot_pct": 9.8713, "solar_s_seasonal_pct": 7.967, "solar_s_diurnal_pct": 1.9044, "wind_s_seasonal_pct": 21.0964, "wind_s_diurnal_pct": 1.714, "solar_flaute_days": 1.75, "wind_flaute_days": 8.375, "solar_gap30d_max": 0.6502, "wind_gap30d_max": 0.9186, "solar_trend_pct_decade": 5.14, "wind_trend_pct_decade": -36.1935}, "colocation": {"k": [0, 17, 35, 50], "storage_pct_cons": [9.8713, 5.4269, 2.1691, 0.7997], "pick": ["base", "wind", "wind", "wind"]}, "datasets": {"gldas": {"series_norm": {"months": [1, 2, 3, 4, 5, 6, 7, 8, 9, 10, 11, 12], "demand": [1.0, 1.0, 1.0, 1.0, 1.0, 1.0, 1.0, 1.0, 1.0, 1.0, 1.0, 1.0], "solar_supply": [1.629667, 1.594878, 1.436292, 1.178462, 1.060928, 0.935774, 1.010576, 1.177937, 1.360081, 1.417566, 1.506414, 1.581186], "wind_supply": [2.072023, 1.703843, 1.357277, 1.30207, 1.683485, 2.317809, 2.482081, 2.955424, 3.598064, 3.216437, 2.789922, 2.167885], "mix_supply": [1.629667, 1.594878, 1.436292, 1.178462, 1.060928, 0.935774, 1.010576, 1.177937, 1.360081, 1.417566, 1.506414, 1.581186], "mix_storage": [0.09061, 0.094464, 0.095456, 0.092002, 0.081257, 0.061054, 0.038664, 0.027101, 0.031418, 0.044337, 0.061364, 0.078883], "mix_s_tot": 0.098713}}, "nldas": null}, "pdf": "figures/109.pdf"}