{"id": 11, "name": "Somalia", "country": "Somalia", "level": "admin0", "continent": "Africa", "metrics": {"solar_cf": 0.2594, "wind_cf": 0.545, "solar_f_adj": 1.2611, "wind_f_adj": 1.6856, "mix_alpha": 0.9, "mix_f_adj": 1.2816, "solar_s_tot_pct": 6.7101, "wind_s_tot_pct": 19.9367, "mix_s_tot_pct": 6.0755, "solar_s_seasonal_pct": 3.9681, "solar_s_diurnal_pct": 2.742, "wind_s_seasonal_pct": 19.3264, "wind_s_diurnal_pct": 0.6103, "solar_flaute_days": 0.75, "wind_flaute_days": 39.75, "solar_gap30d_max": 0.5736, "wind_gap30d_max": 0.8768, "solar_trend_pct_decade": 5.1996, "wind_trend_pct_decade": 26.7263}, "colocation": {"k": [0, 17, 35, 50], "storage_pct_cons": [6.0755, 2.184, 1.6321, 1.0814], "pick": ["base", "solar", "wind", "wind"]}, "datasets": {"gldas": {"series_norm": {"months": [1, 2, 3, 4, 5, 6, 7, 8, 9, 10, 11, 12], "demand": [1.0, 1.0, 1.0, 1.0, 1.0, 1.0, 1.0, 1.0, 1.0, 1.0, 1.0, 1.0], "solar_supply": [1.307687, 1.394423, 1.418498, 1.296729, 1.225982, 1.167562, 1.130644, 1.227762, 1.311284, 1.21603, 1.200453, 1.245456], "wind_supply": [1.728912, 1.664443, 1.392678, 0.929638, 1.482541, 2.371066, 2.599081, 2.435946, 2.09898, 1.074359, 0.946287, 1.488499], "mix_supply": [1.32753, 1.401961, 1.403319, 1.256736, 1.234066, 1.248188, 1.231757, 1.308183, 1.358957, 1.193928, 1.169943, 1.252331], "mix_storage": [0.03896, 0.042221, 0.046637, 0.048301, 0.046139, 0.045939, 0.044317, 0.044144, 0.045945, 0.044679, 0.039838, 0.037463], "mix_s_tot": 0.060755}}, "nldas": null}, "pdf": "figures/11.pdf"}