{"id": 110, "name": "Burundi", "country": "Burundi", "level": "admin0", "continent": "Africa", "metrics": {"solar_cf": 0.2086, "wind_cf": 0.0716, "solar_f_adj": 1.2739, "wind_f_adj": 9.5778, "mix_alpha": 0.95, "mix_f_adj": 1.2971, "solar_s_tot_pct": 6.8705, "wind_s_tot_pct": 51.0404, "mix_s_tot_pct": 6.6116, "solar_s_seasonal_pct": 5.6356, "solar_s_diurnal_pct": 1.2349, "wind_s_seasonal_pct": 49.9358, "wind_s_diurnal_pct": 1.1046, "solar_flaute_days": 1.625, "wind_flaute_days": 37.625, "solar_gap30d_max": 0.6062, "wind_gap30d_max": 0.9981, "solar_trend_pct_decade": 0.3357, "wind_trend_pct_decade": -77.6406}, "colocation": {"k": [0, 17, 35, 50], "storage_pct_cons": [6.6116, 1.8137, 1.1422, 0.7419], "pick": ["base", "wind", "wind", "wind"]}, "datasets": {"gldas": {"series_norm": {"months": [1, 2, 3, 4, 5, 6, 7, 8, 9, 10, 11, 12], "demand": [1.0, 1.0, 1.0, 1.0, 1.0, 1.0, 1.0, 1.0, 1.0, 1.0, 1.0, 1.0], "solar_supply": [1.2254, 1.28921, 1.280084, 1.191214, 1.207647, 1.283328, 1.396195, 1.403938, 1.387602, 1.280061, 1.166105, 1.174924], "wind_supply": [4.071957, 4.616028, 4.789407, 7.362476, 9.494049, 12.685484, 16.080034, 17.011527, 15.622906, 12.177223, 6.429656, 4.273567], "mix_supply": [1.212961, 1.278372, 1.270719, 1.202174, 1.232504, 1.327326, 1.459493, 1.473292, 1.448086, 1.320724, 1.171568, 1.165499], "mix_storage": [0.046151, 0.045581, 0.046435, 0.043639, 0.038262, 0.039841, 0.047565, 0.055948, 0.060208, 0.061889, 0.057735, 0.050978], "mix_s_tot": 0.066116}}, "nldas": null}, "pdf": "figures/110.pdf"}