{"id": 111, "name": "Rwanda", "country": "Rwanda", "level": "admin0", "continent": "Africa", "metrics": {"solar_cf": 0.2048, "wind_cf": 0.0622, "solar_f_adj": 1.27, "wind_f_adj": 47.1502, "mix_alpha": 0.65, "mix_f_adj": 1.8149, "solar_s_tot_pct": 7.3171, "wind_s_tot_pct": 23.5584, "mix_s_tot_pct": 4.7266, "solar_s_seasonal_pct": 5.6237, "solar_s_diurnal_pct": 1.6934, "wind_s_seasonal_pct": 23.5575, "wind_s_diurnal_pct": 0.0009, "solar_flaute_days": 1.75, "wind_flaute_days": 70.75, "solar_gap30d_max": 0.6173, "wind_gap30d_max": 1.0, "solar_trend_pct_decade": 0.4258, "wind_trend_pct_decade": -88.8552}, "colocation": {"k": [0, 17, 35, 50], "storage_pct_cons": [4.7266, 1.2294, 0.575, 0.4076], "pick": ["base", "wind", "wind", "wind"]}, "datasets": {"gldas": {"series_norm": {"months": [1, 2, 3, 4, 5, 6, 7, 8, 9, 10, 11, 12], "demand": [1.0, 1.0, 1.0, 1.0, 1.0, 1.0, 1.0, 1.0, 1.0, 1.0, 1.0, 1.0], "solar_supply": [1.270447, 1.310054, 1.285933, 1.195376, 1.191689, 1.265594, 1.367451, 1.341206, 1.335703, 1.263736, 1.195499, 1.218245], "wind_supply": [32.015059, 32.719709, 28.852319, 41.423406, 51.598308, 63.577069, 70.205754, 70.356225, 64.230671, 51.517108, 30.044622, 28.31862], "mix_supply": [1.611412, 1.657695, 1.583187, 1.668433, 1.802087, 2.032119, 2.216036, 2.193684, 2.106047, 1.867917, 1.515248, 1.513123], "mix_storage": [0.039545, 0.040912, 0.041128, 0.038839, 0.036114, 0.03964, 0.043509, 0.045642, 0.046014, 0.045904, 0.04339, 0.040403], "mix_s_tot": 0.047266}}, "nldas": null}, "pdf": "figures/111.pdf"}