{"id": 112, "name": "Myanmar", "country": "Myanmar", "level": "admin0", "continent": "Asia", "metrics": {"solar_cf": 0.2055, "wind_cf": 0.0127, "solar_f_adj": 1.2724, "wind_f_adj": 3.073, "mix_alpha": 1.0, "mix_f_adj": 1.2724, "solar_s_tot_pct": 9.1825, "wind_s_tot_pct": 67.6523, "mix_s_tot_pct": 9.1825, "solar_s_seasonal_pct": 7.8301, "solar_s_diurnal_pct": 1.3523, "wind_s_seasonal_pct": 66.546, "wind_s_diurnal_pct": 1.1063, "solar_flaute_days": 0.75, "wind_flaute_days": 71.875, "solar_gap30d_max": 0.604, "wind_gap30d_max": 1.0, "solar_trend_pct_decade": 3.8693, "wind_trend_pct_decade": -26.3784}, "colocation": {"k": [0, 17, 35, 50], "storage_pct_cons": [9.1825, 2.5969, 1.0217, 0.856], "pick": ["base", "wind", "wind", "wind"]}, "datasets": {"gldas": {"series_norm": {"months": [1, 2, 3, 4, 5, 6, 7, 8, 9, 10, 11, 12], "demand": [1.0, 1.0, 1.0, 1.0, 1.0, 1.0, 1.0, 1.0, 1.0, 1.0, 1.0, 1.0], "solar_supply": [1.223518, 1.415849, 1.556135, 1.597719, 1.414953, 1.176461, 1.102948, 1.127496, 1.178052, 1.186697, 1.172546, 1.130316], "wind_supply": [1.385753, 3.475964, 5.547689, 6.216116, 4.598473, 6.086784, 4.358179, 2.544808, 0.913469, 0.379486, 0.696511, 0.759802], "mix_supply": [1.223518, 1.415849, 1.556135, 1.597719, 1.414953, 1.176461, 1.102948, 1.127496, 1.178052, 1.186697, 1.172546, 1.130316], "mix_storage": [0.037744, 0.044384, 0.061578, 0.076192, 0.083612, 0.081144, 0.072305, 0.062322, 0.055937, 0.052049, 0.047953, 0.041092], "mix_s_tot": 0.091825}}, "nldas": null}, "pdf": "figures/112.pdf"}