{"id": 113, "name": "Bangladesh", "country": "Bangladesh", "level": "admin0", "continent": "Asia", "metrics": {"solar_cf": 0.1993, "wind_cf": 0.0977, "solar_f_adj": 1.2701, "wind_f_adj": 2.75, "mix_alpha": 0.9, "mix_f_adj": 1.2794, "solar_s_tot_pct": 9.3786, "wind_s_tot_pct": 32.5024, "mix_s_tot_pct": 8.9644, "solar_s_seasonal_pct": 8.2481, "solar_s_diurnal_pct": 1.1305, "wind_s_seasonal_pct": 32.0612, "wind_s_diurnal_pct": 0.4412, "solar_flaute_days": 0.75, "wind_flaute_days": 29.375, "solar_gap30d_max": 0.6129, "wind_gap30d_max": 0.9911, "solar_trend_pct_decade": 2.2124, "wind_trend_pct_decade": 39.7312}, "colocation": {"k": [0, 17, 35, 50], "storage_pct_cons": [8.9644, 3.0903, 1.1275, 0.6528], "pick": ["base", "wind", "wind", "wind"]}, "datasets": {"gldas": {"series_norm": {"months": [1, 2, 3, 4, 5, 6, 7, 8, 9, 10, 11, 12], "demand": [1.0, 1.0, 1.0, 1.0, 1.0, 1.0, 1.0, 1.0, 1.0, 1.0, 1.0, 1.0], "solar_supply": [1.088056, 1.301173, 1.488544, 1.570184, 1.492793, 1.289044, 1.234944, 1.235422, 1.184111, 1.186706, 1.140329, 1.035554], "wind_supply": [1.484276, 1.71192, 2.432249, 4.440384, 4.332767, 4.875796, 4.972889, 3.765481, 2.278718, 1.040525, 0.67434, 0.938854], "mix_supply": [1.055478, 1.259279, 1.46266, 1.630098, 1.554929, 1.395476, 1.350946, 1.295207, 1.17952, 1.124269, 1.065187, 0.982505], "mix_storage": [0.030115, 0.026486, 0.038252, 0.061896, 0.078975, 0.083321, 0.08268, 0.080971, 0.077162, 0.069701, 0.060089, 0.044468], "mix_s_tot": 0.089644}}, "nldas": null}, "pdf": "figures/113.pdf"}