{"id": 114, "name": "Andorra", "country": "Andorra", "level": "admin0", "continent": "Europe", "metrics": {"solar_cf": 0.1684, "wind_cf": 0.1496, "solar_f_adj": 1.3394, "wind_f_adj": 2.3566, "mix_alpha": 0.3, "mix_f_adj": 1.7353, "solar_s_tot_pct": 24.4492, "wind_s_tot_pct": 24.9557, "mix_s_tot_pct": 11.5543, "solar_s_seasonal_pct": 23.6818, "solar_s_diurnal_pct": 0.7673, "wind_s_seasonal_pct": 24.337, "wind_s_diurnal_pct": 0.6187, "solar_flaute_days": 2.75, "wind_flaute_days": 13.5, "solar_gap30d_max": 0.7482, "wind_gap30d_max": 0.9082, "solar_trend_pct_decade": 4.7929, "wind_trend_pct_decade": -43.2816}, "colocation": {"k": [0, 17, 35, 50], "storage_pct_cons": [11.5543, 4.8067, 3.8455, 3.2095], "pick": ["base", "wind", "wind", "solar"]}, "datasets": {"gldas": {"series_norm": {"months": [1, 2, 3, 4, 5, 6, 7, 8, 9, 10, 11, 12], "demand": [1.0, 1.0, 1.0, 1.0, 1.0, 1.0, 1.0, 1.0, 1.0, 1.0, 1.0, 1.0], "solar_supply": [0.614739, 0.921125, 1.262634, 1.567951, 1.814398, 2.088462, 2.194385, 1.939188, 1.461784, 0.999104, 0.651497, 0.533542], "wind_supply": [3.168106, 3.101402, 2.920711, 2.422974, 2.084309, 1.615456, 1.432901, 1.316257, 1.518223, 2.528745, 3.183326, 3.031406], "mix_supply": [1.871906, 1.956608, 1.996207, 1.85832, 1.779545, 1.6444, 1.591472, 1.432161, 1.350709, 1.691745, 1.894038, 1.769887], "mix_storage": [0.094297, 0.096984, 0.101837, 0.106027, 0.10802, 0.108715, 0.110106, 0.109884, 0.105164, 0.100794, 0.101074, 0.096877], "mix_s_tot": 0.115543}}, "nldas": null}, "pdf": "figures/114.pdf"}