{"id": 115, "name": "Afghanistan", "country": "Afghanistan", "level": "admin0", "continent": "Asia", "metrics": {"solar_cf": 0.2244, "wind_cf": 0.2451, "solar_f_adj": 1.2503, "wind_f_adj": 1.47, "mix_alpha": 0.9, "mix_f_adj": 1.2398, "solar_s_tot_pct": 19.0737, "wind_s_tot_pct": 30.0764, "mix_s_tot_pct": 18.0081, "solar_s_seasonal_pct": 17.9485, "solar_s_diurnal_pct": 1.1252, "wind_s_seasonal_pct": 29.2195, "wind_s_diurnal_pct": 0.8569, "solar_flaute_days": 0.875, "wind_flaute_days": 19.75, "solar_gap30d_max": 0.6594, "wind_gap30d_max": 0.9198, "solar_trend_pct_decade": -0.3721, "wind_trend_pct_decade": -21.1652}, "colocation": {"k": [0, 17, 35, 50], "storage_pct_cons": [18.0081, 13.6259, 9.8728, 7.8859], "pick": ["base", "wind", "wind", "wind"]}, "datasets": {"gldas": {"series_norm": {"months": [1, 2, 3, 4, 5, 6, 7, 8, 9, 10, 11, 12], "demand": [1.0, 1.0, 1.0, 1.0, 1.0, 1.0, 1.0, 1.0, 1.0, 1.0, 1.0, 1.0], "solar_supply": [0.706844, 0.896078, 1.157525, 1.410529, 1.650199, 1.797769, 1.761526, 1.62921, 1.425362, 1.112726, 0.784762, 0.653303], "wind_supply": [1.053527, 1.351626, 1.369019, 1.434093, 1.804783, 2.187615, 2.311847, 2.03374, 1.483106, 1.046616, 0.764153, 0.788347], "mix_supply": [0.719653, 0.91367, 1.148455, 1.379728, 1.624878, 1.788859, 1.766994, 1.625457, 1.397099, 1.081285, 0.764781, 0.649506], "mix_storage": [0.04391, 0.013873, 0.001119, 0.006575, 0.03123, 0.072556, 0.11535, 0.14598, 0.159978, 0.15572, 0.127902, 0.08453], "mix_s_tot": 0.180081}}, "nldas": null}, "pdf": "figures/115.pdf"}