{"id": 116, "name": "Montenegro", "country": "Montenegro", "level": "admin0", "continent": "Europe", "metrics": {"solar_cf": 0.1621, "wind_cf": 0.1412, "solar_f_adj": 1.3335, "wind_f_adj": 3.4375, "mix_alpha": 0.3, "mix_f_adj": 2.0871, "solar_s_tot_pct": 27.9909, "wind_s_tot_pct": 22.8604, "mix_s_tot_pct": 12.883, "solar_s_seasonal_pct": 27.4285, "solar_s_diurnal_pct": 0.5624, "wind_s_seasonal_pct": 22.7542, "wind_s_diurnal_pct": 0.1062, "solar_flaute_days": 3.75, "wind_flaute_days": 22.875, "solar_gap30d_max": 0.7775, "wind_gap30d_max": 0.9616, "solar_trend_pct_decade": 0.0678, "wind_trend_pct_decade": -62.9709}, "colocation": {"k": [0, 17, 35, 50], "storage_pct_cons": [12.883, 7.772, 6.1742, 5.1207], "pick": ["base", "wind", "wind", "solar"]}, "datasets": {"gldas": {"series_norm": {"months": [1, 2, 3, 4, 5, 6, 7, 8, 9, 10, 11, 12], "demand": [1.0, 1.0, 1.0, 1.0, 1.0, 1.0, 1.0, 1.0, 1.0, 1.0, 1.0, 1.0], "solar_supply": [0.540299, 0.792291, 1.165866, 1.534824, 1.912978, 2.244178, 2.333672, 2.023173, 1.418739, 0.959617, 0.581368, 0.460529], "wind_supply": [4.886054, 5.021419, 4.473054, 3.199451, 2.638272, 2.109937, 2.229282, 2.049337, 2.711826, 2.867164, 4.082025, 5.070122], "mix_supply": [2.330244, 2.506095, 2.448453, 2.08042, 2.019482, 1.950456, 2.043199, 1.820929, 1.818675, 1.669114, 2.00782, 2.371016], "mix_storage": [0.105288, 0.109805, 0.112176, 0.116325, 0.11922, 0.121597, 0.124163, 0.125008, 0.122614, 0.115248, 0.107127, 0.102171], "mix_s_tot": 0.12883}}, "nldas": null}, "pdf": "figures/116.pdf"}