{"id": 117, "name": "Bosnia and Herzegovina", "country": "Bosnia and Herzegovina", "level": "admin0", "continent": "Europe", "metrics": {"solar_cf": 0.1518, "wind_cf": 0.1183, "solar_f_adj": 1.3277, "wind_f_adj": 3.0013, "mix_alpha": 0.3, "mix_f_adj": 1.9611, "solar_s_tot_pct": 28.3443, "wind_s_tot_pct": 28.4857, "mix_s_tot_pct": 18.9064, "solar_s_seasonal_pct": 27.7236, "solar_s_diurnal_pct": 0.6207, "wind_s_seasonal_pct": 26.9651, "wind_s_diurnal_pct": 1.5206, "solar_flaute_days": 3.625, "wind_flaute_days": 27.5, "solar_gap30d_max": 0.7905, "wind_gap30d_max": 0.9854, "solar_trend_pct_decade": 1.3768, "wind_trend_pct_decade": -58.4032}, "colocation": {"k": [0, 17, 35, 50], "storage_pct_cons": [18.9064, 13.9313, 11.073, 8.6843], "pick": ["base", "wind", "solar", "solar"]}, "datasets": {"gldas": {"series_norm": {"months": [1, 2, 3, 4, 5, 6, 7, 8, 9, 10, 11, 12], "demand": [1.0, 1.0, 1.0, 1.0, 1.0, 1.0, 1.0, 1.0, 1.0, 1.0, 1.0, 1.0], "solar_supply": [0.498591, 0.751233, 1.154253, 1.567146, 1.964378, 2.289654, 2.348807, 2.028008, 1.408175, 0.926309, 0.542139, 0.418243], "wind_supply": [3.989417, 4.264314, 4.288315, 3.167116, 2.46284, 1.91008, 1.92973, 1.60308, 2.192128, 2.560902, 3.595222, 4.128264], "mix_supply": [2.045593, 2.283273, 2.472833, 2.142982, 1.996881, 1.888196, 1.923395, 1.631843, 1.626604, 1.581752, 1.884594, 2.073495], "mix_storage": [0.144986, 0.146772, 0.155077, 0.16705, 0.173694, 0.177297, 0.180997, 0.180988, 0.176702, 0.166906, 0.157287, 0.145136], "mix_s_tot": 0.189064}}, "nldas": null}, "pdf": "figures/117.pdf"}