{"id": 118, "name": "Uganda", "country": "Uganda", "level": "admin0", "continent": "Africa", "metrics": {"solar_cf": 0.2364, "wind_cf": 0.0348, "solar_f_adj": 1.2379, "wind_f_adj": 2.5392, "mix_alpha": 0.95, "mix_f_adj": 1.2395, "solar_s_tot_pct": 9.755, "wind_s_tot_pct": 52.5758, "mix_s_tot_pct": 9.243, "solar_s_seasonal_pct": 4.0245, "solar_s_diurnal_pct": 5.7306, "wind_s_seasonal_pct": 51.2375, "wind_s_diurnal_pct": 1.3383, "solar_flaute_days": 0.75, "wind_flaute_days": 28.75, "solar_gap30d_max": 0.591, "wind_gap30d_max": 0.9917, "solar_trend_pct_decade": 1.964, "wind_trend_pct_decade": 5.3757}, "colocation": {"k": [0, 17, 35, 50], "storage_pct_cons": [9.243, 1.3611, 0.807, 0.7178], "pick": ["base", "wind", "wind", "wind"]}, "datasets": {"gldas": {"series_norm": {"months": [1, 2, 3, 4, 5, 6, 7, 8, 9, 10, 11, 12], "demand": [1.0, 1.0, 1.0, 1.0, 1.0, 1.0, 1.0, 1.0, 1.0, 1.0, 1.0, 1.0], "solar_supply": [1.299856, 1.329933, 1.280731, 1.21247, 1.213271, 1.187693, 1.188969, 1.222246, 1.277787, 1.220859, 1.194859, 1.231845], "wind_supply": [3.899943, 5.569326, 4.458219, 3.105134, 2.211096, 1.932937, 1.714561, 1.134976, 0.780974, 1.186523, 1.836015, 2.827829], "mix_supply": [1.331629, 1.400983, 1.327062, 1.229107, 1.208048, 1.176928, 1.172812, 1.19032, 1.234512, 1.190259, 1.181379, 1.240768], "mix_storage": [0.049266, 0.058746, 0.066613, 0.068175, 0.064794, 0.062893, 0.058645, 0.053462, 0.052621, 0.051046, 0.046513, 0.045233], "mix_s_tot": 0.09243}}, "nldas": null}, "pdf": "figures/118.pdf"}