{"id": 119, "name": "US Naval Base Guantanamo Bay", "country": "US Naval Base Guantanamo Bay", "level": "admin0", "continent": "North America", "metrics": {"solar_cf": 0.2159, "wind_cf": 0.1096, "solar_f_adj": 1.3038, "wind_f_adj": 62.929, "mix_alpha": 0.1, "mix_f_adj": 9.9593, "solar_s_tot_pct": 9.121, "wind_s_tot_pct": 10.3096, "mix_s_tot_pct": 2.5302, "solar_s_seasonal_pct": 7.9533, "solar_s_diurnal_pct": 1.1677, "wind_s_seasonal_pct": 9.8465, "wind_s_diurnal_pct": 0.4631, "solar_flaute_days": 1.75, "wind_flaute_days": 37.75, "solar_gap30d_max": 0.631, "wind_gap30d_max": 0.9975, "solar_trend_pct_decade": -0.5991, "wind_trend_pct_decade": 12.3209}, "colocation": {"k": [0, 17, 35, 50], "storage_pct_cons": [2.5302, 1.0591, 0.7078, 0.6872], "pick": ["base", "solar", "solar", "solar"]}, "datasets": {"gldas": {"series_norm": {"months": [1, 2, 3, 4, 5, 6, 7, 8, 9, 10, 11, 12], "demand": [1.0, 1.0, 1.0, 1.0, 1.0, 1.0, 1.0, 1.0, 1.0, 1.0, 1.0, 1.0], "solar_supply": [1.054169, 1.242953, 1.390434, 1.488449, 1.463976, 1.470369, 1.54347, 1.464868, 1.334465, 1.143011, 1.051766, 0.99681], "wind_supply": [84.922627, 86.207765, 75.224404, 75.480775, 58.339562, 44.315917, 56.638887, 58.024259, 38.98698, 42.434968, 60.719387, 74.876937], "mix_supply": [12.901293, 13.228544, 11.776766, 11.888151, 9.427925, 7.435331, 9.246408, 9.383696, 6.572487, 6.917365, 9.452035, 11.426607], "mix_storage": [0.024535, 0.024634, 0.024762, 0.024757, 0.024424, 0.024304, 0.024747, 0.024575, 0.023831, 0.02288, 0.023656, 0.024303], "mix_s_tot": 0.025302}}, "nldas": null}, "pdf": "figures/119.pdf"}