{"id": 12, "name": "Kenya", "country": "Kenya", "level": "admin0", "continent": "Africa", "metrics": {"solar_cf": 0.2529, "wind_cf": 0.2929, "solar_f_adj": 1.2628, "wind_f_adj": 2.0925, "mix_alpha": 0.9, "mix_f_adj": 1.2961, "solar_s_tot_pct": 5.6939, "wind_s_tot_pct": 24.4533, "mix_s_tot_pct": 5.0186, "solar_s_seasonal_pct": 3.2417, "solar_s_diurnal_pct": 2.4522, "wind_s_seasonal_pct": 23.1096, "wind_s_diurnal_pct": 1.3438, "solar_flaute_days": 0.75, "wind_flaute_days": 12.875, "solar_gap30d_max": 0.5684, "wind_gap30d_max": 0.8857, "solar_trend_pct_decade": 4.7789, "wind_trend_pct_decade": 34.7675}, "colocation": {"k": [0, 17, 35, 50], "storage_pct_cons": [5.0186, 1.5665, 0.86, 0.4347], "pick": ["base", "solar", "wind", "wind"]}, "datasets": {"gldas": {"series_norm": {"months": [1, 2, 3, 4, 5, 6, 7, 8, 9, 10, 11, 12], "demand": [1.0, 1.0, 1.0, 1.0, 1.0, 1.0, 1.0, 1.0, 1.0, 1.0, 1.0, 1.0], "solar_supply": [1.331399, 1.395301, 1.357702, 1.234096, 1.209501, 1.158611, 1.146554, 1.221094, 1.341235, 1.282793, 1.21653, 1.267399], "wind_supply": [1.45074, 1.784652, 1.734494, 1.592446, 2.167449, 2.672007, 2.880352, 2.880319, 2.894564, 2.347591, 1.417627, 1.266444], "mix_supply": [1.319686, 1.399394, 1.361557, 1.238583, 1.25148, 1.235724, 1.237492, 1.306343, 1.418202, 1.330339, 1.211529, 1.249153], "mix_storage": [0.037896, 0.040601, 0.043644, 0.043273, 0.041063, 0.04047, 0.038462, 0.037263, 0.039511, 0.041978, 0.039854, 0.037628], "mix_s_tot": 0.050186}}, "nldas": null}, "pdf": "figures/12.pdf"}