{"id": 120, "name": "Cuba", "country": "Cuba", "level": "admin0", "continent": "North America", "metrics": {"solar_cf": 0.2288, "wind_cf": 0.1474, "solar_f_adj": 1.2456, "wind_f_adj": 2.8244, "mix_alpha": 0.6, "mix_f_adj": 1.4846, "solar_s_tot_pct": 11.8561, "wind_s_tot_pct": 33.9256, "mix_s_tot_pct": 8.1018, "solar_s_seasonal_pct": 10.7864, "solar_s_diurnal_pct": 1.0696, "wind_s_seasonal_pct": 33.5143, "wind_s_diurnal_pct": 0.4113, "solar_flaute_days": 0.75, "wind_flaute_days": 17.875, "solar_gap30d_max": 0.6309, "wind_gap30d_max": 0.9786, "solar_trend_pct_decade": 0.1507, "wind_trend_pct_decade": 14.3049}, "colocation": {"k": [0, 17, 35, 50], "storage_pct_cons": [8.1018, 2.4764, 0.9439, 0.8102], "pick": ["base", "solar", "solar", "solar"]}, "datasets": {"gldas": {"series_norm": {"months": [1, 2, 3, 4, 5, 6, 7, 8, 9, 10, 11, 12], "demand": [1.0, 1.0, 1.0, 1.0, 1.0, 1.0, 1.0, 1.0, 1.0, 1.0, 1.0, 1.0], "solar_supply": [0.966135, 1.154645, 1.335358, 1.475442, 1.446754, 1.399435, 1.493395, 1.419606, 1.269523, 1.101631, 0.974345, 0.907488], "wind_supply": [3.824836, 3.681777, 3.612226, 3.3235, 2.434342, 1.860768, 2.04753, 2.092221, 1.572481, 2.387846, 3.46138, 3.635028], "mix_supply": [1.495075, 1.5998, 1.714405, 1.753874, 1.546409, 1.391974, 1.498433, 1.455063, 1.23846, 1.289835, 1.424528, 1.413228], "mix_storage": [0.063189, 0.0633, 0.066732, 0.072953, 0.076002, 0.074501, 0.075141, 0.075513, 0.071183, 0.064167, 0.063938, 0.063852], "mix_s_tot": 0.081018}}, "nldas": null}, "pdf": "figures/120.pdf"}