{"id": 121, "name": "Honduras", "country": "Honduras", "level": "admin0", "continent": "North America", "metrics": {"solar_cf": 0.218, "wind_cf": 0.0452, "solar_f_adj": 1.3103, "wind_f_adj": 4.0243, "mix_alpha": 0.95, "mix_f_adj": 1.3462, "solar_s_tot_pct": 7.3334, "wind_s_tot_pct": 37.7784, "mix_s_tot_pct": 6.5616, "solar_s_seasonal_pct": 6.6739, "solar_s_diurnal_pct": 0.6595, "wind_s_seasonal_pct": 36.8039, "wind_s_diurnal_pct": 0.9745, "solar_flaute_days": 0.875, "wind_flaute_days": 28.75, "solar_gap30d_max": 0.6175, "wind_gap30d_max": 0.9943, "solar_trend_pct_decade": 1.6426, "wind_trend_pct_decade": -46.2916}, "colocation": {"k": [0, 17, 35, 50], "storage_pct_cons": [6.5616, 2.1224, 1.1569, 0.7202], "pick": ["base", "wind", "wind", "wind"]}, "datasets": {"gldas": {"series_norm": {"months": [1, 2, 3, 4, 5, 6, 7, 8, 9, 10, 11, 12], "demand": [1.0, 1.0, 1.0, 1.0, 1.0, 1.0, 1.0, 1.0, 1.0, 1.0, 1.0, 1.0], "solar_supply": [1.10052, 1.295392, 1.474839, 1.56644, 1.456621, 1.354953, 1.416237, 1.432033, 1.36044, 1.171167, 1.055897, 1.040587], "wind_supply": [7.253061, 6.563087, 6.088395, 4.998577, 2.739868, 1.977958, 3.159808, 2.114327, 0.886377, 2.108818, 4.836739, 5.680817], "mix_supply": [1.195435, 1.374093, 1.541297, 1.612473, 1.46751, 1.355537, 1.435119, 1.433049, 1.342635, 1.178347, 1.111469, 1.110643], "mix_storage": [0.038174, 0.040708, 0.052074, 0.061046, 0.064082, 0.063249, 0.063621, 0.063616, 0.063024, 0.059132, 0.051191, 0.042987], "mix_s_tot": 0.065616}}, "nldas": null}, "pdf": "figures/121.pdf"}