{"id": 122, "name": "Ecuador", "country": "Ecuador", "level": "admin0", "continent": "South America", "metrics": {"solar_cf": 0.1839, "wind_cf": 0.0121, "solar_f_adj": 1.2854, "wind_f_adj": 98.9104, "mix_alpha": 0.3, "mix_f_adj": 4.077, "solar_s_tot_pct": 7.1513, "wind_s_tot_pct": 40.5813, "mix_s_tot_pct": 3.8035, "solar_s_seasonal_pct": 4.523, "solar_s_diurnal_pct": 2.6283, "wind_s_seasonal_pct": 40.3424, "wind_s_diurnal_pct": 0.2389, "solar_flaute_days": 0.75, "wind_flaute_days": 89.875, "solar_gap30d_max": 0.5912, "wind_gap30d_max": 1.0, "solar_trend_pct_decade": 1.3838, "wind_trend_pct_decade": -82.9816}, "colocation": {"k": [0, 17, 35, 50], "storage_pct_cons": [3.8035, 0.8751, 0.5009, 0.443], "pick": ["base", "wind", "wind", "solar"]}, "datasets": {"gldas": {"series_norm": {"months": [1, 2, 3, 4, 5, 6, 7, 8, 9, 10, 11, 12], "demand": [1.0, 1.0, 1.0, 1.0, 1.0, 1.0, 1.0, 1.0, 1.0, 1.0, 1.0, 1.0], "solar_supply": [1.285076, 1.257994, 1.267005, 1.273891, 1.215919, 1.182728, 1.232251, 1.346814, 1.390121, 1.349994, 1.328519, 1.293598], "wind_supply": [55.389699, 32.914128, 26.060753, 29.638259, 62.70949, 132.296569, 173.620593, 229.544381, 191.811348, 108.515763, 78.059721, 61.672653], "mix_supply": [2.820962, 2.146691, 1.95752, 2.067297, 2.966361, 4.94262, 6.182091, 7.904704, 6.857175, 4.415613, 3.516412, 3.010357], "mix_storage": [0.036092, 0.035451, 0.034558, 0.034316, 0.0331, 0.033264, 0.035453, 0.036822, 0.037335, 0.037112, 0.036999, 0.036374], "mix_s_tot": 0.038035}}, "nldas": null}, "pdf": "figures/122.pdf"}