{"id": 123, "name": "Colombia", "country": "Colombia", "level": "admin0", "continent": "South America", "metrics": {"solar_cf": 0.2026, "wind_cf": 0.0028, "solar_f_adj": 1.2807, "wind_f_adj": 16.4796, "mix_alpha": 1.0, "mix_f_adj": 1.2807, "solar_s_tot_pct": 6.5109, "wind_s_tot_pct": 95.9205, "mix_s_tot_pct": 6.5109, "solar_s_seasonal_pct": 6.104, "solar_s_diurnal_pct": 0.4069, "wind_s_seasonal_pct": 95.6475, "wind_s_diurnal_pct": 0.273, "solar_flaute_days": 0.625, "wind_flaute_days": 240.0, "solar_gap30d_max": 0.5915, "wind_gap30d_max": 1.0, "solar_trend_pct_decade": 2.8945, "wind_trend_pct_decade": 61.0227}, "colocation": {"k": [0, 17, 35, 50], "storage_pct_cons": [6.5109, 2.4138, 0.8587, 0.636], "pick": ["base", "wind", "wind", "wind"]}, "datasets": {"gldas": {"series_norm": {"months": [1, 2, 3, 4, 5, 6, 7, 8, 9, 10, 11, 12], "demand": [1.0, 1.0, 1.0, 1.0, 1.0, 1.0, 1.0, 1.0, 1.0, 1.0, 1.0, 1.0], "solar_supply": [1.37928, 1.379843, 1.301788, 1.230911, 1.168337, 1.174524, 1.233288, 1.314048, 1.353198, 1.291375, 1.250599, 1.296137], "wind_supply": [62.395244, 58.44801, 14.423929, 3.016715, 0.540942, 2.07039, 3.321027, 3.898918, 1.198896, 1.522148, 7.407718, 41.538626], "mix_supply": [1.37928, 1.379843, 1.301788, 1.230911, 1.168337, 1.174524, 1.233288, 1.314048, 1.353198, 1.291375, 1.250599, 1.296137], "mix_storage": [0.05007, 0.054904, 0.056994, 0.055631, 0.051292, 0.045001, 0.041452, 0.041541, 0.044336, 0.046931, 0.046462, 0.046796], "mix_s_tot": 0.065109}}, "nldas": null}, "pdf": "figures/123.pdf"}