{"id": 124, "name": "Paraguay", "country": "Paraguay", "level": "admin0", "continent": "South America", "metrics": {"solar_cf": 0.2116, "wind_cf": 0.1323, "solar_f_adj": 1.2878, "wind_f_adj": 1.8298, "mix_alpha": 0.8, "mix_f_adj": 1.3084, "solar_s_tot_pct": 18.568, "wind_s_tot_pct": 32.6983, "mix_s_tot_pct": 12.8665, "solar_s_seasonal_pct": 16.8541, "solar_s_diurnal_pct": 1.7139, "wind_s_seasonal_pct": 32.0429, "wind_s_diurnal_pct": 0.6554, "solar_flaute_days": 2.75, "wind_flaute_days": 14.375, "solar_gap30d_max": 0.6884, "wind_gap30d_max": 0.9433, "solar_trend_pct_decade": 2.0965, "wind_trend_pct_decade": 17.6945}, "colocation": {"k": [0, 17, 35, 50], "storage_pct_cons": [12.8665, 6.8546, 4.7488, 3.5813], "pick": ["base", "wind", "wind", "wind"]}, "datasets": {"gldas": {"series_norm": {"months": [1, 2, 3, 4, 5, 6, 7, 8, 9, 10, 11, 12], "demand": [1.0, 1.0, 1.0, 1.0, 1.0, 1.0, 1.0, 1.0, 1.0, 1.0, 1.0, 1.0], "solar_supply": [1.658573, 1.535894, 1.406499, 1.158437, 0.887341, 0.76689, 0.878383, 1.123128, 1.331771, 1.461767, 1.606042, 1.652125], "wind_supply": [1.362105, 1.185036, 1.019206, 1.154957, 1.494828, 1.946135, 2.21318, 2.720726, 2.664064, 2.48333, 2.031035, 1.641475], "mix_supply": [1.542831, 1.417799, 1.288916, 1.106712, 0.934977, 0.901619, 1.030426, 1.301931, 1.463406, 1.543218, 1.595798, 1.577543], "mix_storage": [0.124492, 0.125361, 0.124238, 0.118035, 0.101884, 0.077419, 0.059025, 0.056826, 0.072523, 0.092381, 0.109821, 0.120368], "mix_s_tot": 0.128665}}, "nldas": null}, "pdf": "figures/124.pdf"}