{"id": 125, "name": "Brazilian Island", "country": "Brazilian Island", "level": "admin0", "continent": "South America", "metrics": {"solar_cf": 0.2077, "wind_cf": 0.2079, "solar_f_adj": 1.3276, "wind_f_adj": 2.0357, "mix_alpha": 0.2, "mix_f_adj": 1.7136, "solar_s_tot_pct": 18.255, "wind_s_tot_pct": 15.5319, "mix_s_tot_pct": 12.9895, "solar_s_seasonal_pct": 16.9219, "solar_s_diurnal_pct": 1.3332, "wind_s_seasonal_pct": 14.6965, "wind_s_diurnal_pct": 0.8354, "solar_flaute_days": 3.875, "wind_flaute_days": 8.875, "solar_gap30d_max": 0.7624, "wind_gap30d_max": 0.8003, "solar_trend_pct_decade": 2.8015, "wind_trend_pct_decade": 34.5478}, "colocation": {"k": [0, 17, 35, 50], "storage_pct_cons": [12.9895, 8.9448, 6.1245, 3.41], "pick": ["base", "wind", "solar", "solar"]}, "datasets": {"gldas": {"series_norm": {"months": [1, 2, 3, 4, 5, 6, 7, 8, 9, 10, 11, 12], "demand": [1.0, 1.0, 1.0, 1.0, 1.0, 1.0, 1.0, 1.0, 1.0, 1.0, 1.0, 1.0], "solar_supply": [1.868289, 1.695192, 1.448317, 1.097065, 0.805459, 0.669767, 0.766654, 1.027134, 1.28695, 1.549663, 1.823858, 1.912046], "wind_supply": [1.77631, 1.596236, 1.569947, 1.539982, 1.726732, 1.862171, 2.143403, 2.601834, 2.606373, 2.671443, 2.362827, 1.940005], "mix_supply": [1.678425, 1.512482, 1.431052, 1.320203, 1.370684, 1.42686, 1.64125, 2.017192, 2.087317, 2.19895, 2.061911, 1.799951], "mix_storage": [0.124527, 0.122046, 0.116178, 0.107226, 0.095272, 0.086798, 0.086517, 0.09766, 0.111372, 0.121999, 0.125843, 0.126453], "mix_s_tot": 0.129895}}, "nldas": null}, "pdf": "figures/125.pdf"}