{"id": 126, "name": "Portugal", "country": "Portugal", "level": "admin0", "continent": "Europe", "metrics": {"solar_cf": 0.1931, "wind_cf": 0.1962, "solar_f_adj": 1.2808, "wind_f_adj": 1.716, "mix_alpha": 0.1, "mix_f_adj": 1.6078, "solar_s_tot_pct": 25.3872, "wind_s_tot_pct": 12.3434, "mix_s_tot_pct": 9.953, "solar_s_seasonal_pct": 24.4647, "solar_s_diurnal_pct": 0.9225, "wind_s_seasonal_pct": 11.8296, "wind_s_diurnal_pct": 0.5137, "solar_flaute_days": 1.75, "wind_flaute_days": 9.875, "solar_gap30d_max": 0.7479, "wind_gap30d_max": 0.8004, "solar_trend_pct_decade": 0.7178, "wind_trend_pct_decade": -8.0689}, "colocation": {"k": [0, 17, 35, 50], "storage_pct_cons": [9.953, 8.1782, 6.6985, 5.4942], "pick": ["base", "solar", "solar", "solar"]}, "datasets": {"gldas": {"series_norm": {"months": [1, 2, 3, 4, 5, 6, 7, 8, 9, 10, 11, 12], "demand": [1.0, 1.0, 1.0, 1.0, 1.0, 1.0, 1.0, 1.0, 1.0, 1.0, 1.0, 1.0], "solar_supply": [0.590804, 0.83681, 1.131894, 1.494621, 1.837706, 2.015578, 2.109066, 1.8715, 1.405172, 0.919271, 0.623827, 0.507371], "wind_supply": [1.899179, 1.965314, 2.061009, 1.84773, 1.653386, 1.599434, 1.711238, 1.486406, 1.156552, 1.507787, 1.804823, 1.906091], "mix_supply": [1.675651, 1.7623, 1.880036, 1.745719, 1.624903, 1.601736, 1.70775, 1.48834, 1.151652, 1.38684, 1.600231, 1.671007], "mix_storage": [0.075815, 0.079811, 0.085211, 0.089143, 0.092747, 0.093976, 0.095328, 0.095217, 0.086937, 0.075133, 0.079718, 0.081128], "mix_s_tot": 0.09953}}, "nldas": null}, "pdf": "figures/126.pdf"}