{"id": 127, "name": "Moldova", "country": "Moldova", "level": "admin0", "continent": "Europe", "metrics": {"solar_cf": 0.1406, "wind_cf": 0.2906, "solar_f_adj": 1.32, "wind_f_adj": 1.4437, "mix_alpha": 0.3, "mix_f_adj": 1.2916, "solar_s_tot_pct": 32.9179, "wind_s_tot_pct": 19.8197, "mix_s_tot_pct": 12.8466, "solar_s_seasonal_pct": 32.3441, "solar_s_diurnal_pct": 0.5738, "wind_s_seasonal_pct": 19.8337, "wind_s_diurnal_pct": -0.0141, "solar_flaute_days": 3.75, "wind_flaute_days": 8.75, "solar_gap30d_max": 0.8168, "wind_gap30d_max": 0.7987, "solar_trend_pct_decade": -2.0295, "wind_trend_pct_decade": 7.0444}, "colocation": {"k": [0, 17, 35, 50], "storage_pct_cons": [12.8466, 4.9137, 3.0447, 3.0447], "pick": ["base", "wind", "wind", "wind"]}, "datasets": {"gldas": {"series_norm": {"months": [1, 2, 3, 4, 5, 6, 7, 8, 9, 10, 11, 12], "demand": [1.0, 1.0, 1.0, 1.0, 1.0, 1.0, 1.0, 1.0, 1.0, 1.0, 1.0, 1.0], "solar_supply": [0.459965, 0.723326, 1.168027, 1.644106, 2.119958, 2.271327, 2.26909, 2.013003, 1.415727, 0.879947, 0.476256, 0.363079], "wind_supply": [1.794349, 1.843987, 1.858526, 1.581328, 1.255206, 1.146693, 1.02431, 0.984063, 1.198478, 1.346857, 1.572305, 1.744587], "mix_supply": [1.258771, 1.367167, 1.506814, 1.472966, 1.408411, 1.384886, 1.307585, 1.207205, 1.166157, 1.101806, 1.124494, 1.199166], "mix_storage": [0.094429, 0.100436, 0.109621, 0.117936, 0.11967, 0.120272, 0.118933, 0.114955, 0.109815, 0.100911, 0.093172, 0.091937], "mix_s_tot": 0.128466}}, "nldas": null}, "pdf": "figures/127.pdf"}