{"id": 128, "name": "Turkmenistan", "country": "Turkmenistan", "level": "admin0", "continent": "Asia", "metrics": {"solar_cf": 0.1888, "wind_cf": 0.3676, "solar_f_adj": 1.2869, "wind_f_adj": 1.5677, "mix_alpha": 0.05, "mix_f_adj": 1.5288, "solar_s_tot_pct": 23.1544, "wind_s_tot_pct": 11.6071, "mix_s_tot_pct": 11.475, "solar_s_seasonal_pct": 21.8321, "solar_s_diurnal_pct": 1.3223, "wind_s_seasonal_pct": 11.4768, "wind_s_diurnal_pct": 0.1302, "solar_flaute_days": 0.875, "wind_flaute_days": 7.5, "solar_gap30d_max": 0.7059, "wind_gap30d_max": 0.7266, "solar_trend_pct_decade": 0.6378, "wind_trend_pct_decade": 19.4047}, "colocation": {"k": [0, 17, 35, 50], "storage_pct_cons": [11.475, 7.2748, 4.2351, 2.4311], "pick": ["base", "solar", "solar", "solar"]}, "datasets": {"gldas": {"series_norm": {"months": [1, 2, 3, 4, 5, 6, 7, 8, 9, 10, 11, 12], "demand": [1.0, 1.0, 1.0, 1.0, 1.0, 1.0, 1.0, 1.0, 1.0, 1.0, 1.0, 1.0], "solar_supply": [0.601212, 0.835019, 1.134745, 1.469133, 1.792785, 2.028407, 1.9878, 1.822492, 1.489897, 1.04728, 0.687632, 0.523639], "wind_supply": [1.437461, 1.625757, 1.67418, 1.657989, 1.605925, 1.733873, 1.781714, 1.623368, 1.513494, 1.350993, 1.331595, 1.48003], "mix_supply": [1.367406, 1.555735, 1.618397, 1.623259, 1.59425, 1.726779, 1.768688, 1.612173, 1.490629, 1.313795, 1.274462, 1.402235], "mix_storage": [0.094857, 0.097292, 0.102149, 0.104681, 0.106556, 0.109042, 0.111925, 0.112179, 0.110961, 0.108138, 0.101696, 0.097692], "mix_s_tot": 0.11475}}, "nldas": null}, "pdf": "figures/128.pdf"}