{"id": 129, "name": "Jordan", "country": "Jordan", "level": "admin0", "continent": "Asia", "metrics": {"solar_cf": 0.2348, "wind_cf": 0.2918, "solar_f_adj": 1.2372, "wind_f_adj": 1.5295, "mix_alpha": 0.75, "mix_f_adj": 1.2571, "solar_s_tot_pct": 18.8535, "wind_s_tot_pct": 20.4551, "mix_s_tot_pct": 15.607, "solar_s_seasonal_pct": 17.8523, "solar_s_diurnal_pct": 1.0012, "wind_s_seasonal_pct": 20.3295, "wind_s_diurnal_pct": 0.1255, "solar_flaute_days": 0.875, "wind_flaute_days": 8.875, "solar_gap30d_max": 0.6752, "wind_gap30d_max": 0.7641, "solar_trend_pct_decade": 1.1075, "wind_trend_pct_decade": 11.5207}, "colocation": {"k": [0, 17, 35, 50], "storage_pct_cons": [15.607, 10.1223, 5.4126, 2.8329], "pick": ["base", "wind", "wind", "wind"]}, "datasets": {"gldas": {"series_norm": {"months": [1, 2, 3, 4, 5, 6, 7, 8, 9, 10, 11, 12], "demand": [1.0, 1.0, 1.0, 1.0, 1.0, 1.0, 1.0, 1.0, 1.0, 1.0, 1.0, 1.0], "solar_supply": [0.72706, 0.911691, 1.185763, 1.422932, 1.623039, 1.747581, 1.722226, 1.585341, 1.385264, 1.059735, 0.791653, 0.667654], "wind_supply": [1.408114, 1.585372, 1.78803, 1.785483, 1.864772, 1.910046, 1.879322, 1.665151, 1.311667, 0.970615, 1.044473, 1.143393], "mix_supply": [0.843393, 1.020515, 1.271015, 1.451229, 1.620014, 1.724225, 1.69859, 1.550269, 1.325167, 1.007017, 0.817898, 0.743729], "mix_storage": [0.047672, 0.028641, 0.027323, 0.043307, 0.071971, 0.107981, 0.132134, 0.142591, 0.145879, 0.138565, 0.113641, 0.078298], "mix_s_tot": 0.15607}}, "nldas": null}, "pdf": "figures/129.pdf"}