{"id": 13, "name": "Malawi", "country": "Malawi", "level": "admin0", "continent": "Africa", "metrics": {"solar_cf": 0.2429, "wind_cf": 0.0896, "solar_f_adj": 1.3085, "wind_f_adj": 1.8455, "mix_alpha": 1.0, "mix_f_adj": 1.3085, "solar_s_tot_pct": 7.6973, "wind_s_tot_pct": 43.3376, "mix_s_tot_pct": 7.6973, "solar_s_seasonal_pct": 5.7437, "solar_s_diurnal_pct": 1.9536, "wind_s_seasonal_pct": 42.6797, "wind_s_diurnal_pct": 0.6579, "solar_flaute_days": 0.75, "wind_flaute_days": 30.5, "solar_gap30d_max": 0.6041, "wind_gap30d_max": 0.9944, "solar_trend_pct_decade": 5.294, "wind_trend_pct_decade": 9.4279}, "colocation": {"k": [0, 17, 35, 50], "storage_pct_cons": [7.6973, 3.4982, 2.3402, 1.7264], "pick": ["base", "wind", "wind", "wind"]}, "datasets": {"gldas": {"series_norm": {"months": [1, 2, 3, 4, 5, 6, 7, 8, 9, 10, 11, 12], "demand": [1.0, 1.0, 1.0, 1.0, 1.0, 1.0, 1.0, 1.0, 1.0, 1.0, 1.0, 1.0], "solar_supply": [1.186674, 1.247744, 1.260728, 1.251427, 1.195494, 1.103429, 1.13784, 1.347285, 1.551897, 1.621474, 1.508192, 1.289987], "wind_supply": [0.515206, 0.396139, 0.613498, 1.387503, 1.527798, 1.970985, 2.454638, 2.633649, 3.264751, 3.560521, 2.699178, 1.056919], "mix_supply": [1.186674, 1.247744, 1.260728, 1.251427, 1.195494, 1.103429, 1.13784, 1.347285, 1.551897, 1.621474, 1.508192, 1.289987], "mix_storage": [0.067822, 0.065006, 0.063628, 0.063092, 0.061427, 0.05413, 0.044099, 0.04428, 0.057963, 0.070067, 0.075076, 0.072999], "mix_s_tot": 0.076973}}, "nldas": null}, "pdf": "figures/13.pdf"}