{"id": 130, "name": "Nepal", "country": "Nepal", "level": "admin0", "continent": "Asia", "metrics": {"solar_cf": 0.2157, "wind_cf": 0.1041, "solar_f_adj": 1.2517, "wind_f_adj": 4.7119, "mix_alpha": 1.0, "mix_f_adj": 1.2517, "solar_s_tot_pct": 10.1417, "wind_s_tot_pct": 25.5093, "mix_s_tot_pct": 10.1417, "solar_s_seasonal_pct": 8.3347, "solar_s_diurnal_pct": 1.807, "wind_s_seasonal_pct": 23.6172, "wind_s_diurnal_pct": 1.8921, "solar_flaute_days": 1.5, "wind_flaute_days": 13.875, "solar_gap30d_max": 0.6388, "wind_gap30d_max": 0.9433, "solar_trend_pct_decade": -0.1021, "wind_trend_pct_decade": -66.5083}, "colocation": {"k": [0, 17, 35, 50], "storage_pct_cons": [10.1417, 5.0008, 1.4537, 0.8163], "pick": ["base", "wind", "wind", "wind"]}, "datasets": {"gldas": {"series_norm": {"months": [1, 2, 3, 4, 5, 6, 7, 8, 9, 10, 11, 12], "demand": [1.0, 1.0, 1.0, 1.0, 1.0, 1.0, 1.0, 1.0, 1.0, 1.0, 1.0, 1.0], "solar_supply": [0.94123, 1.160781, 1.422961, 1.597634, 1.611491, 1.451731, 1.203669, 1.214451, 1.206782, 1.219072, 1.060546, 0.931682], "wind_supply": [5.519601, 6.999089, 7.633691, 7.897522, 6.033897, 4.238762, 2.699108, 2.35952, 2.325105, 3.074009, 3.693857, 4.24812], "mix_supply": [0.94123, 1.160781, 1.422961, 1.597634, 1.611491, 1.451731, 1.203669, 1.214451, 1.206782, 1.219072, 1.060546, 0.931682], "mix_storage": [0.033123, 0.019585, 0.026163, 0.049204, 0.076449, 0.092453, 0.091916, 0.087257, 0.083691, 0.08175, 0.074872, 0.055242], "mix_s_tot": 0.101417}}, "nldas": null}, "pdf": "figures/130.pdf"}