{"id": 131, "name": "Lesotho", "country": "Lesotho", "level": "admin0", "continent": "Africa", "metrics": {"solar_cf": 0.2318, "wind_cf": 0.1726, "solar_f_adj": 1.2621, "wind_f_adj": 2.271, "mix_alpha": 0.9, "mix_f_adj": 1.2758, "solar_s_tot_pct": 14.2806, "wind_s_tot_pct": 34.4033, "mix_s_tot_pct": 13.5679, "solar_s_seasonal_pct": 12.0444, "solar_s_diurnal_pct": 2.2362, "wind_s_seasonal_pct": 33.6343, "wind_s_diurnal_pct": 0.769, "solar_flaute_days": 1.75, "wind_flaute_days": 16.625, "solar_gap30d_max": 0.6504, "wind_gap30d_max": 0.9489, "solar_trend_pct_decade": 2.2494, "wind_trend_pct_decade": -18.6493}, "colocation": {"k": [0, 17, 35, 50], "storage_pct_cons": [13.5679, 8.6606, 5.072, 3.1356], "pick": ["base", "wind", "wind", "wind"]}, "datasets": {"gldas": {"series_norm": {"months": [1, 2, 3, 4, 5, 6, 7, 8, 9, 10, 11, 12], "demand": [1.0, 1.0, 1.0, 1.0, 1.0, 1.0, 1.0, 1.0, 1.0, 1.0, 1.0, 1.0], "solar_supply": [1.594907, 1.492182, 1.308967, 1.061704, 0.911262, 0.814673, 0.888513, 1.065193, 1.30197, 1.477058, 1.609102, 1.632224], "wind_supply": [1.798987, 1.409493, 1.417963, 1.477643, 1.576992, 1.928064, 2.069784, 3.038499, 3.551864, 3.162717, 3.103662, 2.672405], "mix_supply": [1.552021, 1.436687, 1.270483, 1.04889, 0.917607, 0.849458, 0.924595, 1.139748, 1.383994, 1.521418, 1.638227, 1.635036], "mix_storage": [0.121034, 0.126097, 0.126662, 0.117044, 0.096201, 0.067804, 0.040296, 0.024813, 0.03021, 0.049907, 0.078117, 0.105652], "mix_s_tot": 0.135679}}, "nldas": null}, "pdf": "figures/131.pdf"}