{"id": 132, "name": "Cameroon", "country": "Cameroon", "level": "admin0", "continent": "Africa", "metrics": {"solar_cf": 0.2195, "wind_cf": 0.005, "solar_f_adj": 1.2492, "wind_f_adj": 4.4151, "mix_alpha": 1.0, "mix_f_adj": 1.2492, "solar_s_tot_pct": 8.4993, "wind_s_tot_pct": 69.0156, "mix_s_tot_pct": 8.4993, "solar_s_seasonal_pct": 6.9007, "solar_s_diurnal_pct": 1.5987, "wind_s_seasonal_pct": 68.6323, "wind_s_diurnal_pct": 0.3833, "solar_flaute_days": 0.75, "wind_flaute_days": 94.75, "solar_gap30d_max": 0.5993, "wind_gap30d_max": 1.0, "solar_trend_pct_decade": 2.1283, "wind_trend_pct_decade": 18.604}, "colocation": {"k": [0, 17, 35, 50], "storage_pct_cons": [8.4993, 3.2474, 1.055, 0.6746], "pick": ["base", "wind", "wind", "wind"]}, "datasets": {"gldas": {"series_norm": {"months": [1, 2, 3, 4, 5, 6, 7, 8, 9, 10, 11, 12], "demand": [1.0, 1.0, 1.0, 1.0, 1.0, 1.0, 1.0, 1.0, 1.0, 1.0, 1.0, 1.0], "solar_supply": [1.388771, 1.401938, 1.361438, 1.286229, 1.255163, 1.165689, 1.095615, 1.084585, 1.150817, 1.18842, 1.281057, 1.340243], "wind_supply": [11.11398, 13.576498, 8.919206, 2.811774, 0.984494, 0.76347, 0.918698, 1.574118, 0.211527, 0.645054, 4.17243, 7.787125], "mix_supply": [1.388771, 1.401938, 1.361438, 1.286229, 1.255163, 1.165689, 1.095615, 1.084585, 1.150817, 1.18842, 1.281057, 1.340243], "mix_storage": [0.042798, 0.051776, 0.05836, 0.062638, 0.062497, 0.060313, 0.05193, 0.040793, 0.031909, 0.027353, 0.026958, 0.032386], "mix_s_tot": 0.084993}}, "nldas": null}, "pdf": "figures/132.pdf"}