{"id": 133, "name": "Gabon", "country": "Gabon", "level": "admin0", "continent": "Africa", "metrics": {"solar_cf": 0.1868, "wind_cf": 0.0007, "solar_f_adj": 1.2871, "wind_f_adj": 479.6161, "mix_alpha": 0.05, "mix_f_adj": 48.8787, "solar_s_tot_pct": 4.8681, "wind_s_tot_pct": 76.2414, "mix_s_tot_pct": 0.4385, "solar_s_seasonal_pct": 3.8364, "solar_s_diurnal_pct": 1.0317, "wind_s_seasonal_pct": 76.0274, "wind_s_diurnal_pct": 0.214, "solar_flaute_days": 1.625, "wind_flaute_days": 222.625, "solar_gap30d_max": 0.5937, "wind_gap30d_max": 1.0, "solar_trend_pct_decade": 2.0933, "wind_trend_pct_decade": 52.9316}, "colocation": {"k": [0, 17, 35, 50], "storage_pct_cons": [0.4385, 0.4182, 0.4182, 0.4182], "pick": ["base", "wind", "wind", "wind"]}, "datasets": {"gldas": {"series_norm": {"months": [1, 2, 3, 4, 5, 6, 7, 8, 9, 10, 11, 12], "demand": [1.0, 1.0, 1.0, 1.0, 1.0, 1.0, 1.0, 1.0, 1.0, 1.0, 1.0, 1.0], "solar_supply": [1.374962, 1.385453, 1.405155, 1.337637, 1.27914, 1.217963, 1.22668, 1.228285, 1.237868, 1.233313, 1.233174, 1.289901], "wind_supply": [125.007155, 191.571634, 226.635363, 75.591515, 8.26476, 124.485708, 817.343692, 2739.214879, 1061.200391, 202.904386, 38.222529, 99.33717], "mix_supply": [14.713588, 21.178044, 24.610201, 9.858468, 3.229054, 14.364986, 81.461576, 267.533335, 105.092157, 21.986351, 6.042176, 12.066794], "mix_storage": [0.003787, 0.003785, 0.003791, 0.003771, 0.003746, 0.003745, 0.003756, 0.003783, 0.00376, 0.00375, 0.003747, 0.003771], "mix_s_tot": 0.004385}}, "nldas": null}, "pdf": "figures/133.pdf"}