{"id": 134, "name": "Niger", "country": "Niger", "level": "admin0", "continent": "Africa", "metrics": {"solar_cf": 0.2723, "wind_cf": 0.3018, "solar_f_adj": 1.2315, "wind_f_adj": 1.7849, "mix_alpha": 1.0, "mix_f_adj": 1.2315, "solar_s_tot_pct": 8.409, "wind_s_tot_pct": 26.5781, "mix_s_tot_pct": 8.409, "solar_s_seasonal_pct": 5.8918, "solar_s_diurnal_pct": 2.5172, "wind_s_seasonal_pct": 25.9866, "wind_s_diurnal_pct": 0.5915, "solar_flaute_days": 0.625, "wind_flaute_days": 9.625, "solar_gap30d_max": 0.608, "wind_gap30d_max": 0.763, "solar_trend_pct_decade": 1.2733, "wind_trend_pct_decade": 30.6385}, "colocation": {"k": [0, 17, 35, 50], "storage_pct_cons": [8.409, 1.8117, 0.4982, 0.3743], "pick": ["base", "wind", "wind", "wind"]}, "datasets": {"gldas": {"series_norm": {"months": [1, 2, 3, 4, 5, 6, 7, 8, 9, 10, 11, 12], "demand": [1.0, 1.0, 1.0, 1.0, 1.0, 1.0, 1.0, 1.0, 1.0, 1.0, 1.0, 1.0], "solar_supply": [1.023903, 1.174498, 1.318364, 1.386438, 1.393461, 1.362419, 1.318738, 1.257582, 1.279053, 1.204181, 1.077166, 0.983163], "wind_supply": [2.235774, 2.208433, 2.053336, 1.661203, 1.496599, 1.618419, 1.919576, 1.708096, 1.318, 1.51172, 1.618797, 2.076715], "mix_supply": [1.023903, 1.174498, 1.318364, 1.386438, 1.393461, 1.362419, 1.318738, 1.257582, 1.279053, 1.204181, 1.077166, 0.983163], "mix_storage": [0.030236, 0.020596, 0.023187, 0.034518, 0.048315, 0.059492, 0.066927, 0.069787, 0.071113, 0.070866, 0.063462, 0.046544], "mix_s_tot": 0.08409}}, "nldas": null}, "pdf": "figures/134.pdf"}