{"id": 135, "name": "Burkina Faso", "country": "Burkina Faso", "level": "admin0", "continent": "Africa", "metrics": {"solar_cf": 0.243, "wind_cf": 0.149, "solar_f_adj": 1.2127, "wind_f_adj": 3.1824, "mix_alpha": 0.9, "mix_f_adj": 1.2723, "solar_s_tot_pct": 7.2109, "wind_s_tot_pct": 26.3972, "mix_s_tot_pct": 6.7349, "solar_s_seasonal_pct": 3.6638, "solar_s_diurnal_pct": 3.5472, "wind_s_seasonal_pct": 25.1874, "wind_s_diurnal_pct": 1.2098, "solar_flaute_days": 0.75, "wind_flaute_days": 18.75, "solar_gap30d_max": 0.5785, "wind_gap30d_max": 0.9723, "solar_trend_pct_decade": 1.2622, "wind_trend_pct_decade": 53.8659}, "colocation": {"k": [0, 17, 35, 50], "storage_pct_cons": [6.7349, 1.2203, 0.6366, 0.3827], "pick": ["base", "wind", "wind", "wind"]}, "datasets": {"gldas": {"series_norm": {"months": [1, 2, 3, 4, 5, 6, 7, 8, 9, 10, 11, 12], "demand": [1.0, 1.0, 1.0, 1.0, 1.0, 1.0, 1.0, 1.0, 1.0, 1.0, 1.0, 1.0], "solar_supply": [1.166134, 1.283792, 1.335539, 1.320668, 1.279971, 1.229959, 1.1442, 1.098197, 1.164585, 1.217796, 1.185197, 1.134288], "wind_supply": [4.740287, 4.519943, 2.966161, 2.760891, 3.695875, 3.934815, 3.452943, 2.578862, 1.615588, 1.314905, 2.290276, 4.367432], "mix_supply": [1.290623, 1.392909, 1.379651, 1.357402, 1.356356, 1.318685, 1.218444, 1.14006, 1.164234, 1.202457, 1.210671, 1.245645], "mix_storage": [0.044286, 0.047105, 0.05082, 0.054836, 0.058054, 0.059921, 0.058866, 0.054135, 0.048095, 0.046073, 0.0448, 0.04348], "mix_s_tot": 0.067349}}, "nldas": null}, "pdf": "figures/135.pdf"}