{"id": 136, "name": "Togo", "country": "Togo", "level": "admin0", "continent": "Africa", "metrics": {"solar_cf": 0.2251, "wind_cf": 0.0318, "solar_f_adj": 1.2377, "wind_f_adj": 4.4478, "mix_alpha": 0.85, "mix_f_adj": 1.3592, "solar_s_tot_pct": 10.0221, "wind_s_tot_pct": 45.9196, "mix_s_tot_pct": 7.2397, "solar_s_seasonal_pct": 7.311, "solar_s_diurnal_pct": 2.7111, "wind_s_seasonal_pct": 44.6048, "wind_s_diurnal_pct": 1.3149, "solar_flaute_days": 1.5, "wind_flaute_days": 38.0, "solar_gap30d_max": 0.589, "wind_gap30d_max": 0.9991, "solar_trend_pct_decade": 2.4268, "wind_trend_pct_decade": 48.7988}, "colocation": {"k": [0, 17, 35, 50], "storage_pct_cons": [7.2397, 2.1726, 0.7602, 0.5597], "pick": ["base", "solar", "wind", "wind"]}, "datasets": {"gldas": {"series_norm": {"months": [1, 2, 3, 4, 5, 6, 7, 8, 9, 10, 11, 12], "demand": [1.0, 1.0, 1.0, 1.0, 1.0, 1.0, 1.0, 1.0, 1.0, 1.0, 1.0, 1.0], "solar_supply": [1.313988, 1.387183, 1.354446, 1.310804, 1.257063, 1.17107, 1.082673, 1.06217, 1.108638, 1.231803, 1.291013, 1.292873], "wind_supply": [4.997771, 4.871382, 5.071049, 7.850466, 6.995615, 5.383945, 5.652559, 5.093403, 1.545062, 0.812172, 1.536815, 3.552575], "mix_supply": [1.455636, 1.518167, 1.49676, 1.583432, 1.494081, 1.339932, 1.269731, 1.224961, 1.105681, 1.187053, 1.27554, 1.369679], "mix_storage": [0.051734, 0.057191, 0.062084, 0.068252, 0.070589, 0.069332, 0.065728, 0.059313, 0.050011, 0.043202, 0.043808, 0.046753], "mix_s_tot": 0.072397}}, "nldas": null}, "pdf": "figures/136.pdf"}