{"id": 137, "name": "Ghana", "country": "Ghana", "level": "admin0", "continent": "Africa", "metrics": {"solar_cf": 0.2204, "wind_cf": 0.0366, "solar_f_adj": 1.2523, "wind_f_adj": 2.7427, "mix_alpha": 0.95, "mix_f_adj": 1.277, "solar_s_tot_pct": 7.5896, "wind_s_tot_pct": 44.2242, "mix_s_tot_pct": 6.9822, "solar_s_seasonal_pct": 6.4953, "solar_s_diurnal_pct": 1.0944, "wind_s_seasonal_pct": 42.3919, "wind_s_diurnal_pct": 1.8323, "solar_flaute_days": 0.875, "wind_flaute_days": 32.125, "solar_gap30d_max": 0.5814, "wind_gap30d_max": 0.9929, "solar_trend_pct_decade": 2.7797, "wind_trend_pct_decade": 26.4655}, "colocation": {"k": [0, 17, 35, 50], "storage_pct_cons": [6.9822, 2.3478, 0.6797, 0.5864], "pick": ["base", "wind", "wind", "wind"]}, "datasets": {"gldas": {"series_norm": {"months": [1, 2, 3, 4, 5, 6, 7, 8, 9, 10, 11, 12], "demand": [1.0, 1.0, 1.0, 1.0, 1.0, 1.0, 1.0, 1.0, 1.0, 1.0, 1.0, 1.0], "solar_supply": [1.341234, 1.3967, 1.371677, 1.332038, 1.279952, 1.168782, 1.100035, 1.081716, 1.116343, 1.248355, 1.300582, 1.300437], "wind_supply": [2.286885, 2.899466, 3.799407, 5.25691, 4.37212, 3.539503, 3.681597, 3.33076, 1.18878, 0.552346, 0.598272, 1.407688], "mix_supply": [1.352543, 1.420537, 1.417247, 1.412778, 1.341722, 1.214644, 1.151354, 1.125441, 1.109119, 1.222188, 1.273851, 1.292554], "mix_storage": [0.049121, 0.054665, 0.0596, 0.064469, 0.066515, 0.065101, 0.059933, 0.052314, 0.042995, 0.038301, 0.040901, 0.043833], "mix_s_tot": 0.069822}}, "nldas": null}, "pdf": "figures/137.pdf"}