{"id": 138, "name": "Guinea-Bissau", "country": "Guinea-Bissau", "level": "admin0", "continent": "Africa", "metrics": {"solar_cf": 0.2383, "wind_cf": 0.0991, "solar_f_adj": 1.2531, "wind_f_adj": 1.7138, "mix_alpha": 1.0, "mix_f_adj": 1.2531, "solar_s_tot_pct": 9.9129, "wind_s_tot_pct": 31.638, "mix_s_tot_pct": 9.9129, "solar_s_seasonal_pct": 8.2049, "solar_s_diurnal_pct": 1.7081, "wind_s_seasonal_pct": 31.1064, "wind_s_diurnal_pct": 0.5316, "solar_flaute_days": 1.625, "wind_flaute_days": 18.625, "solar_gap30d_max": 0.6096, "wind_gap30d_max": 0.9734, "solar_trend_pct_decade": 1.2945, "wind_trend_pct_decade": 14.6298}, "colocation": {"k": [0, 17, 35, 50], "storage_pct_cons": [9.9129, 4.1085, 1.7032, 1.1091], "pick": ["base", "wind", "wind", "wind"]}, "datasets": {"gldas": {"series_norm": {"months": [1, 2, 3, 4, 5, 6, 7, 8, 9, 10, 11, 12], "demand": [1.0, 1.0, 1.0, 1.0, 1.0, 1.0, 1.0, 1.0, 1.0, 1.0, 1.0, 1.0], "solar_supply": [1.203025, 1.343699, 1.501007, 1.548324, 1.433997, 1.257058, 1.120134, 1.058478, 1.105326, 1.175794, 1.160998, 1.139501], "wind_supply": [2.130937, 2.148766, 1.895596, 2.331581, 2.69085, 2.531439, 1.861785, 1.634982, 0.862538, 0.375845, 0.55649, 1.564334], "mix_supply": [1.203025, 1.343699, 1.501007, 1.548324, 1.433997, 1.257058, 1.120134, 1.058478, 1.105326, 1.175794, 1.160998, 1.139501], "mix_storage": [0.040834, 0.043603, 0.057633, 0.077727, 0.089587, 0.091357, 0.08536, 0.073424, 0.060322, 0.053858, 0.049214, 0.042342], "mix_s_tot": 0.099129}}, "nldas": null}, "pdf": "figures/138.pdf"}