{"id": 139, "name": "Gibraltar", "country": "Gibraltar", "level": "admin0", "continent": "Europe", "metrics": {"solar_cf": 0.2079, "wind_cf": 0.272, "solar_f_adj": 1.2974, "wind_f_adj": 2.495, "mix_alpha": 0.0, "mix_f_adj": 2.495, "solar_s_tot_pct": 21.439, "wind_s_tot_pct": 11.5163, "mix_s_tot_pct": 11.5163, "solar_s_seasonal_pct": 20.3799, "solar_s_diurnal_pct": 1.0591, "wind_s_seasonal_pct": 10.8945, "wind_s_diurnal_pct": 0.6217, "solar_flaute_days": 3.625, "wind_flaute_days": 8.75, "solar_gap30d_max": 0.7201, "wind_gap30d_max": 0.7903, "solar_trend_pct_decade": -0.5901, "wind_trend_pct_decade": -25.9372}, "colocation": {"k": [0, 17, 35, 50], "storage_pct_cons": [11.5163, 7.1825, 4.2481, 3.0892], "pick": ["base", "solar", "solar", "solar"]}, "datasets": {"gldas": {"series_norm": {"months": [1, 2, 3, 4, 5, 6, 7, 8, 9, 10, 11, 12], "demand": [1.0, 1.0, 1.0, 1.0, 1.0, 1.0, 1.0, 1.0, 1.0, 1.0, 1.0, 1.0], "solar_supply": [0.674905, 0.882979, 1.16609, 1.491729, 1.836181, 2.023444, 2.028153, 1.790291, 1.379444, 0.979484, 0.713208, 0.579155], "wind_supply": [2.567852, 2.960152, 2.935469, 2.838436, 2.552028, 2.514569, 2.307119, 2.111216, 2.142759, 2.085369, 2.312591, 2.648418], "mix_supply": [2.567852, 2.960152, 2.935469, 2.838436, 2.552028, 2.514569, 2.307119, 2.111216, 2.142759, 2.085369, 2.312591, 2.648418], "mix_storage": [0.102168, 0.109616, 0.112479, 0.112692, 0.11203, 0.112687, 0.110816, 0.108593, 0.108443, 0.102421, 0.102062, 0.100787], "mix_s_tot": 0.115163}}, "nldas": null}, "pdf": "figures/139.pdf"}