{"id": 14, "name": "United Republic of Tanzania", "country": "United Republic of Tanzania", "level": "admin0", "continent": "Africa", "metrics": {"solar_cf": 0.2412, "wind_cf": 0.0761, "solar_f_adj": 1.2613, "wind_f_adj": 1.5626, "mix_alpha": 1.0, "mix_f_adj": 1.2613, "solar_s_tot_pct": 6.1191, "wind_s_tot_pct": 46.5876, "mix_s_tot_pct": 6.1191, "solar_s_seasonal_pct": 3.8602, "solar_s_diurnal_pct": 2.2589, "wind_s_seasonal_pct": 45.4797, "wind_s_diurnal_pct": 1.1079, "solar_flaute_days": 0.625, "wind_flaute_days": 29.875, "solar_gap30d_max": 0.5787, "wind_gap30d_max": 0.9971, "solar_trend_pct_decade": 3.4171, "wind_trend_pct_decade": -15.2055}, "colocation": {"k": [0, 17, 35, 50], "storage_pct_cons": [6.1191, 3.5946, 3.0715, 2.6205], "pick": ["base", "wind", "wind", "wind"]}, "datasets": {"gldas": {"series_norm": {"months": [1, 2, 3, 4, 5, 6, 7, 8, 9, 10, 11, 12], "demand": [1.0, 1.0, 1.0, 1.0, 1.0, 1.0, 1.0, 1.0, 1.0, 1.0, 1.0, 1.0], "solar_supply": [1.211091, 1.269727, 1.249337, 1.190539, 1.181617, 1.179486, 1.223237, 1.306249, 1.403905, 1.393942, 1.302921, 1.225772], "wind_supply": [0.313969, 0.344951, 0.336622, 0.850401, 1.412653, 1.996634, 2.556722, 2.806165, 2.94652, 2.818778, 1.685888, 0.613996], "mix_supply": [1.211091, 1.269727, 1.249337, 1.190539, 1.181617, 1.179486, 1.223237, 1.306249, 1.403905, 1.393942, 1.302921, 1.225772], "mix_storage": [0.0489, 0.047518, 0.047902, 0.046394, 0.042583, 0.039454, 0.037405, 0.039548, 0.045933, 0.051554, 0.053703, 0.052566], "mix_s_tot": 0.061191}}, "nldas": null}, "pdf": "figures/14.pdf"}