{"id": 140, "name": "Belize", "country": "Belize", "level": "admin0", "continent": "North America", "metrics": {"solar_cf": 0.2057, "wind_cf": 0.0442, "solar_f_adj": 1.2999, "wind_f_adj": 2.4239, "mix_alpha": 1.0, "mix_f_adj": 1.2999, "solar_s_tot_pct": 8.9989, "wind_s_tot_pct": 33.9558, "mix_s_tot_pct": 8.9989, "solar_s_seasonal_pct": 8.2906, "solar_s_diurnal_pct": 0.7084, "wind_s_seasonal_pct": 33.3613, "wind_s_diurnal_pct": 0.5945, "solar_flaute_days": 1.875, "wind_flaute_days": 13.75, "solar_gap30d_max": 0.6151, "wind_gap30d_max": 0.9796, "solar_trend_pct_decade": 0.6546, "wind_trend_pct_decade": -2.2653}, "colocation": {"k": [0, 17, 35, 50], "storage_pct_cons": [8.9989, 5.0056, 1.7895, 0.9798], "pick": ["base", "wind", "wind", "wind"]}, "datasets": {"gldas": {"series_norm": {"months": [1, 2, 3, 4, 5, 6, 7, 8, 9, 10, 11, 12], "demand": [1.0, 1.0, 1.0, 1.0, 1.0, 1.0, 1.0, 1.0, 1.0, 1.0, 1.0, 1.0], "solar_supply": [1.040046, 1.250047, 1.454773, 1.609729, 1.514402, 1.362939, 1.45325, 1.420987, 1.293535, 1.155146, 1.05581, 0.987984], "wind_supply": [2.1003, 2.59498, 3.42534, 4.119416, 3.611744, 3.010815, 3.077951, 2.205498, 1.211608, 1.223523, 1.215472, 1.300522], "mix_supply": [1.040046, 1.250047, 1.454773, 1.609729, 1.514402, 1.362939, 1.45325, 1.420987, 1.293535, 1.155146, 1.05581, 0.987984], "mix_storage": [0.038911, 0.032639, 0.042083, 0.062875, 0.080501, 0.085421, 0.087869, 0.088339, 0.086577, 0.081421, 0.070953, 0.054497], "mix_s_tot": 0.089989}}, "nldas": null}, "pdf": "figures/140.pdf"}