{"id": 141, "name": "Panama", "country": "Panama", "level": "admin0", "continent": "North America", "metrics": {"solar_cf": 0.1915, "wind_cf": 0.0582, "solar_f_adj": 1.3291, "wind_f_adj": 4.6986, "mix_alpha": 1.0, "mix_f_adj": 1.3291, "solar_s_tot_pct": 7.2955, "wind_s_tot_pct": 59.1306, "mix_s_tot_pct": 7.2955, "solar_s_seasonal_pct": 5.6621, "solar_s_diurnal_pct": 1.6333, "wind_s_seasonal_pct": 57.9225, "wind_s_diurnal_pct": 1.2081, "solar_flaute_days": 1.625, "wind_flaute_days": 41.75, "solar_gap30d_max": 0.6066, "wind_gap30d_max": 0.9991, "solar_trend_pct_decade": -0.7463, "wind_trend_pct_decade": -24.6893}, "colocation": {"k": [0, 17, 35, 50], "storage_pct_cons": [7.2955, 3.2152, 1.0028, 0.9406], "pick": ["base", "wind", "wind", "wind"]}, "datasets": {"gldas": {"series_norm": {"months": [1, 2, 3, 4, 5, 6, 7, 8, 9, 10, 11, 12], "demand": [1.0, 1.0, 1.0, 1.0, 1.0, 1.0, 1.0, 1.0, 1.0, 1.0, 1.0, 1.0], "solar_supply": [1.430862, 1.55269, 1.582552, 1.474999, 1.29893, 1.252784, 1.241011, 1.259279, 1.259914, 1.207715, 1.141369, 1.260289], "wind_supply": [11.893897, 14.336315, 11.699486, 6.332896, 1.406647, 0.684748, 0.791011, 0.74171, 0.850943, 1.305459, 1.945982, 4.956658], "mix_supply": [1.430862, 1.55269, 1.582552, 1.474999, 1.29893, 1.252784, 1.241011, 1.259279, 1.259914, 1.207715, 1.141369, 1.260289], "mix_storage": [0.055196, 0.063308, 0.068625, 0.070459, 0.069809, 0.067717, 0.065623, 0.063539, 0.062038, 0.060081, 0.053795, 0.049509], "mix_s_tot": 0.072955}}, "nldas": null}, "pdf": "figures/141.pdf"}