{"id": 142, "name": "Venezuela", "country": "Venezuela", "level": "admin0", "continent": "South America", "metrics": {"solar_cf": 0.2263, "wind_cf": 0.0228, "solar_f_adj": 1.2708, "wind_f_adj": 4.616, "mix_alpha": 0.95, "mix_f_adj": 1.3048, "solar_s_tot_pct": 6.5102, "wind_s_tot_pct": 74.6851, "mix_s_tot_pct": 6.1521, "solar_s_seasonal_pct": 3.7274, "solar_s_diurnal_pct": 2.7828, "wind_s_seasonal_pct": 73.6481, "wind_s_diurnal_pct": 1.0371, "solar_flaute_days": 0.625, "wind_flaute_days": 76.75, "solar_gap30d_max": 0.5888, "wind_gap30d_max": 1.0, "solar_trend_pct_decade": 3.5982, "wind_trend_pct_decade": 11.2619}, "colocation": {"k": [0, 17, 35, 50], "storage_pct_cons": [6.1521, 1.2737, 0.7436, 0.6525], "pick": ["base", "wind", "wind", "wind"]}, "datasets": {"gldas": {"series_norm": {"months": [1, 2, 3, 4, 5, 6, 7, 8, 9, 10, 11, 12], "demand": [1.0, 1.0, 1.0, 1.0, 1.0, 1.0, 1.0, 1.0, 1.0, 1.0, 1.0, 1.0], "solar_supply": [1.298849, 1.349395, 1.340301, 1.25724, 1.178823, 1.193833, 1.254194, 1.320115, 1.356855, 1.286885, 1.206002, 1.212256], "wind_supply": [9.420101, 13.907554, 11.546273, 6.084642, 3.4022, 1.973351, 1.276595, 0.658589, 0.427308, 0.561968, 1.546361, 5.135382], "mix_supply": [1.399977, 1.512699, 1.470457, 1.312254, 1.197857, 1.192304, 1.241331, 1.296893, 1.329458, 1.263116, 1.198138, 1.254962], "mix_storage": [0.042614, 0.048692, 0.052746, 0.054255, 0.051306, 0.04619, 0.043732, 0.043423, 0.045351, 0.046424, 0.043596, 0.04094], "mix_s_tot": 0.061521}}, "nldas": null}, "pdf": "figures/142.pdf"}