{"id": 143, "name": "Papua New Guinea", "country": "Papua New Guinea", "level": "admin0", "continent": "Oceania", "metrics": {"solar_cf": 0.2101, "wind_cf": 0.0091, "solar_f_adj": 1.382, "wind_f_adj": 27.0305, "mix_alpha": 1.0, "mix_f_adj": 1.382, "solar_s_tot_pct": 6.5318, "wind_s_tot_pct": 54.5018, "mix_s_tot_pct": 6.5318, "solar_s_seasonal_pct": 5.951, "solar_s_diurnal_pct": 0.5809, "wind_s_seasonal_pct": 54.7566, "wind_s_diurnal_pct": -0.2548, "solar_flaute_days": 0.75, "wind_flaute_days": 111.875, "solar_gap30d_max": 0.616, "wind_gap30d_max": 1.0, "solar_trend_pct_decade": 5.2621, "wind_trend_pct_decade": -61.9029}, "colocation": {"k": [0, 17, 35, 50], "storage_pct_cons": [6.5318, 2.2385, 0.7734, 0.4791], "pick": ["base", "wind", "wind", "wind"]}, "datasets": {"gldas": {"series_norm": {"months": [1, 2, 3, 4, 5, 6, 7, 8, 9, 10, 11, 12], "demand": [1.0, 1.0, 1.0, 1.0, 1.0, 1.0, 1.0, 1.0, 1.0, 1.0, 1.0, 1.0], "solar_supply": [1.418591, 1.412009, 1.396549, 1.356676, 1.282633, 1.199241, 1.199258, 1.348461, 1.429464, 1.546989, 1.527309, 1.468798], "wind_supply": [26.686149, 31.688702, 19.858121, 8.39804, 13.120922, 27.111064, 46.472084, 55.049239, 45.661194, 27.449614, 10.552777, 12.189424], "mix_supply": [1.418591, 1.412009, 1.396549, 1.356676, 1.282633, 1.199241, 1.199258, 1.348461, 1.429464, 1.546989, 1.527309, 1.468798], "mix_storage": [0.062099, 0.062433, 0.062528, 0.061986, 0.060422, 0.057598, 0.0521, 0.050804, 0.055481, 0.059539, 0.061965, 0.062455], "mix_s_tot": 0.065318}}, "nldas": null}, "pdf": "figures/143.pdf"}