{"id": 144, "name": "Egypt", "country": "Egypt", "level": "admin0", "continent": "Africa", "metrics": {"solar_cf": 0.2578, "wind_cf": 0.3196, "solar_f_adj": 1.2326, "wind_f_adj": 1.5711, "mix_alpha": 0.2, "mix_f_adj": 1.4427, "solar_s_tot_pct": 13.5915, "wind_s_tot_pct": 12.8575, "mix_s_tot_pct": 12.0763, "solar_s_seasonal_pct": 12.5983, "solar_s_diurnal_pct": 0.9932, "wind_s_seasonal_pct": 12.2544, "wind_s_diurnal_pct": 0.6032, "solar_flaute_days": 0.75, "wind_flaute_days": 6.375, "solar_gap30d_max": 0.6508, "wind_gap30d_max": 0.6427, "solar_trend_pct_decade": 1.4847, "wind_trend_pct_decade": 20.0443}, "colocation": {"k": [0, 17, 35, 50], "storage_pct_cons": [12.0763, 5.6262, 3.0647, 1.1876], "pick": ["base", "wind", "solar", "solar"]}, "datasets": {"gldas": {"series_norm": {"months": [1, 2, 3, 4, 5, 6, 7, 8, 9, 10, 11, 12], "demand": [1.0, 1.0, 1.0, 1.0, 1.0, 1.0, 1.0, 1.0, 1.0, 1.0, 1.0, 1.0], "solar_supply": [0.84174, 1.019516, 1.247946, 1.414372, 1.510322, 1.583129, 1.55978, 1.472108, 1.336296, 1.111844, 0.897144, 0.787115], "wind_supply": [1.278446, 1.463128, 1.722909, 1.778227, 1.83515, 1.910424, 1.642853, 1.620739, 1.695723, 1.499964, 1.170769, 1.233402], "mix_supply": [1.136218, 1.313505, 1.55782, 1.637416, 1.701695, 1.774036, 1.572007, 1.535238, 1.55853, 1.362179, 1.070086, 1.09034], "mix_storage": [0.092726, 0.089247, 0.092487, 0.099066, 0.105944, 0.113379, 0.118154, 0.118088, 0.118645, 0.117164, 0.111286, 0.101128], "mix_s_tot": 0.120763}}, "nldas": null}, "pdf": "figures/144.pdf"}