{"id": 145, "name": "Yemen", "country": "Yemen", "level": "admin0", "continent": "Asia", "metrics": {"solar_cf": 0.2744, "wind_cf": 0.2637, "solar_f_adj": 1.227, "wind_f_adj": 1.3782, "mix_alpha": 0.95, "mix_f_adj": 1.2277, "solar_s_tot_pct": 5.5049, "wind_s_tot_pct": 20.0424, "mix_s_tot_pct": 5.3579, "solar_s_seasonal_pct": 4.6436, "solar_s_diurnal_pct": 0.8613, "wind_s_seasonal_pct": 18.6758, "wind_s_diurnal_pct": 1.3666, "solar_flaute_days": 0.75, "wind_flaute_days": 1.75, "solar_gap30d_max": 0.5987, "wind_gap30d_max": 0.6046, "solar_trend_pct_decade": 2.1288, "wind_trend_pct_decade": -3.8773}, "colocation": {"k": [0, 17, 35, 50], "storage_pct_cons": [5.3579, 0.8257, 0.3321, 0.2088], "pick": ["base", "wind", "wind", "wind"]}, "datasets": {"gldas": {"series_norm": {"months": [1, 2, 3, 4, 5, 6, 7, 8, 9, 10, 11, 12], "demand": [1.0, 1.0, 1.0, 1.0, 1.0, 1.0, 1.0, 1.0, 1.0, 1.0, 1.0, 1.0], "solar_supply": [1.058693, 1.189038, 1.304274, 1.358369, 1.375215, 1.343147, 1.249201, 1.249072, 1.267104, 1.215984, 1.093136, 1.021706], "wind_supply": [1.127315, 1.345163, 1.556241, 1.535846, 1.424689, 1.434454, 1.865657, 1.734677, 1.226192, 1.096375, 1.129053, 1.054], "mix_supply": [1.056561, 1.190164, 1.309104, 1.359617, 1.370679, 1.340631, 1.270535, 1.264579, 1.259072, 1.204698, 1.089379, 1.018137], "mix_storage": [0.019311, 0.01336, 0.018051, 0.028686, 0.040016, 0.04717, 0.049016, 0.04935, 0.049603, 0.049428, 0.044039, 0.031358], "mix_s_tot": 0.053579}}, "nldas": null}, "pdf": "figures/145.pdf"}