{"id": 146, "name": "Mauritania", "country": "Mauritania", "level": "admin0", "continent": "Africa", "metrics": {"solar_cf": 0.251, "wind_cf": 0.4052, "solar_f_adj": 1.2351, "wind_f_adj": 1.5333, "mix_alpha": 0.3, "mix_f_adj": 1.359, "solar_s_tot_pct": 11.0019, "wind_s_tot_pct": 11.3868, "mix_s_tot_pct": 8.6792, "solar_s_seasonal_pct": 10.0062, "solar_s_diurnal_pct": 0.9956, "wind_s_seasonal_pct": 11.0163, "wind_s_diurnal_pct": 0.3705, "solar_flaute_days": 0.75, "wind_flaute_days": 6.375, "solar_gap30d_max": 0.6176, "wind_gap30d_max": 0.594, "solar_trend_pct_decade": 2.0125, "wind_trend_pct_decade": 19.5222}, "colocation": {"k": [0, 17, 35, 50], "storage_pct_cons": [8.6792, 2.9273, 1.114, 0.663], "pick": ["base", "solar", "solar", "solar"]}, "datasets": {"gldas": {"series_norm": {"months": [1, 2, 3, 4, 5, 6, 7, 8, 9, 10, 11, 12], "demand": [1.0, 1.0, 1.0, 1.0, 1.0, 1.0, 1.0, 1.0, 1.0, 1.0, 1.0, 1.0], "solar_supply": [0.952186, 1.114434, 1.330317, 1.444892, 1.462096, 1.449833, 1.42427, 1.353067, 1.269835, 1.145982, 0.978819, 0.890814], "wind_supply": [1.722904, 1.737257, 1.593739, 1.560528, 1.572837, 1.675452, 1.68628, 1.503987, 1.310392, 1.173985, 1.255347, 1.614315], "mix_supply": [1.383249, 1.445713, 1.427935, 1.445152, 1.458468, 1.518084, 1.516364, 1.379761, 1.232174, 1.10666, 1.101958, 1.295619], "mix_storage": [0.062363, 0.066117, 0.069881, 0.074202, 0.07957, 0.083251, 0.085186, 0.084836, 0.080967, 0.075053, 0.067724, 0.062158], "mix_s_tot": 0.086792}}, "nldas": null}, "pdf": "figures/146.pdf"}