{"id": 147, "name": "Equatorial Guinea", "country": "Equatorial Guinea", "level": "admin0", "continent": "Africa", "metrics": {"solar_cf": 0.1911, "wind_cf": 0.004, "solar_f_adj": 1.3087, "wind_f_adj": 7.9899, "mix_alpha": 0.75, "mix_f_adj": 1.542, "solar_s_tot_pct": 6.2756, "wind_s_tot_pct": 51.4402, "mix_s_tot_pct": 4.505, "solar_s_seasonal_pct": 5.3824, "solar_s_diurnal_pct": 0.8933, "wind_s_seasonal_pct": 52.4246, "wind_s_diurnal_pct": -0.9844, "solar_flaute_days": 2.5, "wind_flaute_days": 51.75, "solar_gap30d_max": 0.6093, "wind_gap30d_max": 1.0, "solar_trend_pct_decade": 4.5539, "wind_trend_pct_decade": 6.3965}, "colocation": {"k": [0, 17, 35, 50], "storage_pct_cons": [4.505, 1.1903, 0.7875, 0.6823], "pick": ["base", "solar", "wind", "wind"]}, "datasets": {"gldas": {"series_norm": {"months": [1, 2, 3, 4, 5, 6, 7, 8, 9, 10, 11, 12], "demand": [1.0, 1.0, 1.0, 1.0, 1.0, 1.0, 1.0, 1.0, 1.0, 1.0, 1.0, 1.0], "solar_supply": [1.441641, 1.447752, 1.418856, 1.343521, 1.303193, 1.225641, 1.22807, 1.24196, 1.229339, 1.205636, 1.251807, 1.373565], "wind_supply": [6.335815, 7.399817, 4.590187, 3.028909, 2.653648, 4.137242, 14.737344, 28.133564, 15.274794, 4.942765, 1.400178, 2.927724], "mix_supply": [1.579701, 1.636438, 1.475339, 1.333434, 1.279688, 1.282737, 1.796335, 2.454973, 1.823389, 1.303925, 1.173799, 1.355101], "mix_storage": [0.036841, 0.039974, 0.04088, 0.040075, 0.036862, 0.032943, 0.033586, 0.041467, 0.042379, 0.039112, 0.031892, 0.030385], "mix_s_tot": 0.04505}}, "nldas": null}, "pdf": "figures/147.pdf"}