{"id": 148, "name": "Gambia", "country": "Gambia", "level": "admin0", "continent": "Africa", "metrics": {"solar_cf": 0.2397, "wind_cf": 0.1461, "solar_f_adj": 1.2304, "wind_f_adj": 1.7568, "mix_alpha": 1.0, "mix_f_adj": 1.2304, "solar_s_tot_pct": 8.2956, "wind_s_tot_pct": 28.5443, "mix_s_tot_pct": 8.2956, "solar_s_seasonal_pct": 6.9718, "solar_s_diurnal_pct": 1.3239, "wind_s_seasonal_pct": 27.6306, "wind_s_diurnal_pct": 0.9138, "solar_flaute_days": 1.625, "wind_flaute_days": 8.375, "solar_gap30d_max": 0.6052, "wind_gap30d_max": 0.9101, "solar_trend_pct_decade": 1.2044, "wind_trend_pct_decade": 32.756}, "colocation": {"k": [0, 17, 35, 50], "storage_pct_cons": [8.2956, 1.8302, 1.3523, 1.0526], "pick": ["base", "wind", "wind", "wind"]}, "datasets": {"gldas": {"series_norm": {"months": [1, 2, 3, 4, 5, 6, 7, 8, 9, 10, 11, 12], "demand": [1.0, 1.0, 1.0, 1.0, 1.0, 1.0, 1.0, 1.0, 1.0, 1.0, 1.0, 1.0], "solar_supply": [1.117188, 1.253399, 1.431829, 1.49592, 1.417472, 1.304377, 1.177044, 1.101723, 1.122249, 1.169865, 1.118374, 1.060888], "wind_supply": [2.522448, 2.63106, 2.08516, 2.045957, 2.055788, 2.281579, 1.840129, 1.285679, 0.753062, 0.577888, 0.966701, 2.08126], "mix_supply": [1.117188, 1.253399, 1.431829, 1.49592, 1.417472, 1.304377, 1.177044, 1.101723, 1.122249, 1.169865, 1.118374, 1.060888], "mix_storage": [0.014756, 0.011696, 0.021793, 0.040517, 0.057168, 0.064175, 0.063284, 0.056162, 0.045796, 0.040381, 0.034427, 0.022817], "mix_s_tot": 0.082956}}, "nldas": null}, "pdf": "figures/148.pdf"}