{"id": 149, "name": "Hong Kong S.A.R.", "country": "Hong Kong S.A.R.", "level": "admin0", "continent": "Asia", "metrics": {"solar_cf": 0.1653, "wind_cf": 0.303, "solar_f_adj": 1.3747, "wind_f_adj": 2.2493, "mix_alpha": 0.85, "mix_f_adj": 1.3898, "solar_s_tot_pct": 10.9428, "wind_s_tot_pct": 12.5649, "mix_s_tot_pct": 8.9979, "solar_s_seasonal_pct": 10.0097, "solar_s_diurnal_pct": 0.933, "wind_s_seasonal_pct": 12.1994, "wind_s_diurnal_pct": 0.3655, "solar_flaute_days": 2.0, "wind_flaute_days": 9.5, "solar_gap30d_max": 0.6755, "wind_gap30d_max": 0.7613, "solar_trend_pct_decade": 1.5278, "wind_trend_pct_decade": -26.8034}, "colocation": {"k": [0, 17, 35, 50], "storage_pct_cons": [8.9979, 3.9907, 1.6662, 1.2515], "pick": ["base", "wind", "wind", "wind"]}, "datasets": {"gldas": {"series_norm": {"months": [1, 2, 3, 4, 5, 6, 7, 8, 9, 10, 11, 12], "demand": [1.0, 1.0, 1.0, 1.0, 1.0, 1.0, 1.0, 1.0, 1.0, 1.0, 1.0, 1.0], "solar_supply": [1.039916, 1.121028, 1.253118, 1.436578, 1.568123, 1.567503, 1.75203, 1.600193, 1.558019, 1.394214, 1.165709, 1.02506], "wind_supply": [2.442484, 2.472784, 2.309439, 2.144251, 1.985186, 2.199301, 2.223379, 1.738321, 2.03805, 2.42413, 2.461183, 2.568403], "mix_supply": [1.119981, 1.19249, 1.290857, 1.433198, 1.531494, 1.550805, 1.711603, 1.536173, 1.52771, 1.422733, 1.229809, 1.118885], "mix_storage": [0.067987, 0.061661, 0.062723, 0.069969, 0.076904, 0.080833, 0.083915, 0.0857, 0.086348, 0.086955, 0.084092, 0.076485], "mix_s_tot": 0.089979}}, "nldas": null}, "pdf": "figures/149.pdf"}