{"id": 15, "name": "Syria", "country": "Syria", "level": "admin0", "continent": "Asia", "metrics": {"solar_cf": 0.2154, "wind_cf": 0.3006, "solar_f_adj": 1.255, "wind_f_adj": 1.691, "mix_alpha": 0.85, "mix_f_adj": 1.2675, "solar_s_tot_pct": 22.1147, "wind_s_tot_pct": 22.4039, "mix_s_tot_pct": 20.0083, "solar_s_seasonal_pct": 21.2168, "solar_s_diurnal_pct": 0.898, "wind_s_seasonal_pct": 22.1147, "wind_s_diurnal_pct": 0.2893, "solar_flaute_days": 0.75, "wind_flaute_days": 14.5, "solar_gap30d_max": 0.6986, "wind_gap30d_max": 0.9194, "solar_trend_pct_decade": 0.7446, "wind_trend_pct_decade": 20.205}, "colocation": {"k": [0, 17, 35, 50], "storage_pct_cons": [20.0083, 14.3292, 8.913, 5.6797], "pick": ["base", "wind", "wind", "wind"]}, "datasets": {"gldas": {"series_norm": {"months": [1, 2, 3, 4, 5, 6, 7, 8, 9, 10, 11, 12], "demand": [1.0, 1.0, 1.0, 1.0, 1.0, 1.0, 1.0, 1.0, 1.0, 1.0, 1.0, 1.0], "solar_supply": [0.638446, 0.84904, 1.147943, 1.435144, 1.716482, 1.91523, 1.877692, 1.700363, 1.433252, 1.026036, 0.722369, 0.577662], "wind_supply": [1.41213, 1.521558, 1.797261, 1.742434, 1.928545, 2.462906, 2.694529, 2.193038, 1.510474, 0.919695, 0.90433, 1.18568], "mix_supply": [0.706861, 0.899954, 1.187554, 1.427945, 1.690391, 1.921092, 1.914909, 1.706292, 1.40024, 0.984231, 0.721813, 0.629219], "mix_storage": [0.059255, 0.028391, 0.017817, 0.028414, 0.057274, 0.104947, 0.156929, 0.181691, 0.188721, 0.180319, 0.147497, 0.101269], "mix_s_tot": 0.200083}}, "nldas": null}, "pdf": "figures/15.pdf"}