{"id": 150, "name": "Vatican", "country": "Vatican", "level": "admin0", "continent": "Europe", "metrics": {"solar_cf": 0.1954, "wind_cf": 0.2577, "solar_f_adj": 1.2976, "wind_f_adj": 1.7427, "mix_alpha": 0.2, "mix_f_adj": 1.5564, "solar_s_tot_pct": 27.2571, "wind_s_tot_pct": 17.4931, "mix_s_tot_pct": 8.4753, "solar_s_seasonal_pct": 26.2839, "solar_s_diurnal_pct": 0.9732, "wind_s_seasonal_pct": 16.0345, "wind_s_diurnal_pct": 1.4587, "solar_flaute_days": 2.75, "wind_flaute_days": 9.5, "solar_gap30d_max": 0.7585, "wind_gap30d_max": 0.79, "solar_trend_pct_decade": -0.3153, "wind_trend_pct_decade": -20.4444}, "colocation": {"k": [0, 17, 35, 50], "storage_pct_cons": [8.4753, 4.8711, 3.9823, 3.52], "pick": ["base", "wind", "solar", "solar"]}, "datasets": {"gldas": {"series_norm": {"months": [1, 2, 3, 4, 5, 6, 7, 8, 9, 10, 11, 12], "demand": [1.0, 1.0, 1.0, 1.0, 1.0, 1.0, 1.0, 1.0, 1.0, 1.0, 1.0, 1.0], "solar_supply": [0.516578, 0.784461, 1.152077, 1.559785, 1.917076, 2.162189, 2.207919, 1.898991, 1.386134, 0.929314, 0.569345, 0.457017], "wind_supply": [2.13756, 2.172786, 2.017199, 1.771112, 1.522059, 1.305126, 1.424319, 1.296198, 1.459064, 1.621446, 2.057959, 2.153042], "mix_supply": [1.651201, 1.740633, 1.717655, 1.639633, 1.547397, 1.4512, 1.547333, 1.381682, 1.375019, 1.381452, 1.606985, 1.647975], "mix_storage": [0.071956, 0.074134, 0.076495, 0.079575, 0.079388, 0.079568, 0.081196, 0.081986, 0.078667, 0.071793, 0.069823, 0.0698], "mix_s_tot": 0.084753}}, "nldas": null}, "pdf": "figures/150.pdf"}