{"id": 151, "name": "Northern Cyprus", "country": "Northern Cyprus", "level": "admin0", "continent": "Asia", "metrics": {"solar_cf": 0.2186, "wind_cf": 0.2498, "solar_f_adj": 1.2671, "wind_f_adj": 2.0317, "mix_alpha": 0.5, "mix_f_adj": 1.4565, "solar_s_tot_pct": 22.2984, "wind_s_tot_pct": 21.1668, "mix_s_tot_pct": 8.516, "solar_s_seasonal_pct": 21.3347, "solar_s_diurnal_pct": 0.9637, "wind_s_seasonal_pct": 19.9614, "wind_s_diurnal_pct": 1.2054, "solar_flaute_days": 1.875, "wind_flaute_days": 7.25, "solar_gap30d_max": 0.7321, "wind_gap30d_max": 0.8319, "solar_trend_pct_decade": 0.5057, "wind_trend_pct_decade": -8.7963}, "colocation": {"k": [0, 17, 35, 50], "storage_pct_cons": [8.516, 4.7097, 2.8542, 1.9467], "pick": ["base", "solar", "solar", "solar"]}, "datasets": {"gldas": {"series_norm": {"months": [1, 2, 3, 4, 5, 6, 7, 8, 9, 10, 11, 12], "demand": [1.0, 1.0, 1.0, 1.0, 1.0, 1.0, 1.0, 1.0, 1.0, 1.0, 1.0, 1.0], "solar_supply": [0.614251, 0.834088, 1.14986, 1.457788, 1.75929, 1.939667, 1.920518, 1.730872, 1.440882, 1.043788, 0.729071, 0.563007], "wind_supply": [3.063767, 2.966199, 2.541361, 2.016982, 1.668113, 1.574615, 1.478236, 1.327428, 1.385396, 1.508123, 2.180569, 2.720697], "mix_supply": [1.4512, 1.54257, 1.571766, 1.560775, 1.609001, 1.679151, 1.6336, 1.470553, 1.324671, 1.140449, 1.200613, 1.298779], "mix_storage": [0.071537, 0.073947, 0.07691, 0.079523, 0.080962, 0.083224, 0.084279, 0.084144, 0.082897, 0.077589, 0.071818, 0.069633], "mix_s_tot": 0.08516}}, "nldas": null}, "pdf": "figures/151.pdf"}