{"id": 152, "name": "Cyprus No Mans Area", "country": "Cyprus No Mans Area", "level": "admin0", "continent": "Asia", "metrics": {"solar_cf": 0.2158, "wind_cf": 0.2658, "solar_f_adj": 1.2664, "wind_f_adj": 1.7801, "mix_alpha": 0.5, "mix_f_adj": 1.3856, "solar_s_tot_pct": 22.7905, "wind_s_tot_pct": 25.5657, "mix_s_tot_pct": 9.8278, "solar_s_seasonal_pct": 21.8616, "solar_s_diurnal_pct": 0.9289, "wind_s_seasonal_pct": 24.3133, "wind_s_diurnal_pct": 1.2524, "solar_flaute_days": 2.75, "wind_flaute_days": 6.875, "solar_gap30d_max": 0.734, "wind_gap30d_max": 0.8211, "solar_trend_pct_decade": 0.3466, "wind_trend_pct_decade": -3.0499}, "colocation": {"k": [0, 17, 35, 50], "storage_pct_cons": [9.8278, 4.8932, 2.4447, 1.5904], "pick": ["base", "solar", "solar", "solar"]}, "datasets": {"gldas": {"series_norm": {"months": [1, 2, 3, 4, 5, 6, 7, 8, 9, 10, 11, 12], "demand": [1.0, 1.0, 1.0, 1.0, 1.0, 1.0, 1.0, 1.0, 1.0, 1.0, 1.0, 1.0], "solar_supply": [0.61581, 0.837497, 1.147539, 1.452909, 1.760909, 1.939545, 1.918404, 1.72989, 1.439143, 1.043175, 0.726669, 0.562808], "wind_supply": [2.711549, 2.614066, 2.199286, 1.765446, 1.435512, 1.277, 1.243971, 1.108363, 1.099271, 1.389768, 2.085973, 2.475928], "mix_supply": [1.392219, 1.475557, 1.48374, 1.481948, 1.522035, 1.558069, 1.533649, 1.37774, 1.215143, 1.111582, 1.209394, 1.27152], "mix_storage": [0.083892, 0.085269, 0.087874, 0.090361, 0.092688, 0.094464, 0.095849, 0.096065, 0.093196, 0.085917, 0.081999, 0.081183], "mix_s_tot": 0.098278}}, "nldas": null}, "pdf": "figures/152.pdf"}