{"id": 153, "name": "Siachen Glacier", "country": "Siachen Glacier", "level": "admin0", "continent": "Asia", "metrics": {"solar_cf": 0.191, "wind_cf": 0.2086, "solar_f_adj": 1.3635, "wind_f_adj": 6.0977, "mix_alpha": 0.2, "mix_f_adj": 3.1717, "solar_s_tot_pct": 18.8417, "wind_s_tot_pct": 17.6248, "mix_s_tot_pct": 13.787, "solar_s_seasonal_pct": 18.2482, "solar_s_diurnal_pct": 0.5935, "wind_s_seasonal_pct": 15.8928, "wind_s_diurnal_pct": 1.732, "solar_flaute_days": 1.625, "wind_flaute_days": 17.125, "solar_gap30d_max": 0.7426, "wind_gap30d_max": 0.9337, "solar_trend_pct_decade": 1.4011, "wind_trend_pct_decade": -77.9973}, "colocation": {"k": [0, 17, 35, 50], "storage_pct_cons": [13.787, 9.3987, 5.4711, 3.0435], "pick": ["base", "wind", "solar", "solar"]}, "datasets": {"gldas": {"series_norm": {"months": [1, 2, 3, 4, 5, 6, 7, 8, 9, 10, 11, 12], "demand": [1.0, 1.0, 1.0, 1.0, 1.0, 1.0, 1.0, 1.0, 1.0, 1.0, 1.0, 1.0], "solar_supply": [0.743738, 0.968291, 1.328897, 1.606688, 1.867413, 1.976042, 1.920226, 1.715499, 1.497543, 1.204902, 0.83908, 0.6733], "wind_supply": [8.657785, 10.332437, 8.218613, 7.405829, 5.117971, 3.943397, 3.798868, 3.905822, 4.056386, 4.259458, 6.164814, 7.593904], "mix_supply": [3.948653, 4.74997, 4.038138, 3.829162, 2.998444, 2.560221, 2.474113, 2.423374, 2.384627, 2.332983, 2.955643, 3.473185], "mix_storage": [0.124102, 0.126801, 0.131597, 0.135027, 0.136245, 0.136897, 0.136948, 0.135697, 0.135778, 0.133822, 0.13011, 0.126042], "mix_s_tot": 0.13787}}, "nldas": null}, "pdf": "figures/153.pdf"}