{"id": 154, "name": "Baykonur Cosmodrome", "country": "Baykonur Cosmodrome", "level": "admin0", "continent": "Asia", "metrics": {"solar_cf": 0.1728, "wind_cf": 0.4402, "solar_f_adj": 1.3093, "wind_f_adj": 1.4768, "mix_alpha": 0.0, "mix_f_adj": 1.4768, "solar_s_tot_pct": 28.1688, "wind_s_tot_pct": 12.582, "mix_s_tot_pct": 12.582, "solar_s_seasonal_pct": 26.9932, "solar_s_diurnal_pct": 1.1757, "wind_s_seasonal_pct": 12.3846, "wind_s_diurnal_pct": 0.1974, "solar_flaute_days": 1.75, "wind_flaute_days": 5.875, "solar_gap30d_max": 0.7624, "wind_gap30d_max": 0.6376, "solar_trend_pct_decade": 0.9348, "wind_trend_pct_decade": 19.4334}, "colocation": {"k": [0, 17, 35, 50], "storage_pct_cons": [12.582, 7.4227, 5.0619, 3.8695], "pick": ["base", "solar", "solar", "solar"]}, "datasets": {"gldas": {"series_norm": {"months": [1, 2, 3, 4, 5, 6, 7, 8, 9, 10, 11, 12], "demand": [1.0, 1.0, 1.0, 1.0, 1.0, 1.0, 1.0, 1.0, 1.0, 1.0, 1.0, 1.0], "solar_supply": [0.506871, 0.797446, 1.169135, 1.599887, 1.989774, 2.194899, 2.142369, 1.91979, 1.48221, 0.93854, 0.540321, 0.402789], "wind_supply": [1.458607, 1.491377, 1.618169, 1.648512, 1.626104, 1.50057, 1.451213, 1.496298, 1.389928, 1.294533, 1.295487, 1.450131], "mix_supply": [1.458607, 1.491377, 1.618169, 1.648512, 1.626104, 1.50057, 1.451213, 1.496298, 1.389928, 1.294533, 1.295487, 1.450131], "mix_storage": [0.092305, 0.093557, 0.099832, 0.10703, 0.111357, 0.112269, 0.111702, 0.110549, 0.107663, 0.100527, 0.092882, 0.091863], "mix_s_tot": 0.12582}}, "nldas": null}, "pdf": "figures/154.pdf"}