{"id": 155, "name": "Akrotiri Sovereign Base Area", "country": "Akrotiri Sovereign Base Area", "level": "admin0", "continent": "Asia", "metrics": {"solar_cf": 0.2298, "wind_cf": 0.1684, "solar_f_adj": 1.2513, "wind_f_adj": 5.5067, "mix_alpha": 0.3, "mix_f_adj": 2.4631, "solar_s_tot_pct": 21.6007, "wind_s_tot_pct": 20.6139, "mix_s_tot_pct": 12.1535, "solar_s_seasonal_pct": 20.7577, "solar_s_diurnal_pct": 0.843, "wind_s_seasonal_pct": 19.3048, "wind_s_diurnal_pct": 1.3091, "solar_flaute_days": 1.875, "wind_flaute_days": 19.75, "solar_gap30d_max": 0.7174, "wind_gap30d_max": 0.9696, "solar_trend_pct_decade": 0.4211, "wind_trend_pct_decade": -68.2951}, "colocation": {"k": [0, 17, 35, 50], "storage_pct_cons": [12.1535, 5.9256, 3.9085, 2.4089], "pick": ["base", "wind", "wind", "solar"]}, "datasets": {"gldas": {"series_norm": {"months": [1, 2, 3, 4, 5, 6, 7, 8, 9, 10, 11, 12], "demand": [1.0, 1.0, 1.0, 1.0, 1.0, 1.0, 1.0, 1.0, 1.0, 1.0, 1.0, 1.0], "solar_supply": [0.613339, 0.821872, 1.143311, 1.443357, 1.721963, 1.902692, 1.877702, 1.695976, 1.426986, 1.045755, 0.733583, 0.566403], "wind_supply": [8.459036, 8.378448, 7.400763, 6.222671, 5.061396, 4.475289, 3.780099, 3.48773, 3.764591, 3.392488, 4.815096, 7.008458], "mix_supply": [3.01071, 3.108625, 2.992337, 2.800668, 2.601603, 2.524822, 2.292401, 2.093544, 2.021379, 1.679742, 1.940808, 2.528819], "mix_storage": [0.106218, 0.106974, 0.111056, 0.114817, 0.117444, 0.119715, 0.120886, 0.120292, 0.118133, 0.112087, 0.104432, 0.100703], "mix_s_tot": 0.121535}}, "nldas": null}, "pdf": "figures/155.pdf"}