{"id": 156, "name": "Southern Patagonian Ice Field", "country": "Southern Patagonian Ice Field", "level": "admin0", "continent": "South America", "metrics": {"solar_cf": 0.1043, "wind_cf": 0.5612, "solar_f_adj": 1.4871, "wind_f_adj": 1.4918, "mix_alpha": 0.0, "mix_f_adj": 1.4918, "solar_s_tot_pct": 36.3323, "wind_s_tot_pct": 13.2608, "mix_s_tot_pct": 13.2608, "solar_s_seasonal_pct": 35.1366, "solar_s_diurnal_pct": 1.1957, "wind_s_seasonal_pct": 13.1947, "wind_s_diurnal_pct": 0.0661, "solar_flaute_days": 6.875, "wind_flaute_days": 16.5, "solar_gap30d_max": 0.9008, "wind_gap30d_max": 0.9018, "solar_trend_pct_decade": 7.7254, "wind_trend_pct_decade": -8.0602}, "colocation": {"k": [0, 17, 35, 50], "storage_pct_cons": [13.2608, 10.1285, 8.53, 7.2878], "pick": ["base", "solar", "solar", "solar"]}, "datasets": {"gldas": {"series_norm": {"months": [1, 2, 3, 4, 5, 6, 7, 8, 9, 10, 11, 12], "demand": [1.0, 1.0, 1.0, 1.0, 1.0, 1.0, 1.0, 1.0, 1.0, 1.0, 1.0, 1.0], "solar_supply": [2.571052, 2.239333, 1.52035, 0.914988, 0.523327, 0.358936, 0.433506, 0.775912, 1.36538, 2.008429, 2.495756, 2.679223], "wind_supply": [1.681334, 1.473017, 1.505363, 1.467552, 1.338198, 1.400275, 1.351879, 1.368999, 1.401246, 1.565155, 1.652411, 1.693775], "mix_supply": [1.681334, 1.473017, 1.505363, 1.467552, 1.338198, 1.400275, 1.351879, 1.368999, 1.401246, 1.565155, 1.652411, 1.693775], "mix_storage": [0.122197, 0.122797, 0.122317, 0.122499, 0.11618, 0.109371, 0.103207, 0.099322, 0.098451, 0.105544, 0.113644, 0.117979], "mix_s_tot": 0.132608}}, "nldas": null}, "pdf": "figures/156.pdf"}