{"id": 157, "name": "Bir Tawil", "country": "Bir Tawil", "level": "admin0", "continent": "Africa", "metrics": {"solar_cf": 0.2574, "wind_cf": 0.3021, "solar_f_adj": 1.2347, "wind_f_adj": 2.2293, "mix_alpha": 1.0, "mix_f_adj": 1.2347, "solar_s_tot_pct": 10.1877, "wind_s_tot_pct": 20.395, "mix_s_tot_pct": 10.1877, "solar_s_seasonal_pct": 9.2456, "solar_s_diurnal_pct": 0.942, "wind_s_seasonal_pct": 18.7705, "wind_s_diurnal_pct": 1.6245, "solar_flaute_days": 0.75, "wind_flaute_days": 5.625, "solar_gap30d_max": 0.6275, "wind_gap30d_max": 0.7711, "solar_trend_pct_decade": 1.5292, "wind_trend_pct_decade": 40.6172}, "colocation": {"k": [0, 17, 35, 50], "storage_pct_cons": [10.1877, 3.926, 0.9503, 0.2802], "pick": ["base", "wind", "wind", "wind"]}, "datasets": {"gldas": {"series_norm": {"months": [1, 2, 3, 4, 5, 6, 7, 8, 9, 10, 11, 12], "demand": [1.0, 1.0, 1.0, 1.0, 1.0, 1.0, 1.0, 1.0, 1.0, 1.0, 1.0, 1.0], "solar_supply": [0.937908, 1.095719, 1.30039, 1.420859, 1.446104, 1.4735, 1.438705, 1.370765, 1.30217, 1.146951, 0.992877, 0.886295], "wind_supply": [2.072357, 2.427135, 2.495775, 2.440474, 2.37068, 2.406424, 2.129027, 2.283467, 2.244268, 1.978824, 1.910701, 2.012785], "mix_supply": [0.937908, 1.095719, 1.30039, 1.420859, 1.446104, 1.4735, 1.438705, 1.370765, 1.30217, 1.146951, 0.992877, 0.886295], "mix_storage": [0.026891, 0.011174, 0.01008, 0.022628, 0.040323, 0.058756, 0.076304, 0.086224, 0.090289, 0.088393, 0.074947, 0.050836], "mix_s_tot": 0.101877}}, "nldas": null}, "pdf": "figures/157.pdf"}