{"id": 158, "name": "Fiji", "country": "Fiji", "level": "admin0", "continent": "Oceania", "metrics": {"solar_cf": 0.2206, "wind_cf": 0.2427, "solar_f_adj": 1.3179, "wind_f_adj": 6.1899, "mix_alpha": 0.35, "mix_f_adj": 2.3074, "solar_s_tot_pct": 8.9933, "wind_s_tot_pct": 21.7152, "mix_s_tot_pct": 8.7683, "solar_s_seasonal_pct": 8.1903, "solar_s_diurnal_pct": 0.803, "wind_s_seasonal_pct": 20.0696, "wind_s_diurnal_pct": 1.6456, "solar_flaute_days": 1.75, "wind_flaute_days": 30.875, "solar_gap30d_max": 0.6406, "wind_gap30d_max": 0.9873, "solar_trend_pct_decade": 2.9923, "wind_trend_pct_decade": -68.6364}, "colocation": {"k": [0, 17, 35, 50], "storage_pct_cons": [8.7683, 3.8638, 1.4429, 0.7601], "pick": ["base", "wind", "solar", "solar"]}, "datasets": {"gldas": {"series_norm": {"months": [1, 2, 3, 4, 5, 6, 7, 8, 9, 10, 11, 12], "demand": [1.0, 1.0, 1.0, 1.0, 1.0, 1.0, 1.0, 1.0, 1.0, 1.0, 1.0, 1.0], "solar_supply": [1.529672, 1.446563, 1.35755, 1.251988, 1.105699, 1.010103, 1.059786, 1.191716, 1.363101, 1.467668, 1.504015, 1.533898], "wind_supply": [5.134748, 4.819818, 4.241696, 5.523015, 6.270355, 7.576609, 7.907543, 7.281428, 7.136895, 6.989881, 5.611056, 5.69942], "mix_supply": [2.181519, 2.054283, 1.859657, 2.105435, 2.196872, 2.454798, 2.565429, 2.494566, 2.564569, 2.593024, 2.281207, 2.320929], "mix_storage": [0.08386, 0.082219, 0.079603, 0.075105, 0.0746, 0.072301, 0.07606, 0.079362, 0.084571, 0.086521, 0.085684, 0.084779], "mix_s_tot": 0.087683}}, "nldas": null}, "pdf": "figures/158.pdf"}