{"id": 159, "name": "New Zealand", "country": "New Zealand", "level": "admin0", "continent": "Oceania", "metrics": {"solar_cf": 0.1573, "wind_cf": 0.2595, "solar_f_adj": 1.3292, "wind_f_adj": 3.5495, "mix_alpha": 0.0, "mix_f_adj": 3.5495, "solar_s_tot_pct": 24.2755, "wind_s_tot_pct": 13.2128, "mix_s_tot_pct": 13.2128, "solar_s_seasonal_pct": 22.5341, "solar_s_diurnal_pct": 1.7414, "wind_s_seasonal_pct": 12.9874, "wind_s_diurnal_pct": 0.2254, "solar_flaute_days": 1.875, "wind_flaute_days": 21.75, "solar_gap30d_max": 0.7449, "wind_gap30d_max": 0.8823, "solar_trend_pct_decade": 3.4942, "wind_trend_pct_decade": -57.3003}, "colocation": {"k": [0, 17, 35, 50], "storage_pct_cons": [13.2128, 10.695, 7.8617, 5.5424], "pick": ["base", "solar", "solar", "solar"]}, "datasets": {"gldas": {"series_norm": {"months": [1, 2, 3, 4, 5, 6, 7, 8, 9, 10, 11, 12], "demand": [1.0, 1.0, 1.0, 1.0, 1.0, 1.0, 1.0, 1.0, 1.0, 1.0, 1.0, 1.0], "solar_supply": [2.12185, 1.860085, 1.457801, 0.988913, 0.650645, 0.499494, 0.574266, 0.844653, 1.234502, 1.636336, 2.011245, 2.099707], "wind_supply": [3.502094, 3.033243, 2.984862, 2.967081, 3.611165, 3.799104, 3.644027, 3.422039, 4.205479, 4.18498, 3.814687, 3.398578], "mix_supply": [3.502094, 3.033243, 2.984862, 2.967081, 3.611165, 3.799104, 3.644027, 3.422039, 4.205479, 4.18498, 3.814687, 3.398578], "mix_storage": [0.127465, 0.127652, 0.124012, 0.121082, 0.11902, 0.120015, 0.119851, 0.116947, 0.125942, 0.130081, 0.129987, 0.128309], "mix_s_tot": 0.132128}}, "nldas": null}, "pdf": "figures/159.pdf"}