{"id": 16, "name": "Somaliland", "country": "Somaliland", "level": "admin0", "continent": "Africa", "metrics": {"solar_cf": 0.2663, "wind_cf": 0.4061, "solar_f_adj": 1.2445, "wind_f_adj": 1.8025, "mix_alpha": 1.0, "mix_f_adj": 1.2445, "solar_s_tot_pct": 5.4975, "wind_s_tot_pct": 37.1386, "mix_s_tot_pct": 5.4975, "solar_s_seasonal_pct": 4.0291, "solar_s_diurnal_pct": 1.4684, "wind_s_seasonal_pct": 36.2972, "wind_s_diurnal_pct": 0.8415, "solar_flaute_days": 0.75, "wind_flaute_days": 11.75, "solar_gap30d_max": 0.5816, "wind_gap30d_max": 0.8363, "solar_trend_pct_decade": 3.0467, "wind_trend_pct_decade": 19.398}, "colocation": {"k": [0, 17, 35, 50], "storage_pct_cons": [5.4975, 1.1039, 0.7649, 0.6539], "pick": ["base", "wind", "wind", "wind"]}, "datasets": {"gldas": {"series_norm": {"months": [1, 2, 3, 4, 5, 6, 7, 8, 9, 10, 11, 12], "demand": [1.0, 1.0, 1.0, 1.0, 1.0, 1.0, 1.0, 1.0, 1.0, 1.0, 1.0, 1.0], "solar_supply": [1.166091, 1.278681, 1.346977, 1.303856, 1.26712, 1.267903, 1.219835, 1.274763, 1.293058, 1.21843, 1.171371, 1.130219], "wind_supply": [1.239299, 1.141536, 1.036213, 0.872009, 1.370362, 3.318989, 3.878503, 3.487207, 2.196925, 0.761251, 0.987181, 1.286615], "mix_supply": [1.166091, 1.278681, 1.346977, 1.303856, 1.26712, 1.267903, 1.219835, 1.274763, 1.293058, 1.21843, 1.171371, 1.130219], "mix_storage": [0.033353, 0.033759, 0.038573, 0.042207, 0.043068, 0.044745, 0.044701, 0.044654, 0.04621, 0.045573, 0.043008, 0.037611], "mix_s_tot": 0.054975}}, "nldas": null}, "pdf": "figures/16.pdf"}