{"id": 160, "name": "New Caledonia", "country": "New Caledonia", "level": "admin0", "continent": "Oceania", "metrics": {"solar_cf": 0.2361, "wind_cf": 0.2626, "solar_f_adj": 1.2829, "wind_f_adj": 3.9605, "mix_alpha": 0.25, "mix_f_adj": 2.4143, "solar_s_tot_pct": 15.2746, "wind_s_tot_pct": 10.1005, "mix_s_tot_pct": 6.9943, "solar_s_seasonal_pct": 14.0424, "solar_s_diurnal_pct": 1.2322, "wind_s_seasonal_pct": 9.3777, "wind_s_diurnal_pct": 0.7227, "solar_flaute_days": 3.625, "wind_flaute_days": 13.625, "solar_gap30d_max": 0.6821, "wind_gap30d_max": 0.8865, "solar_trend_pct_decade": 2.184, "wind_trend_pct_decade": -65.3909}, "colocation": {"k": [0, 17, 35, 50], "storage_pct_cons": [6.9943, 3.8703, 1.9266, 1.0788], "pick": ["base", "solar", "solar", "solar"]}, "datasets": {"gldas": {"series_norm": {"months": [1, 2, 3, 4, 5, 6, 7, 8, 9, 10, 11, 12], "demand": [1.0, 1.0, 1.0, 1.0, 1.0, 1.0, 1.0, 1.0, 1.0, 1.0, 1.0, 1.0], "solar_supply": [1.569708, 1.475102, 1.307742, 1.115766, 0.943333, 0.839649, 0.91601, 1.086689, 1.369496, 1.531592, 1.616861, 1.633613], "wind_supply": [3.890046, 4.151833, 4.120357, 4.352247, 3.904028, 4.381173, 4.007039, 3.789371, 3.724087, 3.966009, 3.901583, 3.37145], "mix_supply": [2.517084, 2.592263, 2.499131, 2.514828, 2.228772, 2.398142, 2.263014, 2.243798, 2.347009, 2.533882, 2.544544, 2.310046], "mix_storage": [0.068203, 0.068411, 0.067785, 0.066423, 0.063832, 0.060226, 0.058622, 0.058693, 0.062729, 0.067269, 0.068614, 0.068534], "mix_s_tot": 0.069943}}, "nldas": null}, "pdf": "figures/160.pdf"}