{"id": 161, "name": "Madagascar", "country": "Madagascar", "level": "admin0", "continent": "Africa", "metrics": {"solar_cf": 0.2498, "wind_cf": 0.1378, "solar_f_adj": 1.2881, "wind_f_adj": 1.8703, "mix_alpha": 0.8, "mix_f_adj": 1.2519, "solar_s_tot_pct": 8.5346, "wind_s_tot_pct": 28.8837, "mix_s_tot_pct": 8.0134, "solar_s_seasonal_pct": 7.3791, "solar_s_diurnal_pct": 1.1555, "wind_s_seasonal_pct": 27.8943, "wind_s_diurnal_pct": 0.9894, "solar_flaute_days": 0.75, "wind_flaute_days": 8.0, "solar_gap30d_max": 0.6175, "wind_gap30d_max": 0.8967, "solar_trend_pct_decade": 5.2637, "wind_trend_pct_decade": -30.0435}, "colocation": {"k": [0, 17, 35, 50], "storage_pct_cons": [8.0134, 2.2843, 1.5752, 0.9164], "pick": ["base", "solar", "wind", "wind"]}, "datasets": {"gldas": {"series_norm": {"months": [1, 2, 3, 4, 5, 6, 7, 8, 9, 10, 11, 12], "demand": [1.0, 1.0, 1.0, 1.0, 1.0, 1.0, 1.0, 1.0, 1.0, 1.0, 1.0, 1.0], "solar_supply": [1.37023, 1.360495, 1.320859, 1.220486, 1.06506, 0.961276, 0.998379, 1.188159, 1.407643, 1.546653, 1.547406, 1.476827], "wind_supply": [1.377686, 1.283384, 1.299538, 1.376885, 1.661617, 2.271462, 2.492058, 2.5629, 2.656336, 2.436698, 1.807928, 1.185022], "mix_supply": [1.249795, 1.229601, 1.200947, 1.133261, 1.050535, 1.051485, 1.109864, 1.266903, 1.45006, 1.528738, 1.445147, 1.306881], "mix_storage": [0.07385, 0.07239, 0.070261, 0.066221, 0.057206, 0.044776, 0.035808, 0.033557, 0.042916, 0.057918, 0.069683, 0.073224], "mix_s_tot": 0.080134}}, "nldas": null}, "pdf": "figures/161.pdf"}