{"id": 162, "name": "Philippines", "country": "Philippines", "level": "admin0", "continent": "Asia", "metrics": {"solar_cf": 0.211, "wind_cf": 0.0845, "solar_f_adj": 1.2994, "wind_f_adj": 2.9282, "mix_alpha": 0.9, "mix_f_adj": 1.336, "solar_s_tot_pct": 7.9281, "wind_s_tot_pct": 53.6647, "mix_s_tot_pct": 6.7867, "solar_s_seasonal_pct": 6.3449, "solar_s_diurnal_pct": 1.5832, "wind_s_seasonal_pct": 52.4003, "wind_s_diurnal_pct": 1.2644, "solar_flaute_days": 0.75, "wind_flaute_days": 38.875, "solar_gap30d_max": 0.5999, "wind_gap30d_max": 0.999, "solar_trend_pct_decade": 2.245, "wind_trend_pct_decade": -32.2516}, "colocation": {"k": [0, 17, 35, 50], "storage_pct_cons": [6.7867, 1.0147, 0.5335, 0.3578], "pick": ["base", "wind", "wind", "wind"]}, "datasets": {"gldas": {"series_norm": {"months": [1, 2, 3, 4, 5, 6, 7, 8, 9, 10, 11, 12], "demand": [1.0, 1.0, 1.0, 1.0, 1.0, 1.0, 1.0, 1.0, 1.0, 1.0, 1.0, 1.0], "solar_supply": [1.125745, 1.30119, 1.484381, 1.598443, 1.469808, 1.356369, 1.275267, 1.272714, 1.25869, 1.223084, 1.162018, 1.070445], "wind_supply": [5.603219, 5.025701, 3.524521, 1.889839, 1.197313, 1.277661, 2.536122, 2.913573, 1.971568, 1.910713, 2.916268, 4.440433], "mix_supply": [1.297393, 1.433398, 1.534428, 1.565397, 1.414764, 1.313456, 1.295822, 1.31068, 1.254724, 1.218998, 1.208367, 1.193167], "mix_storage": [0.048371, 0.050535, 0.055646, 0.060598, 0.063988, 0.064735, 0.063699, 0.062855, 0.061062, 0.058031, 0.054207, 0.050001], "mix_s_tot": 0.067867}}, "nldas": null}, "pdf": "figures/162.pdf"}