{"id": 163, "name": "Sri Lanka", "country": "Sri Lanka", "level": "admin0", "continent": "Asia", "metrics": {"solar_cf": 0.2318, "wind_cf": 0.2245, "solar_f_adj": 1.2893, "wind_f_adj": 1.6473, "mix_alpha": 1.0, "mix_f_adj": 1.2893, "solar_s_tot_pct": 7.5705, "wind_s_tot_pct": 39.7015, "mix_s_tot_pct": 7.5705, "solar_s_seasonal_pct": 6.7415, "solar_s_diurnal_pct": 0.829, "wind_s_seasonal_pct": 38.3033, "wind_s_diurnal_pct": 1.3982, "solar_flaute_days": 1.75, "wind_flaute_days": 19.375, "solar_gap30d_max": 0.6057, "wind_gap30d_max": 0.9486, "solar_trend_pct_decade": 3.9228, "wind_trend_pct_decade": -11.5116}, "colocation": {"k": [0, 17, 35, 50], "storage_pct_cons": [7.5705, 4.2881, 2.4143, 1.7559], "pick": ["base", "wind", "wind", "wind"]}, "datasets": {"gldas": {"series_norm": {"months": [1, 2, 3, 4, 5, 6, 7, 8, 9, 10, 11, 12], "demand": [1.0, 1.0, 1.0, 1.0, 1.0, 1.0, 1.0, 1.0, 1.0, 1.0, 1.0, 1.0], "solar_supply": [1.224693, 1.402893, 1.501414, 1.448441, 1.311075, 1.276481, 1.28809, 1.320119, 1.31546, 1.221037, 1.08983, 1.080784], "wind_supply": [1.213228, 1.034599, 0.63604, 0.501747, 2.218477, 3.177806, 2.982419, 2.676329, 2.421223, 1.207217, 0.612062, 1.036108], "mix_supply": [1.224693, 1.402893, 1.501414, 1.448441, 1.311075, 1.276481, 1.28809, 1.320119, 1.31546, 1.221037, 1.08983, 1.080784], "mix_storage": [0.041185, 0.04626, 0.056362, 0.062245, 0.063414, 0.063565, 0.064504, 0.065227, 0.067198, 0.06574, 0.057569, 0.04538], "mix_s_tot": 0.075705}}, "nldas": null}, "pdf": "figures/163.pdf"}