{"id": 164, "name": "Cura\u00e7ao", "country": "Cura\u00e7ao", "level": "admin0", "continent": "North America", "metrics": {"solar_cf": 0.2397, "wind_cf": 0.2914, "solar_f_adj": 1.3626, "wind_f_adj": 2.4495, "mix_alpha": 1.0, "mix_f_adj": 1.3626, "solar_s_tot_pct": 5.1638, "wind_s_tot_pct": 28.4521, "mix_s_tot_pct": 5.1638, "solar_s_seasonal_pct": 4.4171, "solar_s_diurnal_pct": 0.7467, "wind_s_seasonal_pct": 26.981, "wind_s_diurnal_pct": 1.4711, "solar_flaute_days": 1.625, "wind_flaute_days": 9.875, "solar_gap30d_max": 0.6047, "wind_gap30d_max": 0.9098, "solar_trend_pct_decade": -0.2329, "wind_trend_pct_decade": 16.2218}, "colocation": {"k": [0, 17, 35, 50], "storage_pct_cons": [5.1638, 3.3768, 1.771, 0.9295], "pick": ["base", "wind", "wind", "wind"]}, "datasets": {"gldas": {"series_norm": {"months": [1, 2, 3, 4, 5, 6, 7, 8, 9, 10, 11, 12], "demand": [1.0, 1.0, 1.0, 1.0, 1.0, 1.0, 1.0, 1.0, 1.0, 1.0, 1.0, 1.0], "solar_supply": [1.266571, 1.356698, 1.406737, 1.352263, 1.373653, 1.433743, 1.500827, 1.53415, 1.458216, 1.305964, 1.169877, 1.190943], "wind_supply": [2.52267, 2.946672, 3.034612, 2.946732, 2.852458, 3.07063, 2.877942, 2.371375, 1.918648, 1.533876, 1.356509, 1.989687], "mix_supply": [1.266571, 1.356698, 1.406737, 1.352263, 1.373653, 1.433743, 1.500827, 1.53415, 1.458216, 1.305964, 1.169877, 1.190943], "mix_storage": [0.036777, 0.039064, 0.043322, 0.044864, 0.044677, 0.045267, 0.046662, 0.04889, 0.050074, 0.049191, 0.044983, 0.038708], "mix_s_tot": 0.051638}}, "nldas": null}, "pdf": "figures/164.pdf"}