{"id": 165, "name": "Aruba", "country": "Aruba", "level": "admin0", "continent": "North America", "metrics": {"solar_cf": 0.2739, "wind_cf": 0.8667, "solar_f_adj": 1.2888, "wind_f_adj": 1.3129, "mix_alpha": 0.9, "mix_f_adj": 1.2478, "solar_s_tot_pct": 6.4908, "wind_s_tot_pct": 11.7546, "mix_s_tot_pct": 6.1699, "solar_s_seasonal_pct": 5.5469, "solar_s_diurnal_pct": 0.9439, "wind_s_seasonal_pct": 11.588, "wind_s_diurnal_pct": 0.1665, "solar_flaute_days": 1.625, "wind_flaute_days": 9.625, "solar_gap30d_max": 0.6055, "wind_gap30d_max": 0.7253, "solar_trend_pct_decade": -0.7354, "wind_trend_pct_decade": 5.1691}, "colocation": {"k": [0, 17, 35, 50], "storage_pct_cons": [6.1699, 2.1995, 1.2028, 0.8735], "pick": ["base", "wind", "wind", "wind"]}, "datasets": {"gldas": {"series_norm": {"months": [1, 2, 3, 4, 5, 6, 7, 8, 9, 10, 11, 12], "demand": [1.0, 1.0, 1.0, 1.0, 1.0, 1.0, 1.0, 1.0, 1.0, 1.0, 1.0, 1.0], "solar_supply": [1.190013, 1.321019, 1.37807, 1.354746, 1.331014, 1.367731, 1.415118, 1.423908, 1.333585, 1.177086, 1.07803, 1.09713], "wind_supply": [1.377094, 1.411741, 1.399376, 1.375907, 1.358794, 1.433687, 1.427039, 1.330259, 1.17143, 1.056219, 1.100177, 1.316734], "mix_supply": [1.167864, 1.285315, 1.333855, 1.3113, 1.288993, 1.328106, 1.368768, 1.36723, 1.273426, 1.126103, 1.043962, 1.081188], "mix_storage": [0.025995, 0.027913, 0.03561, 0.042998, 0.047222, 0.051281, 0.055784, 0.058273, 0.05841, 0.053757, 0.042908, 0.031112], "mix_s_tot": 0.061699}}, "nldas": null}, "pdf": "figures/165.pdf"}