{"id": 166, "name": "The Bahamas", "country": "The Bahamas", "level": "admin0", "continent": "North America", "metrics": {"solar_cf": 0.2343, "wind_cf": 0.5903, "solar_f_adj": 1.3059, "wind_f_adj": 1.2989, "mix_alpha": 0.3, "mix_f_adj": 1.2539, "solar_s_tot_pct": 13.5797, "wind_s_tot_pct": 9.6493, "mix_s_tot_pct": 7.6608, "solar_s_seasonal_pct": 11.4083, "solar_s_diurnal_pct": 2.1714, "wind_s_seasonal_pct": 9.5818, "wind_s_diurnal_pct": 0.0674, "solar_flaute_days": 0.75, "wind_flaute_days": 6.125, "solar_gap30d_max": 0.6319, "wind_gap30d_max": 0.5873, "solar_trend_pct_decade": -3.1018, "wind_trend_pct_decade": -10.1267}, "colocation": {"k": [0, 17, 35, 50], "storage_pct_cons": [7.6608, 2.0755, 0.6713, 0.442], "pick": ["base", "solar", "solar", "solar"]}, "datasets": {"gldas": {"series_norm": {"months": [1, 2, 3, 4, 5, 6, 7, 8, 9, 10, 11, 12], "demand": [1.0, 1.0, 1.0, 1.0, 1.0, 1.0, 1.0, 1.0, 1.0, 1.0, 1.0, 1.0], "solar_supply": [0.960943, 1.179526, 1.40452, 1.574388, 1.588625, 1.516493, 1.588858, 1.507248, 1.317973, 1.138674, 0.986259, 0.901094], "wind_supply": [1.411406, 1.40993, 1.401289, 1.376935, 1.267104, 1.16848, 1.262853, 1.193484, 0.999477, 1.236483, 1.411119, 1.449933], "mix_supply": [1.230585, 1.292552, 1.351525, 1.383999, 1.31388, 1.226456, 1.311075, 1.240689, 1.055064, 1.163575, 1.237684, 1.23938], "mix_storage": [0.063229, 0.064616, 0.067884, 0.070822, 0.072195, 0.069176, 0.070392, 0.071294, 0.065641, 0.061, 0.062766, 0.06128], "mix_s_tot": 0.076608}}, "nldas": null}, "pdf": "figures/166.pdf"}