{"id": 167, "name": "Turks and Caicos Islands", "country": "Turks and Caicos Islands", "level": "admin0", "continent": "North America", "metrics": {"solar_cf": 0.2554, "wind_cf": 0.6809, "solar_f_adj": 1.2883, "wind_f_adj": 1.3166, "mix_alpha": 0.45, "mix_f_adj": 1.2181, "solar_s_tot_pct": 11.4528, "wind_s_tot_pct": 12.3279, "mix_s_tot_pct": 7.0339, "solar_s_seasonal_pct": 10.5798, "solar_s_diurnal_pct": 0.873, "wind_s_seasonal_pct": 12.0383, "wind_s_diurnal_pct": 0.2896, "solar_flaute_days": 1.625, "wind_flaute_days": 6.75, "solar_gap30d_max": 0.6354, "wind_gap30d_max": 0.6171, "solar_trend_pct_decade": -1.8513, "wind_trend_pct_decade": -2.5183}, "colocation": {"k": [0, 17, 35, 50], "storage_pct_cons": [7.0339, 2.4621, 1.7741, 1.2961], "pick": ["base", "solar", "solar", "solar"]}, "datasets": {"gldas": {"series_norm": {"months": [1, 2, 3, 4, 5, 6, 7, 8, 9, 10, 11, 12], "demand": [1.0, 1.0, 1.0, 1.0, 1.0, 1.0, 1.0, 1.0, 1.0, 1.0, 1.0, 1.0], "solar_supply": [0.990923, 1.204984, 1.379429, 1.510132, 1.474442, 1.486157, 1.566267, 1.48972, 1.330527, 1.121553, 0.976193, 0.92629], "wind_supply": [1.373258, 1.431432, 1.314021, 1.282854, 1.223128, 1.284906, 1.568054, 1.452984, 1.069231, 1.042934, 1.310586, 1.445882], "mix_supply": [1.120362, 1.24104, 1.255519, 1.295271, 1.249696, 1.286115, 1.464273, 1.373153, 1.110157, 1.007864, 1.082206, 1.129816], "mix_storage": [0.046082, 0.046898, 0.051212, 0.055532, 0.057151, 0.054692, 0.061407, 0.065536, 0.062599, 0.052238, 0.045988, 0.044614], "mix_s_tot": 0.070339}}, "nldas": null}, "pdf": "figures/167.pdf"}