{"id": 168, "name": "Taiwan", "country": "Taiwan", "level": "admin0", "continent": "Asia", "metrics": {"solar_cf": 0.184, "wind_cf": 0.2362, "solar_f_adj": 1.3581, "wind_f_adj": 3.8189, "mix_alpha": 0.25, "mix_f_adj": 2.2333, "solar_s_tot_pct": 13.1461, "wind_s_tot_pct": 16.4474, "mix_s_tot_pct": 7.3891, "solar_s_seasonal_pct": 12.3009, "solar_s_diurnal_pct": 0.8452, "wind_s_seasonal_pct": 14.2939, "wind_s_diurnal_pct": 2.1536, "solar_flaute_days": 2.75, "wind_flaute_days": 14.75, "solar_gap30d_max": 0.6695, "wind_gap30d_max": 0.9041, "solar_trend_pct_decade": 6.4878, "wind_trend_pct_decade": -67.984}, "colocation": {"k": [0, 17, 35, 50], "storage_pct_cons": [7.3891, 2.2775, 0.9371, 0.6058], "pick": ["base", "solar", "solar", "solar"]}, "datasets": {"gldas": {"series_norm": {"months": [1, 2, 3, 4, 5, 6, 7, 8, 9, 10, 11, 12], "demand": [1.0, 1.0, 1.0, 1.0, 1.0, 1.0, 1.0, 1.0, 1.0, 1.0, 1.0, 1.0], "solar_supply": [1.017465, 1.165869, 1.3758, 1.494832, 1.520558, 1.55952, 1.725157, 1.57019, 1.494242, 1.331144, 1.060474, 0.970049], "wind_supply": [4.89872, 4.296025, 3.712877, 3.121284, 2.588725, 3.165693, 3.079069, 2.77214, 3.439387, 4.776775, 4.839179, 5.156246], "mix_supply": [2.566955, 2.363617, 2.194148, 1.983603, 1.760592, 2.029677, 2.05978, 1.861446, 2.122885, 2.642429, 2.558521, 2.660415], "mix_storage": [0.069581, 0.069413, 0.070023, 0.070114, 0.067536, 0.064091, 0.064817, 0.063387, 0.059574, 0.061552, 0.065996, 0.068154], "mix_s_tot": 0.073891}}, "nldas": null}, "pdf": "figures/168.pdf"}