{"id": 169, "name": "Japan", "country": "Japan", "level": "admin0", "continent": "Asia", "metrics": {"solar_cf": 0.151, "wind_cf": 0.186, "solar_f_adj": 1.3015, "wind_f_adj": 1.8831, "mix_alpha": 0.55, "mix_f_adj": 1.376, "solar_s_tot_pct": 19.0907, "wind_s_tot_pct": 26.6816, "mix_s_tot_pct": 9.5838, "solar_s_seasonal_pct": 18.2021, "solar_s_diurnal_pct": 0.8886, "wind_s_seasonal_pct": 25.2289, "wind_s_diurnal_pct": 1.4527, "solar_flaute_days": 0.875, "wind_flaute_days": 11.875, "solar_gap30d_max": 0.6876, "wind_gap30d_max": 0.8995, "solar_trend_pct_decade": 1.7285, "wind_trend_pct_decade": -36.3892}, "colocation": {"k": [0, 17, 35, 50], "storage_pct_cons": [9.5838, 3.6876, 2.1094, 1.4019], "pick": ["base", "wind", "solar", "solar"]}, "datasets": {"gldas": {"series_norm": {"months": [1, 2, 3, 4, 5, 6, 7, 8, 9, 10, 11, 12], "demand": [1.0, 1.0, 1.0, 1.0, 1.0, 1.0, 1.0, 1.0, 1.0, 1.0, 1.0, 1.0], "solar_supply": [0.710146, 0.971111, 1.337739, 1.670444, 1.817163, 1.735209, 1.751139, 1.737941, 1.396443, 1.066412, 0.772302, 0.634219], "wind_supply": [2.940041, 2.738527, 2.608022, 2.212517, 1.597442, 0.928638, 0.849299, 0.918309, 1.17608, 1.683924, 2.100342, 2.884591], "mix_supply": [1.379698, 1.465187, 1.635469, 1.698886, 1.581953, 1.31438, 1.297555, 1.312572, 1.198752, 1.173828, 1.139731, 1.317313], "mix_storage": [0.064358, 0.066667, 0.072031, 0.078743, 0.086585, 0.088694, 0.087559, 0.088129, 0.084235, 0.077293, 0.067201, 0.061828], "mix_s_tot": 0.095838}}, "nldas": null}, "pdf": "figures/169.pdf"}