{"id": 17, "name": "France", "country": "France", "level": "admin0", "continent": "Europe", "metrics": {"solar_cf": 0.1543, "wind_cf": 0.2098, "solar_f_adj": 1.2617, "wind_f_adj": 1.4945, "mix_alpha": 0.3, "mix_f_adj": 1.3004, "solar_s_tot_pct": 22.8491, "wind_s_tot_pct": 23.1655, "mix_s_tot_pct": 10.4193, "solar_s_seasonal_pct": 22.1903, "solar_s_diurnal_pct": 0.6587, "wind_s_seasonal_pct": 22.4647, "wind_s_diurnal_pct": 0.7008, "solar_flaute_days": 0.875, "wind_flaute_days": 14.5, "solar_gap30d_max": 0.6677, "wind_gap30d_max": 0.7621, "solar_trend_pct_decade": 0.9696, "wind_trend_pct_decade": -14.1662}, "colocation": {"k": [0, 17, 35, 50], "storage_pct_cons": [10.4193, 4.9603, 3.9115, 3.3197], "pick": ["base", "wind", "wind", "solar"]}, "datasets": {"gldas": {"series_norm": {"months": [1, 2, 3, 4, 5, 6, 7, 8, 9, 10, 11, 12], "demand": [1.0, 1.0, 1.0, 1.0, 1.0, 1.0, 1.0, 1.0, 1.0, 1.0, 1.0, 1.0], "solar_supply": [0.562069, 0.786059, 1.146827, 1.513675, 1.778746, 2.012537, 2.015315, 1.789671, 1.40843, 0.945568, 0.638108, 0.518043], "wind_supply": [2.160328, 2.162906, 1.907125, 1.469991, 1.238909, 0.897439, 0.941426, 0.821355, 1.003077, 1.469277, 1.815721, 2.080511], "mix_supply": [1.489656, 1.560486, 1.516243, 1.363418, 1.304629, 1.16893, 1.196582, 1.053675, 1.046478, 1.187318, 1.303268, 1.427426], "mix_storage": [0.079199, 0.083811, 0.089154, 0.092243, 0.092837, 0.091126, 0.089314, 0.081671, 0.071418, 0.065488, 0.06884, 0.072423], "mix_s_tot": 0.104193}}, "nldas": null}, "pdf": "figures/17.pdf"}