{"id": 170, "name": "Saint Pierre and Miquelon", "country": "Saint Pierre and Miquelon", "level": "admin0", "continent": "North America", "metrics": {"solar_cf": 0.1283, "wind_cf": 0.5763, "solar_f_adj": 1.3711, "wind_f_adj": 1.3402, "mix_alpha": 0.25, "mix_f_adj": 1.2449, "solar_s_tot_pct": 25.8698, "wind_s_tot_pct": 12.0283, "mix_s_tot_pct": 5.3012, "solar_s_seasonal_pct": 24.7728, "solar_s_diurnal_pct": 1.097, "wind_s_seasonal_pct": 11.2449, "wind_s_diurnal_pct": 0.7834, "solar_flaute_days": 2.75, "wind_flaute_days": 5.875, "solar_gap30d_max": 0.7918, "wind_gap30d_max": 0.7313, "solar_trend_pct_decade": -0.8717, "wind_trend_pct_decade": -3.1483}, "colocation": {"k": [0, 17, 35, 50], "storage_pct_cons": [5.3012, 1.7509, 1.1557, 0.8122], "pick": ["base", "solar", "solar", "solar"]}, "datasets": {"gldas": {"series_norm": {"months": [1, 2, 3, 4, 5, 6, 7, 8, 9, 10, 11, 12], "demand": [1.0, 1.0, 1.0, 1.0, 1.0, 1.0, 1.0, 1.0, 1.0, 1.0, 1.0, 1.0], "solar_supply": [0.504489, 0.852432, 1.383048, 1.824526, 2.159781, 2.195925, 2.112252, 1.968776, 1.54356, 0.959648, 0.531356, 0.390591], "wind_supply": [1.637865, 1.66015, 1.540049, 1.400941, 1.157111, 0.974614, 0.886826, 1.022126, 1.251136, 1.378194, 1.555252, 1.64112], "mix_supply": [1.255574, 1.350082, 1.38686, 1.390161, 1.296395, 1.177458, 1.097305, 1.158996, 1.222018, 1.177989, 1.204118, 1.231987], "mix_storage": [0.046082, 0.047966, 0.049327, 0.050591, 0.050843, 0.048813, 0.043704, 0.040155, 0.041915, 0.042864, 0.043315, 0.043799], "mix_s_tot": 0.053012}}, "nldas": null}, "pdf": "figures/170.pdf"}