{"id": 171, "name": "Iceland", "country": "Iceland", "level": "admin0", "continent": "Europe", "metrics": {"solar_cf": 0.0936, "wind_cf": 0.5031, "solar_f_adj": 1.4798, "wind_f_adj": 1.5051, "mix_alpha": 0.1, "mix_f_adj": 1.4112, "solar_s_tot_pct": 45.5325, "wind_s_tot_pct": 14.5097, "mix_s_tot_pct": 9.1878, "solar_s_seasonal_pct": 44.4323, "solar_s_diurnal_pct": 1.1002, "wind_s_seasonal_pct": 14.3727, "wind_s_diurnal_pct": 0.1369, "solar_flaute_days": 77.875, "wind_flaute_days": 13.125, "solar_gap30d_max": 0.9903, "wind_gap30d_max": 0.7653, "solar_trend_pct_decade": 6.6507, "wind_trend_pct_decade": -19.2877}, "colocation": {"k": [0, 17, 35, 50], "storage_pct_cons": [9.1878, 5.7035, 5.7035, 5.7035], "pick": ["base", "wind", "wind", "wind"]}, "datasets": {"gldas": {"series_norm": {"months": [1, 2, 3, 4, 5, 6, 7, 8, 9, 10, 11, 12], "demand": [1.0, 1.0, 1.0, 1.0, 1.0, 1.0, 1.0, 1.0, 1.0, 1.0, 1.0, 1.0], "solar_supply": [0.076047, 0.390955, 1.125911, 2.175968, 3.069328, 3.371798, 3.086426, 2.366891, 1.348937, 0.538396, 0.127236, 0.017933], "wind_supply": [1.884975, 1.881261, 1.776072, 1.523545, 1.316369, 1.089689, 0.966084, 1.032315, 1.488169, 1.594352, 1.725918, 1.809225], "mix_supply": [1.597977, 1.624875, 1.606199, 1.493236, 1.403601, 1.241153, 1.109627, 1.096897, 1.384508, 1.396815, 1.468631, 1.52851], "mix_storage": [0.082326, 0.085003, 0.086224, 0.086631, 0.084086, 0.082181, 0.076928, 0.067799, 0.068559, 0.073246, 0.075691, 0.07683], "mix_s_tot": 0.091878}}, "nldas": null}, "pdf": "figures/171.pdf"}