{"id": 172, "name": "Pitcairn Islands", "country": "Pitcairn Islands", "level": "admin0", "continent": "Oceania", "metrics": {"solar_cf": 0.2846, "wind_cf": 0.7701, "solar_f_adj": 1.2593, "wind_f_adj": 1.2206, "mix_alpha": 0.55, "mix_f_adj": 1.1619, "solar_s_tot_pct": 10.1222, "wind_s_tot_pct": 11.4343, "mix_s_tot_pct": 5.7038, "solar_s_seasonal_pct": 6.7328, "solar_s_diurnal_pct": 3.3894, "wind_s_seasonal_pct": 11.3974, "wind_s_diurnal_pct": 0.0369, "solar_flaute_days": 1.625, "wind_flaute_days": 5.75, "solar_gap30d_max": 0.5964, "wind_gap30d_max": 0.5486, "solar_trend_pct_decade": -1.9448, "wind_trend_pct_decade": 8.5395}, "colocation": {"k": [0, 17, 35, 50], "storage_pct_cons": [5.7038, 2.3692, 1.3009, 0.9144], "pick": ["base", "wind", "solar", "wind"]}, "datasets": {"gldas": {"series_norm": {"months": [1, 2, 3, 4, 5, 6, 7, 8, 9, 10, 11, 12], "demand": [1.0, 1.0, 1.0, 1.0, 1.0, 1.0, 1.0, 1.0, 1.0, 1.0, 1.0, 1.0], "solar_supply": [1.383614, 1.387325, 1.311414, 1.206492, 1.105848, 1.031753, 1.056187, 1.175455, 1.293395, 1.377172, 1.396665, 1.393848], "wind_supply": [1.264717, 1.163679, 1.062785, 1.109899, 1.129276, 1.270764, 1.347815, 1.339244, 1.352496, 1.220333, 1.150903, 1.229743], "mix_supply": [1.24388, 1.202483, 1.120741, 1.08768, 1.044908, 1.067917, 1.113321, 1.170173, 1.235699, 1.221598, 1.201749, 1.234092], "mix_storage": [0.049297, 0.050886, 0.048509, 0.044833, 0.040532, 0.035022, 0.033934, 0.036464, 0.041083, 0.045523, 0.046509, 0.04758], "mix_s_tot": 0.057038}}, "nldas": null}, "pdf": "figures/172.pdf"}