{"id": 173, "name": "French Polynesia", "country": "French Polynesia", "level": "admin0", "continent": "Oceania", "metrics": {"solar_cf": 0.2652, "wind_cf": 0.6861, "solar_f_adj": 1.295, "wind_f_adj": 1.3653, "mix_alpha": 0.4, "mix_f_adj": 1.229, "solar_s_tot_pct": 10.4616, "wind_s_tot_pct": 9.8138, "mix_s_tot_pct": 5.4688, "solar_s_seasonal_pct": 7.9533, "solar_s_diurnal_pct": 2.5083, "wind_s_seasonal_pct": 9.6031, "wind_s_diurnal_pct": 0.2107, "solar_flaute_days": 0.75, "wind_flaute_days": 5.875, "solar_gap30d_max": 0.5986, "wind_gap30d_max": 0.5122, "solar_trend_pct_decade": -3.0944, "wind_trend_pct_decade": 13.4861}, "colocation": {"k": [0, 17, 35, 50], "storage_pct_cons": [5.4688, 1.233, 0.4667, 0.3159], "pick": ["base", "solar", "solar", "solar"]}, "datasets": {"gldas": {"series_norm": {"months": [1, 2, 3, 4, 5, 6, 7, 8, 9, 10, 11, 12], "demand": [1.0, 1.0, 1.0, 1.0, 1.0, 1.0, 1.0, 1.0, 1.0, 1.0, 1.0, 1.0], "solar_supply": [1.442796, 1.447667, 1.38354, 1.231833, 1.094516, 1.010409, 1.044607, 1.182811, 1.330647, 1.44463, 1.490887, 1.44522], "wind_supply": [1.379552, 1.313936, 1.162771, 1.202929, 1.291196, 1.443016, 1.527219, 1.503336, 1.529706, 1.38391, 1.304068, 1.338513], "mix_supply": [1.292801, 1.259212, 1.153225, 1.117322, 1.112866, 1.162932, 1.221391, 1.260958, 1.331323, 1.295851, 1.270289, 1.271557], "mix_storage": [0.051176, 0.051522, 0.049214, 0.046675, 0.04437, 0.041928, 0.043085, 0.045791, 0.04972, 0.051093, 0.051101, 0.050417], "mix_s_tot": 0.054688}}, "nldas": null}, "pdf": "figures/173.pdf"}