{"id": 174, "name": "French Southern and Antarctic Lands", "country": "French Southern and Antarctic Lands", "level": "admin0", "continent": "Seven seas (open ocean)", "metrics": {"solar_cf": 0.1109, "wind_cf": 0.9128, "solar_f_adj": 1.402, "wind_f_adj": 1.2235, "mix_alpha": 0.05, "mix_f_adj": 1.2126, "solar_s_tot_pct": 34.3776, "wind_s_tot_pct": 5.4465, "mix_s_tot_pct": 4.8504, "solar_s_seasonal_pct": 33.1378, "solar_s_diurnal_pct": 1.2399, "wind_s_seasonal_pct": 4.3786, "wind_s_diurnal_pct": 1.0679, "solar_flaute_days": 3.875, "wind_flaute_days": 3.75, "solar_gap30d_max": 0.8761, "wind_gap30d_max": 0.4356, "solar_trend_pct_decade": -2.9509, "wind_trend_pct_decade": 2.8583}, "colocation": {"k": [0, 17, 35, 50], "storage_pct_cons": [4.8504, 1.1575, 0.7412, 0.4733], "pick": ["base", "solar", "solar", "solar"]}, "datasets": {"gldas": {"series_norm": {"months": [1, 2, 3, 4, 5, 6, 7, 8, 9, 10, 11, 12], "demand": [1.0, 1.0, 1.0, 1.0, 1.0, 1.0, 1.0, 1.0, 1.0, 1.0, 1.0, 1.0], "solar_supply": [2.466754, 2.11292, 1.502544, 0.888519, 0.491621, 0.335322, 0.407486, 0.709159, 1.23091, 1.80405, 2.315214, 2.595516], "wind_supply": [1.210004, 1.174513, 1.201222, 1.209603, 1.238084, 1.225909, 1.250003, 1.249014, 1.255901, 1.244482, 1.217921, 1.201074], "mix_supply": [1.245942, 1.197224, 1.195976, 1.177314, 1.186966, 1.168743, 1.194549, 1.206664, 1.235712, 1.249745, 1.246843, 1.243103], "mix_storage": [0.045415, 0.044202, 0.043899, 0.043016, 0.04236, 0.042353, 0.042865, 0.043556, 0.044168, 0.045239, 0.04567, 0.045642], "mix_s_tot": 0.048504}}, "nldas": null}, "pdf": "figures/174.pdf"}