{"id": 176, "name": "Kiribati", "country": "Kiribati", "level": "admin0", "continent": "Oceania", "metrics": {"solar_cf": 0.2448, "wind_cf": 0.5654, "solar_f_adj": 1.3713, "wind_f_adj": 1.9817, "mix_alpha": 0.85, "mix_f_adj": 1.3165, "solar_s_tot_pct": 11.3591, "wind_s_tot_pct": 22.5918, "mix_s_tot_pct": 7.5937, "solar_s_seasonal_pct": 8.8831, "solar_s_diurnal_pct": 2.476, "wind_s_seasonal_pct": 20.5479, "wind_s_diurnal_pct": 2.0439, "solar_flaute_days": 2.75, "wind_flaute_days": 6.875, "solar_gap30d_max": 0.6642, "wind_gap30d_max": 0.7282, "solar_trend_pct_decade": -3.8095, "wind_trend_pct_decade": 15.0126}, "colocation": {"k": [0, 17, 35, 50], "storage_pct_cons": [7.5937, 2.4424, 0.7535, 0.5363], "pick": ["base", "solar", "wind", "wind"]}, "datasets": {"gldas": {"series_norm": {"months": [1, 2, 3, 4, 5, 6, 7, 8, 9, 10, 11, 12], "demand": [1.0, 1.0, 1.0, 1.0, 1.0, 1.0, 1.0, 1.0, 1.0, 1.0, 1.0, 1.0], "solar_supply": [1.550426, 1.556197, 1.509491, 1.294511, 1.105898, 1.006627, 1.054465, 1.220843, 1.411375, 1.567207, 1.647041, 1.544404], "wind_supply": [1.949662, 1.950784, 1.694644, 1.723821, 1.945977, 2.094122, 2.168723, 2.133599, 2.232746, 2.049668, 1.941507, 1.894276], "mix_supply": [1.459477, 1.464299, 1.40066, 1.228138, 1.096363, 1.030118, 1.076589, 1.208858, 1.374218, 1.483137, 1.537505, 1.449044], "mix_storage": [0.069955, 0.071948, 0.073341, 0.072854, 0.066986, 0.05561, 0.044172, 0.040001, 0.047277, 0.058798, 0.066575, 0.068576], "mix_s_tot": 0.075937}}, "nldas": null}, "pdf": "figures/176.pdf"}