{"id": 177, "name": "Marshall Islands", "country": "Marshall Islands", "level": "admin0", "continent": "Oceania", "metrics": {"solar_cf": 0.2215, "wind_cf": 0.3374, "solar_f_adj": 1.4013, "wind_f_adj": 2.6998, "mix_alpha": 0.95, "mix_f_adj": 1.3807, "solar_s_tot_pct": 6.4709, "wind_s_tot_pct": 14.5394, "mix_s_tot_pct": 5.6499, "solar_s_seasonal_pct": 5.633, "solar_s_diurnal_pct": 0.8379, "wind_s_seasonal_pct": 14.1033, "wind_s_diurnal_pct": 0.4361, "solar_flaute_days": 1.75, "wind_flaute_days": 17.75, "solar_gap30d_max": 0.6097, "wind_gap30d_max": 0.8469, "solar_trend_pct_decade": -2.1512, "wind_trend_pct_decade": -30.611}, "colocation": {"k": [0, 17, 35, 50], "storage_pct_cons": [5.6499, 0.618, 0.4619, 0.4229], "pick": ["base", "wind", "wind", "wind"]}, "datasets": {"gldas": {"series_norm": {"months": [1, 2, 3, 4, 5, 6, 7, 8, 9, 10, 11, 12], "demand": [1.0, 1.0, 1.0, 1.0, 1.0, 1.0, 1.0, 1.0, 1.0, 1.0, 1.0, 1.0], "solar_supply": [1.441139, 1.40924, 1.469572, 1.41655, 1.343393, 1.256327, 1.244965, 1.348009, 1.441776, 1.513197, 1.490262, 1.442025], "wind_supply": [2.820778, 3.003292, 2.789189, 2.197387, 2.132723, 2.673284, 3.44017, 3.397784, 3.047139, 2.476196, 2.229535, 2.195773], "mix_supply": [1.421048, 1.395857, 1.446854, 1.382092, 1.311963, 1.244291, 1.253265, 1.348631, 1.427433, 1.479684, 1.451909, 1.405896], "mix_storage": [0.052204, 0.05187, 0.052168, 0.051751, 0.05114, 0.048884, 0.045137, 0.045594, 0.048151, 0.050021, 0.051008, 0.051446], "mix_s_tot": 0.056499}}, "nldas": null}, "pdf": "figures/177.pdf"}