{"id": 178, "name": "Trinidad and Tobago", "country": "Trinidad and Tobago", "level": "admin0", "continent": "North America", "metrics": {"solar_cf": 0.2449, "wind_cf": 0.3506, "solar_f_adj": 1.3717, "wind_f_adj": 2.2836, "mix_alpha": 1.0, "mix_f_adj": 1.3717, "solar_s_tot_pct": 6.3395, "wind_s_tot_pct": 28.9387, "mix_s_tot_pct": 6.3395, "solar_s_seasonal_pct": 5.7001, "solar_s_diurnal_pct": 0.6393, "wind_s_seasonal_pct": 27.6491, "wind_s_diurnal_pct": 1.2896, "solar_flaute_days": 1.625, "wind_flaute_days": 16.0, "solar_gap30d_max": 0.5964, "wind_gap30d_max": 0.9381, "solar_trend_pct_decade": -0.9161, "wind_trend_pct_decade": -33.8215}, "colocation": {"k": [0, 17, 35, 50], "storage_pct_cons": [6.3395, 2.4266, 0.6386, 0.4674], "pick": ["base", "wind", "wind", "wind"]}, "datasets": {"gldas": {"series_norm": {"months": [1, 2, 3, 4, 5, 6, 7, 8, 9, 10, 11, 12], "demand": [1.0, 1.0, 1.0, 1.0, 1.0, 1.0, 1.0, 1.0, 1.0, 1.0, 1.0, 1.0], "solar_supply": [1.302452, 1.411464, 1.461827, 1.482897, 1.44174, 1.37935, 1.461717, 1.471786, 1.425825, 1.282409, 1.162115, 1.178854], "wind_supply": [2.600684, 2.855749, 2.793853, 2.794006, 2.82508, 2.630814, 2.044896, 1.486168, 1.535339, 1.733614, 1.891601, 2.252851], "mix_supply": [1.302452, 1.411464, 1.461827, 1.482897, 1.44174, 1.37935, 1.461717, 1.471786, 1.425825, 1.282409, 1.162115, 1.178854], "mix_storage": [0.047668, 0.052974, 0.057105, 0.059807, 0.060213, 0.059882, 0.060503, 0.061207, 0.061645, 0.059824, 0.054938, 0.048008], "mix_s_tot": 0.063395}}, "nldas": null}, "pdf": "figures/178.pdf"}