{"id": 179, "name": "Grenada", "country": "Grenada", "level": "admin0", "continent": "North America", "metrics": {"solar_cf": 0.2448, "wind_cf": 0.2877, "solar_f_adj": 1.362, "wind_f_adj": 6.1247, "mix_alpha": 1.0, "mix_f_adj": 1.362, "solar_s_tot_pct": 6.4801, "wind_s_tot_pct": 25.7372, "mix_s_tot_pct": 6.4801, "solar_s_seasonal_pct": 5.7963, "solar_s_diurnal_pct": 0.6838, "wind_s_seasonal_pct": 23.5882, "wind_s_diurnal_pct": 2.149, "solar_flaute_days": 1.625, "wind_flaute_days": 17.625, "solar_gap30d_max": 0.5983, "wind_gap30d_max": 0.9539, "solar_trend_pct_decade": -1.0484, "wind_trend_pct_decade": -75.2435}, "colocation": {"k": [0, 17, 35, 50], "storage_pct_cons": [6.4801, 2.5731, 0.7091, 0.5117], "pick": ["base", "wind", "wind", "wind"]}, "datasets": {"gldas": {"series_norm": {"months": [1, 2, 3, 4, 5, 6, 7, 8, 9, 10, 11, 12], "demand": [1.0, 1.0, 1.0, 1.0, 1.0, 1.0, 1.0, 1.0, 1.0, 1.0, 1.0, 1.0], "solar_supply": [1.294446, 1.405316, 1.453498, 1.474714, 1.431169, 1.367558, 1.452373, 1.459236, 1.412408, 1.270579, 1.153153, 1.172231], "wind_supply": [7.240883, 7.801424, 7.524494, 7.448775, 7.567663, 7.111401, 5.574689, 3.972312, 3.872331, 4.400236, 5.006508, 6.08908], "mix_supply": [1.294446, 1.405316, 1.453498, 1.474714, 1.431169, 1.367558, 1.452373, 1.459236, 1.412408, 1.270579, 1.153153, 1.172231], "mix_storage": [0.047503, 0.053142, 0.057617, 0.060727, 0.061458, 0.061245, 0.061879, 0.06253, 0.062826, 0.060854, 0.055655, 0.048358], "mix_s_tot": 0.064801}}, "nldas": null}, "pdf": "figures/179.pdf"}