{"id": 18, "name": "Suriname", "country": "Suriname", "level": "admin0", "continent": "South America", "metrics": {"solar_cf": 0.2271, "wind_cf": 0.0089, "solar_f_adj": 1.3025, "wind_f_adj": 5.2315, "mix_alpha": 0.7, "mix_f_adj": 1.6578, "solar_s_tot_pct": 7.7086, "wind_s_tot_pct": 34.3877, "mix_s_tot_pct": 3.5595, "solar_s_seasonal_pct": 6.0371, "solar_s_diurnal_pct": 1.6715, "wind_s_seasonal_pct": 34.8057, "wind_s_diurnal_pct": -0.4179, "solar_flaute_days": 1.625, "wind_flaute_days": 30.75, "solar_gap30d_max": 0.5846, "wind_gap30d_max": 1.0, "solar_trend_pct_decade": 2.1514, "wind_trend_pct_decade": -27.6826}, "colocation": {"k": [0, 17, 35, 50], "storage_pct_cons": [3.5595, 1.2531, 0.6414, 0.6414], "pick": ["base", "solar", "solar", "solar"]}, "datasets": {"gldas": {"series_norm": {"months": [1, 2, 3, 4, 5, 6, 7, 8, 9, 10, 11, 12], "demand": [1.0, 1.0, 1.0, 1.0, 1.0, 1.0, 1.0, 1.0, 1.0, 1.0, 1.0, 1.0], "solar_supply": [1.180077, 1.172873, 1.229948, 1.21213, 1.194024, 1.286206, 1.369014, 1.46113, 1.546908, 1.47274, 1.316112, 1.182497], "wind_supply": [7.596639, 10.996088, 10.793634, 6.167279, 2.534031, 1.281756, 1.087274, 1.989455, 3.514317, 5.511815, 5.714516, 5.963523], "mix_supply": [1.773585, 2.090346, 2.12195, 1.666255, 1.304716, 1.267794, 1.323083, 1.490922, 1.712311, 1.836131, 1.715854, 1.620483], "mix_storage": [0.032207, 0.032952, 0.03291, 0.033043, 0.029678, 0.027203, 0.027778, 0.030846, 0.033659, 0.034645, 0.034114, 0.032628], "mix_s_tot": 0.035595}}, "nldas": null}, "pdf": "figures/18.pdf"}