{"id": 182, "name": "Saint Lucia", "country": "Saint Lucia", "level": "admin0", "continent": "North America", "metrics": {"solar_cf": 0.2498, "wind_cf": 0.7049, "solar_f_adj": 1.3188, "wind_f_adj": 1.4299, "mix_alpha": 0.65, "mix_f_adj": 1.2674, "solar_s_tot_pct": 7.7685, "wind_s_tot_pct": 10.353, "mix_s_tot_pct": 6.7171, "solar_s_seasonal_pct": 6.0218, "solar_s_diurnal_pct": 1.7467, "wind_s_seasonal_pct": 10.2233, "wind_s_diurnal_pct": 0.1297, "solar_flaute_days": 1.75, "wind_flaute_days": 7.625, "solar_gap30d_max": 0.602, "wind_gap30d_max": 0.6554, "solar_trend_pct_decade": -1.2648, "wind_trend_pct_decade": -13.7112}, "colocation": {"k": [0, 17, 35, 50], "storage_pct_cons": [6.7171, 1.5547, 0.4719, 0.4719], "pick": ["base", "solar", "solar", "solar"]}, "datasets": {"gldas": {"series_norm": {"months": [1, 2, 3, 4, 5, 6, 7, 8, 9, 10, 11, 12], "demand": [1.0, 1.0, 1.0, 1.0, 1.0, 1.0, 1.0, 1.0, 1.0, 1.0, 1.0, 1.0], "solar_supply": [1.191353, 1.319357, 1.37744, 1.439863, 1.446364, 1.427366, 1.472709, 1.428207, 1.333528, 1.1978, 1.091169, 1.101243], "wind_supply": [1.600398, 1.628564, 1.495233, 1.437754, 1.474929, 1.642687, 1.597061, 1.331544, 1.002331, 1.133573, 1.310861, 1.510871], "mix_supply": [1.240679, 1.329376, 1.324294, 1.345456, 1.36105, 1.401226, 1.415395, 1.305226, 1.143952, 1.099884, 1.088275, 1.156617], "mix_storage": [0.048555, 0.050661, 0.053654, 0.055617, 0.057666, 0.059985, 0.062965, 0.064713, 0.062863, 0.056406, 0.050098, 0.047117], "mix_s_tot": 0.067171}}, "nldas": null}, "pdf": "figures/182.pdf"}