{"id": 183, "name": "Dominica", "country": "Dominica", "level": "admin0", "continent": "North America", "metrics": {"solar_cf": 0.2613, "wind_cf": 0.6016, "solar_f_adj": 1.3203, "wind_f_adj": 2.9481, "mix_alpha": 0.15, "mix_f_adj": 2.2682, "solar_s_tot_pct": 8.1002, "wind_s_tot_pct": 11.8496, "mix_s_tot_pct": 7.996, "solar_s_seasonal_pct": 5.9457, "solar_s_diurnal_pct": 2.1544, "wind_s_seasonal_pct": 11.5687, "wind_s_diurnal_pct": 0.2809, "solar_flaute_days": 1.875, "wind_flaute_days": 19.75, "solar_gap30d_max": 0.599, "wind_gap30d_max": 0.8465, "solar_trend_pct_decade": -2.2959, "wind_trend_pct_decade": -34.3363}, "colocation": {"k": [0, 17, 35, 50], "storage_pct_cons": [7.996, 3.8568, 1.2962, 0.7284], "pick": ["base", "solar", "solar", "solar"]}, "datasets": {"gldas": {"series_norm": {"months": [1, 2, 3, 4, 5, 6, 7, 8, 9, 10, 11, 12], "demand": [1.0, 1.0, 1.0, 1.0, 1.0, 1.0, 1.0, 1.0, 1.0, 1.0, 1.0, 1.0], "solar_supply": [1.201982, 1.332135, 1.396138, 1.439984, 1.443588, 1.401588, 1.448922, 1.427472, 1.332802, 1.204864, 1.102802, 1.112556], "wind_supply": [3.349513, 3.419202, 3.072794, 2.946701, 3.030451, 3.397236, 3.341092, 2.780039, 2.053978, 2.294751, 2.618578, 3.089572], "mix_supply": [2.500214, 2.579327, 2.369279, 2.298117, 2.353815, 2.582859, 2.55834, 2.185901, 1.686683, 1.811174, 1.996647, 2.307177], "mix_storage": [0.072077, 0.07656, 0.077105, 0.076726, 0.076551, 0.078082, 0.0796, 0.079152, 0.07425, 0.068424, 0.067494, 0.068655], "mix_s_tot": 0.07996}}, "nldas": null}, "pdf": "figures/183.pdf"}