{"id": 184, "name": "United States Minor Outlying Islands", "country": "United States Minor Outlying Islands", "level": "admin0", "continent": "North America", "metrics": {"solar_cf": 0.2845, "wind_cf": 0.2124, "solar_f_adj": 1.3467, "wind_f_adj": 2.8874, "mix_alpha": 0.75, "mix_f_adj": 1.425, "solar_s_tot_pct": 8.1156, "wind_s_tot_pct": 26.964, "mix_s_tot_pct": 6.6598, "solar_s_seasonal_pct": 6.9624, "solar_s_diurnal_pct": 1.1532, "wind_s_seasonal_pct": 26.1839, "wind_s_diurnal_pct": 0.7801, "solar_flaute_days": 1.75, "wind_flaute_days": 7.5, "solar_gap30d_max": 0.6321, "wind_gap30d_max": 0.9439, "solar_trend_pct_decade": 2.8269, "wind_trend_pct_decade": -30.4973}, "colocation": {"k": [0, 17, 35, 50], "storage_pct_cons": [6.6598, 1.3248, 1.0231, 0.7947], "pick": ["base", "solar", "solar", "wind"]}, "datasets": {"gldas": {"series_norm": {"months": [1, 2, 3, 4, 5, 6, 7, 8, 9, 10, 11, 12], "demand": [1.0, 1.0, 1.0, 1.0, 1.0, 1.0, 1.0, 1.0, 1.0, 1.0, 1.0, 1.0], "solar_supply": [1.123939, 1.251794, 1.338161, 1.473379, 1.537192, 1.541585, 1.549825, 1.522105, 1.407666, 1.269481, 1.110396, 1.031495], "wind_supply": [3.489775, 3.687641, 3.378049, 3.21175, 2.929396, 2.548953, 2.426997, 2.457436, 2.211693, 2.549588, 2.627976, 3.169663], "mix_supply": [1.322519, 1.448396, 1.478738, 1.565527, 1.581331, 1.537877, 1.52937, 1.511127, 1.38999, 1.322018, 1.205441, 1.209661], "mix_storage": [0.049604, 0.054227, 0.057902, 0.060303, 0.062394, 0.064015, 0.064461, 0.064978, 0.064213, 0.062308, 0.058045, 0.050991], "mix_s_tot": 0.066598}}, "nldas": null}, "pdf": "figures/184.pdf"}