{"id": 187, "name": "Saint Kitts and Nevis", "country": "Saint Kitts and Nevis", "level": "admin0", "continent": "North America", "metrics": {"solar_cf": 0.2582, "wind_cf": 0.526, "solar_f_adj": 1.3501, "wind_f_adj": 2.2323, "mix_alpha": 1.0, "mix_f_adj": 1.3501, "solar_s_tot_pct": 7.1818, "wind_s_tot_pct": 12.7861, "mix_s_tot_pct": 7.1818, "solar_s_seasonal_pct": 6.0484, "solar_s_diurnal_pct": 1.1334, "wind_s_seasonal_pct": 11.9992, "wind_s_diurnal_pct": 0.7869, "solar_flaute_days": 1.625, "wind_flaute_days": 15.5, "solar_gap30d_max": 0.604, "wind_gap30d_max": 0.7782, "solar_trend_pct_decade": -4.054, "wind_trend_pct_decade": -36.3663}, "colocation": {"k": [0, 17, 35, 50], "storage_pct_cons": [7.1818, 1.6921, 0.8261, 0.6803], "pick": ["base", "wind", "wind", "wind"]}, "datasets": {"gldas": {"series_norm": {"months": [1, 2, 3, 4, 5, 6, 7, 8, 9, 10, 11, 12], "demand": [1.0, 1.0, 1.0, 1.0, 1.0, 1.0, 1.0, 1.0, 1.0, 1.0, 1.0, 1.0], "solar_supply": [1.156218, 1.309054, 1.427653, 1.480966, 1.495379, 1.493984, 1.530353, 1.494376, 1.364771, 1.226258, 1.126911, 1.093299], "wind_supply": [2.535153, 2.594883, 2.276052, 2.216613, 2.300919, 2.611408, 2.614284, 2.143045, 1.556992, 1.723044, 1.909273, 2.316942], "mix_supply": [1.156218, 1.309054, 1.427653, 1.480966, 1.495379, 1.493984, 1.530353, 1.494376, 1.364771, 1.226258, 1.126911, 1.093299], "mix_storage": [0.039657, 0.038719, 0.047734, 0.056489, 0.05979, 0.062597, 0.065636, 0.067776, 0.068409, 0.065302, 0.057875, 0.047983], "mix_s_tot": 0.071818}}, "nldas": null}, "pdf": "figures/187.pdf"}