{"id": 188, "name": "United States Virgin Islands", "country": "United States Virgin Islands", "level": "admin0", "continent": "North America", "metrics": {"solar_cf": 0.2398, "wind_cf": 0.2398, "solar_f_adj": 1.2869, "wind_f_adj": 5.512, "mix_alpha": 0.4, "mix_f_adj": 2.1929, "solar_s_tot_pct": 9.4761, "wind_s_tot_pct": 15.6329, "mix_s_tot_pct": 9.2074, "solar_s_seasonal_pct": 8.4246, "solar_s_diurnal_pct": 1.0516, "wind_s_seasonal_pct": 14.563, "wind_s_diurnal_pct": 1.0698, "solar_flaute_days": 1.75, "wind_flaute_days": 15.875, "solar_gap30d_max": 0.6175, "wind_gap30d_max": 0.973, "solar_trend_pct_decade": -1.846, "wind_trend_pct_decade": -45.4759}, "colocation": {"k": [0, 17, 35, 50], "storage_pct_cons": [9.2074, 5.2368, 2.1959, 0.9906], "pick": ["base", "solar", "solar", "solar"]}, "datasets": {"gldas": {"series_norm": {"months": [1, 2, 3, 4, 5, 6, 7, 8, 9, 10, 11, 12], "demand": [1.0, 1.0, 1.0, 1.0, 1.0, 1.0, 1.0, 1.0, 1.0, 1.0, 1.0, 1.0], "solar_supply": [1.062551, 1.215679, 1.35543, 1.431875, 1.445627, 1.482632, 1.496212, 1.444102, 1.310637, 1.169413, 1.028961, 0.996623], "wind_supply": [6.303907, 6.875699, 5.94342, 5.35938, 5.368141, 6.314235, 6.937414, 5.938121, 3.943213, 3.638292, 3.960486, 5.601807], "mix_supply": [2.229033, 2.469897, 2.342612, 2.255303, 2.266768, 2.51783, 2.675844, 2.401787, 1.834618, 1.665571, 1.646747, 2.0165], "mix_storage": [0.080694, 0.08135, 0.083787, 0.084887, 0.084943, 0.086351, 0.09022, 0.091446, 0.090315, 0.087382, 0.08223, 0.078976], "mix_s_tot": 0.092074}}, "nldas": null}, "pdf": "figures/188.pdf"}