{"id": 19, "name": "Guyana", "country": "Guyana", "level": "admin0", "continent": "South America", "metrics": {"solar_cf": 0.2224, "wind_cf": 0.013, "solar_f_adj": 1.3237, "wind_f_adj": 5.1043, "mix_alpha": 0.85, "mix_f_adj": 1.4763, "solar_s_tot_pct": 6.551, "wind_s_tot_pct": 58.421, "mix_s_tot_pct": 4.0052, "solar_s_seasonal_pct": 4.4264, "solar_s_diurnal_pct": 2.1245, "wind_s_seasonal_pct": 57.7435, "wind_s_diurnal_pct": 0.6775, "solar_flaute_days": 0.75, "wind_flaute_days": 48.75, "solar_gap30d_max": 0.5957, "wind_gap30d_max": 1.0, "solar_trend_pct_decade": 3.2501, "wind_trend_pct_decade": -25.4701}, "colocation": {"k": [0, 17, 35, 50], "storage_pct_cons": [4.0052, 1.0062, 0.7315, 0.6516], "pick": ["base", "solar", "wind", "wind"]}, "datasets": {"gldas": {"series_norm": {"months": [1, 2, 3, 4, 5, 6, 7, 8, 9, 10, 11, 12], "demand": [1.0, 1.0, 1.0, 1.0, 1.0, 1.0, 1.0, 1.0, 1.0, 1.0, 1.0, 1.0], "solar_supply": [1.249443, 1.260724, 1.295646, 1.271298, 1.203426, 1.266396, 1.351616, 1.468073, 1.550384, 1.45825, 1.302305, 1.204818], "wind_supply": [9.145642, 13.691633, 13.699739, 7.958089, 3.044181, 0.996869, 0.475573, 0.659315, 1.560561, 2.482087, 2.839284, 5.229799], "mix_supply": [1.581225, 1.789145, 1.822602, 1.550422, 1.272892, 1.243765, 1.301935, 1.420306, 1.537435, 1.490074, 1.357738, 1.369035], "mix_storage": [0.034633, 0.03667, 0.037397, 0.03754, 0.034716, 0.031016, 0.030151, 0.03254, 0.036728, 0.038536, 0.037642, 0.035759], "mix_s_tot": 0.040052}}, "nldas": null}, "pdf": "figures/19.pdf"}