{"id": 190, "name": "Puerto Rico", "country": "Puerto Rico", "level": "admin0", "continent": "North America", "metrics": {"solar_cf": 0.2382, "wind_cf": 0.1977, "solar_f_adj": 1.2762, "wind_f_adj": 6.3208, "mix_alpha": 0.5, "mix_f_adj": 1.9612, "solar_s_tot_pct": 8.5854, "wind_s_tot_pct": 13.4156, "mix_s_tot_pct": 7.5246, "solar_s_seasonal_pct": 7.365, "solar_s_diurnal_pct": 1.2204, "wind_s_seasonal_pct": 13.1185, "wind_s_diurnal_pct": 0.2971, "solar_flaute_days": 2.75, "wind_flaute_days": 18.875, "solar_gap30d_max": 0.6128, "wind_gap30d_max": 0.9638, "solar_trend_pct_decade": -2.293, "wind_trend_pct_decade": -50.042}, "colocation": {"k": [0, 17, 35, 50], "storage_pct_cons": [7.5246, 4.0589, 1.4135, 0.8082], "pick": ["base", "solar", "solar", "solar"]}, "datasets": {"gldas": {"series_norm": {"months": [1, 2, 3, 4, 5, 6, 7, 8, 9, 10, 11, 12], "demand": [1.0, 1.0, 1.0, 1.0, 1.0, 1.0, 1.0, 1.0, 1.0, 1.0, 1.0, 1.0], "solar_supply": [1.06225, 1.214603, 1.350702, 1.415775, 1.419958, 1.455759, 1.475809, 1.414924, 1.298181, 1.169509, 1.031571, 1.002735], "wind_supply": [7.483035, 8.180021, 6.981657, 6.089019, 5.807326, 6.907908, 8.099248, 6.923001, 4.346386, 4.000679, 4.48109, 6.602478], "mix_supply": [1.977076, 2.202266, 2.120931, 2.032451, 1.991965, 2.190212, 2.390436, 2.161177, 1.671752, 1.519255, 1.487796, 1.794742], "mix_storage": [0.061109, 0.061549, 0.064673, 0.067648, 0.069273, 0.070185, 0.073086, 0.074075, 0.073096, 0.06898, 0.062393, 0.058907], "mix_s_tot": 0.075246}}, "nldas": null}, "pdf": "figures/190.pdf"}