{"id": 191, "name": "Anguilla", "country": "Anguilla", "level": "admin0", "continent": "North America", "metrics": {"solar_cf": 0.2564, "wind_cf": 0.6734, "solar_f_adj": 1.3179, "wind_f_adj": 1.3959, "mix_alpha": 0.8, "mix_f_adj": 1.21, "solar_s_tot_pct": 7.7887, "wind_s_tot_pct": 15.3175, "mix_s_tot_pct": 7.3115, "solar_s_seasonal_pct": 6.1317, "solar_s_diurnal_pct": 1.6571, "wind_s_seasonal_pct": 14.9178, "wind_s_diurnal_pct": 0.3997, "solar_flaute_days": 1.875, "wind_flaute_days": 5.875, "solar_gap30d_max": 0.6001, "wind_gap30d_max": 0.5873, "solar_trend_pct_decade": -2.0714, "wind_trend_pct_decade": 1.7966}, "colocation": {"k": [0, 17, 35, 50], "storage_pct_cons": [7.3115, 1.9366, 0.9349, 0.7771], "pick": ["base", "wind", "wind", "wind"]}, "datasets": {"gldas": {"series_norm": {"months": [1, 2, 3, 4, 5, 6, 7, 8, 9, 10, 11, 12], "demand": [1.0, 1.0, 1.0, 1.0, 1.0, 1.0, 1.0, 1.0, 1.0, 1.0, 1.0, 1.0], "solar_supply": [1.192311, 1.32507, 1.399229, 1.43444, 1.448945, 1.425202, 1.455323, 1.423804, 1.322416, 1.196192, 1.091617, 1.101243], "wind_supply": [1.533394, 1.570174, 1.408762, 1.386978, 1.436672, 1.59664, 1.62458, 1.365973, 1.019108, 1.115371, 1.235088, 1.46215], "mix_supply": [1.141617, 1.245507, 1.271993, 1.294079, 1.313349, 1.323643, 1.350611, 1.282625, 1.148017, 1.071993, 1.015938, 1.062374], "mix_storage": [0.029518, 0.03108, 0.037013, 0.044148, 0.05028, 0.055473, 0.061029, 0.065193, 0.064231, 0.05645, 0.044684, 0.033555], "mix_s_tot": 0.073115}}, "nldas": null}, "pdf": "figures/191.pdf"}