{"id": 192, "name": "British Virgin Islands", "country": "British Virgin Islands", "level": "admin0", "continent": "North America", "metrics": {"solar_cf": 0.2398, "wind_cf": 0.2692, "solar_f_adj": 1.287, "wind_f_adj": 4.9292, "mix_alpha": 0.9, "mix_f_adj": 1.2931, "solar_s_tot_pct": 9.4656, "wind_s_tot_pct": 37.55, "mix_s_tot_pct": 9.3902, "solar_s_seasonal_pct": 8.4117, "solar_s_diurnal_pct": 1.0539, "wind_s_seasonal_pct": 33.6301, "wind_s_diurnal_pct": 3.9199, "solar_flaute_days": 1.75, "wind_flaute_days": 14.625, "solar_gap30d_max": 0.6176, "wind_gap30d_max": 0.9439, "solar_trend_pct_decade": -1.4594, "wind_trend_pct_decade": -36.5096}, "colocation": {"k": [0, 17, 35, 50], "storage_pct_cons": [9.3902, 4.4875, 1.8061, 0.8143], "pick": ["base", "wind", "wind", "wind"]}, "datasets": {"gldas": {"series_norm": {"months": [1, 2, 3, 4, 5, 6, 7, 8, 9, 10, 11, 12], "demand": [1.0, 1.0, 1.0, 1.0, 1.0, 1.0, 1.0, 1.0, 1.0, 1.0, 1.0, 1.0], "solar_supply": [1.06205, 1.213792, 1.352874, 1.430737, 1.446011, 1.485543, 1.499024, 1.44541, 1.311147, 1.170039, 1.027953, 0.995778], "wind_supply": [5.659552, 6.285543, 5.500272, 4.904904, 4.813, 5.414981, 6.086953, 5.207265, 3.392184, 3.025335, 3.628375, 5.275213], "mix_supply": [1.108885, 1.262529, 1.367701, 1.422493, 1.433895, 1.485436, 1.515255, 1.443694, 1.274664, 1.137435, 1.024766, 1.038873], "mix_storage": [0.042648, 0.039096, 0.044891, 0.053695, 0.063045, 0.071545, 0.080835, 0.085741, 0.086035, 0.080435, 0.067062, 0.052561], "mix_s_tot": 0.093902}}, "nldas": null}, "pdf": "figures/192.pdf"}