{"id": 193, "name": "Jamaica", "country": "Jamaica", "level": "admin0", "continent": "North America", "metrics": {"solar_cf": 0.2412, "wind_cf": 0.1821, "solar_f_adj": 1.3324, "wind_f_adj": 4.2949, "mix_alpha": 0.95, "mix_f_adj": 1.3474, "solar_s_tot_pct": 8.2644, "wind_s_tot_pct": 22.1706, "mix_s_tot_pct": 8.2328, "solar_s_seasonal_pct": 7.2334, "solar_s_diurnal_pct": 1.031, "wind_s_seasonal_pct": 20.8064, "wind_s_diurnal_pct": 1.3642, "solar_flaute_days": 2.625, "wind_flaute_days": 16.75, "solar_gap30d_max": 0.6304, "wind_gap30d_max": 0.9159, "solar_trend_pct_decade": -2.0344, "wind_trend_pct_decade": -26.9538}, "colocation": {"k": [0, 17, 35, 50], "storage_pct_cons": [8.2328, 3.2245, 0.8433, 0.536], "pick": ["base", "wind", "wind", "wind"]}, "datasets": {"gldas": {"series_norm": {"months": [1, 2, 3, 4, 5, 6, 7, 8, 9, 10, 11, 12], "demand": [1.0, 1.0, 1.0, 1.0, 1.0, 1.0, 1.0, 1.0, 1.0, 1.0, 1.0, 1.0], "solar_supply": [1.107129, 1.256177, 1.416043, 1.51991, 1.498296, 1.498493, 1.567207, 1.475065, 1.353584, 1.183349, 1.078094, 1.032756], "wind_supply": [5.334996, 5.118237, 4.562545, 3.972491, 4.255357, 5.493257, 4.88924, 4.004237, 2.769266, 3.165703, 3.590973, 4.411505], "mix_supply": [1.147313, 1.287104, 1.431972, 1.522502, 1.506175, 1.525782, 1.582321, 1.479917, 1.343838, 1.18651, 1.092062, 1.061377], "mix_storage": [0.042424, 0.039502, 0.046042, 0.057453, 0.067689, 0.071749, 0.07655, 0.079054, 0.078538, 0.074122, 0.06418, 0.051623], "mix_s_tot": 0.082328}}, "nldas": null}, "pdf": "figures/193.pdf"}