{"id": 194, "name": "Cayman Islands", "country": "Cayman Islands", "level": "admin0", "continent": "North America", "metrics": {"solar_cf": 0.2452, "wind_cf": 0.4695, "solar_f_adj": 1.2575, "wind_f_adj": 2.1985, "mix_alpha": 0.4, "mix_f_adj": 1.5379, "solar_s_tot_pct": 12.5826, "wind_s_tot_pct": 19.0822, "mix_s_tot_pct": 10.5705, "solar_s_seasonal_pct": 10.6087, "solar_s_diurnal_pct": 1.9739, "wind_s_seasonal_pct": 17.7323, "wind_s_diurnal_pct": 1.3498, "solar_flaute_days": 1.75, "wind_flaute_days": 6.75, "solar_gap30d_max": 0.6311, "wind_gap30d_max": 0.8117, "solar_trend_pct_decade": -1.654, "wind_trend_pct_decade": -28.6811}, "colocation": {"k": [0, 17, 35, 50], "storage_pct_cons": [10.5705, 3.3603, 1.2266, 0.9347], "pick": ["base", "solar", "solar", "solar"]}, "datasets": {"gldas": {"series_norm": {"months": [1, 2, 3, 4, 5, 6, 7, 8, 9, 10, 11, 12], "demand": [1.0, 1.0, 1.0, 1.0, 1.0, 1.0, 1.0, 1.0, 1.0, 1.0, 1.0, 1.0], "solar_supply": [0.959388, 1.164687, 1.375367, 1.535795, 1.509601, 1.381087, 1.498423, 1.418039, 1.243874, 1.109424, 0.981027, 0.908741], "wind_supply": [2.663102, 2.441491, 2.453056, 2.220173, 1.985321, 2.06848, 1.663127, 1.655427, 1.581135, 2.273588, 2.717483, 2.675295], "mix_supply": [1.587087, 1.594505, 1.702425, 1.683161, 1.571775, 1.543809, 1.431076, 1.38852, 1.272136, 1.496999, 1.620498, 1.567428], "mix_storage": [0.094613, 0.095987, 0.097754, 0.098981, 0.099825, 0.099769, 0.099023, 0.096946, 0.092252, 0.089646, 0.09267, 0.092863], "mix_s_tot": 0.105705}}, "nldas": null}, "pdf": "figures/194.pdf"}