{"id": 195, "name": "Bermuda", "country": "Bermuda", "level": "admin0", "continent": "North America", "metrics": {"solar_cf": 0.1664, "wind_cf": 0.5926, "solar_f_adj": 1.2853, "wind_f_adj": 1.434, "mix_alpha": 0.3, "mix_f_adj": 1.2899, "solar_s_tot_pct": 24.656, "wind_s_tot_pct": 12.8632, "mix_s_tot_pct": 5.8623, "solar_s_seasonal_pct": 23.6708, "solar_s_diurnal_pct": 0.9852, "wind_s_seasonal_pct": 12.6282, "wind_s_diurnal_pct": 0.235, "solar_flaute_days": 3.625, "wind_flaute_days": 5.375, "solar_gap30d_max": 0.7405, "wind_gap30d_max": 0.5845, "solar_trend_pct_decade": -0.5892, "wind_trend_pct_decade": -9.2925}, "colocation": {"k": [0, 17, 35, 50], "storage_pct_cons": [5.8623, 1.8572, 1.54, 1.5145], "pick": ["base", "wind", "wind", "solar"]}, "datasets": {"gldas": {"series_norm": {"months": [1, 2, 3, 4, 5, 6, 7, 8, 9, 10, 11, 12], "demand": [1.0, 1.0, 1.0, 1.0, 1.0, 1.0, 1.0, 1.0, 1.0, 1.0, 1.0, 1.0], "solar_supply": [0.583327, 0.853203, 1.21481, 1.560547, 1.866125, 1.988246, 2.013865, 1.774354, 1.434372, 0.969586, 0.647009, 0.49551], "wind_supply": [1.722459, 1.662668, 1.62739, 1.488328, 1.312269, 1.179262, 1.078034, 1.058726, 1.24525, 1.519815, 1.625601, 1.701645], "mix_supply": [1.260207, 1.303809, 1.390464, 1.406991, 1.388131, 1.341147, 1.285119, 1.200852, 1.215944, 1.248898, 1.218391, 1.220663], "mix_storage": [0.051324, 0.051055, 0.053937, 0.056276, 0.056373, 0.056681, 0.056241, 0.055033, 0.053847, 0.053463, 0.05293, 0.052778], "mix_s_tot": 0.058623}}, "nldas": null}, "pdf": "figures/195.pdf"}