{"id": 196, "name": "Heard Island and McDonald Islands", "country": "Heard Island and McDonald Islands", "level": "admin0", "continent": "Seven seas (open ocean)", "metrics": {"solar_cf": 0.1194, "wind_cf": 0.9036, "solar_f_adj": 1.4388, "wind_f_adj": 1.2131, "mix_alpha": 0.05, "mix_f_adj": 1.2029, "solar_s_tot_pct": 31.8481, "wind_s_tot_pct": 5.3384, "mix_s_tot_pct": 4.6085, "solar_s_seasonal_pct": 30.6877, "solar_s_diurnal_pct": 1.1604, "wind_s_seasonal_pct": 4.4904, "wind_s_diurnal_pct": 0.848, "solar_flaute_days": 3.75, "wind_flaute_days": 2.625, "solar_gap30d_max": 0.8533, "wind_gap30d_max": 0.4228, "solar_trend_pct_decade": -6.3918, "wind_trend_pct_decade": 3.1159}, "colocation": {"k": [0, 17, 35, 50], "storage_pct_cons": [4.6085, 0.9751, 0.5485, 0.5168], "pick": ["base", "solar", "solar", "solar"]}, "datasets": {"gldas": {"series_norm": {"months": [1, 2, 3, 4, 5, 6, 7, 8, 9, 10, 11, 12], "demand": [1.0, 1.0, 1.0, 1.0, 1.0, 1.0, 1.0, 1.0, 1.0, 1.0, 1.0, 1.0], "solar_supply": [2.567998, 2.182372, 1.54042, 0.921909, 0.509704, 0.340143, 0.41679, 0.726718, 1.238459, 1.845097, 2.362755, 2.650313], "wind_supply": [1.196493, 1.166623, 1.192193, 1.205738, 1.235257, 1.21861, 1.242396, 1.242111, 1.241934, 1.231536, 1.202655, 1.177689], "mix_supply": [1.234526, 1.190266, 1.187518, 1.174421, 1.184998, 1.162227, 1.187839, 1.200527, 1.221754, 1.237318, 1.231751, 1.220253], "mix_storage": [0.041973, 0.040852, 0.040596, 0.039733, 0.039192, 0.039381, 0.040119, 0.040922, 0.041261, 0.042308, 0.042777, 0.042512], "mix_s_tot": 0.046085}}, "nldas": null}, "pdf": "figures/196.pdf"}