{"id": 197, "name": "Saint Helena", "country": "Saint Helena", "level": "admin0", "continent": "Seven seas (open ocean)", "metrics": {"solar_cf": 0.24, "wind_cf": 0.664, "solar_f_adj": 1.2803, "wind_f_adj": 1.1742, "mix_alpha": 0.5, "mix_f_adj": 1.1736, "solar_s_tot_pct": 13.9591, "wind_s_tot_pct": 15.4218, "mix_s_tot_pct": 12.4475, "solar_s_seasonal_pct": 12.7413, "solar_s_diurnal_pct": 1.2178, "wind_s_seasonal_pct": 15.3295, "wind_s_diurnal_pct": 0.0924, "solar_flaute_days": 1.625, "wind_flaute_days": 5.125, "solar_gap30d_max": 0.633, "wind_gap30d_max": 0.5738, "solar_trend_pct_decade": 1.1644, "wind_trend_pct_decade": 2.886}, "colocation": {"k": [0, 17, 35, 50], "storage_pct_cons": [12.4475, 6.7684, 3.0257, 1.4315], "pick": ["base", "wind", "solar", "solar"]}, "datasets": {"gldas": {"series_norm": {"months": [1, 2, 3, 4, 5, 6, 7, 8, 9, 10, 11, 12], "demand": [1.0, 1.0, 1.0, 1.0, 1.0, 1.0, 1.0, 1.0, 1.0, 1.0, 1.0, 1.0], "solar_supply": [1.682325, 1.553011, 1.36183, 1.091492, 0.889333, 0.787731, 0.845757, 1.019889, 1.244223, 1.485064, 1.664239, 1.752043], "wind_supply": [1.394925, 1.366776, 1.24915, 1.034938, 0.899821, 0.894996, 0.938407, 1.028006, 1.21975, 1.299605, 1.340534, 1.433494], "mix_supply": [1.468169, 1.394833, 1.248426, 1.01747, 0.85729, 0.808312, 0.856602, 0.981188, 1.179831, 1.330122, 1.432697, 1.519397], "mix_storage": [0.109826, 0.118918, 0.120575, 0.114711, 0.096328, 0.069392, 0.043472, 0.025926, 0.023037, 0.035535, 0.056318, 0.085553], "mix_s_tot": 0.124475}}, "nldas": null}, "pdf": "figures/197.pdf"}