{"id": 198, "name": "Mauritius", "country": "Mauritius", "level": "admin0", "continent": "Seven seas (open ocean)", "metrics": {"solar_cf": 0.2621, "wind_cf": 0.4917, "solar_f_adj": 1.2683, "wind_f_adj": 1.9453, "mix_alpha": 0.55, "mix_f_adj": 1.3871, "solar_s_tot_pct": 11.6802, "wind_s_tot_pct": 10.4527, "mix_s_tot_pct": 6.8912, "solar_s_seasonal_pct": 10.4979, "solar_s_diurnal_pct": 1.1822, "wind_s_seasonal_pct": 9.941, "wind_s_diurnal_pct": 0.5117, "solar_flaute_days": 2.75, "wind_flaute_days": 10.25, "solar_gap30d_max": 0.6623, "wind_gap30d_max": 0.8018, "solar_trend_pct_decade": 2.4504, "wind_trend_pct_decade": -25.2668}, "colocation": {"k": [0, 17, 35, 50], "storage_pct_cons": [6.8912, 2.4732, 0.7266, 0.5532], "pick": ["base", "solar", "solar", "solar"]}, "datasets": {"gldas": {"series_norm": {"months": [1, 2, 3, 4, 5, 6, 7, 8, 9, 10, 11, 12], "demand": [1.0, 1.0, 1.0, 1.0, 1.0, 1.0, 1.0, 1.0, 1.0, 1.0, 1.0, 1.0], "solar_supply": [1.459095, 1.411864, 1.315339, 1.164675, 1.001929, 0.896713, 0.933164, 1.098209, 1.330788, 1.487659, 1.56949, 1.560205], "wind_supply": [1.61036, 1.705557, 1.777697, 1.843659, 1.948295, 2.421122, 2.472935, 2.39446, 2.183903, 1.902221, 1.52481, 1.542882], "mix_supply": [1.394418, 1.396555, 1.361642, 1.292181, 1.227862, 1.316297, 1.354849, 1.428946, 1.501281, 1.505254, 1.433371, 1.433585], "mix_storage": [0.064899, 0.065101, 0.064684, 0.06324, 0.059085, 0.059248, 0.06146, 0.064139, 0.066014, 0.066637, 0.066054, 0.065881], "mix_s_tot": 0.068912}}, "nldas": null}, "pdf": "figures/198.pdf"}