{"id": 199, "name": "Comoros", "country": "Comoros", "level": "admin0", "continent": "Africa", "metrics": {"solar_cf": 0.2506, "wind_cf": 0.374, "solar_f_adj": 1.2413, "wind_f_adj": 2.6357, "mix_alpha": 0.9, "mix_f_adj": 1.2578, "solar_s_tot_pct": 8.9471, "wind_s_tot_pct": 31.9364, "mix_s_tot_pct": 7.4968, "solar_s_seasonal_pct": 7.0344, "solar_s_diurnal_pct": 1.9127, "wind_s_seasonal_pct": 30.8532, "wind_s_diurnal_pct": 1.0832, "solar_flaute_days": 1.5, "wind_flaute_days": 20.875, "solar_gap30d_max": 0.5929, "wind_gap30d_max": 0.9204, "solar_trend_pct_decade": 0.4203, "wind_trend_pct_decade": -44.4801}, "colocation": {"k": [0, 17, 35, 50], "storage_pct_cons": [7.4968, 1.3737, 0.654, 0.5357], "pick": ["base", "wind", "wind", "wind"]}, "datasets": {"gldas": {"series_norm": {"months": [1, 2, 3, 4, 5, 6, 7, 8, 9, 10, 11, 12], "demand": [1.0, 1.0, 1.0, 1.0, 1.0, 1.0, 1.0, 1.0, 1.0, 1.0, 1.0, 1.0], "solar_supply": [1.180762, 1.180758, 1.209652, 1.178028, 1.127567, 1.068646, 1.09635, 1.229435, 1.358515, 1.458469, 1.466706, 1.339157], "wind_supply": [3.015662, 2.411736, 1.675595, 2.427763, 3.824501, 4.191476, 4.154066, 2.837707, 1.922235, 1.824318, 1.769367, 1.546446], "mix_supply": [1.220655, 1.191832, 1.183053, 1.190107, 1.210743, 1.174525, 1.198003, 1.256548, 1.330571, 1.417048, 1.421938, 1.294987], "mix_storage": [0.0626, 0.058586, 0.05455, 0.050653, 0.048193, 0.046607, 0.04508, 0.04556, 0.048629, 0.054838, 0.062155, 0.065066], "mix_s_tot": 0.074968}}, "nldas": null}, "pdf": "figures/199.pdf"}