{"id": 2, "name": "Bolivia", "country": "Bolivia", "level": "admin0", "continent": "South America", "metrics": {"solar_cf": 0.2212, "wind_cf": 0.0668, "solar_f_adj": 1.2375, "wind_f_adj": 2.0994, "mix_alpha": 0.95, "mix_f_adj": 1.2409, "solar_s_tot_pct": 9.1431, "wind_s_tot_pct": 37.8068, "mix_s_tot_pct": 7.5809, "solar_s_seasonal_pct": 5.3078, "solar_s_diurnal_pct": 3.8353, "wind_s_seasonal_pct": 37.2722, "wind_s_diurnal_pct": 0.5346, "solar_flaute_days": 0.625, "wind_flaute_days": 13.25, "solar_gap30d_max": 0.6083, "wind_gap30d_max": 0.9359, "solar_trend_pct_decade": 1.4164, "wind_trend_pct_decade": -0.0883}, "colocation": {"k": [0, 17, 35, 50], "storage_pct_cons": [7.5809, 2.5862, 0.7628, 0.4932], "pick": ["base", "wind", "wind", "wind"]}, "datasets": {"gldas": {"series_norm": {"months": [1, 2, 3, 4, 5, 6, 7, 8, 9, 10, 11, 12], "demand": [1.0, 1.0, 1.0, 1.0, 1.0, 1.0, 1.0, 1.0, 1.0, 1.0, 1.0, 1.0], "solar_supply": [1.318193, 1.256312, 1.238656, 1.176489, 1.040009, 1.005485, 1.07942, 1.242784, 1.365431, 1.387076, 1.40674, 1.335525], "wind_supply": [1.584659, 1.305153, 0.99882, 1.177366, 1.59972, 1.952396, 2.425889, 3.090512, 3.305883, 3.03132, 2.597222, 2.073702], "mix_supply": [1.302558, 1.235348, 1.209476, 1.155532, 1.038002, 1.015537, 1.099963, 1.275227, 1.398427, 1.410932, 1.416835, 1.333521], "mix_storage": [0.0626, 0.063037, 0.061361, 0.056255, 0.045942, 0.029029, 0.015201, 0.012188, 0.022227, 0.036691, 0.050488, 0.058804], "mix_s_tot": 0.075809}}, "nldas": null}, "pdf": "figures/2.pdf"}