{"id": 20, "name": "South Korea", "country": "South Korea", "level": "admin0", "continent": "Asia", "metrics": {"solar_cf": 0.1655, "wind_cf": 0.1742, "solar_f_adj": 1.3134, "wind_f_adj": 2.4544, "mix_alpha": 0.3, "mix_f_adj": 1.7799, "solar_s_tot_pct": 16.1971, "wind_s_tot_pct": 21.1063, "mix_s_tot_pct": 10.0632, "solar_s_seasonal_pct": 15.1847, "solar_s_diurnal_pct": 1.0123, "wind_s_seasonal_pct": 19.2883, "wind_s_diurnal_pct": 1.818, "solar_flaute_days": 2.5, "wind_flaute_days": 13.875, "solar_gap30d_max": 0.6869, "wind_gap30d_max": 0.8835, "solar_trend_pct_decade": 0.2053, "wind_trend_pct_decade": -43.5741}, "colocation": {"k": [0, 17, 35, 50], "storage_pct_cons": [10.0632, 5.0603, 3.1721, 2.2881], "pick": ["base", "solar", "solar", "solar"]}, "datasets": {"gldas": {"series_norm": {"months": [1, 2, 3, 4, 5, 6, 7, 8, 9, 10, 11, 12], "demand": [1.0, 1.0, 1.0, 1.0, 1.0, 1.0, 1.0, 1.0, 1.0, 1.0, 1.0, 1.0], "solar_supply": [0.832328, 1.089399, 1.417101, 1.673891, 1.830911, 1.753058, 1.550087, 1.542031, 1.32126, 1.137997, 0.859069, 0.74491], "wind_supply": [3.534452, 3.436113, 3.314772, 3.04938, 2.163607, 1.312013, 1.569289, 1.510575, 1.648621, 1.845461, 2.648807, 3.469612], "mix_supply": [2.132576, 2.18717, 2.258804, 2.228482, 1.842677, 1.378732, 1.426813, 1.393733, 1.374053, 1.399468, 1.693869, 2.064121], "mix_storage": [0.086494, 0.088634, 0.09125, 0.095886, 0.097551, 0.095045, 0.092886, 0.090036, 0.084984, 0.078628, 0.076471, 0.081013], "mix_s_tot": 0.100632}}, "nldas": null}, "pdf": "figures/20.pdf"}