{"id": 200, "name": "S\u00e3o Tom\u00e9 and Principe", "country": "S\u00e3o Tom\u00e9 and Principe", "level": "admin0", "continent": "Africa", "metrics": {"solar_cf": 0.2047, "wind_cf": 0.3131, "solar_f_adj": 1.4963, "wind_f_adj": 2.8417, "mix_alpha": 1.0, "mix_f_adj": 1.4963, "solar_s_tot_pct": 3.2157, "wind_s_tot_pct": 31.4016, "mix_s_tot_pct": 3.2157, "solar_s_seasonal_pct": 2.6978, "solar_s_diurnal_pct": 0.5179, "wind_s_seasonal_pct": 30.3679, "wind_s_diurnal_pct": 1.0337, "solar_flaute_days": 1.625, "wind_flaute_days": 13.25, "solar_gap30d_max": 0.6072, "wind_gap30d_max": 0.9106, "solar_trend_pct_decade": -8.5809, "wind_trend_pct_decade": -50.9768}, "colocation": {"k": [0, 17, 35, 50], "storage_pct_cons": [3.2157, 0.5926, 0.372, 0.33], "pick": ["base", "wind", "wind", "wind"]}, "datasets": {"gldas": {"series_norm": {"months": [1, 2, 3, 4, 5, 6, 7, 8, 9, 10, 11, 12], "demand": [1.0, 1.0, 1.0, 1.0, 1.0, 1.0, 1.0, 1.0, 1.0, 1.0, 1.0, 1.0], "solar_supply": [1.531998, 1.585532, 1.570457, 1.486787, 1.446081, 1.407415, 1.445919, 1.516775, 1.557406, 1.486429, 1.463897, 1.462912], "wind_supply": [1.86605, 2.01433, 2.073707, 2.031317, 2.601804, 3.858321, 4.042027, 4.038974, 3.915213, 3.171005, 2.472364, 1.971372], "mix_supply": [1.531998, 1.585532, 1.570457, 1.486787, 1.446081, 1.407415, 1.445919, 1.516775, 1.557406, 1.486429, 1.463897, 1.462912], "mix_storage": [0.029255, 0.029855, 0.030031, 0.029733, 0.029346, 0.028598, 0.028412, 0.028794, 0.029687, 0.028989, 0.028805, 0.028745], "mix_s_tot": 0.032157}}, "nldas": null}, "pdf": "figures/200.pdf"}