{"id": 201, "name": "Cabo Verde", "country": "Cabo Verde", "level": "admin0", "continent": "Africa", "metrics": {"solar_cf": 0.2514, "wind_cf": 0.6268, "solar_f_adj": 1.2439, "wind_f_adj": 1.9038, "mix_alpha": 0.95, "mix_f_adj": 1.2317, "solar_s_tot_pct": 8.602, "wind_s_tot_pct": 13.265, "mix_s_tot_pct": 8.418, "solar_s_seasonal_pct": 6.7482, "solar_s_diurnal_pct": 1.8537, "wind_s_seasonal_pct": 12.9822, "wind_s_diurnal_pct": 0.2828, "solar_flaute_days": 0.75, "wind_flaute_days": 13.5, "solar_gap30d_max": 0.6125, "wind_gap30d_max": 0.7667, "solar_trend_pct_decade": 0.1922, "wind_trend_pct_decade": -27.6588}, "colocation": {"k": [0, 17, 35, 50], "storage_pct_cons": [8.418, 2.1163, 0.6144, 0.5232], "pick": ["base", "wind", "wind", "wind"]}, "datasets": {"gldas": {"series_norm": {"months": [1, 2, 3, 4, 5, 6, 7, 8, 9, 10, 11, 12], "demand": [1.0, 1.0, 1.0, 1.0, 1.0, 1.0, 1.0, 1.0, 1.0, 1.0, 1.0, 1.0], "solar_supply": [1.070896, 1.207536, 1.411729, 1.475986, 1.461268, 1.373, 1.264492, 1.195177, 1.202281, 1.195917, 1.066774, 1.003419], "wind_supply": [2.29063, 2.378134, 2.257975, 2.226322, 2.168759, 1.848677, 1.300834, 1.22033, 1.489912, 1.715503, 1.893837, 2.091389], "mix_supply": [1.081452, 1.212815, 1.401004, 1.460425, 1.444718, 1.351334, 1.231542, 1.163735, 1.179139, 1.18045, 1.064739, 1.011534], "mix_storage": [0.031094, 0.025472, 0.03364, 0.050618, 0.066839, 0.075798, 0.077181, 0.073228, 0.068311, 0.065198, 0.057331, 0.041754], "mix_s_tot": 0.08418}}, "nldas": null}, "pdf": "figures/201.pdf"}