{"id": 202, "name": "Malta", "country": "Malta", "level": "admin0", "continent": "Europe", "metrics": {"solar_cf": 0.2185, "wind_cf": 0.3093, "solar_f_adj": 1.2667, "wind_f_adj": 1.4967, "mix_alpha": 0.35, "mix_f_adj": 1.3148, "solar_s_tot_pct": 22.7, "wind_s_tot_pct": 22.0053, "mix_s_tot_pct": 12.7901, "solar_s_seasonal_pct": 21.3791, "solar_s_diurnal_pct": 1.321, "wind_s_seasonal_pct": 21.8913, "wind_s_diurnal_pct": 0.114, "solar_flaute_days": 1.875, "wind_flaute_days": 7.875, "solar_gap30d_max": 0.7213, "wind_gap30d_max": 0.8231, "solar_trend_pct_decade": -0.0192, "wind_trend_pct_decade": -14.3742}, "colocation": {"k": [0, 17, 35, 50], "storage_pct_cons": [12.7901, 6.8143, 4.5147, 3.6545], "pick": ["base", "wind", "solar", "solar"]}, "datasets": {"gldas": {"series_norm": {"months": [1, 2, 3, 4, 5, 6, 7, 8, 9, 10, 11, 12], "demand": [1.0, 1.0, 1.0, 1.0, 1.0, 1.0, 1.0, 1.0, 1.0, 1.0, 1.0, 1.0], "solar_supply": [0.615038, 0.857439, 1.163069, 1.499705, 1.781866, 1.949219, 1.9925, 1.757259, 1.350396, 0.982195, 0.672997, 0.55547], "wind_supply": [1.985097, 2.027614, 1.936067, 1.787201, 1.423935, 1.009759, 0.909442, 0.869975, 1.118381, 1.220242, 1.763418, 1.946597], "mix_supply": [1.3569, 1.469236, 1.527993, 1.565284, 1.460367, 1.284672, 1.243116, 1.135122, 1.129155, 1.053557, 1.251379, 1.313277], "mix_storage": [0.08969, 0.093643, 0.100253, 0.105829, 0.110765, 0.112093, 0.11022, 0.106529, 0.098646, 0.089714, 0.083173, 0.08718], "mix_s_tot": 0.127901}}, "nldas": null}, "pdf": "figures/202.pdf"}