{"id": 203, "name": "Jersey", "country": "Jersey", "level": "admin0", "continent": "Europe", "metrics": {"solar_cf": 0.1341, "wind_cf": 0.5915, "solar_f_adj": 1.3992, "wind_f_adj": 1.3903, "mix_alpha": 0.15, "mix_f_adj": 1.3204, "solar_s_tot_pct": 32.1485, "wind_s_tot_pct": 18.7209, "mix_s_tot_pct": 11.0964, "solar_s_seasonal_pct": 31.25, "solar_s_diurnal_pct": 0.8985, "wind_s_seasonal_pct": 17.509, "wind_s_diurnal_pct": 1.2119, "solar_flaute_days": 2.875, "wind_flaute_days": 5.5, "solar_gap30d_max": 0.8363, "wind_gap30d_max": 0.6642, "solar_trend_pct_decade": -0.5563, "wind_trend_pct_decade": -16.409}, "colocation": {"k": [0, 17, 35, 50], "storage_pct_cons": [11.0964, 4.41, 3.891, 3.3175], "pick": ["base", "wind", "solar", "solar"]}, "datasets": {"gldas": {"series_norm": {"months": [1, 2, 3, 4, 5, 6, 7, 8, 9, 10, 11, 12], "demand": [1.0, 1.0, 1.0, 1.0, 1.0, 1.0, 1.0, 1.0, 1.0, 1.0, 1.0, 1.0], "solar_supply": [0.389012, 0.687419, 1.189983, 1.910029, 2.361609, 2.569141, 2.498544, 2.080712, 1.467946, 0.8294, 0.453858, 0.314725], "wind_supply": [1.649681, 1.652537, 1.508205, 1.288257, 1.24836, 1.096387, 1.121514, 1.123047, 1.227284, 1.465845, 1.619508, 1.695906], "mix_supply": [1.386784, 1.431331, 1.38596, 1.310333, 1.34205, 1.248747, 1.259037, 1.201128, 1.198532, 1.300721, 1.371606, 1.413583], "mix_storage": [0.092566, 0.092205, 0.094424, 0.094128, 0.094353, 0.09525, 0.094334, 0.09325, 0.090198, 0.088307, 0.090787, 0.091798], "mix_s_tot": 0.110964}}, "nldas": null}, "pdf": "figures/203.pdf"}