{"id": 204, "name": "Guernsey", "country": "Guernsey", "level": "admin0", "continent": "Europe", "metrics": {"solar_cf": 0.1259, "wind_cf": 0.5536, "solar_f_adj": 1.3833, "wind_f_adj": 1.286, "mix_alpha": 0.3, "mix_f_adj": 1.1849, "solar_s_tot_pct": 33.1306, "wind_s_tot_pct": 18.841, "mix_s_tot_pct": 9.9135, "solar_s_seasonal_pct": 32.043, "solar_s_diurnal_pct": 1.0876, "wind_s_seasonal_pct": 18.4588, "wind_s_diurnal_pct": 0.3822, "solar_flaute_days": 4.875, "wind_flaute_days": 5.625, "solar_gap30d_max": 0.827, "wind_gap30d_max": 0.6492, "solar_trend_pct_decade": 0.6182, "wind_trend_pct_decade": 3.3836}, "colocation": {"k": [0, 17, 35, 50], "storage_pct_cons": [9.9135, 2.8721, 2.2993, 2.2993], "pick": ["base", "wind", "wind", "wind"]}, "datasets": {"gldas": {"series_norm": {"months": [1, 2, 3, 4, 5, 6, 7, 8, 9, 10, 11, 12], "demand": [1.0, 1.0, 1.0, 1.0, 1.0, 1.0, 1.0, 1.0, 1.0, 1.0, 1.0, 1.0], "solar_supply": [0.399232, 0.706708, 1.198421, 1.876523, 2.300317, 2.477769, 2.427808, 2.03236, 1.487261, 0.841803, 0.47855, 0.338062], "wind_supply": [1.585382, 1.566384, 1.426854, 1.213814, 1.127754, 0.927601, 0.981076, 0.988458, 1.096766, 1.343689, 1.56149, 1.626737], "mix_supply": [1.125113, 1.191873, 1.228237, 1.265086, 1.318484, 1.234992, 1.256643, 1.159784, 1.089564, 1.082957, 1.130086, 1.136066], "mix_storage": [0.066053, 0.067046, 0.070661, 0.074769, 0.078783, 0.083155, 0.085768, 0.08423, 0.07882, 0.071987, 0.06934, 0.067703], "mix_s_tot": 0.099135}}, "nldas": null}, "pdf": "figures/204.pdf"}