{"id": 205, "name": "Isle of Man", "country": "Isle of Man", "level": "admin0", "continent": "Europe", "metrics": {"solar_cf": 0.1091, "wind_cf": 0.6881, "solar_f_adj": 1.4344, "wind_f_adj": 1.5658, "mix_alpha": 0.3, "mix_f_adj": 1.3827, "solar_s_tot_pct": 36.774, "wind_s_tot_pct": 22.0003, "mix_s_tot_pct": 6.5718, "solar_s_seasonal_pct": 36.1903, "solar_s_diurnal_pct": 0.5836, "wind_s_seasonal_pct": 21.443, "wind_s_diurnal_pct": 0.5573, "solar_flaute_days": 6.0, "wind_flaute_days": 13.625, "solar_gap30d_max": 0.8811, "wind_gap30d_max": 0.8384, "solar_trend_pct_decade": -3.8949, "wind_trend_pct_decade": -12.0497}, "colocation": {"k": [0, 17, 35, 50], "storage_pct_cons": [6.5718, 2.8767, 2.3275, 2.1345], "pick": ["base", "solar", "solar", "solar"]}, "datasets": {"gldas": {"series_norm": {"months": [1, 2, 3, 4, 5, 6, 7, 8, 9, 10, 11, 12], "demand": [1.0, 1.0, 1.0, 1.0, 1.0, 1.0, 1.0, 1.0, 1.0, 1.0, 1.0, 1.0], "solar_supply": [0.311069, 0.653999, 1.240441, 2.012026, 2.641616, 2.751181, 2.587555, 2.154694, 1.441489, 0.76259, 0.380016, 0.233759], "wind_supply": [1.842683, 1.80091, 1.597045, 1.410333, 1.344645, 1.269461, 1.244642, 1.369953, 1.527287, 1.748836, 1.807662, 1.839194], "mix_supply": [1.228989, 1.302339, 1.345915, 1.453635, 1.595101, 1.580313, 1.517652, 1.469933, 1.360936, 1.301553, 1.22728, 1.204475], "mix_storage": [0.058204, 0.059135, 0.060331, 0.061915, 0.062536, 0.064416, 0.064606, 0.06405, 0.062043, 0.061783, 0.060556, 0.058659], "mix_s_tot": 0.065718}}, "nldas": null}, "pdf": "figures/205.pdf"}