{"id": 206, "name": "Aland", "country": "Aland", "level": "admin0", "continent": "Europe", "metrics": {"solar_cf": 0.1215, "wind_cf": 0.6737, "solar_f_adj": 1.3806, "wind_f_adj": 1.3281, "mix_alpha": 0.15, "mix_f_adj": 1.2511, "solar_s_tot_pct": 44.8377, "wind_s_tot_pct": 12.3362, "mix_s_tot_pct": 4.3634, "solar_s_seasonal_pct": 44.1495, "solar_s_diurnal_pct": 0.6883, "wind_s_seasonal_pct": 12.0924, "wind_s_diurnal_pct": 0.2438, "solar_flaute_days": 42.875, "wind_flaute_days": 6.5, "solar_gap30d_max": 0.9601, "wind_gap30d_max": 0.608, "solar_trend_pct_decade": -1.555, "wind_trend_pct_decade": -4.4339}, "colocation": {"k": [0, 17, 35, 50], "storage_pct_cons": [4.3634, 1.9098, 1.9098, 1.9098], "pick": ["base", "wind", "wind", "wind"]}, "datasets": {"gldas": {"series_norm": {"months": [1, 2, 3, 4, 5, 6, 7, 8, 9, 10, 11, 12], "demand": [1.0, 1.0, 1.0, 1.0, 1.0, 1.0, 1.0, 1.0, 1.0, 1.0, 1.0, 1.0], "solar_supply": [0.142676, 0.422163, 1.065504, 1.947785, 2.708339, 3.07279, 2.864041, 2.172189, 1.287579, 0.559238, 0.189457, 0.081599], "wind_supply": [1.569147, 1.438598, 1.345528, 1.201157, 1.102782, 1.07476, 1.041739, 1.197839, 1.335743, 1.495889, 1.538554, 1.599577], "mix_supply": [1.275923, 1.209375, 1.222299, 1.226622, 1.251231, 1.278333, 1.223515, 1.254469, 1.24465, 1.273885, 1.257784, 1.291988], "mix_storage": [0.041173, 0.040327, 0.039503, 0.038271, 0.039292, 0.040362, 0.03992, 0.039718, 0.039287, 0.039933, 0.040566, 0.040957], "mix_s_tot": 0.043634}}, "nldas": null}, "pdf": "figures/206.pdf"}