{"id": 207, "name": "Faroe Islands", "country": "Faroe Islands", "level": "admin0", "continent": "Europe", "metrics": {"solar_cf": 0.093, "wind_cf": 0.6853, "solar_f_adj": 1.4966, "wind_f_adj": 1.4402, "mix_alpha": 0.3, "mix_f_adj": 1.3295, "solar_s_tot_pct": 40.6565, "wind_s_tot_pct": 19.3993, "mix_s_tot_pct": 8.686, "solar_s_seasonal_pct": 39.9685, "solar_s_diurnal_pct": 0.688, "wind_s_seasonal_pct": 19.2624, "wind_s_diurnal_pct": 0.1369, "solar_flaute_days": 67.75, "wind_flaute_days": 12.25, "solar_gap30d_max": 0.9725, "wind_gap30d_max": 0.7629, "solar_trend_pct_decade": -1.959, "wind_trend_pct_decade": -16.1428}, "colocation": {"k": [0, 17, 35, 50], "storage_pct_cons": [8.686, 3.8986, 2.9104, 2.9104], "pick": ["base", "wind", "wind", "wind"]}, "datasets": {"gldas": {"series_norm": {"months": [1, 2, 3, 4, 5, 6, 7, 8, 9, 10, 11, 12], "demand": [1.0, 1.0, 1.0, 1.0, 1.0, 1.0, 1.0, 1.0, 1.0, 1.0, 1.0, 1.0], "solar_supply": [0.191112, 0.542624, 1.234935, 2.168874, 2.979188, 3.072343, 2.890826, 2.31116, 1.445798, 0.69929, 0.254709, 0.113843], "wind_supply": [1.720257, 1.712639, 1.631876, 1.49511, 1.275114, 1.085668, 1.028856, 1.089063, 1.393898, 1.572981, 1.631986, 1.663944], "mix_supply": [1.162581, 1.251341, 1.383659, 1.544185, 1.61798, 1.520385, 1.435296, 1.319715, 1.286073, 1.202846, 1.122489, 1.105598], "mix_storage": [0.072433, 0.072624, 0.074633, 0.078719, 0.081588, 0.084451, 0.084748, 0.082815, 0.080231, 0.079226, 0.076039, 0.072118], "mix_s_tot": 0.08686}}, "nldas": null}, "pdf": "figures/207.pdf"}