{"id": 208, "name": "Indian Ocean Territories", "country": "Indian Ocean Territories", "level": "admin0", "continent": "Asia", "metrics": {"solar_cf": 0.2302, "wind_cf": 0.3759, "solar_f_adj": 1.4721, "wind_f_adj": 2.6823, "mix_alpha": 0.8, "mix_f_adj": 1.4836, "solar_s_tot_pct": 7.6887, "wind_s_tot_pct": 33.1344, "mix_s_tot_pct": 4.3729, "solar_s_seasonal_pct": 7.1741, "solar_s_diurnal_pct": 0.5146, "wind_s_seasonal_pct": 32.5242, "wind_s_diurnal_pct": 0.6102, "solar_flaute_days": 1.75, "wind_flaute_days": 26.625, "solar_gap30d_max": 0.6411, "wind_gap30d_max": 0.9577, "solar_trend_pct_decade": -1.942, "wind_trend_pct_decade": 28.8592}, "colocation": {"k": [0, 17, 35, 50], "storage_pct_cons": [4.3729, 1.4271, 1.3361, 1.1942], "pick": ["base", "solar", "solar", "wind"]}, "datasets": {"gldas": {"series_norm": {"months": [1, 2, 3, 4, 5, 6, 7, 8, 9, 10, 11, 12], "demand": [1.0, 1.0, 1.0, 1.0, 1.0, 1.0, 1.0, 1.0, 1.0, 1.0, 1.0, 1.0], "solar_supply": [1.393706, 1.355723, 1.407998, 1.447954, 1.448945, 1.378537, 1.467687, 1.66893, 1.71918, 1.59747, 1.425106, 1.34589], "wind_supply": [2.173657, 2.040888, 1.602745, 1.422854, 2.271213, 2.701455, 3.781228, 4.415238, 4.373378, 3.444712, 2.132558, 1.766827], "mix_supply": [1.36413, 1.318819, 1.312498, 1.324813, 1.419458, 1.410285, 1.601608, 1.833995, 1.869879, 1.66902, 1.3849, 1.280574], "mix_storage": [0.038821, 0.039001, 0.038055, 0.03723, 0.038536, 0.038479, 0.039366, 0.042153, 0.04317, 0.04237, 0.040289, 0.038641], "mix_s_tot": 0.043729}}, "nldas": null}, "pdf": "figures/208.pdf"}