{"id": 209, "name": "British Indian Ocean Territory", "country": "British Indian Ocean Territory", "level": "admin0", "continent": "Seven seas (open ocean)", "metrics": {"solar_cf": 0.2317, "wind_cf": 0.3175, "solar_f_adj": 1.4127, "wind_f_adj": 2.2903, "mix_alpha": 0.95, "mix_f_adj": 1.3579, "solar_s_tot_pct": 5.5297, "wind_s_tot_pct": 44.8024, "mix_s_tot_pct": 4.5736, "solar_s_seasonal_pct": 4.8244, "solar_s_diurnal_pct": 0.7052, "wind_s_seasonal_pct": 43.7788, "wind_s_diurnal_pct": 1.0236, "solar_flaute_days": 1.625, "wind_flaute_days": 10.5, "solar_gap30d_max": 0.6055, "wind_gap30d_max": 0.9265, "solar_trend_pct_decade": -0.776, "wind_trend_pct_decade": 29.5737}, "colocation": {"k": [0, 17, 35, 50], "storage_pct_cons": [4.5736, 2.6306, 1.9921, 1.2883], "pick": ["base", "solar", "wind", "wind"]}, "datasets": {"gldas": {"series_norm": {"months": [1, 2, 3, 4, 5, 6, 7, 8, 9, 10, 11, 12], "demand": [1.0, 1.0, 1.0, 1.0, 1.0, 1.0, 1.0, 1.0, 1.0, 1.0, 1.0, 1.0], "solar_supply": [1.396019, 1.553579, 1.614014, 1.536894, 1.349972, 1.37344, 1.420193, 1.436172, 1.419796, 1.341704, 1.257482, 1.263955], "wind_supply": [0.948987, 0.891477, 0.991158, 1.17031, 3.121474, 4.036867, 4.000021, 3.708036, 3.278457, 2.479144, 1.515324, 1.245263], "mix_supply": [1.302915, 1.445087, 1.503229, 1.438117, 1.325272, 1.373839, 1.41544, 1.421375, 1.393686, 1.29868, 1.193199, 1.191103], "mix_storage": [0.033189, 0.037794, 0.043006, 0.044288, 0.043054, 0.043644, 0.044063, 0.044004, 0.043498, 0.041242, 0.037299, 0.032693], "mix_s_tot": 0.045736}}, "nldas": null}, "pdf": "figures/209.pdf"}