{"id": 21, "name": "North Korea", "country": "North Korea", "level": "admin0", "continent": "Asia", "metrics": {"solar_cf": 0.1641, "wind_cf": 0.1518, "solar_f_adj": 1.3015, "wind_f_adj": 2.3921, "mix_alpha": 0.55, "mix_f_adj": 1.4332, "solar_s_tot_pct": 17.3955, "wind_s_tot_pct": 28.7673, "mix_s_tot_pct": 16.7223, "solar_s_seasonal_pct": 16.3638, "solar_s_diurnal_pct": 1.0317, "wind_s_seasonal_pct": 27.0585, "wind_s_diurnal_pct": 1.7088, "solar_flaute_days": 2.625, "wind_flaute_days": 15.875, "solar_gap30d_max": 0.7119, "wind_gap30d_max": 0.9226, "solar_trend_pct_decade": 0.727, "wind_trend_pct_decade": -44.7274}, "colocation": {"k": [0, 17, 35, 50], "storage_pct_cons": [16.7223, 9.3125, 5.2401, 3.8444], "pick": ["base", "wind", "wind", "wind"]}, "datasets": {"gldas": {"series_norm": {"months": [1, 2, 3, 4, 5, 6, 7, 8, 9, 10, 11, 12], "demand": [1.0, 1.0, 1.0, 1.0, 1.0, 1.0, 1.0, 1.0, 1.0, 1.0, 1.0, 1.0], "solar_supply": [0.790518, 1.077131, 1.410897, 1.668551, 1.831937, 1.802386, 1.59047, 1.520407, 1.39489, 1.078613, 0.76971, 0.676226], "wind_supply": [3.160298, 3.185117, 3.402924, 3.308856, 2.569357, 1.348028, 1.256835, 1.097422, 1.148526, 2.050498, 2.846376, 3.371668], "mix_supply": [1.330865, 1.511147, 1.772021, 1.902709, 1.802283, 1.45509, 1.302153, 1.216738, 1.154496, 1.206129, 1.233623, 1.318632], "mix_storage": [0.099823, 0.095787, 0.102938, 0.118557, 0.135031, 0.143129, 0.144039, 0.140509, 0.132806, 0.121999, 0.11177, 0.103132], "mix_s_tot": 0.167223}}, "nldas": null}, "pdf": "figures/21.pdf"}