{"id": 210, "name": "Singapore", "country": "Singapore", "level": "admin0", "continent": "Asia", "metrics": {"solar_cf": 0.1775, "wind_cf": 0.1108, "solar_f_adj": 1.47, "wind_f_adj": 10.4606, "mix_alpha": 0.5, "mix_f_adj": 1.9752, "solar_s_tot_pct": 7.7797, "wind_s_tot_pct": 27.3127, "mix_s_tot_pct": 6.2244, "solar_s_seasonal_pct": 7.0062, "solar_s_diurnal_pct": 0.7734, "wind_s_seasonal_pct": 25.7207, "wind_s_diurnal_pct": 1.5919, "solar_flaute_days": 1.75, "wind_flaute_days": 40.875, "solar_gap30d_max": 0.6077, "wind_gap30d_max": 0.9974, "solar_trend_pct_decade": -7.4011, "wind_trend_pct_decade": 46.4119}, "colocation": {"k": [0, 17, 35, 50], "storage_pct_cons": [6.2244, 1.3404, 0.8807, 0.7482], "pick": ["base", "wind", "solar", "solar"]}, "datasets": {"gldas": {"series_norm": {"months": [1, 2, 3, 4, 5, 6, 7, 8, 9, 10, 11, 12], "demand": [1.0, 1.0, 1.0, 1.0, 1.0, 1.0, 1.0, 1.0, 1.0, 1.0, 1.0, 1.0], "solar_supply": [1.360544, 1.580484, 1.617759, 1.55108, 1.509221, 1.45561, 1.482748, 1.520849, 1.471709, 1.46922, 1.352988, 1.275376], "wind_supply": [19.622089, 19.682225, 10.895944, 4.273453, 5.172045, 7.821493, 11.599295, 12.026575, 9.791774, 6.30964, 5.604074, 13.079477], "mix_supply": [2.766692, 2.92014, 2.115642, 1.445592, 1.502308, 1.716431, 2.091339, 2.157279, 1.913268, 1.582836, 1.438128, 2.091761], "mix_storage": [0.054606, 0.059321, 0.060274, 0.058345, 0.056231, 0.055929, 0.055637, 0.056561, 0.056693, 0.056222, 0.052638, 0.051141], "mix_s_tot": 0.062244}}, "nldas": null}, "pdf": "figures/210.pdf"}