{"id": 211, "name": "Norfolk Island", "country": "Norfolk Island", "level": "admin0", "continent": "Oceania", "metrics": {"solar_cf": 0.2429, "wind_cf": 0.5789, "solar_f_adj": 1.3386, "wind_f_adj": 1.3907, "mix_alpha": 0.65, "mix_f_adj": 1.3067, "solar_s_tot_pct": 15.3821, "wind_s_tot_pct": 9.8977, "mix_s_tot_pct": 7.006, "solar_s_seasonal_pct": 14.1419, "solar_s_diurnal_pct": 1.2402, "wind_s_seasonal_pct": 9.3314, "wind_s_diurnal_pct": 0.5662, "solar_flaute_days": 2.75, "wind_flaute_days": 5.625, "solar_gap30d_max": 0.6968, "wind_gap30d_max": 0.6146, "solar_trend_pct_decade": 2.555, "wind_trend_pct_decade": -14.2349}, "colocation": {"k": [0, 17, 35, 50], "storage_pct_cons": [7.006, 3.378, 1.2866, 1.1031], "pick": ["base", "solar", "solar", "wind"]}, "datasets": {"gldas": {"series_norm": {"months": [1, 2, 3, 4, 5, 6, 7, 8, 9, 10, 11, 12], "demand": [1.0, 1.0, 1.0, 1.0, 1.0, 1.0, 1.0, 1.0, 1.0, 1.0, 1.0, 1.0], "solar_supply": [1.640895, 1.545727, 1.367426, 1.158217, 0.97892, 0.865261, 0.945407, 1.13141, 1.422257, 1.579309, 1.715474, 1.725152], "wind_supply": [1.367587, 1.473973, 1.442413, 1.485039, 1.386744, 1.411854, 1.374531, 1.32141, 1.3463, 1.390471, 1.385004, 1.312378], "mix_supply": [1.490858, 1.46546, 1.341952, 1.223229, 1.077143, 1.013285, 1.051864, 1.152411, 1.345135, 1.459308, 1.543905, 1.526162], "mix_storage": [0.067925, 0.068273, 0.068117, 0.066928, 0.062522, 0.05154, 0.042506, 0.038826, 0.044809, 0.055506, 0.062435, 0.066611], "mix_s_tot": 0.07006}}, "nldas": null}, "pdf": "figures/211.pdf"}