{"id": 213, "name": "Tonga", "country": "Tonga", "level": "admin0", "continent": "Oceania", "metrics": {"solar_cf": 0.2456, "wind_cf": 0.6006, "solar_f_adj": 1.2917, "wind_f_adj": 1.2891, "mix_alpha": 0.75, "mix_f_adj": 1.2267, "solar_s_tot_pct": 9.391, "wind_s_tot_pct": 18.043, "mix_s_tot_pct": 7.375, "solar_s_seasonal_pct": 5.6194, "solar_s_diurnal_pct": 3.7715, "wind_s_seasonal_pct": 17.3813, "wind_s_diurnal_pct": 0.6617, "solar_flaute_days": 3.75, "wind_flaute_days": 9.0, "solar_gap30d_max": 0.6825, "wind_gap30d_max": 0.6933, "solar_trend_pct_decade": -1.7371, "wind_trend_pct_decade": -5.928}, "colocation": {"k": [0, 17, 35, 50], "storage_pct_cons": [7.375, 1.9436, 1.2132, 1.0475], "pick": ["base", "solar", "wind", "wind"]}, "datasets": {"gldas": {"series_norm": {"months": [1, 2, 3, 4, 5, 6, 7, 8, 9, 10, 11, 12], "demand": [1.0, 1.0, 1.0, 1.0, 1.0, 1.0, 1.0, 1.0, 1.0, 1.0, 1.0, 1.0], "solar_supply": [1.342314, 1.324533, 1.370411, 1.248494, 1.121677, 1.066309, 1.094014, 1.258053, 1.381236, 1.46413, 1.430727, 1.400049], "wind_supply": [1.124372, 1.185391, 0.942468, 0.990345, 1.217411, 1.562787, 1.612829, 1.591154, 1.60443, 1.41844, 1.135654, 1.078985], "mix_supply": [1.223588, 1.22544, 1.200326, 1.124877, 1.088568, 1.131296, 1.162935, 1.274619, 1.365518, 1.380314, 1.289246, 1.253914], "mix_storage": [0.066976, 0.065952, 0.064463, 0.059421, 0.051634, 0.047127, 0.04572, 0.048478, 0.057584, 0.063941, 0.066371, 0.066106], "mix_s_tot": 0.07375}}, "nldas": null}, "pdf": "figures/213.pdf"}