{"id": 215, "name": "Samoa", "country": "Samoa", "level": "admin0", "continent": "Oceania", "metrics": {"solar_cf": 0.2399, "wind_cf": 0.6114, "solar_f_adj": 1.2954, "wind_f_adj": 1.234, "mix_alpha": 0.65, "mix_f_adj": 1.1943, "solar_s_tot_pct": 8.8747, "wind_s_tot_pct": 16.7485, "mix_s_tot_pct": 5.8101, "solar_s_seasonal_pct": 5.9494, "solar_s_diurnal_pct": 2.9253, "wind_s_seasonal_pct": 16.5195, "wind_s_diurnal_pct": 0.229, "solar_flaute_days": 5.75, "wind_flaute_days": 9.25, "solar_gap30d_max": 0.6718, "wind_gap30d_max": 0.6441, "solar_trend_pct_decade": -2.7958, "wind_trend_pct_decade": -0.9178}, "colocation": {"k": [0, 17, 35, 50], "storage_pct_cons": [5.8101, 1.7466, 0.9229, 0.9229], "pick": ["base", "solar", "solar", "solar"]}, "datasets": {"gldas": {"series_norm": {"months": [1, 2, 3, 4, 5, 6, 7, 8, 9, 10, 11, 12], "demand": [1.0, 1.0, 1.0, 1.0, 1.0, 1.0, 1.0, 1.0, 1.0, 1.0, 1.0, 1.0], "solar_supply": [1.356408, 1.340421, 1.383613, 1.260062, 1.116875, 1.064717, 1.081918, 1.253161, 1.377415, 1.465636, 1.437766, 1.409783], "wind_supply": [1.062077, 1.117065, 0.904497, 0.96991, 1.167663, 1.491827, 1.538987, 1.51706, 1.530249, 1.368952, 1.100792, 1.032899], "mix_supply": [1.172645, 1.181692, 1.135566, 1.083685, 1.064867, 1.143424, 1.169709, 1.264901, 1.343832, 1.342059, 1.234516, 1.194747], "mix_storage": [0.050821, 0.050163, 0.048052, 0.041213, 0.032877, 0.03036, 0.031897, 0.036241, 0.045643, 0.051418, 0.053217, 0.052278], "mix_s_tot": 0.058101}}, "nldas": null}, "pdf": "figures/215.pdf"}