{"id": 216, "name": "Solomon Islands", "country": "Solomon Islands", "level": "admin0", "continent": "Oceania", "metrics": {"solar_cf": 0.2138, "wind_cf": 0.2133, "solar_f_adj": 1.364, "wind_f_adj": 7.8914, "mix_alpha": 0.9, "mix_f_adj": 1.4305, "solar_s_tot_pct": 6.8444, "wind_s_tot_pct": 17.952, "mix_s_tot_pct": 6.2538, "solar_s_seasonal_pct": 5.9706, "solar_s_diurnal_pct": 0.8737, "wind_s_seasonal_pct": 17.2829, "wind_s_diurnal_pct": 0.6691, "solar_flaute_days": 1.625, "wind_flaute_days": 39.75, "solar_gap30d_max": 0.6164, "wind_gap30d_max": 0.9908, "solar_trend_pct_decade": -2.2059, "wind_trend_pct_decade": -86.1459}, "colocation": {"k": [0, 17, 35, 50], "storage_pct_cons": [6.2538, 1.3405, 0.4827, 0.4146], "pick": ["base", "wind", "wind", "wind"]}, "datasets": {"gldas": {"series_norm": {"months": [1, 2, 3, 4, 5, 6, 7, 8, 9, 10, 11, 12], "demand": [1.0, 1.0, 1.0, 1.0, 1.0, 1.0, 1.0, 1.0, 1.0, 1.0, 1.0, 1.0], "solar_supply": [1.435366, 1.384188, 1.422846, 1.366166, 1.264784, 1.147644, 1.15982, 1.278949, 1.425642, 1.498211, 1.509068, 1.477275], "wind_supply": [6.91683, 8.187397, 6.595955, 5.578883, 6.499948, 9.652245, 12.359523, 11.776395, 10.285478, 7.424966, 5.242892, 4.173942], "mix_supply": [1.480213, 1.454939, 1.462578, 1.390642, 1.311645, 1.258223, 1.318793, 1.420666, 1.532101, 1.548743, 1.519434, 1.470047], "mix_storage": [0.057423, 0.05776, 0.058507, 0.057434, 0.056303, 0.052874, 0.049754, 0.050401, 0.053457, 0.055631, 0.055965, 0.056367], "mix_s_tot": 0.062538}}, "nldas": null}, "pdf": "figures/216.pdf"}