{"id": 217, "name": "Tuvalu", "country": "Tuvalu", "level": "admin0", "continent": "Oceania", "metrics": {"solar_cf": 0.2109, "wind_cf": 0.3646, "solar_f_adj": 1.4523, "wind_f_adj": 1.9347, "mix_alpha": 0.8, "mix_f_adj": 1.4308, "solar_s_tot_pct": 6.1241, "wind_s_tot_pct": 19.0922, "mix_s_tot_pct": 4.9624, "solar_s_seasonal_pct": 5.0981, "solar_s_diurnal_pct": 1.026, "wind_s_seasonal_pct": 18.6378, "wind_s_diurnal_pct": 0.4544, "solar_flaute_days": 2.75, "wind_flaute_days": 13.0, "solar_gap30d_max": 0.6544, "wind_gap30d_max": 0.8646, "solar_trend_pct_decade": 2.143, "wind_trend_pct_decade": -36.7481}, "colocation": {"k": [0, 17, 35, 50], "storage_pct_cons": [4.9624, 1.0667, 1.0038, 0.8157], "pick": ["base", "solar", "wind", "wind"]}, "datasets": {"gldas": {"series_norm": {"months": [1, 2, 3, 4, 5, 6, 7, 8, 9, 10, 11, 12], "demand": [1.0, 1.0, 1.0, 1.0, 1.0, 1.0, 1.0, 1.0, 1.0, 1.0, 1.0, 1.0], "solar_supply": [1.612912, 1.53608, 1.480503, 1.401332, 1.267236, 1.166511, 1.230792, 1.374111, 1.515353, 1.617305, 1.596702, 1.632682], "wind_supply": [1.528065, 1.563445, 1.332124, 1.658685, 1.917517, 2.32629, 2.477231, 2.374892, 2.319346, 2.170195, 1.777971, 1.748412], "mix_supply": [1.497179, 1.441859, 1.363843, 1.349749, 1.282349, 1.263426, 1.336413, 1.434228, 1.537328, 1.595617, 1.521366, 1.54535], "mix_storage": [0.047182, 0.047579, 0.047192, 0.04586, 0.044225, 0.041542, 0.041927, 0.043982, 0.046582, 0.047204, 0.046832, 0.046837], "mix_s_tot": 0.049624}}, "nldas": null}, "pdf": "figures/217.pdf"}