{"id": 218, "name": "Maldives", "country": "Maldives", "level": "admin0", "continent": "Seven seas (open ocean)", "metrics": {"solar_cf": 0.2249, "wind_cf": 0.5768, "solar_f_adj": 1.2883, "wind_f_adj": 1.4327, "mix_alpha": 0.9, "mix_f_adj": 1.2409, "solar_s_tot_pct": 8.2073, "wind_s_tot_pct": 24.4796, "mix_s_tot_pct": 6.6047, "solar_s_seasonal_pct": 6.7428, "solar_s_diurnal_pct": 1.4645, "wind_s_seasonal_pct": 24.0867, "wind_s_diurnal_pct": 0.3929, "solar_flaute_days": 1.875, "wind_flaute_days": 17.625, "solar_gap30d_max": 0.6193, "wind_gap30d_max": 0.8624, "solar_trend_pct_decade": 0.1183, "wind_trend_pct_decade": 13.5309}, "colocation": {"k": [0, 17, 35, 50], "storage_pct_cons": [6.6047, 4.2226, 3.5249, 2.6598], "pick": ["base", "solar", "wind", "wind"]}, "datasets": {"gldas": {"series_norm": {"months": [1, 2, 3, 4, 5, 6, 7, 8, 9, 10, 11, 12], "demand": [1.0, 1.0, 1.0, 1.0, 1.0, 1.0, 1.0, 1.0, 1.0, 1.0, 1.0, 1.0], "solar_supply": [1.326094, 1.47451, 1.540644, 1.439076, 1.28622, 1.191887, 1.225651, 1.28038, 1.2971, 1.183916, 1.056182, 1.168477], "wind_supply": [1.300672, 1.041169, 0.777347, 0.886975, 1.722431, 2.143686, 2.181699, 2.080579, 1.862038, 1.190069, 0.754886, 1.212826], "mix_supply": [1.262247, 1.368433, 1.402913, 1.324359, 1.26421, 1.21892, 1.251482, 1.290168, 1.285735, 1.129414, 0.980988, 1.118], "mix_storage": [0.023777, 0.031605, 0.042802, 0.050534, 0.05133, 0.050839, 0.050419, 0.05236, 0.05418, 0.050623, 0.036141, 0.023168], "mix_s_tot": 0.066047}}, "nldas": null}, "pdf": "figures/218.pdf"}