{"id": 219, "name": "Nauru", "country": "Nauru", "level": "admin0", "continent": "Oceania", "metrics": {"solar_cf": 0.2215, "wind_cf": 0.2346, "solar_f_adj": 1.3322, "wind_f_adj": 244.7685, "mix_alpha": 0.05, "mix_f_adj": 22.276, "solar_s_tot_pct": 6.5064, "wind_s_tot_pct": 10.0075, "mix_s_tot_pct": 1.7239, "solar_s_seasonal_pct": 5.9051, "solar_s_diurnal_pct": 0.6013, "wind_s_seasonal_pct": 9.4911, "wind_s_diurnal_pct": 0.5164, "solar_flaute_days": 1.75, "wind_flaute_days": 59.75, "solar_gap30d_max": 0.6383, "wind_gap30d_max": 0.9989, "solar_trend_pct_decade": -2.4198, "wind_trend_pct_decade": -98.5446}, "colocation": {"k": [0, 17, 35, 50], "storage_pct_cons": [1.7239, 0.6977, 0.3916, 0.3339], "pick": ["base", "wind", "solar", "solar"]}, "datasets": {"gldas": {"series_norm": {"months": [1, 2, 3, 4, 5, 6, 7, 8, 9, 10, 11, 12], "demand": [1.0, 1.0, 1.0, 1.0, 1.0, 1.0, 1.0, 1.0, 1.0, 1.0, 1.0, 1.0], "solar_supply": [1.379041, 1.316654, 1.371294, 1.329076, 1.252059, 1.14633, 1.176668, 1.278935, 1.41135, 1.454812, 1.450042, 1.418927], "wind_supply": [206.291088, 236.501918, 203.244363, 180.996959, 214.253055, 297.410455, 368.000813, 357.129421, 322.235666, 239.806668, 179.337174, 131.250389], "mix_supply": [18.988503, 21.548312, 18.718612, 16.759847, 19.570713, 26.671944, 32.800414, 31.945997, 29.039859, 21.949545, 16.717481, 12.533977], "mix_storage": [0.016589, 0.016802, 0.01644, 0.01598, 0.016511, 0.016825, 0.016988, 0.016987, 0.017002, 0.016822, 0.016576, 0.016295], "mix_s_tot": 0.017239}}, "nldas": null}, "pdf": "figures/219.pdf"}