{"id": 22, "name": "Morocco", "country": "Morocco", "level": "admin0", "continent": "Africa", "metrics": {"solar_cf": 0.2315, "wind_cf": 0.3039, "solar_f_adj": 1.2447, "wind_f_adj": 1.6638, "mix_alpha": 0.9, "mix_f_adj": 1.2595, "solar_s_tot_pct": 15.4587, "wind_s_tot_pct": 27.8076, "mix_s_tot_pct": 15.4153, "solar_s_seasonal_pct": 14.4888, "solar_s_diurnal_pct": 0.97, "wind_s_seasonal_pct": 27.0994, "wind_s_diurnal_pct": 0.7082, "solar_flaute_days": 0.75, "wind_flaute_days": 10.0, "solar_gap30d_max": 0.6558, "wind_gap30d_max": 0.7814, "solar_trend_pct_decade": 2.1165, "wind_trend_pct_decade": 15.9419}, "colocation": {"k": [0, 17, 35, 50], "storage_pct_cons": [15.4153, 9.6482, 5.412, 2.9392], "pick": ["base", "wind", "wind", "wind"]}, "datasets": {"gldas": {"series_norm": {"months": [1, 2, 3, 4, 5, 6, 7, 8, 9, 10, 11, 12], "demand": [1.0, 1.0, 1.0, 1.0, 1.0, 1.0, 1.0, 1.0, 1.0, 1.0, 1.0, 1.0], "solar_supply": [0.819765, 1.01455, 1.266067, 1.482728, 1.610895, 1.669737, 1.633841, 1.504877, 1.298286, 1.04656, 0.839601, 0.738437], "wind_supply": [1.297629, 1.568679, 1.804017, 2.025208, 2.104956, 2.11704, 2.095324, 1.807104, 1.559383, 1.201277, 1.173266, 1.209998], "mix_supply": [0.844818, 1.042734, 1.289614, 1.503679, 1.626441, 1.680945, 1.64661, 1.507339, 1.300438, 1.044074, 0.85347, 0.764117], "mix_storage": [0.047832, 0.027161, 0.025153, 0.041498, 0.070395, 0.103932, 0.131079, 0.142107, 0.144797, 0.137701, 0.114266, 0.079597], "mix_s_tot": 0.154153}}, "nldas": null}, "pdf": "figures/22.pdf"}