{"id": 220, "name": "Federated States of Micronesia", "country": "Federated States of Micronesia", "level": "admin0", "continent": "Oceania", "metrics": {"solar_cf": 0.2198, "wind_cf": 0.3154, "solar_f_adj": 1.4677, "wind_f_adj": 2.4496, "mix_alpha": 1.0, "mix_f_adj": 1.4677, "solar_s_tot_pct": 3.8832, "wind_s_tot_pct": 27.4872, "mix_s_tot_pct": 3.8832, "solar_s_seasonal_pct": 3.4819, "solar_s_diurnal_pct": 0.4013, "wind_s_seasonal_pct": 25.879, "wind_s_diurnal_pct": 1.6081, "solar_flaute_days": 1.875, "wind_flaute_days": 10.375, "solar_gap30d_max": 0.6332, "wind_gap30d_max": 0.8272, "solar_trend_pct_decade": -3.9292, "wind_trend_pct_decade": -37.7151}, "colocation": {"k": [0, 17, 35, 50], "storage_pct_cons": [3.8832, 0.8006, 0.6044, 0.5091], "pick": ["base", "wind", "wind", "wind"]}, "datasets": {"gldas": {"series_norm": {"months": [1, 2, 3, 4, 5, 6, 7, 8, 9, 10, 11, 12], "demand": [1.0, 1.0, 1.0, 1.0, 1.0, 1.0, 1.0, 1.0, 1.0, 1.0, 1.0, 1.0], "solar_supply": [1.43053, 1.437654, 1.493035, 1.471192, 1.447342, 1.382339, 1.341043, 1.481461, 1.551017, 1.591082, 1.54872, 1.437358], "wind_supply": [2.350082, 2.447408, 2.406077, 1.846662, 1.938168, 2.561956, 3.258834, 3.52743, 2.909439, 2.265427, 1.89822, 1.966267], "mix_supply": [1.43053, 1.437654, 1.493035, 1.471192, 1.447342, 1.382339, 1.341043, 1.481461, 1.551017, 1.591082, 1.54872, 1.437358], "mix_storage": [0.035062, 0.034503, 0.035435, 0.035679, 0.036437, 0.035998, 0.034211, 0.034066, 0.035057, 0.03579, 0.036376, 0.035601], "mix_s_tot": 0.038832}}, "nldas": null}, "pdf": "figures/220.pdf"}