{"id": 221, "name": "South Georgia and the Islands", "country": "South Georgia and the Islands", "level": "admin0", "continent": "Seven seas (open ocean)", "metrics": {"solar_cf": 0.0942, "wind_cf": 0.6891, "solar_f_adj": 1.4477, "wind_f_adj": 1.798, "mix_alpha": 0.05, "mix_f_adj": 1.6864, "solar_s_tot_pct": 38.1402, "wind_s_tot_pct": 8.0305, "mix_s_tot_pct": 6.9487, "solar_s_seasonal_pct": 36.9895, "solar_s_diurnal_pct": 1.1507, "wind_s_seasonal_pct": 7.766, "wind_s_diurnal_pct": 0.2645, "solar_flaute_days": 7.875, "wind_flaute_days": 8.625, "solar_gap30d_max": 0.9186, "wind_gap30d_max": 0.6761, "solar_trend_pct_decade": 6.3233, "wind_trend_pct_decade": -27.5714}, "colocation": {"k": [0, 17, 35, 50], "storage_pct_cons": [6.9487, 6.1565, 6.1565, 6.0027], "pick": ["base", "wind", "wind", "solar"]}, "datasets": {"gldas": {"series_norm": {"months": [1, 2, 3, 4, 5, 6, 7, 8, 9, 10, 11, 12], "demand": [1.0, 1.0, 1.0, 1.0, 1.0, 1.0, 1.0, 1.0, 1.0, 1.0, 1.0, 1.0], "solar_supply": [2.623834, 2.167184, 1.499275, 0.80289, 0.376982, 0.223431, 0.304481, 0.654093, 1.30712, 1.996893, 2.58789, 2.864413], "wind_supply": [1.749876, 1.809443, 1.808732, 1.83961, 1.825798, 1.755853, 1.827392, 1.881679, 1.82182, 1.809229, 1.7433, 1.703281], "mix_supply": [1.712064, 1.738544, 1.699007, 1.685959, 1.648844, 1.577576, 1.646042, 1.714778, 1.699477, 1.728434, 1.704111, 1.684558], "mix_storage": [0.066766, 0.067486, 0.066762, 0.066912, 0.064905, 0.060519, 0.058701, 0.060713, 0.062175, 0.063214, 0.064215, 0.064128], "mix_s_tot": 0.069487}}, "nldas": null}, "pdf": "figures/221.pdf"}