{"id": 222, "name": "Falkland Islands", "country": "Falkland Islands", "level": "admin0", "continent": "South America", "metrics": {"solar_cf": 0.1363, "wind_cf": 0.7459, "solar_f_adj": 1.3662, "wind_f_adj": 1.2661, "mix_alpha": 0.0, "mix_f_adj": 1.2661, "solar_s_tot_pct": 31.9637, "wind_s_tot_pct": 7.1343, "mix_s_tot_pct": 7.1343, "solar_s_seasonal_pct": 31.0752, "solar_s_diurnal_pct": 0.8885, "wind_s_seasonal_pct": 6.3817, "wind_s_diurnal_pct": 0.7525, "solar_flaute_days": 3.875, "wind_flaute_days": 6.5, "solar_gap30d_max": 0.8487, "wind_gap30d_max": 0.4928, "solar_trend_pct_decade": -2.0812, "wind_trend_pct_decade": -11.3026}, "colocation": {"k": [0, 17, 35, 50], "storage_pct_cons": [7.1343, 3.5506, 2.6818, 2.1372], "pick": ["base", "solar", "solar", "solar"]}, "datasets": {"gldas": {"series_norm": {"months": [1, 2, 3, 4, 5, 6, 7, 8, 9, 10, 11, 12], "demand": [1.0, 1.0, 1.0, 1.0, 1.0, 1.0, 1.0, 1.0, 1.0, 1.0, 1.0, 1.0], "solar_supply": [2.456209, 2.005743, 1.39769, 0.800031, 0.428796, 0.284465, 0.353393, 0.661409, 1.203987, 1.861141, 2.377658, 2.595414], "wind_supply": [1.290288, 1.266059, 1.280997, 1.296633, 1.265367, 1.243578, 1.232876, 1.230676, 1.253668, 1.280151, 1.290791, 1.263241], "mix_supply": [1.290288, 1.266059, 1.280997, 1.296633, 1.265367, 1.243578, 1.232876, 1.230676, 1.253668, 1.280151, 1.290791, 1.263241], "mix_storage": [0.063283, 0.064015, 0.064719, 0.066566, 0.065655, 0.063435, 0.059929, 0.058789, 0.05763, 0.059924, 0.060367, 0.061679], "mix_s_tot": 0.071343}}, "nldas": null}, "pdf": "figures/222.pdf"}