{"id": 223, "name": "Vanuatu", "country": "Vanuatu", "level": "admin0", "continent": "Oceania", "metrics": {"solar_cf": 0.2328, "wind_cf": 0.4345, "solar_f_adj": 1.3097, "wind_f_adj": 3.6238, "mix_alpha": 0.45, "mix_f_adj": 1.7429, "solar_s_tot_pct": 10.8791, "wind_s_tot_pct": 17.7043, "mix_s_tot_pct": 7.1633, "solar_s_seasonal_pct": 9.7557, "solar_s_diurnal_pct": 1.1233, "wind_s_seasonal_pct": 17.0522, "wind_s_diurnal_pct": 0.6521, "solar_flaute_days": 2.75, "wind_flaute_days": 24.625, "solar_gap30d_max": 0.641, "wind_gap30d_max": 0.9385, "solar_trend_pct_decade": 3.0519, "wind_trend_pct_decade": -56.4177}, "colocation": {"k": [0, 17, 35, 50], "storage_pct_cons": [7.1633, 1.667, 0.7294, 0.4871], "pick": ["base", "solar", "solar", "solar"]}, "datasets": {"gldas": {"series_norm": {"months": [1, 2, 3, 4, 5, 6, 7, 8, 9, 10, 11, 12], "demand": [1.0, 1.0, 1.0, 1.0, 1.0, 1.0, 1.0, 1.0, 1.0, 1.0, 1.0, 1.0], "solar_supply": [1.494786, 1.444762, 1.366949, 1.223755, 1.081992, 0.962011, 1.004961, 1.165218, 1.377526, 1.465706, 1.524077, 1.611779], "wind_supply": [2.704468, 2.991295, 2.691694, 3.162334, 3.850536, 4.366529, 4.445735, 4.372244, 4.278053, 4.00554, 3.580923, 3.009232], "mix_supply": [1.610575, 1.656492, 1.53064, 1.569385, 1.666539, 1.731182, 1.777856, 1.854386, 1.956612, 1.937332, 1.859964, 1.761256], "mix_storage": [0.066524, 0.065662, 0.064532, 0.061215, 0.061007, 0.060239, 0.061676, 0.062874, 0.066058, 0.068524, 0.068375, 0.068066], "mix_s_tot": 0.071633}}, "nldas": null}, "pdf": "figures/223.pdf"}