{"id": 225, "name": "American Samoa", "country": "American Samoa", "level": "admin0", "continent": "Oceania", "metrics": {"solar_cf": 0.2419, "wind_cf": 0.6045, "solar_f_adj": 1.3297, "wind_f_adj": 1.3533, "mix_alpha": 0.9, "mix_f_adj": 1.284, "solar_s_tot_pct": 5.5924, "wind_s_tot_pct": 19.3887, "mix_s_tot_pct": 5.5018, "solar_s_seasonal_pct": 5.0905, "solar_s_diurnal_pct": 0.5019, "wind_s_seasonal_pct": 19.0185, "wind_s_diurnal_pct": 0.3702, "solar_flaute_days": 2.875, "wind_flaute_days": 9.0, "solar_gap30d_max": 0.6652, "wind_gap30d_max": 0.7197, "solar_trend_pct_decade": -0.0608, "wind_trend_pct_decade": 3.2388}, "colocation": {"k": [0, 17, 35, 50], "storage_pct_cons": [5.5018, 1.8514, 1.1042, 0.8806], "pick": ["base", "wind", "wind", "wind"]}, "datasets": {"gldas": {"series_norm": {"months": [1, 2, 3, 4, 5, 6, 7, 8, 9, 10, 11, 12], "demand": [1.0, 1.0, 1.0, 1.0, 1.0, 1.0, 1.0, 1.0, 1.0, 1.0, 1.0, 1.0], "solar_supply": [1.393928, 1.382717, 1.413541, 1.288659, 1.1399, 1.096439, 1.105749, 1.288088, 1.422392, 1.509608, 1.476382, 1.442386], "wind_supply": [1.157147, 1.20092, 0.989133, 1.073499, 1.286621, 1.6355, 1.689544, 1.669244, 1.668526, 1.509202, 1.210765, 1.14171], "mix_supply": [1.321217, 1.315626, 1.322321, 1.221793, 1.112731, 1.108061, 1.121279, 1.27782, 1.394472, 1.455154, 1.397963, 1.361866], "mix_storage": [0.051316, 0.050549, 0.050596, 0.049473, 0.043735, 0.035829, 0.028513, 0.027603, 0.037897, 0.049559, 0.053332, 0.05239], "mix_s_tot": 0.055018}}, "nldas": null}, "pdf": "figures/225.pdf"}