{"id": 226, "name": "Palau", "country": "Palau", "level": "admin0", "continent": "Oceania", "metrics": {"solar_cf": 0.2285, "wind_cf": 0.1942, "solar_f_adj": 1.3816, "wind_f_adj": 453.716, "mix_alpha": 0.05, "mix_f_adj": 27.1799, "solar_s_tot_pct": 4.874, "wind_s_tot_pct": 4.3236, "mix_s_tot_pct": 0.8602, "solar_s_seasonal_pct": 4.6944, "solar_s_diurnal_pct": 0.1797, "wind_s_seasonal_pct": 3.7671, "wind_s_diurnal_pct": 0.5565, "solar_flaute_days": 2.625, "wind_flaute_days": 27.0, "solar_gap30d_max": 0.6034, "wind_gap30d_max": 0.9847, "solar_trend_pct_decade": -1.6802, "wind_trend_pct_decade": -86.7929}, "colocation": {"k": [0, 17, 35, 50], "storage_pct_cons": [0.8602, 0.5992, 0.5992, 0.5945], "pick": ["base", "wind", "wind", "solar"]}, "datasets": {"gldas": {"series_norm": {"months": [1, 2, 3, 4, 5, 6, 7, 8, 9, 10, 11, 12], "demand": [1.0, 1.0, 1.0, 1.0, 1.0, 1.0, 1.0, 1.0, 1.0, 1.0, 1.0, 1.0], "solar_supply": [1.26743, 1.342657, 1.425548, 1.487619, 1.405255, 1.317255, 1.330112, 1.424974, 1.480606, 1.45564, 1.353154, 1.288807], "wind_supply": [608.93965, 637.790803, 511.324404, 338.716865, 320.509807, 385.584604, 533.167968, 611.047213, 396.176014, 338.474017, 358.465885, 409.801482], "mix_supply": [35.901398, 37.617311, 30.50166, 20.739642, 19.622463, 23.2393, 31.650898, 36.176309, 24.002738, 20.694366, 21.73129, 24.589497], "mix_storage": [0.008365, 0.008404, 0.008386, 0.0083, 0.008186, 0.008196, 0.008283, 0.008314, 0.008291, 0.008219, 0.008158, 0.008241], "mix_s_tot": 0.008602}}, "nldas": null}, "pdf": "figures/226.pdf"}