{"id": 228, "name": "Northern Mariana Islands", "country": "Northern Mariana Islands", "level": "admin0", "continent": "Oceania", "metrics": {"solar_cf": 0.2036, "wind_cf": 0.2242, "solar_f_adj": 1.5145, "wind_f_adj": 45.999, "mix_alpha": 0.5, "mix_f_adj": 2.6365, "solar_s_tot_pct": 3.6495, "wind_s_tot_pct": 10.0551, "mix_s_tot_pct": 2.0089, "solar_s_seasonal_pct": 3.3694, "solar_s_diurnal_pct": 0.2801, "wind_s_seasonal_pct": 9.6062, "wind_s_diurnal_pct": 0.4489, "solar_flaute_days": 1.75, "wind_flaute_days": 37.0, "solar_gap30d_max": 0.6078, "wind_gap30d_max": 0.9959, "solar_trend_pct_decade": -3.9639, "wind_trend_pct_decade": -71.4622}, "colocation": {"k": [0, 17, 35, 50], "storage_pct_cons": [2.0089, 0.9164, 0.6859, 0.4869], "pick": ["base", "solar", "solar", "wind"]}, "datasets": {"gldas": {"series_norm": {"months": [1, 2, 3, 4, 5, 6, 7, 8, 9, 10, 11, 12], "demand": [1.0, 1.0, 1.0, 1.0, 1.0, 1.0, 1.0, 1.0, 1.0, 1.0, 1.0, 1.0], "solar_supply": [1.492801, 1.517204, 1.546178, 1.539706, 1.536735, 1.427516, 1.368642, 1.547345, 1.576235, 1.637639, 1.513657, 1.470043], "wind_supply": [58.473712, 57.047487, 51.634468, 33.763427, 32.580862, 39.324166, 57.953624, 62.968397, 48.533623, 33.477175, 32.837341, 43.414814], "mix_supply": [2.975101, 2.955469, 2.825564, 2.307787, 2.271311, 2.369491, 2.852124, 3.151384, 2.762863, 2.384827, 2.258573, 2.523737], "mix_storage": [0.01943, 0.019667, 0.019403, 0.019184, 0.019208, 0.019209, 0.018937, 0.019109, 0.01923, 0.019166, 0.018504, 0.019052], "mix_s_tot": 0.020089}}, "nldas": null}, "pdf": "figures/228.pdf"}