{"id": 229, "name": "Bahrain", "country": "Bahrain", "level": "admin0", "continent": "Asia", "metrics": {"solar_cf": 0.2502, "wind_cf": 0.482, "solar_f_adj": 1.2514, "wind_f_adj": 1.3608, "mix_alpha": 0.5, "mix_f_adj": 1.2082, "solar_s_tot_pct": 15.1672, "wind_s_tot_pct": 20.1448, "mix_s_tot_pct": 8.2194, "solar_s_seasonal_pct": 14.3477, "solar_s_diurnal_pct": 0.8195, "wind_s_seasonal_pct": 19.7942, "wind_s_diurnal_pct": 0.3506, "solar_flaute_days": 1.75, "wind_flaute_days": 5.375, "solar_gap30d_max": 0.6751, "wind_gap30d_max": 0.6776, "solar_trend_pct_decade": -0.0198, "wind_trend_pct_decade": 3.6682}, "colocation": {"k": [0, 17, 35, 50], "storage_pct_cons": [8.2194, 2.9208, 1.2901, 0.8805], "pick": ["base", "solar", "solar", "solar"]}, "datasets": {"gldas": {"series_norm": {"months": [1, 2, 3, 4, 5, 6, 7, 8, 9, 10, 11, 12], "demand": [1.0, 1.0, 1.0, 1.0, 1.0, 1.0, 1.0, 1.0, 1.0, 1.0, 1.0, 1.0], "solar_supply": [0.840464, 1.014892, 1.210098, 1.325331, 1.550004, 1.649944, 1.581063, 1.517941, 1.423833, 1.186616, 0.899436, 0.805561], "wind_supply": [1.638783, 1.694512, 1.530826, 1.305008, 1.342689, 1.466237, 1.249462, 0.976521, 1.04548, 1.061098, 1.453057, 1.589708], "mix_supply": [1.133216, 1.242157, 1.263724, 1.219103, 1.344287, 1.447377, 1.317894, 1.166257, 1.151442, 1.043864, 1.079234, 1.094581], "mix_storage": [0.053043, 0.057602, 0.06183, 0.065253, 0.069603, 0.075162, 0.077363, 0.074467, 0.070249, 0.06324, 0.055215, 0.052035], "mix_s_tot": 0.082194}}, "nldas": null}, "pdf": "figures/229.pdf"}