{"id": 23, "name": "Western Sahara", "country": "Western Sahara", "level": "admin0", "continent": "Africa", "metrics": {"solar_cf": 0.2437, "wind_cf": 0.4666, "solar_f_adj": 1.248, "wind_f_adj": 1.6139, "mix_alpha": 0.3, "mix_f_adj": 1.4055, "solar_s_tot_pct": 12.7943, "wind_s_tot_pct": 14.0068, "mix_s_tot_pct": 12.2814, "solar_s_seasonal_pct": 11.8161, "solar_s_diurnal_pct": 0.9782, "wind_s_seasonal_pct": 13.8597, "wind_s_diurnal_pct": 0.147, "solar_flaute_days": 0.875, "wind_flaute_days": 10.125, "solar_gap30d_max": 0.6333, "wind_gap30d_max": 0.6945, "solar_trend_pct_decade": 2.4004, "wind_trend_pct_decade": 20.7399}, "colocation": {"k": [0, 17, 35, 50], "storage_pct_cons": [12.2814, 6.3945, 3.3887, 2.032], "pick": ["base", "wind", "solar", "solar"]}, "datasets": {"gldas": {"series_norm": {"months": [1, 2, 3, 4, 5, 6, 7, 8, 9, 10, 11, 12], "demand": [1.0, 1.0, 1.0, 1.0, 1.0, 1.0, 1.0, 1.0, 1.0, 1.0, 1.0, 1.0], "solar_supply": [0.914827, 1.103615, 1.339169, 1.483882, 1.529397, 1.510349, 1.493285, 1.41656, 1.279886, 1.117345, 0.941993, 0.840385], "wind_supply": [1.526446, 1.578197, 1.597278, 1.749874, 1.835583, 2.003432, 1.984865, 1.732878, 1.564637, 1.209608, 1.156003, 1.424738], "mix_supply": [1.239647, 1.334979, 1.426194, 1.568114, 1.635742, 1.731632, 1.714548, 1.535007, 1.386266, 1.114914, 1.022992, 1.152492], "mix_storage": [0.084596, 0.083674, 0.085441, 0.091297, 0.102927, 0.112955, 0.119632, 0.121199, 0.120081, 0.114061, 0.101955, 0.090691], "mix_s_tot": 0.122814}}, "nldas": null}, "pdf": "figures/23.pdf"}