{"id": 230, "name": "Coral Sea Islands", "country": "Coral Sea Islands", "level": "admin0", "continent": "Oceania", "metrics": {"solar_cf": 0.2339, "wind_cf": 0.553, "solar_f_adj": 1.3399, "wind_f_adj": 1.5864, "mix_alpha": 0.95, "mix_f_adj": 1.3056, "solar_s_tot_pct": 12.3703, "wind_s_tot_pct": 15.2275, "mix_s_tot_pct": 10.9859, "solar_s_seasonal_pct": 11.3316, "solar_s_diurnal_pct": 1.0387, "wind_s_seasonal_pct": 14.5505, "wind_s_diurnal_pct": 0.6769, "solar_flaute_days": 4.75, "wind_flaute_days": 6.875, "solar_gap30d_max": 0.7417, "wind_gap30d_max": 0.7251, "solar_trend_pct_decade": 2.3013, "wind_trend_pct_decade": -11.9175}, "colocation": {"k": [0, 17, 35, 50], "storage_pct_cons": [10.9859, 6.1452, 2.7838, 1.2095], "pick": ["base", "wind", "wind", "wind"]}, "datasets": {"gldas": {"series_norm": {"months": [1, 2, 3, 4, 5, 6, 7, 8, 9, 10, 11, 12], "demand": [1.0, 1.0, 1.0, 1.0, 1.0, 1.0, 1.0, 1.0, 1.0, 1.0, 1.0, 1.0], "solar_supply": [1.570119, 1.469327, 1.342209, 1.192684, 1.015812, 0.896664, 0.994693, 1.202851, 1.452759, 1.606019, 1.671158, 1.671589], "wind_supply": [1.743576, 1.827482, 1.864789, 1.852895, 1.651, 1.514507, 1.366448, 1.254146, 1.325475, 1.484961, 1.576757, 1.59327], "mix_supply": [1.525137, 1.435291, 1.319159, 1.180261, 1.008231, 0.892323, 0.976972, 1.165033, 1.399297, 1.547726, 1.6118, 1.612878], "mix_storage": [0.104454, 0.1062, 0.105852, 0.102987, 0.090331, 0.066645, 0.042508, 0.030284, 0.03451, 0.05562, 0.08385, 0.100374], "mix_s_tot": 0.109859}}, "nldas": null}, "pdf": "figures/230.pdf"}