{"id": 231, "name": "Spratly Islands", "country": "Spratly Islands", "level": "admin0", "continent": "Asia", "metrics": {"solar_cf": 0.2183, "wind_cf": 0.1576, "solar_f_adj": 1.4088, "wind_f_adj": 11.289, "mix_alpha": 0.45, "mix_f_adj": 2.5421, "solar_s_tot_pct": 7.6212, "wind_s_tot_pct": 47.5196, "mix_s_tot_pct": 5.7834, "solar_s_seasonal_pct": 6.9638, "solar_s_diurnal_pct": 0.6574, "wind_s_seasonal_pct": 45.5587, "wind_s_diurnal_pct": 1.9609, "solar_flaute_days": 1.75, "wind_flaute_days": 56.5, "solar_gap30d_max": 0.617, "wind_gap30d_max": 1.0, "solar_trend_pct_decade": -3.0416, "wind_trend_pct_decade": -70.9552}, "colocation": {"k": [0, 17, 35, 50], "storage_pct_cons": [5.7834, 2.0537, 0.7567, 0.4407], "pick": ["base", "solar", "solar", "solar"]}, "datasets": {"gldas": {"series_norm": {"months": [1, 2, 3, 4, 5, 6, 7, 8, 9, 10, 11, 12], "demand": [1.0, 1.0, 1.0, 1.0, 1.0, 1.0, 1.0, 1.0, 1.0, 1.0, 1.0, 1.0], "solar_supply": [1.318296, 1.536888, 1.664183, 1.73025, 1.536799, 1.363491, 1.342276, 1.371574, 1.330794, 1.287949, 1.247773, 1.188182], "wind_supply": [16.017223, 13.25759, 9.780117, 6.382569, 7.375521, 9.841169, 13.567348, 15.059609, 12.914019, 9.794601, 8.564698, 12.846948], "mix_supply": [3.054241, 2.889946, 2.562611, 2.195458, 2.161358, 2.326013, 2.770287, 2.978899, 2.680046, 2.258905, 2.073954, 2.555939], "mix_storage": [0.049155, 0.050864, 0.05347, 0.054327, 0.054713, 0.054282, 0.054983, 0.056623, 0.056641, 0.055804, 0.052503, 0.048745], "mix_s_tot": 0.057834}}, "nldas": null}, "pdf": "figures/231.pdf"}