{"id": 232, "name": "Clipperton Island", "country": "Clipperton Island", "level": "admin0", "continent": "Seven seas (open ocean)", "metrics": {"solar_cf": 0.2536, "wind_cf": 0.1022, "solar_f_adj": 1.2657, "wind_f_adj": 4226.6935, "mix_alpha": 0.05, "mix_f_adj": 58.4639, "solar_s_tot_pct": 10.6183, "wind_s_tot_pct": 25.2191, "mix_s_tot_pct": 0.2523, "solar_s_seasonal_pct": 9.3848, "solar_s_diurnal_pct": 1.2335, "wind_s_seasonal_pct": 24.9111, "wind_s_diurnal_pct": 0.308, "solar_flaute_days": 2.875, "wind_flaute_days": 113.875, "solar_gap30d_max": 0.6673, "wind_gap30d_max": 1.0, "solar_trend_pct_decade": 3.2416, "wind_trend_pct_decade": -36.4955}, "colocation": {"k": [0, 17, 35, 50], "storage_pct_cons": [0.2523, 0.2262, 0.2262, 0.2262], "pick": ["base", "wind", "wind", "wind"]}, "datasets": {"gldas": {"series_norm": {"months": [1, 2, 3, 4, 5, 6, 7, 8, 9, 10, 11, 12], "demand": [1.0, 1.0, 1.0, 1.0, 1.0, 1.0, 1.0, 1.0, 1.0, 1.0, 1.0, 1.0], "solar_supply": [1.07617, 1.281819, 1.484156, 1.599552, 1.560344, 1.3251, 1.286024, 1.240345, 1.110193, 1.10065, 1.101503, 1.026311], "wind_supply": [3752.881466, 4586.541413, 4945.695975, 5269.027458, 4954.42902, 4633.084454, 3609.419178, 4255.691859, 5105.813042, 3417.746334, 3080.429132, 3178.756158], "mix_supply": [51.800052, 63.229684, 68.416446, 72.931682, 68.707162, 63.94124, 50.399558, 58.786382, 69.656775, 47.452761, 43.022226, 44.14063], "mix_storage": [0.00226, 0.002257, 0.002274, 0.002266, 0.002216, 0.002199, 0.002229, 0.002234, 0.002215, 0.00217, 0.002216, 0.002246], "mix_s_tot": 0.002523}}, "nldas": null}, "pdf": "figures/232.pdf"}