{"id": 233, "name": "Macao S.A.R", "country": "Macao S.A.R", "level": "admin0", "continent": "Asia", "metrics": {"solar_cf": 0.1631, "wind_cf": 0.3498, "solar_f_adj": 1.3408, "wind_f_adj": 1.797, "mix_alpha": 0.7, "mix_f_adj": 1.2547, "solar_s_tot_pct": 11.2977, "wind_s_tot_pct": 22.7331, "mix_s_tot_pct": 8.3045, "solar_s_seasonal_pct": 10.3872, "solar_s_diurnal_pct": 0.9105, "wind_s_seasonal_pct": 21.0542, "wind_s_diurnal_pct": 1.6789, "solar_flaute_days": 2.75, "wind_flaute_days": 5.375, "solar_gap30d_max": 0.6758, "wind_gap30d_max": 0.8204, "solar_trend_pct_decade": -0.253, "wind_trend_pct_decade": 6.3953}, "colocation": {"k": [0, 17, 35, 50], "storage_pct_cons": [8.3045, 1.6404, 0.8452, 0.7199], "pick": ["base", "wind", "wind", "wind"]}, "datasets": {"gldas": {"series_norm": {"months": [1, 2, 3, 4, 5, 6, 7, 8, 9, 10, 11, 12], "demand": [1.0, 1.0, 1.0, 1.0, 1.0, 1.0, 1.0, 1.0, 1.0, 1.0, 1.0, 1.0], "solar_supply": [1.01412, 1.092261, 1.212485, 1.377636, 1.528737, 1.540665, 1.714778, 1.554387, 1.502246, 1.359434, 1.150071, 1.02694], "wind_supply": [2.108763, 2.082468, 1.827854, 1.698644, 1.547166, 1.674166, 1.632093, 1.277163, 1.433229, 1.928723, 2.078601, 2.290945], "mix_supply": [1.106, 1.151679, 1.1771, 1.258218, 1.325469, 1.359884, 1.465124, 1.285717, 1.284251, 1.294487, 1.188737, 1.152557], "mix_storage": [0.062835, 0.058602, 0.05743, 0.058548, 0.062992, 0.067035, 0.073576, 0.075665, 0.074787, 0.075401, 0.073129, 0.068394], "mix_s_tot": 0.083045}}, "nldas": null}, "pdf": "figures/233.pdf"}