{"id": 234, "name": "Ashmore and Cartier Islands", "country": "Ashmore and Cartier Islands", "level": "admin0", "continent": "Oceania", "metrics": {"solar_cf": 0.2618, "wind_cf": 0.543, "solar_f_adj": 1.4449, "wind_f_adj": 1.4854, "mix_alpha": 0.7, "mix_f_adj": 1.2944, "solar_s_tot_pct": 15.2584, "wind_s_tot_pct": 22.9616, "mix_s_tot_pct": 9.0981, "solar_s_seasonal_pct": 15.3705, "solar_s_diurnal_pct": -0.1121, "wind_s_seasonal_pct": 22.7231, "wind_s_diurnal_pct": 0.2386, "solar_flaute_days": 1.625, "wind_flaute_days": 22.125, "solar_gap30d_max": 0.6424, "wind_gap30d_max": 0.8315, "solar_trend_pct_decade": -2.5188, "wind_trend_pct_decade": -13.3402}, "colocation": {"k": [0, 17, 35, 50], "storage_pct_cons": [9.0981, 2.8356, 1.4236, 1.0058], "pick": ["base", "wind", "wind", "wind"]}, "datasets": {"gldas": {"series_norm": {"months": [1, 2, 3, 4, 5, 6, 7, 8, 9, 10, 11, 12], "demand": [1.0, 1.0, 1.0, 1.0, 1.0, 1.0, 1.0, 1.0, 1.0, 1.0, 1.0, 1.0], "solar_supply": [1.305428, 1.341222, 1.3629, 1.418068, 1.332677, 1.2528, 1.335908, 1.519371, 1.691139, 1.735211, 1.671315, 1.371632], "wind_supply": [1.43355, 1.355122, 0.976089, 1.337884, 2.032975, 2.232184, 2.219949, 1.985893, 1.458964, 1.099413, 0.784709, 0.891783], "mix_supply": [1.193427, 1.195369, 1.109871, 1.239053, 1.367225, 1.369214, 1.418133, 1.471994, 1.441953, 1.375592, 1.253248, 1.093307], "mix_storage": [0.074813, 0.073421, 0.068293, 0.064306, 0.069808, 0.075387, 0.080345, 0.084853, 0.088192, 0.088441, 0.08688, 0.079062], "mix_s_tot": 0.090981}}, "nldas": null}, "pdf": "figures/234.pdf"}