{"id": 235, "name": "Bajo Nuevo Bank (Petrel Is.)", "country": "Bajo Nuevo Bank (Petrel Is.)", "level": "admin0", "continent": "North America", "metrics": {"solar_cf": 0.236, "wind_cf": 0.1264, "solar_f_adj": 1.322, "wind_f_adj": 24.5146, "mix_alpha": 0.3, "mix_f_adj": 3.3429, "solar_s_tot_pct": 8.1331, "wind_s_tot_pct": 14.0423, "mix_s_tot_pct": 7.1365, "solar_s_seasonal_pct": 7.0893, "solar_s_diurnal_pct": 1.0438, "wind_s_seasonal_pct": 13.7469, "wind_s_diurnal_pct": 0.2954, "solar_flaute_days": 2.625, "wind_flaute_days": 27.375, "solar_gap30d_max": 0.6283, "wind_gap30d_max": 0.9903, "solar_trend_pct_decade": -1.764, "wind_trend_pct_decade": -42.0596}, "colocation": {"k": [0, 17, 35, 50], "storage_pct_cons": [7.1365, 1.6123, 0.7461, 0.6012], "pick": ["base", "solar", "solar", "solar"]}, "datasets": {"gldas": {"series_norm": {"months": [1, 2, 3, 4, 5, 6, 7, 8, 9, 10, 11, 12], "demand": [1.0, 1.0, 1.0, 1.0, 1.0, 1.0, 1.0, 1.0, 1.0, 1.0, 1.0, 1.0], "solar_supply": [1.107093, 1.249161, 1.405301, 1.503039, 1.476688, 1.474418, 1.53833, 1.462344, 1.338107, 1.181013, 1.08171, 1.044297], "wind_supply": [31.872924, 28.13647, 25.247139, 22.679949, 24.98487, 31.494768, 24.587256, 22.802118, 17.35332, 20.887887, 20.507752, 23.747156], "mix_supply": [3.88223, 3.633338, 3.475982, 3.305073, 3.505099, 4.124777, 3.513906, 3.285865, 2.671509, 2.889732, 2.778118, 3.058953], "mix_storage": [0.063475, 0.06495, 0.06623, 0.067571, 0.069187, 0.070014, 0.070522, 0.070195, 0.068549, 0.066433, 0.061387, 0.060476], "mix_s_tot": 0.071365}}, "nldas": null}, "pdf": "figures/235.pdf"}