{"id": 236, "name": "Serranilla Bank", "country": "Serranilla Bank", "level": "admin0", "continent": "North America", "metrics": {"solar_cf": 0.2628, "wind_cf": 0.2286, "solar_f_adj": 1.3084, "wind_f_adj": 4.292, "mix_alpha": 1.0, "mix_f_adj": 1.3084, "solar_s_tot_pct": 8.3497, "wind_s_tot_pct": 41.5875, "mix_s_tot_pct": 8.3497, "solar_s_seasonal_pct": 7.1897, "solar_s_diurnal_pct": 1.16, "wind_s_seasonal_pct": 39.2978, "wind_s_diurnal_pct": 2.2898, "solar_flaute_days": 2.625, "wind_flaute_days": 19.625, "solar_gap30d_max": 0.6333, "wind_gap30d_max": 0.9759, "solar_trend_pct_decade": -0.9478, "wind_trend_pct_decade": 2.869}, "colocation": {"k": [0, 17, 35, 50], "storage_pct_cons": [8.3497, 3.7763, 1.263, 0.5751], "pick": ["base", "wind", "wind", "wind"]}, "datasets": {"gldas": {"series_norm": {"months": [1, 2, 3, 4, 5, 6, 7, 8, 9, 10, 11, 12], "demand": [1.0, 1.0, 1.0, 1.0, 1.0, 1.0, 1.0, 1.0, 1.0, 1.0, 1.0, 1.0], "solar_supply": [1.104316, 1.239775, 1.400323, 1.500062, 1.468008, 1.44756, 1.518902, 1.435001, 1.323611, 1.155583, 1.072068, 1.033328], "wind_supply": [4.322013, 4.519922, 4.017806, 3.873386, 5.060135, 6.686841, 5.578498, 4.618103, 3.298968, 3.297825, 2.803242, 3.430851], "mix_supply": [1.104316, 1.239775, 1.400323, 1.500062, 1.468008, 1.44756, 1.518902, 1.435001, 1.323611, 1.155583, 1.072068, 1.033328], "mix_storage": [0.036537, 0.03148, 0.038707, 0.053331, 0.066787, 0.072297, 0.07758, 0.080031, 0.079722, 0.074607, 0.063206, 0.048347], "mix_s_tot": 0.083497}}, "nldas": null}, "pdf": "figures/236.pdf"}