{"id": 237, "name": "Scarborough Reef", "country": "Scarborough Reef", "level": "admin0", "continent": "Asia", "metrics": {"solar_cf": 0.2283, "wind_cf": 0.2477, "solar_f_adj": 1.3264, "wind_f_adj": 1.8831, "mix_alpha": 0.5, "mix_f_adj": 1.3654, "solar_s_tot_pct": 12.4587, "wind_s_tot_pct": 16.8603, "mix_s_tot_pct": 7.8597, "solar_s_seasonal_pct": 10.4244, "solar_s_diurnal_pct": 2.0343, "wind_s_seasonal_pct": 15.9767, "wind_s_diurnal_pct": 0.8836, "solar_flaute_days": 2.75, "wind_flaute_days": 7.5, "solar_gap30d_max": 0.6423, "wind_gap30d_max": 0.8506, "solar_trend_pct_decade": -1.0318, "wind_trend_pct_decade": 7.454}, "colocation": {"k": [0, 17, 35, 50], "storage_pct_cons": [7.8597, 1.7281, 0.9657, 0.7919], "pick": ["base", "solar", "solar", "solar"]}, "datasets": {"gldas": {"series_norm": {"months": [1, 2, 3, 4, 5, 6, 7, 8, 9, 10, 11, 12], "demand": [1.0, 1.0, 1.0, 1.0, 1.0, 1.0, 1.0, 1.0, 1.0, 1.0, 1.0, 1.0], "solar_supply": [1.234761, 1.41209, 1.607694, 1.713723, 1.501258, 1.347585, 1.210707, 1.151817, 1.185631, 1.254537, 1.195176, 1.114122], "wind_supply": [1.998671, 1.839199, 1.622768, 1.43706, 1.416074, 2.11406, 2.488335, 2.719485, 1.848853, 1.558132, 1.658611, 1.876414], "mix_supply": [1.36016, 1.393613, 1.415823, 1.403067, 1.286103, 1.460065, 1.525308, 1.578802, 1.280555, 1.210619, 1.216495, 1.253742], "mix_storage": [0.063054, 0.06591, 0.067348, 0.068538, 0.067728, 0.066134, 0.065931, 0.068591, 0.06708, 0.062667, 0.061439, 0.060776], "mix_s_tot": 0.078597}}, "nldas": null}, "pdf": "figures/237.pdf"}