{"id": 238, "name": "Entre R\u00edos", "country": "Argentina", "level": "admin1", "continent": "South America", "metrics": {"solar_cf": 0.2026, "wind_cf": 0.2184, "solar_f_adj": 1.2765, "wind_f_adj": 1.5083, "mix_alpha": 0.5, "mix_f_adj": 1.2747, "solar_s_tot_pct": 19.317, "wind_s_tot_pct": 18.3693, "mix_s_tot_pct": 11.4795, "solar_s_seasonal_pct": 18.0223, "solar_s_diurnal_pct": 1.2946, "wind_s_seasonal_pct": 17.8472, "wind_s_diurnal_pct": 0.5221, "solar_flaute_days": 2.625, "wind_flaute_days": 8.875, "solar_gap30d_max": 0.7213, "wind_gap30d_max": 0.776, "solar_trend_pct_decade": 1.4983, "wind_trend_pct_decade": 18.4034}, "colocation": {"k": [0, 17, 35, 50], "storage_pct_cons": [11.4795, 6.1888, 2.4672, 1.6124], "pick": ["base", "wind", "wind", "wind"]}, "datasets": {"gldas": {"series_norm": {"months": [1, 2, 3, 4, 5, 6, 7, 8, 9, 10, 11, 12], "demand": [1.0, 1.0, 1.0, 1.0, 1.0, 1.0, 1.0, 1.0, 1.0, 1.0, 1.0, 1.0], "solar_supply": [1.847336, 1.631999, 1.366661, 1.02906, 0.749154, 0.63381, 0.70665, 0.960889, 1.257991, 1.510532, 1.781324, 1.86181], "wind_supply": [1.223235, 1.131254, 1.11025, 1.175656, 1.339211, 1.499103, 1.751894, 1.974402, 1.958327, 1.888308, 1.672855, 1.350036], "mix_supply": [1.439296, 1.292909, 1.15155, 1.010627, 0.939987, 0.949966, 1.093161, 1.314132, 1.45568, 1.552185, 1.596342, 1.500108], "mix_storage": [0.109902, 0.109573, 0.10431, 0.093211, 0.076344, 0.059144, 0.048861, 0.054547, 0.071925, 0.086628, 0.098913, 0.106832], "mix_s_tot": 0.114795}}, "nldas": null}, "pdf": "figures/238.pdf"}