{"id": 239, "name": "Kalimantan Timur", "country": "Indonesia", "level": "admin1", "continent": "Asia", "metrics": {"solar_cf": 0.1989, "wind_cf": 0.0005, "solar_f_adj": 1.3422, "wind_f_adj": 687.8409, "mix_alpha": 0.05, "mix_f_adj": 177.3401, "solar_s_tot_pct": 6.5997, "wind_s_tot_pct": 78.0394, "mix_s_tot_pct": 0.1792, "solar_s_seasonal_pct": 5.7163, "solar_s_diurnal_pct": 0.8834, "wind_s_seasonal_pct": 77.7397, "wind_s_diurnal_pct": 0.2997, "solar_flaute_days": 0.75, "wind_flaute_days": 227.875, "solar_gap30d_max": 0.5878, "wind_gap30d_max": 1.0, "solar_trend_pct_decade": 0.9492, "wind_trend_pct_decade": -72.1464}, "colocation": {"k": [0, 17, 35, 50], "storage_pct_cons": [0.1792, 0.1712, 0.1712, 0.1712], "pick": ["base", "wind", "wind", "wind"]}, "datasets": {"gldas": {"series_norm": {"months": [1, 2, 3, 4, 5, 6, 7, 8, 9, 10, 11, 12], "demand": [1.0, 1.0, 1.0, 1.0, 1.0, 1.0, 1.0, 1.0, 1.0, 1.0, 1.0, 1.0], "solar_supply": [1.212414, 1.321113, 1.365777, 1.402655, 1.386701, 1.328682, 1.358551, 1.425363, 1.419978, 1.357677, 1.308484, 1.219694], "wind_supply": [680.595347, 1170.581528, 430.70202, 192.793766, 208.89351, 341.301557, 721.70823, 1592.866242, 632.590309, 945.871224, 547.510515, 797.68541], "mix_supply": [174.708172, 295.438749, 114.514916, 56.487608, 60.325525, 92.372967, 185.743413, 399.557788, 164.32155, 240.641942, 142.746348, 203.435171], "mix_storage": [0.001371, 0.001392, 0.0014, 0.001398, 0.001391, 0.001374, 0.001384, 0.001401, 0.001401, 0.001391, 0.001383, 0.001371], "mix_s_tot": 0.001792}}, "nldas": null}, "pdf": "figures/239.pdf"}