{"id": 24, "name": "Costa Rica", "country": "Costa Rica", "level": "admin0", "continent": "North America", "metrics": {"solar_cf": 0.2125, "wind_cf": 0.0811, "solar_f_adj": 1.27, "wind_f_adj": 4.5746, "mix_alpha": 1.0, "mix_f_adj": 1.27, "solar_s_tot_pct": 7.6065, "wind_s_tot_pct": 63.4021, "mix_s_tot_pct": 7.6065, "solar_s_seasonal_pct": 6.3147, "solar_s_diurnal_pct": 1.2918, "wind_s_seasonal_pct": 61.8669, "wind_s_diurnal_pct": 1.5352, "solar_flaute_days": 0.875, "wind_flaute_days": 41.75, "solar_gap30d_max": 0.6169, "wind_gap30d_max": 0.9991, "solar_trend_pct_decade": 2.2194, "wind_trend_pct_decade": -44.8809}, "colocation": {"k": [0, 17, 35, 50], "storage_pct_cons": [7.6065, 2.5406, 1.1217, 0.9636], "pick": ["base", "wind", "wind", "wind"]}, "datasets": {"gldas": {"series_norm": {"months": [1, 2, 3, 4, 5, 6, 7, 8, 9, 10, 11, 12], "demand": [1.0, 1.0, 1.0, 1.0, 1.0, 1.0, 1.0, 1.0, 1.0, 1.0, 1.0, 1.0], "solar_supply": [1.300784, 1.449601, 1.543316, 1.451546, 1.268869, 1.200287, 1.195197, 1.22478, 1.226098, 1.121729, 1.083781, 1.185795], "wind_supply": [10.550355, 11.720996, 9.180015, 5.713693, 2.251149, 1.253287, 2.358367, 1.656388, 0.607324, 0.786343, 2.830424, 6.36452], "mix_supply": [1.300784, 1.449601, 1.543316, 1.451546, 1.268869, 1.200287, 1.195197, 1.22478, 1.226098, 1.121729, 1.083781, 1.185795], "mix_storage": [0.035047, 0.044809, 0.05833, 0.068457, 0.070177, 0.06587, 0.061201, 0.057786, 0.055274, 0.050108, 0.039642, 0.031668], "mix_s_tot": 0.076065}}, "nldas": null}, "pdf": "figures/24.pdf"}