{"id": 240, "name": "Salta", "country": "Argentina", "level": "admin1", "continent": "South America", "metrics": {"solar_cf": 0.2294, "wind_cf": 0.155, "solar_f_adj": 1.2816, "wind_f_adj": 1.9748, "mix_alpha": 0.75, "mix_f_adj": 1.2925, "solar_s_tot_pct": 11.942, "wind_s_tot_pct": 28.4502, "mix_s_tot_pct": 11.4877, "solar_s_seasonal_pct": 10.6383, "solar_s_diurnal_pct": 1.3037, "wind_s_seasonal_pct": 28.572, "wind_s_diurnal_pct": -0.1218, "solar_flaute_days": 0.625, "wind_flaute_days": 9.75, "solar_gap30d_max": 0.6264, "wind_gap30d_max": 0.8558, "solar_trend_pct_decade": 0.9922, "wind_trend_pct_decade": -0.8303}, "colocation": {"k": [0, 17, 35, 50], "storage_pct_cons": [11.4877, 5.819, 2.098, 1.2893], "pick": ["base", "wind", "wind", "wind"]}, "datasets": {"gldas": {"series_norm": {"months": [1, 2, 3, 4, 5, 6, 7, 8, 9, 10, 11, 12], "demand": [1.0, 1.0, 1.0, 1.0, 1.0, 1.0, 1.0, 1.0, 1.0, 1.0, 1.0, 1.0], "solar_supply": [1.571125, 1.470142, 1.320473, 1.083803, 0.898192, 0.838883, 0.930391, 1.163976, 1.37892, 1.515154, 1.617385, 1.600562], "wind_supply": [1.470621, 1.34044, 1.229911, 1.34148, 1.660545, 1.915466, 2.139875, 2.568859, 2.827715, 2.772586, 2.46828, 1.927207], "mix_supply": [1.428976, 1.331295, 1.200005, 1.039249, 0.951061, 0.947911, 1.053843, 1.300709, 1.50564, 1.599663, 1.627199, 1.525946], "mix_storage": [0.104905, 0.105946, 0.103248, 0.09331, 0.075155, 0.054314, 0.038266, 0.035765, 0.049929, 0.072131, 0.091743, 0.101742], "mix_s_tot": 0.114877}}, "nldas": null}, "pdf": "figures/240.pdf"}