{"id": 241, "name": "Jujuy", "country": "Argentina", "level": "admin1", "continent": "South America", "metrics": {"solar_cf": 0.2599, "wind_cf": 0.2056, "solar_f_adj": 1.2803, "wind_f_adj": 1.8799, "mix_alpha": 1.0, "mix_f_adj": 1.2803, "solar_s_tot_pct": 9.4341, "wind_s_tot_pct": 23.1458, "mix_s_tot_pct": 9.4341, "solar_s_seasonal_pct": 7.535, "solar_s_diurnal_pct": 1.8991, "wind_s_seasonal_pct": 23.118, "wind_s_diurnal_pct": 0.0278, "solar_flaute_days": 0.75, "wind_flaute_days": 7.75, "solar_gap30d_max": 0.6159, "wind_gap30d_max": 0.803, "solar_trend_pct_decade": -0.0369, "wind_trend_pct_decade": -6.0928}, "colocation": {"k": [0, 17, 35, 50], "storage_pct_cons": [9.4341, 4.7334, 1.579, 0.8882], "pick": ["base", "wind", "wind", "wind"]}, "datasets": {"gldas": {"series_norm": {"months": [1, 2, 3, 4, 5, 6, 7, 8, 9, 10, 11, 12], "demand": [1.0, 1.0, 1.0, 1.0, 1.0, 1.0, 1.0, 1.0, 1.0, 1.0, 1.0, 1.0], "solar_supply": [1.451146, 1.39653, 1.322632, 1.153222, 0.995011, 0.92646, 0.979795, 1.161897, 1.362975, 1.501913, 1.582586, 1.536762], "wind_supply": [1.195447, 1.090432, 1.058969, 1.399751, 2.000721, 2.321502, 2.358933, 2.503019, 2.629603, 2.368526, 2.026008, 1.563241], "mix_supply": [1.451146, 1.39653, 1.322632, 1.153222, 0.995011, 0.92646, 0.979795, 1.161897, 1.362975, 1.501913, 1.582586, 1.536762], "mix_storage": [0.089168, 0.091282, 0.09186, 0.088564, 0.074563, 0.051309, 0.027801, 0.014701, 0.017574, 0.034542, 0.060353, 0.080159], "mix_s_tot": 0.094341}}, "nldas": null}, "pdf": "figures/241.pdf"}