{"id": 242, "name": "Ladakh", "country": "India", "level": "admin1", "continent": "Asia", "metrics": {"solar_cf": 0.2197, "wind_cf": 0.1731, "solar_f_adj": 1.2785, "wind_f_adj": 6.6515, "mix_alpha": 0.95, "mix_f_adj": 1.2803, "solar_s_tot_pct": 15.6404, "wind_s_tot_pct": 29.6323, "mix_s_tot_pct": 14.8507, "solar_s_seasonal_pct": 14.7857, "solar_s_diurnal_pct": 0.8547, "wind_s_seasonal_pct": 29.623, "wind_s_diurnal_pct": 0.0093, "solar_flaute_days": 0.875, "wind_flaute_days": 25.875, "solar_gap30d_max": 0.6912, "wind_gap30d_max": 0.9798, "solar_trend_pct_decade": 1.0204, "wind_trend_pct_decade": -75.5149}, "colocation": {"k": [0, 17, 35, 50], "storage_pct_cons": [14.8507, 9.5253, 5.873, 3.5645], "pick": ["base", "wind", "wind", "wind"]}, "datasets": {"gldas": {"series_norm": {"months": [1, 2, 3, 4, 5, 6, 7, 8, 9, 10, 11, 12], "demand": [1.0, 1.0, 1.0, 1.0, 1.0, 1.0, 1.0, 1.0, 1.0, 1.0, 1.0, 1.0], "solar_supply": [0.755482, 0.957633, 1.274222, 1.527804, 1.744127, 1.789025, 1.658186, 1.50719, 1.371496, 1.169404, 0.869038, 0.704368], "wind_supply": [8.801068, 10.547931, 8.024359, 7.17215, 5.608158, 5.201048, 5.576126, 5.310052, 5.312953, 4.730167, 6.01441, 7.769687], "mix_supply": [0.803421, 1.012547, 1.289442, 1.522482, 1.713225, 1.752019, 1.631158, 1.48495, 1.355886, 1.158021, 0.884632, 0.744869], "mix_storage": [0.049648, 0.025577, 0.021556, 0.037707, 0.069699, 0.107303, 0.133156, 0.141087, 0.142841, 0.139495, 0.119841, 0.084876], "mix_s_tot": 0.148507}}, "nldas": null}, "pdf": "figures/242.pdf"}