{"id": 243, "name": "Xinjiang", "country": "China", "level": "admin1", "continent": "Asia", "metrics": {"solar_cf": 0.188, "wind_cf": 0.22, "solar_f_adj": 1.2539, "wind_f_adj": 1.4186, "mix_alpha": 1.0, "mix_f_adj": 1.2539, "solar_s_tot_pct": 18.992, "wind_s_tot_pct": 32.0135, "mix_s_tot_pct": 18.992, "solar_s_seasonal_pct": 17.8006, "solar_s_diurnal_pct": 1.1914, "wind_s_seasonal_pct": 31.8159, "wind_s_diurnal_pct": 0.1975, "solar_flaute_days": 0.75, "wind_flaute_days": 19.875, "solar_gap30d_max": 0.6942, "wind_gap30d_max": 0.9272, "solar_trend_pct_decade": 0.396, "wind_trend_pct_decade": -10.2238}, "colocation": {"k": [0, 17, 35, 50], "storage_pct_cons": [18.992, 14.6696, 12.1364, 10.5187], "pick": ["base", "wind", "wind", "wind"]}, "datasets": {"gldas": {"series_norm": {"months": [1, 2, 3, 4, 5, 6, 7, 8, 9, 10, 11, 12], "demand": [1.0, 1.0, 1.0, 1.0, 1.0, 1.0, 1.0, 1.0, 1.0, 1.0, 1.0, 1.0], "solar_supply": [0.667734, 0.915588, 1.255988, 1.555865, 1.759299, 1.808555, 1.756232, 1.597259, 1.365719, 1.041064, 0.725805, 0.58221], "wind_supply": [0.947606, 1.182373, 1.534785, 1.986731, 2.049692, 1.792623, 1.681988, 1.521886, 1.300812, 1.077137, 1.022574, 0.91783], "mix_supply": [0.667734, 0.915588, 1.255988, 1.555865, 1.759299, 1.808555, 1.756232, 1.597259, 1.365719, 1.041064, 0.725805, 0.58221], "mix_storage": [0.040639, 0.006597, -0.002032, 0.013985, 0.049724, 0.093418, 0.135193, 0.164266, 0.175704, 0.169979, 0.138432, 0.088335], "mix_s_tot": 0.18992}}, "nldas": null}, "pdf": "figures/243.pdf"}