{"id": 244, "name": "Xizang", "country": "China", "level": "admin1", "continent": "Asia", "metrics": {"solar_cf": 0.221, "wind_cf": 0.2864, "solar_f_adj": 1.2861, "wind_f_adj": 1.8043, "mix_alpha": 0.9, "mix_f_adj": 1.2836, "solar_s_tot_pct": 11.6107, "wind_s_tot_pct": 19.3153, "mix_s_tot_pct": 11.4318, "solar_s_seasonal_pct": 10.635, "solar_s_diurnal_pct": 0.9757, "wind_s_seasonal_pct": 17.2708, "wind_s_diurnal_pct": 2.0445, "solar_flaute_days": 0.75, "wind_flaute_days": 7.625, "solar_gap30d_max": 0.645, "wind_gap30d_max": 0.814, "solar_trend_pct_decade": -0.8127, "wind_trend_pct_decade": -25.1151}, "colocation": {"k": [0, 17, 35, 50], "storage_pct_cons": [11.4318, 6.8369, 3.9412, 2.2057], "pick": ["base", "wind", "wind", "wind"]}, "datasets": {"gldas": {"series_norm": {"months": [1, 2, 3, 4, 5, 6, 7, 8, 9, 10, 11, 12], "demand": [1.0, 1.0, 1.0, 1.0, 1.0, 1.0, 1.0, 1.0, 1.0, 1.0, 1.0, 1.0], "solar_supply": [0.90309, 1.082417, 1.327845, 1.517077, 1.650955, 1.661813, 1.518556, 1.421396, 1.324608, 1.18248, 0.977214, 0.858762], "wind_supply": [2.291139, 2.712953, 2.439998, 2.282794, 1.906006, 1.635279, 1.18003, 0.958916, 1.198284, 1.379489, 1.688007, 2.046053], "mix_supply": [0.974204, 1.165294, 1.366332, 1.525128, 1.618579, 1.609073, 1.448003, 1.344999, 1.275087, 1.160311, 0.997878, 0.916949], "mix_storage": [0.05076, 0.040491, 0.046214, 0.062671, 0.083648, 0.101298, 0.108555, 0.110305, 0.110509, 0.107404, 0.094213, 0.072273], "mix_s_tot": 0.114318}}, "nldas": null}, "pdf": "figures/244.pdf"}