{"id": 245, "name": "Arunachal Pradesh", "country": "India", "level": "admin1", "continent": "Asia", "metrics": {"solar_cf": 0.1713, "wind_cf": 0.0265, "solar_f_adj": 1.3927, "wind_f_adj": 10577.2537, "mix_alpha": 0.05, "mix_f_adj": 31.4022, "solar_s_tot_pct": 10.6058, "wind_s_tot_pct": 19.4777, "mix_s_tot_pct": 1.3245, "solar_s_seasonal_pct": 10.47, "solar_s_diurnal_pct": 0.1358, "wind_s_seasonal_pct": 19.1781, "wind_s_diurnal_pct": 0.2997, "solar_flaute_days": 3.875, "wind_flaute_days": 74.375, "solar_gap30d_max": 0.6659, "wind_gap30d_max": 1.0, "solar_trend_pct_decade": 1.761, "wind_trend_pct_decade": -87.0332}, "colocation": {"k": [0, 17, 35, 50], "storage_pct_cons": [1.3245, 1.287, 1.2452, 1.2046], "pick": ["base", "solar", "solar", "solar"]}, "datasets": {"gldas": {"series_norm": {"months": [1, 2, 3, 4, 5, 6, 7, 8, 9, 10, 11, 12], "demand": [1.0, 1.0, 1.0, 1.0, 1.0, 1.0, 1.0, 1.0, 1.0, 1.0, 1.0, 1.0], "solar_supply": [1.165884, 1.272638, 1.444253, 1.534611, 1.621309, 1.513582, 1.447237, 1.509467, 1.446027, 1.368611, 1.242744, 1.140997], "wind_supply": [18857.160707, 17560.416068, 16718.546809, 10910.900317, 8029.288488, 4236.631055, 4482.086828, 5408.186653, 4461.433338, 7354.01491, 13285.077969, 15940.404593], "mix_supply": [54.499194, 50.9622, 48.781262, 32.503217, 24.473648, 13.655372, 14.272863, 16.954994, 14.213246, 22.28422, 38.870317, 46.244706], "mix_storage": [0.012764, 0.012781, 0.012852, 0.012803, 0.012693, 0.012411, 0.012164, 0.012423, 0.012486, 0.01253, 0.012672, 0.012675], "mix_s_tot": 0.013245}}, "nldas": null}, "pdf": "figures/245.pdf"}