{"id": 246, "name": "\u00c9quateur", "country": "Democratic Republic of the Congo", "level": "admin1", "continent": "Africa", "metrics": {"solar_cf": 0.2108, "wind_cf": 0.0006, "solar_f_adj": 1.2694, "wind_f_adj": 13.9957, "mix_alpha": 1.0, "mix_f_adj": 1.2694, "solar_s_tot_pct": 5.8651, "wind_s_tot_pct": 88.7862, "mix_s_tot_pct": 5.8651, "solar_s_seasonal_pct": 4.1708, "solar_s_diurnal_pct": 1.6943, "wind_s_seasonal_pct": 88.4124, "wind_s_diurnal_pct": 0.3738, "solar_flaute_days": 0.75, "wind_flaute_days": 166.0, "solar_gap30d_max": 0.5933, "wind_gap30d_max": 1.0, "solar_trend_pct_decade": 3.5109, "wind_trend_pct_decade": 15.9811}, "colocation": {"k": [0, 17, 35, 50], "storage_pct_cons": [5.8651, 1.2049, 0.5768, 0.4063], "pick": ["base", "wind", "wind", "wind"]}, "datasets": {"gldas": {"series_norm": {"months": [1, 2, 3, 4, 5, 6, 7, 8, 9, 10, 11, 12], "demand": [1.0, 1.0, 1.0, 1.0, 1.0, 1.0, 1.0, 1.0, 1.0, 1.0, 1.0, 1.0], "solar_supply": [1.370164, 1.362922, 1.340643, 1.268647, 1.246528, 1.193645, 1.209744, 1.236046, 1.27988, 1.217152, 1.217156, 1.294531], "wind_supply": [18.17036, 36.722779, 46.179929, 23.092035, 5.841693, 4.552487, 8.277215, 7.307006, 4.845351, 2.14845, 3.17533, 8.986146], "mix_supply": [1.370164, 1.362922, 1.340643, 1.268647, 1.246528, 1.193645, 1.209744, 1.236046, 1.27988, 1.217152, 1.217156, 1.294531], "mix_storage": [0.033076, 0.038667, 0.042404, 0.044352, 0.043465, 0.041164, 0.037335, 0.034539, 0.034514, 0.033054, 0.02933, 0.028866], "mix_s_tot": 0.058651}}, "nldas": null}, "pdf": "figures/246.pdf"}