{"id": 247, "name": "Bandundu", "country": "Democratic Republic of the Congo", "level": "admin1", "continent": "Africa", "metrics": {"solar_cf": 0.2083, "wind_cf": 0.0032, "solar_f_adj": 1.2591, "wind_f_adj": 4.1796, "mix_alpha": 1.0, "mix_f_adj": 1.2591, "solar_s_tot_pct": 5.2875, "wind_s_tot_pct": 54.0065, "mix_s_tot_pct": 5.2875, "solar_s_seasonal_pct": 3.3032, "solar_s_diurnal_pct": 1.9843, "wind_s_seasonal_pct": 54.0571, "wind_s_diurnal_pct": -0.0506, "solar_flaute_days": 0.75, "wind_flaute_days": 74.0, "solar_gap30d_max": 0.5971, "wind_gap30d_max": 1.0, "solar_trend_pct_decade": 1.5159, "wind_trend_pct_decade": -1.7253}, "colocation": {"k": [0, 17, 35, 50], "storage_pct_cons": [5.2875, 1.2783, 0.5885, 0.5107], "pick": ["base", "wind", "wind", "wind"]}, "datasets": {"gldas": {"series_norm": {"months": [1, 2, 3, 4, 5, 6, 7, 8, 9, 10, 11, 12], "demand": [1.0, 1.0, 1.0, 1.0, 1.0, 1.0, 1.0, 1.0, 1.0, 1.0, 1.0, 1.0], "solar_supply": [1.22809, 1.24866, 1.267461, 1.215719, 1.260687, 1.295606, 1.332485, 1.326705, 1.331246, 1.247545, 1.190142, 1.163859], "wind_supply": [2.369198, 2.282251, 2.323938, 2.702158, 4.14278, 6.708045, 9.840991, 8.590062, 5.839698, 2.406272, 1.721321, 1.067948], "mix_supply": [1.22809, 1.24866, 1.267461, 1.215719, 1.260687, 1.295606, 1.332485, 1.326705, 1.331246, 1.247545, 1.190142, 1.163859], "mix_storage": [0.03176, 0.031377, 0.031838, 0.031123, 0.03028, 0.033232, 0.037685, 0.041441, 0.043922, 0.044373, 0.040872, 0.035348], "mix_s_tot": 0.052875}}, "nldas": null}, "pdf": "figures/247.pdf"}