{"id": 248, "name": "Kinshasa City", "country": "Democratic Republic of the Congo", "level": "admin1", "continent": "Africa", "metrics": {"solar_cf": 0.1999, "wind_cf": 0.0305, "solar_f_adj": 1.2488, "wind_f_adj": 2.2907, "mix_alpha": 0.95, "mix_f_adj": 1.2629, "solar_s_tot_pct": 7.011, "wind_s_tot_pct": 51.1894, "mix_s_tot_pct": 5.6045, "solar_s_seasonal_pct": 4.0235, "solar_s_diurnal_pct": 2.9875, "wind_s_seasonal_pct": 48.9984, "wind_s_diurnal_pct": 2.1911, "solar_flaute_days": 1.75, "wind_flaute_days": 16.125, "solar_gap30d_max": 0.6271, "wind_gap30d_max": 0.9858, "solar_trend_pct_decade": 2.2984, "wind_trend_pct_decade": 10.1673}, "colocation": {"k": [0, 17, 35, 50], "storage_pct_cons": [5.6045, 2.4689, 1.0548, 0.9099], "pick": ["base", "wind", "wind", "wind"]}, "datasets": {"gldas": {"series_norm": {"months": [1, 2, 3, 4, 5, 6, 7, 8, 9, 10, 11, 12], "demand": [1.0, 1.0, 1.0, 1.0, 1.0, 1.0, 1.0, 1.0, 1.0, 1.0, 1.0, 1.0], "solar_supply": [1.247419, 1.257187, 1.28088, 1.211597, 1.229826, 1.244406, 1.292684, 1.333295, 1.329782, 1.211149, 1.183034, 1.16434], "wind_supply": [0.974677, 1.105798, 1.058728, 0.572837, 0.614686, 1.91149, 4.423018, 7.340681, 5.398648, 2.25638, 1.080216, 0.639028], "mix_supply": [1.225307, 1.238306, 1.259771, 1.179815, 1.198481, 1.248237, 1.363853, 1.483299, 1.426389, 1.225793, 1.166359, 1.136238], "mix_storage": [0.033134, 0.03306, 0.033072, 0.03126, 0.026746, 0.026546, 0.031365, 0.04278, 0.050413, 0.050447, 0.044971, 0.037605], "mix_s_tot": 0.056045}}, "nldas": null}, "pdf": "figures/248.pdf"}