{"id": 249, "name": "Bas-Congo", "country": "Democratic Republic of the Congo", "level": "admin1", "continent": "Africa", "metrics": {"solar_cf": 0.1912, "wind_cf": 0.0215, "solar_f_adj": 1.2473, "wind_f_adj": 2.1543, "mix_alpha": 0.95, "mix_f_adj": 1.258, "solar_s_tot_pct": 5.6069, "wind_s_tot_pct": 77.9064, "mix_s_tot_pct": 5.1581, "solar_s_seasonal_pct": 4.2181, "solar_s_diurnal_pct": 1.3888, "wind_s_seasonal_pct": 75.5706, "wind_s_diurnal_pct": 2.3358, "solar_flaute_days": 1.625, "wind_flaute_days": 37.75, "solar_gap30d_max": 0.5992, "wind_gap30d_max": 1.0, "solar_trend_pct_decade": 0.8485, "wind_trend_pct_decade": -8.5461}, "colocation": {"k": [0, 17, 35, 50], "storage_pct_cons": [5.1581, 1.9344, 0.9475, 0.8552], "pick": ["base", "wind", "wind", "wind"]}, "datasets": {"gldas": {"series_norm": {"months": [1, 2, 3, 4, 5, 6, 7, 8, 9, 10, 11, 12], "demand": [1.0, 1.0, 1.0, 1.0, 1.0, 1.0, 1.0, 1.0, 1.0, 1.0, 1.0, 1.0], "solar_supply": [1.280273, 1.312009, 1.331743, 1.242146, 1.238067, 1.221374, 1.258779, 1.272531, 1.242888, 1.175725, 1.210406, 1.185609], "wind_supply": [0.514735, 0.644538, 0.558619, 0.22865, 0.227703, 0.996063, 3.527661, 8.05888, 7.100108, 2.763495, 0.811935, 0.300815], "mix_supply": [1.241697, 1.275895, 1.292294, 1.196814, 1.192878, 1.199319, 1.309077, 1.454558, 1.398162, 1.207187, 1.183433, 1.144751], "mix_storage": [0.030514, 0.032316, 0.034333, 0.033342, 0.029064, 0.026692, 0.027833, 0.039135, 0.046099, 0.044737, 0.03999, 0.033992], "mix_s_tot": 0.051581}}, "nldas": null}, "pdf": "figures/249.pdf"}