{"id": 25, "name": "Nicaragua", "country": "Nicaragua", "level": "admin0", "continent": "North America", "metrics": {"solar_cf": 0.2126, "wind_cf": 0.1226, "solar_f_adj": 1.3146, "wind_f_adj": 2.4885, "mix_alpha": 1.0, "mix_f_adj": 1.3146, "solar_s_tot_pct": 5.6181, "wind_s_tot_pct": 46.6384, "mix_s_tot_pct": 5.6181, "solar_s_seasonal_pct": 4.2465, "solar_s_diurnal_pct": 1.3716, "wind_s_seasonal_pct": 45.6398, "wind_s_diurnal_pct": 0.9986, "solar_flaute_days": 0.75, "wind_flaute_days": 25.75, "solar_gap30d_max": 0.6004, "wind_gap30d_max": 0.9865, "solar_trend_pct_decade": 0.4229, "wind_trend_pct_decade": 5.8841}, "colocation": {"k": [0, 17, 35, 50], "storage_pct_cons": [5.6181, 2.025, 1.2212, 0.8437], "pick": ["base", "wind", "wind", "wind"]}, "datasets": {"gldas": {"series_norm": {"months": [1, 2, 3, 4, 5, 6, 7, 8, 9, 10, 11, 12], "demand": [1.0, 1.0, 1.0, 1.0, 1.0, 1.0, 1.0, 1.0, 1.0, 1.0, 1.0, 1.0], "solar_supply": [1.212762, 1.363745, 1.524927, 1.546611, 1.398937, 1.287187, 1.285496, 1.331187, 1.314163, 1.208216, 1.152772, 1.154975], "wind_supply": [4.416033, 4.348154, 3.829114, 2.967474, 1.767295, 1.416576, 2.520255, 1.575196, 0.618445, 0.774061, 2.214223, 3.49139], "mix_supply": [1.212762, 1.363745, 1.524927, 1.546611, 1.398937, 1.287187, 1.285496, 1.331187, 1.314163, 1.208216, 1.152772, 1.154975], "mix_storage": [0.035483, 0.039434, 0.048446, 0.05349, 0.054242, 0.052839, 0.051095, 0.051592, 0.051872, 0.050222, 0.045046, 0.038955], "mix_s_tot": 0.056181}}, "nldas": null}, "pdf": "figures/25.pdf"}