{"id": 250, "name": "East Kazakhstan", "country": "Kazakhstan", "level": "admin1", "continent": "Asia", "metrics": {"solar_cf": 0.1577, "wind_cf": 0.2835, "solar_f_adj": 1.3102, "wind_f_adj": 1.366, "mix_alpha": 0.0, "mix_f_adj": 1.366, "solar_s_tot_pct": 27.2034, "wind_s_tot_pct": 10.7639, "mix_s_tot_pct": 10.7639, "solar_s_seasonal_pct": 26.2381, "solar_s_diurnal_pct": 0.9653, "wind_s_seasonal_pct": 10.6975, "wind_s_diurnal_pct": 0.0664, "solar_flaute_days": 0.875, "wind_flaute_days": 9.25, "solar_gap30d_max": 0.764, "wind_gap30d_max": 0.7538, "solar_trend_pct_decade": -1.0009, "wind_trend_pct_decade": -2.8553}, "colocation": {"k": [0, 17, 35, 50], "storage_pct_cons": [10.7639, 8.9579, 7.032, 5.7048], "pick": ["base", "solar", "solar", "solar"]}, "datasets": {"gldas": {"series_norm": {"months": [1, 2, 3, 4, 5, 6, 7, 8, 9, 10, 11, 12], "demand": [1.0, 1.0, 1.0, 1.0, 1.0, 1.0, 1.0, 1.0, 1.0, 1.0, 1.0, 1.0], "solar_supply": [0.498086, 0.834838, 1.280704, 1.693002, 2.074541, 2.185203, 2.093072, 1.886935, 1.403712, 0.85373, 0.5066, 0.386927], "wind_supply": [1.316713, 1.224329, 1.35657, 1.516716, 1.609742, 1.266769, 1.192728, 1.254514, 1.278414, 1.432634, 1.526415, 1.4083], "mix_supply": [1.316713, 1.224329, 1.35657, 1.516716, 1.609742, 1.266769, 1.192728, 1.254514, 1.278414, 1.432634, 1.526415, 1.4083], "mix_storage": [0.084133, 0.075561, 0.073013, 0.082403, 0.099717, 0.101713, 0.098635, 0.093164, 0.093244, 0.09304, 0.092152, 0.08593], "mix_s_tot": 0.107639}}, "nldas": null}, "pdf": "figures/250.pdf"}