{"id": 251, "name": "Almaty", "country": "Kazakhstan", "level": "admin1", "continent": "Asia", "metrics": {"solar_cf": 0.1716, "wind_cf": 0.2829, "solar_f_adj": 1.2937, "wind_f_adj": 1.3191, "mix_alpha": 0.0, "mix_f_adj": 1.3191, "solar_s_tot_pct": 24.8544, "wind_s_tot_pct": 10.8816, "mix_s_tot_pct": 10.8816, "solar_s_seasonal_pct": 23.4617, "solar_s_diurnal_pct": 1.3926, "wind_s_seasonal_pct": 10.854, "wind_s_diurnal_pct": 0.0276, "solar_flaute_days": 0.875, "wind_flaute_days": 5.625, "solar_gap30d_max": 0.7372, "wind_gap30d_max": 0.7411, "solar_trend_pct_decade": -0.3548, "wind_trend_pct_decade": 3.6202}, "colocation": {"k": [0, 17, 35, 50], "storage_pct_cons": [10.8816, 8.0067, 5.8623, 5.0456], "pick": ["base", "solar", "solar", "solar"]}, "datasets": {"gldas": {"series_norm": {"months": [1, 2, 3, 4, 5, 6, 7, 8, 9, 10, 11, 12], "demand": [1.0, 1.0, 1.0, 1.0, 1.0, 1.0, 1.0, 1.0, 1.0, 1.0, 1.0, 1.0], "solar_supply": [0.557737, 0.839009, 1.206674, 1.602018, 1.942737, 2.06102, 2.039815, 1.847811, 1.441742, 0.938824, 0.57779, 0.445446], "wind_supply": [1.132258, 1.132639, 1.391494, 1.580325, 1.565268, 1.34949, 1.286196, 1.308079, 1.311166, 1.279088, 1.290474, 1.194117], "mix_supply": [1.132258, 1.132639, 1.391494, 1.580325, 1.565268, 1.34949, 1.286196, 1.308079, 1.311166, 1.279088, 1.290474, 1.194117], "mix_storage": [0.079514, 0.071694, 0.074481, 0.089374, 0.100888, 0.103612, 0.102236, 0.097841, 0.095381, 0.092787, 0.08995, 0.086302], "mix_s_tot": 0.108816}}, "nldas": null}, "pdf": "figures/251.pdf"}