{"id": 252, "name": "Rio Grande do Sul", "country": "Brazil", "level": "admin1", "continent": "South America", "metrics": {"solar_cf": 0.1951, "wind_cf": 0.2296, "solar_f_adj": 1.3251, "wind_f_adj": 1.5185, "mix_alpha": 0.3, "mix_f_adj": 1.3707, "solar_s_tot_pct": 16.6105, "wind_s_tot_pct": 14.7573, "mix_s_tot_pct": 12.0707, "solar_s_seasonal_pct": 15.6244, "solar_s_diurnal_pct": 0.9861, "wind_s_seasonal_pct": 14.1253, "wind_s_diurnal_pct": 0.632, "solar_flaute_days": 3.625, "wind_flaute_days": 6.625, "solar_gap30d_max": 0.7099, "wind_gap30d_max": 0.7284, "solar_trend_pct_decade": 1.6286, "wind_trend_pct_decade": -12.3055}, "colocation": {"k": [0, 17, 35, 50], "storage_pct_cons": [12.0707, 7.0523, 4.2067, 2.0601], "pick": ["base", "solar", "solar", "solar"]}, "datasets": {"gldas": {"series_norm": {"months": [1, 2, 3, 4, 5, 6, 7, 8, 9, 10, 11, 12], "demand": [1.0, 1.0, 1.0, 1.0, 1.0, 1.0, 1.0, 1.0, 1.0, 1.0, 1.0, 1.0], "solar_supply": [1.844328, 1.701149, 1.45166, 1.133483, 0.834963, 0.697216, 0.797126, 1.032639, 1.245873, 1.498352, 1.792711, 1.890758], "wind_supply": [1.409122, 1.213787, 1.213251, 1.200544, 1.290323, 1.449236, 1.595834, 1.78439, 1.897525, 1.86106, 1.763694, 1.524024], "mix_supply": [1.462782, 1.294917, 1.217151, 1.110377, 1.074463, 1.132129, 1.255769, 1.448004, 1.585669, 1.640983, 1.670811, 1.549796], "mix_storage": [0.117276, 0.11682, 0.113014, 0.106204, 0.095475, 0.088686, 0.086134, 0.08801, 0.092948, 0.098945, 0.107604, 0.114146], "mix_s_tot": 0.120707}}, "nldas": null}, "pdf": "figures/252.pdf"}