{"id": 253, "name": "Dornod", "country": "Mongolia", "level": "admin1", "continent": "Asia", "metrics": {"solar_cf": 0.1606, "wind_cf": 0.4395, "solar_f_adj": 1.2945, "wind_f_adj": 1.4632, "mix_alpha": 0.0, "mix_f_adj": 1.4632, "solar_s_tot_pct": 23.8835, "wind_s_tot_pct": 14.5028, "mix_s_tot_pct": 14.5028, "solar_s_seasonal_pct": 22.6383, "solar_s_diurnal_pct": 1.2452, "wind_s_seasonal_pct": 13.9153, "wind_s_diurnal_pct": 0.5875, "solar_flaute_days": 0.875, "wind_flaute_days": 9.625, "solar_gap30d_max": 0.7285, "wind_gap30d_max": 0.7472, "solar_trend_pct_decade": -2.4406, "wind_trend_pct_decade": -12.9847}, "colocation": {"k": [0, 17, 35, 50], "storage_pct_cons": [14.5028, 9.4127, 6.2538, 4.8223], "pick": ["base", "solar", "solar", "solar"]}, "datasets": {"gldas": {"series_norm": {"months": [1, 2, 3, 4, 5, 6, 7, 8, 9, 10, 11, 12], "demand": [1.0, 1.0, 1.0, 1.0, 1.0, 1.0, 1.0, 1.0, 1.0, 1.0, 1.0, 1.0], "solar_supply": [0.565388, 0.905178, 1.337281, 1.721531, 1.954992, 2.02452, 1.917205, 1.738697, 1.386813, 0.917043, 0.589224, 0.458818], "wind_supply": [1.203148, 1.275979, 1.53407, 1.952713, 1.913432, 1.403542, 1.161564, 1.234685, 1.547187, 1.545488, 1.452838, 1.333292], "mix_supply": [1.203148, 1.275979, 1.53407, 1.952713, 1.913432, 1.403542, 1.161564, 1.234685, 1.547187, 1.545488, 1.452838, 1.333292], "mix_storage": [0.123822, 0.120054, 0.120533, 0.131498, 0.139219, 0.139044, 0.132112, 0.124748, 0.125961, 0.132328, 0.134037, 0.133388], "mix_s_tot": 0.145028}}, "nldas": null}, "pdf": "figures/253.pdf"}