{"id": 254, "name": "Inner Mongol", "country": "China", "level": "admin1", "continent": "Asia", "metrics": {"solar_cf": 0.1727, "wind_cf": 0.3645, "solar_f_adj": 1.2702, "wind_f_adj": 1.2059, "mix_alpha": 0.3, "mix_f_adj": 1.1686, "solar_s_tot_pct": 19.9523, "wind_s_tot_pct": 12.3026, "mix_s_tot_pct": 11.7006, "solar_s_seasonal_pct": 18.8708, "solar_s_diurnal_pct": 1.0815, "wind_s_seasonal_pct": 12.3931, "wind_s_diurnal_pct": -0.0905, "solar_flaute_days": 0.75, "wind_flaute_days": 7.5, "solar_gap30d_max": 0.6924, "wind_gap30d_max": 0.646, "solar_trend_pct_decade": -2.1626, "wind_trend_pct_decade": -1.2374}, "colocation": {"k": [0, 17, 35, 50], "storage_pct_cons": [11.7006, 7.0703, 5.3834, 4.1092], "pick": ["base", "wind", "wind", "solar"]}, "datasets": {"gldas": {"series_norm": {"months": [1, 2, 3, 4, 5, 6, 7, 8, 9, 10, 11, 12], "demand": [1.0, 1.0, 1.0, 1.0, 1.0, 1.0, 1.0, 1.0, 1.0, 1.0, 1.0, 1.0], "solar_supply": [0.654914, 0.944554, 1.316067, 1.635976, 1.836623, 1.869024, 1.785582, 1.629488, 1.339246, 0.977514, 0.68187, 0.556516], "wind_supply": [1.00788, 1.114355, 1.410638, 1.642742, 1.605091, 1.12354, 0.977787, 0.938905, 1.064553, 1.164772, 1.244814, 1.175665], "mix_supply": [0.864465, 1.016636, 1.320163, 1.56591, 1.59575, 1.278029, 1.156126, 1.086667, 1.091791, 1.059934, 1.032631, 0.951124], "mix_storage": [0.059686, 0.044924, 0.048304, 0.071337, 0.09721, 0.107928, 0.107504, 0.104252, 0.098964, 0.094322, 0.087361, 0.078096], "mix_s_tot": 0.117006}}, "nldas": null}, "pdf": "figures/254.pdf"}