{"id": 255, "name": "Bayan-\u00d6lgiy", "country": "Mongolia", "level": "admin1", "continent": "Asia", "metrics": {"solar_cf": 0.1612, "wind_cf": 0.1233, "solar_f_adj": 1.349, "wind_f_adj": 2.2479, "mix_alpha": 0.25, "mix_f_adj": 1.7786, "solar_s_tot_pct": 26.5572, "wind_s_tot_pct": 23.1713, "mix_s_tot_pct": 18.7147, "solar_s_seasonal_pct": 25.8153, "solar_s_diurnal_pct": 0.7419, "wind_s_seasonal_pct": 23.1474, "wind_s_diurnal_pct": 0.0239, "solar_flaute_days": 0.875, "wind_flaute_days": 23.625, "solar_gap30d_max": 0.7506, "wind_gap30d_max": 0.9736, "solar_trend_pct_decade": -0.7395, "wind_trend_pct_decade": 11.2152}, "colocation": {"k": [0, 17, 35, 50], "storage_pct_cons": [18.7147, 15.4829, 12.3885, 10.2347], "pick": ["base", "wind", "solar", "solar"]}, "datasets": {"gldas": {"series_norm": {"months": [1, 2, 3, 4, 5, 6, 7, 8, 9, 10, 11, 12], "demand": [1.0, 1.0, 1.0, 1.0, 1.0, 1.0, 1.0, 1.0, 1.0, 1.0, 1.0, 1.0], "solar_supply": [0.539342, 0.877789, 1.345818, 1.788826, 2.114304, 2.18274, 2.087673, 1.85066, 1.437962, 0.940808, 0.56871, 0.429535], "wind_supply": [1.538262, 1.724718, 2.385799, 2.995474, 3.268744, 2.241177, 2.039543, 2.004735, 2.390766, 2.280589, 2.42233, 1.671024], "mix_supply": [1.09057, 1.31277, 1.859321, 2.36712, 2.63656, 2.049366, 1.898382, 1.799604, 1.89264, 1.663392, 1.62485, 1.133156], "mix_storage": [0.125579, 0.105159, 0.113762, 0.141056, 0.171189, 0.180297, 0.180926, 0.17987, 0.1787, 0.173568, 0.168514, 0.149484], "mix_s_tot": 0.187147}}, "nldas": null}, "pdf": "figures/255.pdf"}