{"id": 256, "name": "Hovd", "country": "Mongolia", "level": "admin1", "continent": "Asia", "metrics": {"solar_cf": 0.174, "wind_cf": 0.1998, "solar_f_adj": 1.3098, "wind_f_adj": 1.677, "mix_alpha": 1.0, "mix_f_adj": 1.3098, "solar_s_tot_pct": 24.6983, "wind_s_tot_pct": 35.536, "mix_s_tot_pct": 24.6983, "solar_s_seasonal_pct": 23.7433, "solar_s_diurnal_pct": 0.955, "wind_s_seasonal_pct": 35.1595, "wind_s_diurnal_pct": 0.3765, "solar_flaute_days": 0.75, "wind_flaute_days": 40.625, "solar_gap30d_max": 0.7286, "wind_gap30d_max": 0.9818, "solar_trend_pct_decade": -1.4829, "wind_trend_pct_decade": -10.5677}, "colocation": {"k": [0, 17, 35, 50], "storage_pct_cons": [24.6983, 21.1895, 17.9738, 15.4413], "pick": ["base", "wind", "wind", "wind"]}, "datasets": {"gldas": {"series_norm": {"months": [1, 2, 3, 4, 5, 6, 7, 8, 9, 10, 11, 12], "demand": [1.0, 1.0, 1.0, 1.0, 1.0, 1.0, 1.0, 1.0, 1.0, 1.0, 1.0, 1.0], "solar_supply": [0.565265, 0.891062, 1.321615, 1.706857, 1.988501, 2.05632, 1.973418, 1.760338, 1.416872, 0.957501, 0.59972, 0.459704], "wind_supply": [0.830425, 0.974088, 1.532634, 2.462903, 2.839093, 2.241536, 1.998324, 1.724047, 1.74796, 1.494693, 1.380943, 0.871857], "mix_supply": [0.565265, 0.891062, 1.321615, 1.706857, 1.988501, 2.05632, 1.973418, 1.760338, 1.416872, 0.957501, 0.59972, 0.459704], "mix_storage": [0.068963, 0.028414, 0.020468, 0.044623, 0.09342, 0.154661, 0.210097, 0.238453, 0.243307, 0.231059, 0.188373, 0.126636], "mix_s_tot": 0.246983}}, "nldas": null}, "pdf": "figures/256.pdf"}