{"id": 257, "name": "S\u00fchbaatar", "country": "Mongolia", "level": "admin1", "continent": "Asia", "metrics": {"solar_cf": 0.1694, "wind_cf": 0.4398, "solar_f_adj": 1.2929, "wind_f_adj": 1.3561, "mix_alpha": 0.0, "mix_f_adj": 1.3561, "solar_s_tot_pct": 22.2071, "wind_s_tot_pct": 15.1144, "mix_s_tot_pct": 15.1144, "solar_s_seasonal_pct": 21.2093, "solar_s_diurnal_pct": 0.9977, "wind_s_seasonal_pct": 14.7312, "wind_s_diurnal_pct": 0.3832, "solar_flaute_days": 0.75, "wind_flaute_days": 7.875, "solar_gap30d_max": 0.7138, "wind_gap30d_max": 0.7424, "solar_trend_pct_decade": -1.4651, "wind_trend_pct_decade": -7.6375}, "colocation": {"k": [0, 17, 35, 50], "storage_pct_cons": [15.1144, 7.6984, 5.6193, 4.0678], "pick": ["base", "solar", "solar", "solar"]}, "datasets": {"gldas": {"series_norm": {"months": [1, 2, 3, 4, 5, 6, 7, 8, 9, 10, 11, 12], "demand": [1.0, 1.0, 1.0, 1.0, 1.0, 1.0, 1.0, 1.0, 1.0, 1.0, 1.0, 1.0], "solar_supply": [0.610868, 0.93102, 1.337889, 1.701124, 1.903044, 1.940648, 1.870537, 1.715839, 1.397079, 0.955069, 0.630712, 0.504707], "wind_supply": [1.122268, 1.138438, 1.422454, 1.766373, 1.806219, 1.344129, 1.128661, 1.113696, 1.37407, 1.419222, 1.377292, 1.255832], "mix_supply": [1.122268, 1.138438, 1.422454, 1.766373, 1.806219, 1.344129, 1.128661, 1.113696, 1.37407, 1.419222, 1.377292, 1.255832], "mix_storage": [0.129134, 0.121563, 0.121936, 0.134958, 0.143626, 0.144611, 0.138821, 0.130441, 0.128821, 0.135714, 0.137161, 0.136946], "mix_s_tot": 0.151144}}, "nldas": null}, "pdf": "figures/257.pdf"}