{"id": 258, "name": "Dornogovi", "country": "Mongolia", "level": "admin1", "continent": "Asia", "metrics": {"solar_cf": 0.1798, "wind_cf": 0.4643, "solar_f_adj": 1.2663, "wind_f_adj": 1.1958, "mix_alpha": 0.0, "mix_f_adj": 1.1958, "solar_s_tot_pct": 21.2426, "wind_s_tot_pct": 11.1216, "mix_s_tot_pct": 11.1216, "solar_s_seasonal_pct": 20.0129, "solar_s_diurnal_pct": 1.2297, "wind_s_seasonal_pct": 10.7977, "wind_s_diurnal_pct": 0.3239, "solar_flaute_days": 0.75, "wind_flaute_days": 8.875, "solar_gap30d_max": 0.7083, "wind_gap30d_max": 0.6343, "solar_trend_pct_decade": -0.9234, "wind_trend_pct_decade": 1.2897}, "colocation": {"k": [0, 17, 35, 50], "storage_pct_cons": [11.1216, 7.0887, 4.6952, 3.5603], "pick": ["base", "solar", "solar", "solar"]}, "datasets": {"gldas": {"series_norm": {"months": [1, 2, 3, 4, 5, 6, 7, 8, 9, 10, 11, 12], "demand": [1.0, 1.0, 1.0, 1.0, 1.0, 1.0, 1.0, 1.0, 1.0, 1.0, 1.0, 1.0], "solar_supply": [0.623687, 0.916689, 1.29217, 1.637793, 1.851519, 1.894442, 1.815851, 1.648297, 1.353544, 0.969951, 0.652531, 0.52317], "wind_supply": [0.987621, 1.023965, 1.315907, 1.512164, 1.560906, 1.231075, 1.054183, 1.016816, 1.154322, 1.168245, 1.19314, 1.126244], "mix_supply": [0.987621, 1.023965, 1.315907, 1.512164, 1.560906, 1.231075, 1.054183, 1.016816, 1.154322, 1.168245, 1.19314, 1.126244], "mix_storage": [0.076651, 0.064556, 0.067598, 0.085245, 0.101245, 0.103945, 0.098685, 0.089189, 0.083266, 0.085205, 0.087415, 0.087405], "mix_s_tot": 0.111216}}, "nldas": null}, "pdf": "figures/258.pdf"}