{"id": 259, "name": "Govi-Altay", "country": "Mongolia", "level": "admin1", "continent": "Asia", "metrics": {"solar_cf": 0.1865, "wind_cf": 0.3147, "solar_f_adj": 1.2957, "wind_f_adj": 1.3404, "mix_alpha": 0.4, "mix_f_adj": 1.2494, "solar_s_tot_pct": 22.7768, "wind_s_tot_pct": 22.3592, "mix_s_tot_pct": 21.8912, "solar_s_seasonal_pct": 21.6223, "solar_s_diurnal_pct": 1.1544, "wind_s_seasonal_pct": 22.4127, "wind_s_diurnal_pct": -0.0536, "solar_flaute_days": 0.75, "wind_flaute_days": 17.625, "solar_gap30d_max": 0.7138, "wind_gap30d_max": 0.9024, "solar_trend_pct_decade": -1.3648, "wind_trend_pct_decade": -3.9189}, "colocation": {"k": [0, 17, 35, 50], "storage_pct_cons": [21.8912, 17.4687, 13.7606, 11.0454], "pick": ["base", "solar", "solar", "solar"]}, "datasets": {"gldas": {"series_norm": {"months": [1, 2, 3, 4, 5, 6, 7, 8, 9, 10, 11, 12], "demand": [1.0, 1.0, 1.0, 1.0, 1.0, 1.0, 1.0, 1.0, 1.0, 1.0, 1.0, 1.0], "solar_supply": [0.595581, 0.901933, 1.305079, 1.669813, 1.928236, 1.98633, 1.911525, 1.712611, 1.4076, 0.986538, 0.630942, 0.493052], "wind_supply": [0.79892, 0.931976, 1.348513, 1.837361, 1.997909, 1.672589, 1.501837, 1.370002, 1.299449, 1.206384, 1.186482, 0.917974], "mix_supply": [0.676503, 0.869075, 1.257512, 1.671573, 1.861033, 1.701509, 1.577166, 1.426717, 1.269617, 1.055166, 0.90688, 0.703536], "mix_storage": [0.109602, 0.076346, 0.069372, 0.0926, 0.137572, 0.176041, 0.198121, 0.207394, 0.207589, 0.199813, 0.180851, 0.148009], "mix_s_tot": 0.218912}}, "nldas": null}, "pdf": "figures/259.pdf"}