{"id": 26, "name": "Republic of the Congo", "country": "Republic of the Congo", "level": "admin0", "continent": "Africa", "metrics": {"solar_cf": 0.1971, "wind_cf": 0.0014, "solar_f_adj": 1.2678, "wind_f_adj": 21.1743, "mix_alpha": 0.65, "mix_f_adj": 1.7804, "solar_s_tot_pct": 5.1702, "wind_s_tot_pct": 51.9853, "mix_s_tot_pct": 4.3608, "solar_s_seasonal_pct": 4.0024, "solar_s_diurnal_pct": 1.1678, "wind_s_seasonal_pct": 51.773, "wind_s_diurnal_pct": 0.2123, "solar_flaute_days": 0.75, "wind_flaute_days": 137.875, "solar_gap30d_max": 0.5927, "wind_gap30d_max": 1.0, "solar_trend_pct_decade": 1.8608, "wind_trend_pct_decade": 48.538}, "colocation": {"k": [0, 17, 35, 50], "storage_pct_cons": [4.3608, 0.9216, 0.4993, 0.4306], "pick": ["base", "solar", "solar", "wind"]}, "datasets": {"gldas": {"series_norm": {"months": [1, 2, 3, 4, 5, 6, 7, 8, 9, 10, 11, 12], "demand": [1.0, 1.0, 1.0, 1.0, 1.0, 1.0, 1.0, 1.0, 1.0, 1.0, 1.0, 1.0], "solar_supply": [1.345401, 1.335709, 1.353412, 1.293551, 1.249614, 1.213246, 1.242401, 1.25577, 1.242611, 1.207174, 1.221542, 1.256018], "wind_supply": [9.264528, 19.297898, 20.176236, 10.992753, 3.287943, 12.894813, 45.15263, 75.4332, 37.556781, 10.270508, 4.648976, 4.339504], "mix_supply": [1.500722, 1.787146, 1.829154, 1.504253, 1.237404, 1.486926, 2.462849, 3.366174, 2.239504, 1.404154, 1.251834, 1.274196], "mix_storage": [0.030715, 0.036041, 0.039888, 0.040583, 0.037014, 0.034909, 0.036876, 0.040957, 0.040556, 0.037782, 0.03239, 0.028508], "mix_s_tot": 0.043608}}, "nldas": null}, "pdf": "figures/26.pdf"}