{"id": 260, "name": "Gansu", "country": "China", "level": "admin1", "continent": "Asia", "metrics": {"solar_cf": 0.1799, "wind_cf": 0.2171, "solar_f_adj": 1.2916, "wind_f_adj": 1.5858, "mix_alpha": 0.75, "mix_f_adj": 1.3009, "solar_s_tot_pct": 16.6478, "wind_s_tot_pct": 17.383, "mix_s_tot_pct": 16.1858, "solar_s_seasonal_pct": 15.402, "solar_s_diurnal_pct": 1.2458, "wind_s_seasonal_pct": 16.8742, "wind_s_diurnal_pct": 0.5088, "solar_flaute_days": 0.75, "wind_flaute_days": 10.25, "solar_gap30d_max": 0.6615, "wind_gap30d_max": 0.8127, "solar_trend_pct_decade": -2.44, "wind_trend_pct_decade": -16.155}, "colocation": {"k": [0, 17, 35, 50], "storage_pct_cons": [16.1858, 10.4183, 6.8091, 4.5986], "pick": ["base", "solar", "wind", "wind"]}, "datasets": {"gldas": {"series_norm": {"months": [1, 2, 3, 4, 5, 6, 7, 8, 9, 10, 11, 12], "demand": [1.0, 1.0, 1.0, 1.0, 1.0, 1.0, 1.0, 1.0, 1.0, 1.0, 1.0, 1.0], "solar_supply": [0.805972, 1.038933, 1.34074, 1.604328, 1.749695, 1.753075, 1.726121, 1.57334, 1.296734, 1.048635, 0.82874, 0.720275], "wind_supply": [1.301695, 1.56262, 1.952532, 2.239975, 2.088804, 1.662855, 1.559091, 1.475147, 1.289957, 1.220282, 1.373449, 1.308833], "mix_supply": [0.875774, 1.105261, 1.413206, 1.671267, 1.750075, 1.665277, 1.623637, 1.491012, 1.244086, 1.042384, 0.907688, 0.812502], "mix_storage": [0.066474, 0.049181, 0.051101, 0.070473, 0.101825, 0.128855, 0.143826, 0.152655, 0.154082, 0.143904, 0.122267, 0.093388], "mix_s_tot": 0.161858}}, "nldas": null}, "pdf": "figures/260.pdf"}