{"id": 261, "name": "Bayanhongor", "country": "Mongolia", "level": "admin1", "continent": "Asia", "metrics": {"solar_cf": 0.1856, "wind_cf": 0.3022, "solar_f_adj": 1.2815, "wind_f_adj": 1.4098, "mix_alpha": 1.0, "mix_f_adj": 1.2815, "solar_s_tot_pct": 22.0629, "wind_s_tot_pct": 24.6153, "mix_s_tot_pct": 22.0629, "solar_s_seasonal_pct": 20.752, "solar_s_diurnal_pct": 1.3108, "wind_s_seasonal_pct": 24.4672, "wind_s_diurnal_pct": 0.1481, "solar_flaute_days": 0.75, "wind_flaute_days": 19.375, "solar_gap30d_max": 0.7098, "wind_gap30d_max": 0.9002, "solar_trend_pct_decade": -1.0123, "wind_trend_pct_decade": -4.8477}, "colocation": {"k": [0, 17, 35, 50], "storage_pct_cons": [22.0629, 17.6752, 14.1521, 11.301], "pick": ["base", "wind", "wind", "wind"]}, "datasets": {"gldas": {"series_norm": {"months": [1, 2, 3, 4, 5, 6, 7, 8, 9, 10, 11, 12], "demand": [1.0, 1.0, 1.0, 1.0, 1.0, 1.0, 1.0, 1.0, 1.0, 1.0, 1.0, 1.0], "solar_supply": [0.604213, 0.908116, 1.298757, 1.661879, 1.894168, 1.942362, 1.858664, 1.674675, 1.38637, 0.990992, 0.637422, 0.503284], "wind_supply": [0.773516, 0.932882, 1.446486, 1.920854, 2.150338, 1.754022, 1.64164, 1.515161, 1.426718, 1.218018, 1.160614, 0.955115], "mix_supply": [0.604213, 0.908116, 1.298757, 1.661879, 1.894168, 1.942362, 1.858664, 1.674675, 1.38637, 0.990992, 0.637422, 0.503284], "mix_storage": [0.055773, 0.018201, 0.009699, 0.031408, 0.075835, 0.130021, 0.17935, 0.209246, 0.215699, 0.205024, 0.166434, 0.109015], "mix_s_tot": 0.220629}}, "nldas": null}, "pdf": "figures/261.pdf"}