{"id": 262, "name": "\u00d6mn\u00f6govi", "country": "Mongolia", "level": "admin1", "continent": "Asia", "metrics": {"solar_cf": 0.1847, "wind_cf": 0.4098, "solar_f_adj": 1.2497, "wind_f_adj": 1.3351, "mix_alpha": 0.25, "mix_f_adj": 1.2612, "solar_s_tot_pct": 20.6038, "wind_s_tot_pct": 17.6351, "mix_s_tot_pct": 16.6483, "solar_s_seasonal_pct": 19.2869, "solar_s_diurnal_pct": 1.3169, "wind_s_seasonal_pct": 17.3952, "wind_s_diurnal_pct": 0.2398, "solar_flaute_days": 0.75, "wind_flaute_days": 7.875, "solar_gap30d_max": 0.6878, "wind_gap30d_max": 0.6973, "solar_trend_pct_decade": -0.9739, "wind_trend_pct_decade": 7.1148}, "colocation": {"k": [0, 17, 35, 50], "storage_pct_cons": [16.6483, 9.8607, 6.8597, 4.5219], "pick": ["base", "wind", "solar", "solar"]}, "datasets": {"gldas": {"series_norm": {"months": [1, 2, 3, 4, 5, 6, 7, 8, 9, 10, 11, 12], "demand": [1.0, 1.0, 1.0, 1.0, 1.0, 1.0, 1.0, 1.0, 1.0, 1.0, 1.0, 1.0], "solar_supply": [0.636084, 0.912158, 1.269665, 1.601853, 1.821416, 1.847907, 1.753648, 1.603518, 1.333823, 0.990171, 0.669828, 0.541011], "wind_supply": [0.98398, 1.081425, 1.500605, 1.709304, 1.80826, 1.464863, 1.32286, 1.262917, 1.235857, 1.22003, 1.278326, 1.141815], "mix_supply": [0.857615, 0.996307, 1.383487, 1.615158, 1.740662, 1.504056, 1.379667, 1.299321, 1.212105, 1.114189, 1.074668, 0.945452], "mix_storage": [0.109195, 0.090369, 0.095135, 0.119044, 0.145812, 0.157088, 0.160597, 0.159403, 0.15669, 0.151125, 0.143624, 0.13066], "mix_s_tot": 0.166483}}, "nldas": null}, "pdf": "figures/262.pdf"}