{"id": 263, "name": "Gorno-Altay", "country": "Russia", "level": "admin1", "continent": "Europe", "metrics": {"solar_cf": 0.1451, "wind_cf": 0.0964, "solar_f_adj": 1.376, "wind_f_adj": 6.1902, "mix_alpha": 0.05, "mix_f_adj": 4.9175, "solar_s_tot_pct": 28.5012, "wind_s_tot_pct": 12.4503, "mix_s_tot_pct": 9.6708, "solar_s_seasonal_pct": 27.8477, "solar_s_diurnal_pct": 0.6535, "wind_s_seasonal_pct": 11.3308, "wind_s_diurnal_pct": 1.1194, "solar_flaute_days": 0.875, "wind_flaute_days": 27.5, "solar_gap30d_max": 0.7769, "wind_gap30d_max": 0.9794, "solar_trend_pct_decade": 0.1282, "wind_trend_pct_decade": -57.4093}, "colocation": {"k": [0, 17, 35, 50], "storage_pct_cons": [9.6708, 7.3586, 6.2054, 5.3858], "pick": ["base", "solar", "solar", "solar"]}, "datasets": {"gldas": {"series_norm": {"months": [1, 2, 3, 4, 5, 6, 7, 8, 9, 10, 11, 12], "demand": [1.0, 1.0, 1.0, 1.0, 1.0, 1.0, 1.0, 1.0, 1.0, 1.0, 1.0, 1.0], "solar_supply": [0.497004, 0.862362, 1.386703, 1.848739, 2.194394, 2.330432, 2.208969, 1.941413, 1.418702, 0.891937, 0.52504, 0.380196], "wind_supply": [7.64521, 6.956062, 7.971145, 6.813095, 6.223776, 4.035854, 3.146028, 3.379679, 4.923335, 6.675988, 8.683641, 7.88802], "mix_supply": [5.858489, 5.403689, 6.263446, 5.472051, 5.08907, 3.462199, 2.768962, 2.897484, 3.969046, 5.197609, 6.647181, 6.020861], "mix_storage": [0.090427, 0.08363, 0.087178, 0.090293, 0.09487, 0.094182, 0.093494, 0.092187, 0.091787, 0.089348, 0.092285, 0.088816], "mix_s_tot": 0.096708}}, "nldas": null}, "pdf": "figures/263.pdf"}