{"id": 264, "name": "Pskov", "country": "Russia", "level": "admin1", "continent": "Europe", "metrics": {"solar_cf": 0.1171, "wind_cf": 0.2673, "solar_f_adj": 1.4602, "wind_f_adj": 1.4734, "mix_alpha": 0.2, "mix_f_adj": 1.3506, "solar_s_tot_pct": 37.8869, "wind_s_tot_pct": 18.9549, "mix_s_tot_pct": 5.6283, "solar_s_seasonal_pct": 37.2318, "solar_s_diurnal_pct": 0.6551, "wind_s_seasonal_pct": 18.5, "wind_s_diurnal_pct": 0.4549, "solar_flaute_days": 13.75, "wind_flaute_days": 8.5, "solar_gap30d_max": 0.9251, "wind_gap30d_max": 0.7137, "solar_trend_pct_decade": -0.537, "wind_trend_pct_decade": -9.3906}, "colocation": {"k": [0, 17, 35, 50], "storage_pct_cons": [5.6283, 4.9103, 4.7882, 4.4516], "pick": ["base", "wind", "solar", "solar"]}, "datasets": {"gldas": {"series_norm": {"months": [1, 2, 3, 4, 5, 6, 7, 8, 9, 10, 11, 12], "demand": [1.0, 1.0, 1.0, 1.0, 1.0, 1.0, 1.0, 1.0, 1.0, 1.0, 1.0, 1.0], "solar_supply": [0.281825, 0.634163, 1.281666, 1.987108, 2.687177, 2.928743, 2.836485, 2.272648, 1.429972, 0.660305, 0.290011, 0.18402], "wind_supply": [1.945536, 1.720248, 1.59056, 1.359847, 1.192534, 1.144292, 0.922224, 1.060052, 1.292458, 1.644632, 1.817311, 2.004547], "mix_supply": [1.478796, 1.378771, 1.403451, 1.364769, 1.371584, 1.380895, 1.200986, 1.197751, 1.212288, 1.328158, 1.386283, 1.503976], "mix_storage": [0.04815, 0.046881, 0.045677, 0.048839, 0.051415, 0.051897, 0.049515, 0.046353, 0.042869, 0.043631, 0.045669, 0.046515], "mix_s_tot": 0.056283}}, "nldas": null}, "pdf": "figures/264.pdf"}