{"id": 265, "name": "Krasnodar", "country": "Russia", "level": "admin1", "continent": "Europe", "metrics": {"solar_cf": 0.1489, "wind_cf": 0.3438, "solar_f_adj": 1.3105, "wind_f_adj": 1.4753, "mix_alpha": 0.1, "mix_f_adj": 1.3996, "solar_s_tot_pct": 29.8492, "wind_s_tot_pct": 11.7557, "mix_s_tot_pct": 9.0529, "solar_s_seasonal_pct": 29.3324, "solar_s_diurnal_pct": 0.5169, "wind_s_seasonal_pct": 11.5513, "wind_s_diurnal_pct": 0.2044, "solar_flaute_days": 1.75, "wind_flaute_days": 7.5, "solar_gap30d_max": 0.7957, "wind_gap30d_max": 0.7042, "solar_trend_pct_decade": -1.2259, "wind_trend_pct_decade": -15.7215}, "colocation": {"k": [0, 17, 35, 50], "storage_pct_cons": [9.0529, 7.1852, 5.1314, 3.5933], "pick": ["base", "solar", "solar", "solar"]}, "datasets": {"gldas": {"series_norm": {"months": [1, 2, 3, 4, 5, 6, 7, 8, 9, 10, 11, 12], "demand": [1.0, 1.0, 1.0, 1.0, 1.0, 1.0, 1.0, 1.0, 1.0, 1.0, 1.0, 1.0], "solar_supply": [0.457423, 0.719637, 1.067568, 1.568282, 1.993848, 2.218786, 2.30013, 2.028364, 1.479901, 0.927359, 0.544419, 0.385681], "wind_supply": [1.804678, 1.914005, 1.82429, 1.494996, 1.194556, 1.105456, 1.084522, 1.226945, 1.372731, 1.438135, 1.553445, 1.71714], "mix_supply": [1.589644, 1.71099, 1.671551, 1.443883, 1.232825, 1.180776, 1.171591, 1.264164, 1.330058, 1.326887, 1.384439, 1.507245], "mix_storage": [0.080405, 0.083627, 0.087633, 0.086555, 0.081675, 0.076011, 0.070616, 0.069455, 0.07269, 0.075581, 0.074146, 0.077279], "mix_s_tot": 0.090529}}, "nldas": null}, "pdf": "figures/265.pdf"}