{"id": 266, "name": "Karachay-Cherkess", "country": "Russia", "level": "admin1", "continent": "Europe", "metrics": {"solar_cf": 0.1483, "wind_cf": 0.1245, "solar_f_adj": 1.3861, "wind_f_adj": 2.1299, "mix_alpha": 0.25, "mix_f_adj": 1.6423, "solar_s_tot_pct": 23.8244, "wind_s_tot_pct": 25.6439, "mix_s_tot_pct": 11.7736, "solar_s_seasonal_pct": 22.4735, "solar_s_diurnal_pct": 1.3509, "wind_s_seasonal_pct": 24.7177, "wind_s_diurnal_pct": 0.9262, "solar_flaute_days": 1.75, "wind_flaute_days": 12.125, "solar_gap30d_max": 0.7611, "wind_gap30d_max": 0.8463, "solar_trend_pct_decade": 2.4506, "wind_trend_pct_decade": -35.9542}, "colocation": {"k": [0, 17, 35, 50], "storage_pct_cons": [11.7736, 7.6676, 6.1443, 5.0049], "pick": ["base", "wind", "wind", "solar"]}, "datasets": {"gldas": {"series_norm": {"months": [1, 2, 3, 4, 5, 6, 7, 8, 9, 10, 11, 12], "demand": [1.0, 1.0, 1.0, 1.0, 1.0, 1.0, 1.0, 1.0, 1.0, 1.0, 1.0, 1.0], "solar_supply": [0.604342, 0.892352, 1.241391, 1.63831, 1.934083, 2.169514, 2.297999, 2.062388, 1.537141, 1.02827, 0.684004, 0.51548], "wind_supply": [3.394612, 3.282974, 3.036762, 2.129888, 1.515741, 1.24944, 1.067283, 1.168363, 1.385619, 1.894688, 2.348004, 3.142412], "mix_supply": [2.14213, 2.162878, 2.123878, 1.716996, 1.449439, 1.365171, 1.297886, 1.286553, 1.256614, 1.400283, 1.560467, 1.96996], "mix_storage": [0.09346, 0.096931, 0.101664, 0.104781, 0.1066, 0.105495, 0.103153, 0.102125, 0.098512, 0.091851, 0.085141, 0.086007], "mix_s_tot": 0.117736}}, "nldas": null}, "pdf": "figures/266.pdf"}