{"id": 267, "name": "Kabardin-Balkar", "country": "Russia", "level": "admin1", "continent": "Europe", "metrics": {"solar_cf": 0.1438, "wind_cf": 0.1208, "solar_f_adj": 1.4187, "wind_f_adj": 2.0786, "mix_alpha": 0.1, "mix_f_adj": 1.882, "solar_s_tot_pct": 21.8014, "wind_s_tot_pct": 16.5306, "mix_s_tot_pct": 13.072, "solar_s_seasonal_pct": 20.8274, "solar_s_diurnal_pct": 0.974, "wind_s_seasonal_pct": 15.6357, "wind_s_diurnal_pct": 0.8949, "solar_flaute_days": 2.75, "wind_flaute_days": 10.375, "solar_gap30d_max": 0.7408, "wind_gap30d_max": 0.829, "solar_trend_pct_decade": 4.5044, "wind_trend_pct_decade": -31.1778}, "colocation": {"k": [0, 17, 35, 50], "storage_pct_cons": [13.072, 9.9717, 6.6854, 5.1513], "pick": ["base", "solar", "solar", "solar"]}, "datasets": {"gldas": {"series_norm": {"months": [1, 2, 3, 4, 5, 6, 7, 8, 9, 10, 11, 12], "demand": [1.0, 1.0, 1.0, 1.0, 1.0, 1.0, 1.0, 1.0, 1.0, 1.0, 1.0, 1.0], "solar_supply": [0.660554, 0.953384, 1.287275, 1.686893, 1.973737, 2.181454, 2.296097, 2.086288, 1.55011, 1.053006, 0.710039, 0.55842], "wind_supply": [2.847717, 2.982165, 2.826042, 2.297533, 1.758541, 1.403377, 1.275221, 1.399371, 1.521354, 1.896066, 2.131358, 2.653286], "mix_supply": [2.408232, 2.55664, 2.473709, 2.096042, 1.69487, 1.433004, 1.343778, 1.417114, 1.445388, 1.684795, 1.831036, 2.23624], "mix_storage": [0.110792, 0.114092, 0.120814, 0.125389, 0.125743, 0.122886, 0.115739, 0.111277, 0.107547, 0.103378, 0.102656, 0.105211], "mix_s_tot": 0.13072}}, "nldas": null}, "pdf": "figures/267.pdf"}