{"id": 268, "name": "North Ossetia", "country": "Russia", "level": "admin1", "continent": "Europe", "metrics": {"solar_cf": 0.1479, "wind_cf": 0.1152, "solar_f_adj": 1.3771, "wind_f_adj": 4.5374, "mix_alpha": 0.25, "mix_f_adj": 2.4624, "solar_s_tot_pct": 21.4984, "wind_s_tot_pct": 25.6171, "mix_s_tot_pct": 17.6767, "solar_s_seasonal_pct": 19.9266, "solar_s_diurnal_pct": 1.5718, "wind_s_seasonal_pct": 24.5846, "wind_s_diurnal_pct": 1.0325, "solar_flaute_days": 1.875, "wind_flaute_days": 20.625, "solar_gap30d_max": 0.7377, "wind_gap30d_max": 0.9737, "solar_trend_pct_decade": 2.6039, "wind_trend_pct_decade": -49.1488}, "colocation": {"k": [0, 17, 35, 50], "storage_pct_cons": [17.6767, 14.1464, 10.8987, 8.4019], "pick": ["base", "wind", "solar", "solar"]}, "datasets": {"gldas": {"series_norm": {"months": [1, 2, 3, 4, 5, 6, 7, 8, 9, 10, 11, 12], "demand": [1.0, 1.0, 1.0, 1.0, 1.0, 1.0, 1.0, 1.0, 1.0, 1.0, 1.0, 1.0], "solar_supply": [0.666264, 0.943295, 1.289271, 1.635856, 1.893403, 2.0845, 2.194029, 2.001156, 1.492993, 1.023068, 0.713716, 0.561905], "wind_supply": [6.897806, 6.794064, 6.667818, 4.912748, 3.618102, 2.794774, 2.272859, 2.534124, 3.010838, 4.064746, 4.829989, 6.167163], "mix_supply": [3.105377, 3.186996, 3.290277, 2.730869, 2.319058, 2.069377, 1.905912, 1.92603, 1.892892, 2.111776, 2.284952, 2.76134], "mix_storage": [0.154637, 0.157507, 0.163641, 0.168968, 0.172263, 0.174686, 0.175416, 0.175706, 0.173926, 0.169619, 0.161948, 0.153731], "mix_s_tot": 0.176767}}, "nldas": null}, "pdf": "figures/268.pdf"}