{"id": 269, "name": "Ingush", "country": "Russia", "level": "admin1", "continent": "Europe", "metrics": {"solar_cf": 0.1458, "wind_cf": 0.1223, "solar_f_adj": 1.294, "wind_f_adj": 3.4436, "mix_alpha": 0.4, "mix_f_adj": 1.8882, "solar_s_tot_pct": 24.9845, "wind_s_tot_pct": 21.608, "mix_s_tot_pct": 21.3666, "solar_s_seasonal_pct": 23.9188, "solar_s_diurnal_pct": 1.0658, "wind_s_seasonal_pct": 21.1575, "wind_s_diurnal_pct": 0.4505, "solar_flaute_days": 1.75, "wind_flaute_days": 19.25, "solar_gap30d_max": 0.7478, "wind_gap30d_max": 0.9716, "solar_trend_pct_decade": 1.2843, "wind_trend_pct_decade": -55.0579}, "colocation": {"k": [0, 17, 35, 50], "storage_pct_cons": [21.3666, 16.1098, 12.0031, 9.2423], "pick": ["base", "wind", "solar", "solar"]}, "datasets": {"gldas": {"series_norm": {"months": [1, 2, 3, 4, 5, 6, 7, 8, 9, 10, 11, 12], "demand": [1.0, 1.0, 1.0, 1.0, 1.0, 1.0, 1.0, 1.0, 1.0, 1.0, 1.0, 1.0], "solar_supply": [0.615123, 0.881198, 1.192154, 1.542891, 1.808953, 2.002875, 2.086313, 1.884355, 1.386346, 0.941211, 0.648747, 0.513681], "wind_supply": [4.306231, 4.324705, 4.559553, 4.022798, 3.193303, 2.708262, 2.513727, 2.654822, 2.918893, 3.088783, 3.259751, 3.823113], "mix_supply": [1.775786, 1.937173, 2.195943, 2.22408, 2.10648, 2.060097, 2.044799, 1.973335, 1.769523, 1.565589, 1.451124, 1.557629], "mix_storage": [0.162252, 0.15264, 0.155307, 0.166903, 0.178832, 0.191426, 0.201113, 0.208216, 0.209929, 0.205182, 0.191973, 0.174299], "mix_s_tot": 0.213666}}, "nldas": null}, "pdf": "figures/269.pdf"}