{"id": 27, "name": "Bhutan", "country": "Bhutan", "level": "admin0", "continent": "Asia", "metrics": {"solar_cf": 0.1875, "wind_cf": 0.0969, "solar_f_adj": 1.3211, "wind_f_adj": 9.2145, "mix_alpha": 0.4, "mix_f_adj": 2.425, "solar_s_tot_pct": 10.9215, "wind_s_tot_pct": 21.8477, "mix_s_tot_pct": 4.4338, "solar_s_seasonal_pct": 9.4724, "solar_s_diurnal_pct": 1.4491, "wind_s_seasonal_pct": 20.0707, "wind_s_diurnal_pct": 1.777, "solar_flaute_days": 3.625, "wind_flaute_days": 13.875, "solar_gap30d_max": 0.6628, "wind_gap30d_max": 0.9704, "solar_trend_pct_decade": 1.342, "wind_trend_pct_decade": -75.0833}, "colocation": {"k": [0, 17, 35, 50], "storage_pct_cons": [4.4338, 1.4539, 0.9737, 0.9165], "pick": ["base", "solar", "wind", "wind"]}, "datasets": {"gldas": {"series_norm": {"months": [1, 2, 3, 4, 5, 6, 7, 8, 9, 10, 11, 12], "demand": [1.0, 1.0, 1.0, 1.0, 1.0, 1.0, 1.0, 1.0, 1.0, 1.0, 1.0, 1.0], "solar_supply": [1.132654, 1.289115, 1.472365, 1.575473, 1.556105, 1.38852, 1.274859, 1.323696, 1.284153, 1.300708, 1.17128, 1.085422], "wind_supply": [12.249411, 13.683825, 13.934202, 13.206085, 10.158426, 7.062336, 5.637801, 5.353528, 5.267198, 6.514944, 8.21967, 9.582479], "mix_supply": [2.765839, 3.107214, 3.281299, 3.242035, 2.746585, 2.134661, 1.826271, 1.817242, 1.774576, 1.983752, 2.157899, 2.310047], "mix_storage": [0.038962, 0.040895, 0.042793, 0.043755, 0.043551, 0.042628, 0.040109, 0.038243, 0.036383, 0.035324, 0.038473, 0.037891], "mix_s_tot": 0.044338}}, "nldas": null}, "pdf": "figures/27.pdf"}