{"id": 270, "name": "Chechnya", "country": "Russia", "level": "admin1", "continent": "Europe", "metrics": {"solar_cf": 0.1483, "wind_cf": 0.1957, "solar_f_adj": 1.3144, "wind_f_adj": 1.6846, "mix_alpha": 0.0, "mix_f_adj": 1.6846, "solar_s_tot_pct": 26.3957, "wind_s_tot_pct": 18.135, "mix_s_tot_pct": 18.135, "solar_s_seasonal_pct": 25.5644, "solar_s_diurnal_pct": 0.8313, "wind_s_seasonal_pct": 17.5299, "wind_s_diurnal_pct": 0.6051, "solar_flaute_days": 1.75, "wind_flaute_days": 10.625, "solar_gap30d_max": 0.7574, "wind_gap30d_max": 0.865, "solar_trend_pct_decade": 1.4719, "wind_trend_pct_decade": -22.113}, "colocation": {"k": [0, 17, 35, 50], "storage_pct_cons": [18.135, 14.1782, 10.5354, 7.5561], "pick": ["base", "solar", "solar", "solar"]}, "datasets": {"gldas": {"series_norm": {"months": [1, 2, 3, 4, 5, 6, 7, 8, 9, 10, 11, 12], "demand": [1.0, 1.0, 1.0, 1.0, 1.0, 1.0, 1.0, 1.0, 1.0, 1.0, 1.0, 1.0], "solar_supply": [0.580233, 0.842465, 1.172762, 1.564633, 1.882738, 2.112805, 2.168907, 1.94656, 1.432478, 0.940051, 0.618187, 0.483625], "wind_supply": [1.829224, 1.943304, 2.02576, 1.831847, 1.582992, 1.422842, 1.477688, 1.529093, 1.637565, 1.606128, 1.568901, 1.773755], "mix_supply": [1.829224, 1.943304, 2.02576, 1.831847, 1.582992, 1.422842, 1.477688, 1.529093, 1.637565, 1.606128, 1.568901, 1.773755], "mix_storage": [0.157963, 0.152501, 0.156906, 0.165053, 0.167225, 0.168876, 0.168068, 0.168378, 0.170417, 0.173529, 0.165666, 0.162767], "mix_s_tot": 0.18135}}, "nldas": null}, "pdf": "figures/270.pdf"}