{"id": 271, "name": "Dagestan", "country": "Russia", "level": "admin1", "continent": "Europe", "metrics": {"solar_cf": 0.1558, "wind_cf": 0.2509, "solar_f_adj": 1.3287, "wind_f_adj": 1.2968, "mix_alpha": 0.15, "mix_f_adj": 1.2504, "solar_s_tot_pct": 24.4873, "wind_s_tot_pct": 16.2299, "mix_s_tot_pct": 12.1118, "solar_s_seasonal_pct": 23.4699, "solar_s_diurnal_pct": 1.0174, "wind_s_seasonal_pct": 15.8016, "wind_s_diurnal_pct": 0.4284, "solar_flaute_days": 1.75, "wind_flaute_days": 9.75, "solar_gap30d_max": 0.7509, "wind_gap30d_max": 0.7197, "solar_trend_pct_decade": 3.3502, "wind_trend_pct_decade": -5.2451}, "colocation": {"k": [0, 17, 35, 50], "storage_pct_cons": [12.1118, 8.1832, 5.6643, 4.0213], "pick": ["base", "wind", "solar", "solar"]}, "datasets": {"gldas": {"series_norm": {"months": [1, 2, 3, 4, 5, 6, 7, 8, 9, 10, 11, 12], "demand": [1.0, 1.0, 1.0, 1.0, 1.0, 1.0, 1.0, 1.0, 1.0, 1.0, 1.0, 1.0], "solar_supply": [0.578835, 0.842068, 1.191617, 1.588154, 1.909464, 2.13228, 2.160407, 1.953622, 1.466115, 0.969467, 0.634963, 0.490896], "wind_supply": [1.471441, 1.501493, 1.475139, 1.324308, 1.143965, 1.061301, 1.072754, 1.13889, 1.27402, 1.279363, 1.325065, 1.505342], "mix_supply": [1.287738, 1.349528, 1.37727, 1.30962, 1.207163, 1.170862, 1.18422, 1.209236, 1.251175, 1.185448, 1.175687, 1.30311], "mix_storage": [0.096659, 0.095908, 0.10109, 0.105763, 0.105545, 0.105221, 0.100421, 0.097441, 0.095773, 0.096172, 0.092, 0.095385], "mix_s_tot": 0.121118}}, "nldas": null}, "pdf": "figures/271.pdf"}