{"id": 272, "name": "Yunnan", "country": "China", "level": "admin1", "continent": "Asia", "metrics": {"solar_cf": 0.1878, "wind_cf": 0.0367, "solar_f_adj": 1.3212, "wind_f_adj": 2.7061, "mix_alpha": 1.0, "mix_f_adj": 1.3212, "solar_s_tot_pct": 10.8757, "wind_s_tot_pct": 65.5114, "mix_s_tot_pct": 10.8757, "solar_s_seasonal_pct": 8.6251, "solar_s_diurnal_pct": 2.2507, "wind_s_seasonal_pct": 64.4648, "wind_s_diurnal_pct": 1.0467, "solar_flaute_days": 0.75, "wind_flaute_days": 53.875, "solar_gap30d_max": 0.624, "wind_gap30d_max": 1.0, "solar_trend_pct_decade": 3.3026, "wind_trend_pct_decade": -16.5905}, "colocation": {"k": [0, 17, 35, 50], "storage_pct_cons": [10.8757, 4.6966, 1.7607, 1.5392], "pick": ["base", "wind", "wind", "wind"]}, "datasets": {"gldas": {"series_norm": {"months": [1, 2, 3, 4, 5, 6, 7, 8, 9, 10, 11, 12], "demand": [1.0, 1.0, 1.0, 1.0, 1.0, 1.0, 1.0, 1.0, 1.0, 1.0, 1.0, 1.0], "solar_supply": [1.115329, 1.34555, 1.541738, 1.640963, 1.565059, 1.364272, 1.349078, 1.358786, 1.274525, 1.148072, 1.129395, 1.028038], "wind_supply": [3.594839, 6.268801, 7.436303, 6.685467, 3.388126, 1.094304, 0.564374, 0.22243, 0.272188, 0.455811, 1.081145, 1.669217], "mix_supply": [1.115329, 1.34555, 1.541738, 1.640963, 1.565059, 1.364272, 1.349078, 1.358786, 1.274525, 1.148072, 1.129395, 1.028038], "mix_storage": [0.058794, 0.057157, 0.073204, 0.092761, 0.102301, 0.103288, 0.102166, 0.102521, 0.101342, 0.095599, 0.086587, 0.072342], "mix_s_tot": 0.108757}}, "nldas": null}, "pdf": "figures/272.pdf"}