{"id": 273, "name": "Zhambyl", "country": "Kazakhstan", "level": "admin1", "continent": "Asia", "metrics": {"solar_cf": 0.177, "wind_cf": 0.3896, "solar_f_adj": 1.2875, "wind_f_adj": 1.3544, "mix_alpha": 0.0, "mix_f_adj": 1.3544, "solar_s_tot_pct": 26.5762, "wind_s_tot_pct": 14.3085, "mix_s_tot_pct": 14.3085, "solar_s_seasonal_pct": 25.5771, "solar_s_diurnal_pct": 0.9991, "wind_s_seasonal_pct": 13.976, "wind_s_diurnal_pct": 0.3325, "solar_flaute_days": 1.625, "wind_flaute_days": 5.875, "solar_gap30d_max": 0.7574, "wind_gap30d_max": 0.6679, "solar_trend_pct_decade": -0.8207, "wind_trend_pct_decade": 8.3582}, "colocation": {"k": [0, 17, 35, 50], "storage_pct_cons": [14.3085, 9.2714, 5.1214, 4.1087], "pick": ["base", "solar", "solar", "solar"]}, "datasets": {"gldas": {"series_norm": {"months": [1, 2, 3, 4, 5, 6, 7, 8, 9, 10, 11, 12], "demand": [1.0, 1.0, 1.0, 1.0, 1.0, 1.0, 1.0, 1.0, 1.0, 1.0, 1.0, 1.0], "solar_supply": [0.521311, 0.777563, 1.134282, 1.552453, 1.919879, 2.118862, 2.10066, 1.895402, 1.475472, 0.938897, 0.567312, 0.420679], "wind_supply": [1.196527, 1.259004, 1.45981, 1.539845, 1.581266, 1.376542, 1.346434, 1.50414, 1.418359, 1.230812, 1.160365, 1.17418], "mix_supply": [1.196527, 1.259004, 1.45981, 1.539845, 1.581266, 1.376542, 1.346434, 1.50414, 1.418359, 1.230812, 1.160365, 1.17418], "mix_storage": [0.109667, 0.109177, 0.116027, 0.126847, 0.131372, 0.132844, 0.131008, 0.129944, 0.130032, 0.126417, 0.119142, 0.112877], "mix_s_tot": 0.143085}}, "nldas": null}, "pdf": "figures/273.pdf"}