{"id": 274, "name": "South Kazakhstan", "country": "Kazakhstan", "level": "admin1", "continent": "Asia", "metrics": {"solar_cf": 0.1834, "wind_cf": 0.328, "solar_f_adj": 1.2836, "wind_f_adj": 1.5778, "mix_alpha": 0.0, "mix_f_adj": 1.5778, "solar_s_tot_pct": 26.8642, "wind_s_tot_pct": 14.8239, "mix_s_tot_pct": 14.8239, "solar_s_seasonal_pct": 25.1297, "solar_s_diurnal_pct": 1.7345, "wind_s_seasonal_pct": 14.3525, "wind_s_diurnal_pct": 0.4713, "solar_flaute_days": 1.75, "wind_flaute_days": 9.25, "solar_gap30d_max": 0.7533, "wind_gap30d_max": 0.756, "solar_trend_pct_decade": -0.3765, "wind_trend_pct_decade": 18.3631}, "colocation": {"k": [0, 17, 35, 50], "storage_pct_cons": [14.8239, 9.628, 6.3941, 4.5857], "pick": ["base", "solar", "solar", "solar"]}, "datasets": {"gldas": {"series_norm": {"months": [1, 2, 3, 4, 5, 6, 7, 8, 9, 10, 11, 12], "demand": [1.0, 1.0, 1.0, 1.0, 1.0, 1.0, 1.0, 1.0, 1.0, 1.0, 1.0, 1.0], "solar_supply": [0.511747, 0.761444, 1.109434, 1.528608, 1.887412, 2.107507, 2.111043, 1.890231, 1.490793, 0.968485, 0.581621, 0.426826], "wind_supply": [1.321062, 1.475312, 1.667695, 1.708429, 1.805222, 1.681622, 1.793489, 1.906925, 1.67374, 1.312842, 1.248585, 1.329664], "mix_supply": [1.321062, 1.475312, 1.667695, 1.708429, 1.805222, 1.681622, 1.793489, 1.906925, 1.67374, 1.312842, 1.248585, 1.329664], "mix_storage": [0.120242, 0.120776, 0.1269, 0.132039, 0.134306, 0.137051, 0.139311, 0.140487, 0.14047, 0.13562, 0.126737, 0.12186], "mix_s_tot": 0.148239}}, "nldas": null}, "pdf": "figures/274.pdf"}