{"id": 275, "name": "Roraima", "country": "Brazil", "level": "admin1", "continent": "South America", "metrics": {"solar_cf": 0.2192, "wind_cf": 0.014, "solar_f_adj": 1.3199, "wind_f_adj": 4.0854, "mix_alpha": 1.0, "mix_f_adj": 1.3199, "solar_s_tot_pct": 5.0238, "wind_s_tot_pct": 72.9091, "mix_s_tot_pct": 5.0238, "solar_s_seasonal_pct": 4.7101, "solar_s_diurnal_pct": 0.3137, "wind_s_seasonal_pct": 71.5535, "wind_s_diurnal_pct": 1.3556, "solar_flaute_days": 0.875, "wind_flaute_days": 53.875, "solar_gap30d_max": 0.6171, "wind_gap30d_max": 1.0, "solar_trend_pct_decade": 2.6842, "wind_trend_pct_decade": 7.067}, "colocation": {"k": [0, 17, 35, 50], "storage_pct_cons": [5.0238, 2.469, 1.2989, 1.0444], "pick": ["base", "wind", "wind", "wind"]}, "datasets": {"gldas": {"series_norm": {"months": [1, 2, 3, 4, 5, 6, 7, 8, 9, 10, 11, 12], "demand": [1.0, 1.0, 1.0, 1.0, 1.0, 1.0, 1.0, 1.0, 1.0, 1.0, 1.0, 1.0], "solar_supply": [1.344284, 1.329872, 1.320395, 1.226655, 1.138725, 1.206562, 1.283411, 1.409223, 1.503285, 1.442904, 1.34425, 1.290017], "wind_supply": [9.505097, 12.311268, 8.715027, 3.975772, 1.323043, 0.506964, 0.350825, 0.640934, 1.471306, 2.009205, 2.440721, 6.245457], "mix_supply": [1.344284, 1.329872, 1.320395, 1.226655, 1.138725, 1.206562, 1.283411, 1.409223, 1.503285, 1.442904, 1.34425, 1.290017], "mix_storage": [0.044632, 0.044483, 0.044421, 0.042498, 0.035471, 0.029566, 0.028603, 0.031518, 0.038773, 0.045127, 0.046525, 0.045823], "mix_s_tot": 0.050238}}, "nldas": null}, "pdf": "figures/275.pdf"}