{"id": 276, "name": "Par\u00e1", "country": "Brazil", "level": "admin1", "continent": "South America", "metrics": {"solar_cf": 0.2175, "wind_cf": 0.0027, "solar_f_adj": 1.2754, "wind_f_adj": 22.0137, "mix_alpha": 0.8, "mix_f_adj": 1.5295, "solar_s_tot_pct": 7.5979, "wind_s_tot_pct": 54.9229, "mix_s_tot_pct": 7.3525, "solar_s_seasonal_pct": 5.5599, "solar_s_diurnal_pct": 2.038, "wind_s_seasonal_pct": 54.4521, "wind_s_diurnal_pct": 0.4709, "solar_flaute_days": 0.75, "wind_flaute_days": 160.375, "solar_gap30d_max": 0.5795, "wind_gap30d_max": 1.0, "solar_trend_pct_decade": 2.5406, "wind_trend_pct_decade": 33.2891}, "colocation": {"k": [0, 17, 35, 50], "storage_pct_cons": [7.3525, 1.4505, 0.4808, 0.3536], "pick": ["base", "solar", "wind", "wind"]}, "datasets": {"gldas": {"series_norm": {"months": [1, 2, 3, 4, 5, 6, 7, 8, 9, 10, 11, 12], "demand": [1.0, 1.0, 1.0, 1.0, 1.0, 1.0, 1.0, 1.0, 1.0, 1.0, 1.0, 1.0], "solar_supply": [1.176813, 1.150699, 1.154183, 1.162451, 1.203494, 1.289108, 1.363084, 1.458501, 1.473606, 1.374103, 1.287566, 1.204239], "wind_supply": [8.006154, 6.160113, 2.262491, 1.227243, 6.263883, 25.394611, 34.904292, 44.493519, 54.822942, 41.230945, 23.554967, 14.982264], "mix_supply": [1.240236, 1.189532, 1.138713, 1.132259, 1.241623, 1.589596, 1.792711, 2.017501, 2.17553, 1.891197, 1.562553, 1.363487], "mix_storage": [0.065199, 0.059371, 0.051489, 0.043696, 0.038634, 0.047401, 0.061791, 0.069428, 0.071786, 0.071756, 0.071196, 0.068756], "mix_s_tot": 0.073525}}, "nldas": null}, "pdf": "figures/276.pdf"}