{"id": 277, "name": "Acre", "country": "Brazil", "level": "admin1", "continent": "South America", "metrics": {"solar_cf": 0.2012, "wind_cf": 0.0026, "solar_f_adj": 1.2821, "wind_f_adj": 3.9378, "mix_alpha": 1.0, "mix_f_adj": 1.2821, "solar_s_tot_pct": 5.8248, "wind_s_tot_pct": 55.5172, "mix_s_tot_pct": 5.8248, "solar_s_seasonal_pct": 5.049, "solar_s_diurnal_pct": 0.7758, "wind_s_seasonal_pct": 55.2015, "wind_s_diurnal_pct": 0.3157, "solar_flaute_days": 0.875, "wind_flaute_days": 90.25, "solar_gap30d_max": 0.6088, "wind_gap30d_max": 1.0, "solar_trend_pct_decade": 1.2193, "wind_trend_pct_decade": -2.5292}, "colocation": {"k": [0, 17, 35, 50], "storage_pct_cons": [5.8248, 1.7629, 0.7231, 0.5989], "pick": ["base", "wind", "wind", "wind"]}, "datasets": {"gldas": {"series_norm": {"months": [1, 2, 3, 4, 5, 6, 7, 8, 9, 10, 11, 12], "demand": [1.0, 1.0, 1.0, 1.0, 1.0, 1.0, 1.0, 1.0, 1.0, 1.0, 1.0, 1.0], "solar_supply": [1.237002, 1.185374, 1.185839, 1.217639, 1.197572, 1.218091, 1.315442, 1.446581, 1.455955, 1.37221, 1.312669, 1.235267], "wind_supply": [3.321546, 1.536717, 0.983027, 2.311641, 4.771984, 3.964015, 5.342391, 7.586476, 4.424437, 3.215755, 4.785456, 4.790034], "mix_supply": [1.237002, 1.185374, 1.185839, 1.217639, 1.197572, 1.218091, 1.315442, 1.446581, 1.455955, 1.37221, 1.312669, 1.235267], "mix_storage": [0.050861, 0.047567, 0.043585, 0.039306, 0.036515, 0.032626, 0.034267, 0.042309, 0.050099, 0.054204, 0.054215, 0.052475], "mix_s_tot": 0.058248}}, "nldas": null}, "pdf": "figures/277.pdf"}