{"id": 278, "name": "Ghadamis", "country": "Libya", "level": "admin1", "continent": "Africa", "metrics": {"solar_cf": 0.2394, "wind_cf": 0.3951, "solar_f_adj": 1.2511, "wind_f_adj": 1.4283, "mix_alpha": 0.0, "mix_f_adj": 1.4283, "solar_s_tot_pct": 19.0071, "wind_s_tot_pct": 11.6827, "mix_s_tot_pct": 11.6827, "solar_s_seasonal_pct": 18.4228, "solar_s_diurnal_pct": 0.5843, "wind_s_seasonal_pct": 11.5813, "wind_s_diurnal_pct": 0.1014, "solar_flaute_days": 1.75, "wind_flaute_days": 5.5, "solar_gap30d_max": 0.6752, "wind_gap30d_max": 0.7235, "solar_trend_pct_decade": 2.1871, "wind_trend_pct_decade": 14.1768}, "colocation": {"k": [0, 17, 35, 50], "storage_pct_cons": [11.6827, 7.4571, 3.946, 2.9942], "pick": ["base", "solar", "solar", "solar"]}, "datasets": {"gldas": {"series_norm": {"months": [1, 2, 3, 4, 5, 6, 7, 8, 9, 10, 11, 12], "demand": [1.0, 1.0, 1.0, 1.0, 1.0, 1.0, 1.0, 1.0, 1.0, 1.0, 1.0, 1.0], "solar_supply": [0.791261, 0.997455, 1.262521, 1.48069, 1.564549, 1.677923, 1.7032, 1.58265, 1.351395, 1.055832, 0.824337, 0.709693], "wind_supply": [1.221877, 1.419417, 1.548862, 1.720598, 1.778402, 1.70352, 1.497905, 1.427533, 1.343556, 1.181979, 1.115965, 1.184991], "mix_supply": [1.221877, 1.419417, 1.548862, 1.720598, 1.778402, 1.70352, 1.497905, 1.427533, 1.343556, 1.181979, 1.115965, 1.184991], "mix_storage": [0.084339, 0.087065, 0.091524, 0.098993, 0.108264, 0.113239, 0.114195, 0.114391, 0.112938, 0.108079, 0.096238, 0.089326], "mix_s_tot": 0.116827}}, "nldas": null}, "pdf": "figures/278.pdf"}