{"id": 279, "name": "An Nuqat al Khams", "country": "Libya", "level": "admin1", "continent": "Africa", "metrics": {"solar_cf": 0.2303, "wind_cf": 0.3962, "solar_f_adj": 1.2408, "wind_f_adj": 1.5596, "mix_alpha": 0.0, "mix_f_adj": 1.5596, "solar_s_tot_pct": 20.2708, "wind_s_tot_pct": 11.3069, "mix_s_tot_pct": 11.3069, "solar_s_seasonal_pct": 19.4685, "solar_s_diurnal_pct": 0.8023, "wind_s_seasonal_pct": 11.0985, "wind_s_diurnal_pct": 0.2083, "solar_flaute_days": 1.875, "wind_flaute_days": 4.25, "solar_gap30d_max": 0.6909, "wind_gap30d_max": 0.6541, "solar_trend_pct_decade": 1.5044, "wind_trend_pct_decade": 11.3509}, "colocation": {"k": [0, 17, 35, 50], "storage_pct_cons": [11.3069, 6.8649, 3.3171, 1.5825], "pick": ["base", "solar", "solar", "solar"]}, "datasets": {"gldas": {"series_norm": {"months": [1, 2, 3, 4, 5, 6, 7, 8, 9, 10, 11, 12], "demand": [1.0, 1.0, 1.0, 1.0, 1.0, 1.0, 1.0, 1.0, 1.0, 1.0, 1.0, 1.0], "solar_supply": [0.713646, 0.918892, 1.21545, 1.471834, 1.62586, 1.776291, 1.786863, 1.624987, 1.338406, 1.008252, 0.763053, 0.630131], "wind_supply": [1.593375, 1.605087, 1.68055, 1.819135, 1.856569, 1.730668, 1.524033, 1.433369, 1.466017, 1.214304, 1.312567, 1.486274], "mix_supply": [1.593375, 1.605087, 1.68055, 1.819135, 1.856569, 1.730668, 1.524033, 1.433369, 1.466017, 1.214304, 1.312567, 1.486274], "mix_storage": [0.098809, 0.09831, 0.102461, 0.107242, 0.110716, 0.111708, 0.110612, 0.108765, 0.108967, 0.103974, 0.097516, 0.098057], "mix_s_tot": 0.113069}}, "nldas": null}, "pdf": "figures/279.pdf"}