{"id": 28, "name": "Ukraine", "country": "Ukraine", "level": "admin0", "continent": "Europe", "metrics": {"solar_cf": 0.1352, "wind_cf": 0.3036, "solar_f_adj": 1.3232, "wind_f_adj": 1.3821, "mix_alpha": 0.35, "mix_f_adj": 1.258, "solar_s_tot_pct": 33.1123, "wind_s_tot_pct": 20.5815, "mix_s_tot_pct": 7.1222, "solar_s_seasonal_pct": 32.8201, "solar_s_diurnal_pct": 0.2922, "wind_s_seasonal_pct": 20.3364, "wind_s_diurnal_pct": 0.2451, "solar_flaute_days": 1.875, "wind_flaute_days": 9.75, "solar_gap30d_max": 0.8244, "wind_gap30d_max": 0.7882, "solar_trend_pct_decade": -1.6497, "wind_trend_pct_decade": 11.6644}, "colocation": {"k": [0, 17, 35, 50], "storage_pct_cons": [7.1222, 3.0304, 2.2557, 2.2557], "pick": ["base", "wind", "wind", "wind"]}, "datasets": {"gldas": {"series_norm": {"months": [1, 2, 3, 4, 5, 6, 7, 8, 9, 10, 11, 12], "demand": [1.0, 1.0, 1.0, 1.0, 1.0, 1.0, 1.0, 1.0, 1.0, 1.0, 1.0, 1.0], "solar_supply": [0.420159, 0.714956, 1.15594, 1.674012, 2.164349, 2.333003, 2.322107, 2.05826, 1.423023, 0.829776, 0.426404, 0.32001], "wind_supply": [1.857187, 1.778958, 1.724977, 1.372786, 1.110558, 1.026649, 0.899529, 0.916807, 1.147056, 1.372281, 1.562967, 1.837614], "mix_supply": [1.238547, 1.290361, 1.405165, 1.369196, 1.377221, 1.3837, 1.304868, 1.227294, 1.152133, 1.087973, 1.066561, 1.193642], "mix_storage": [0.051557, 0.0574, 0.064439, 0.066951, 0.067478, 0.068406, 0.067882, 0.065061, 0.06047, 0.053324, 0.046195, 0.046903], "mix_s_tot": 0.071222}}, "nldas": null}, "pdf": "figures/28.pdf"}