{"id": 280, "name": "Central Darfur", "country": "Sudan", "level": "admin1", "continent": "Africa", "metrics": {"solar_cf": 0.255, "wind_cf": 0.1127, "solar_f_adj": 1.2427, "wind_f_adj": 3.7003, "mix_alpha": 0.85, "mix_f_adj": 1.342, "solar_s_tot_pct": 10.4123, "wind_s_tot_pct": 40.2173, "mix_s_tot_pct": 9.1825, "solar_s_seasonal_pct": 4.5177, "solar_s_diurnal_pct": 5.8946, "wind_s_seasonal_pct": 39.2577, "wind_s_diurnal_pct": 0.9596, "solar_flaute_days": 1.625, "wind_flaute_days": 23.5, "solar_gap30d_max": 0.6062, "wind_gap30d_max": 0.9922, "solar_trend_pct_decade": 2.0276, "wind_trend_pct_decade": 66.1306}, "colocation": {"k": [0, 17, 35, 50], "storage_pct_cons": [9.1825, 2.5755, 1.3128, 0.7295], "pick": ["base", "solar", "wind", "wind"]}, "datasets": {"gldas": {"series_norm": {"months": [1, 2, 3, 4, 5, 6, 7, 8, 9, 10, 11, 12], "demand": [1.0, 1.0, 1.0, 1.0, 1.0, 1.0, 1.0, 1.0, 1.0, 1.0, 1.0, 1.0], "solar_supply": [1.205833, 1.314778, 1.394152, 1.419697, 1.347861, 1.221964, 1.121762, 1.087084, 1.182401, 1.225296, 1.231065, 1.169962], "wind_supply": [4.440956, 5.538516, 6.00008, 4.983058, 3.679868, 3.585196, 3.539127, 2.296077, 1.410802, 1.974108, 3.353038, 3.717783], "mix_supply": [1.348437, 1.508147, 1.606114, 1.574235, 1.4374, 1.316688, 1.222206, 1.122751, 1.162082, 1.232101, 1.312413, 1.276168], "mix_storage": [0.052812, 0.058479, 0.066177, 0.073276, 0.076977, 0.077839, 0.075493, 0.067539, 0.059129, 0.053836, 0.053015, 0.052506], "mix_s_tot": 0.091825}}, "nldas": null}, "pdf": "figures/280.pdf"}