{"id": 281, "name": "Southern Darfur", "country": "Sudan", "level": "admin1", "continent": "Africa", "metrics": {"solar_cf": 0.255, "wind_cf": 0.1626, "solar_f_adj": 1.2466, "wind_f_adj": 4.7808, "mix_alpha": 1.0, "mix_f_adj": 1.2466, "solar_s_tot_pct": 9.4529, "wind_s_tot_pct": 32.9384, "mix_s_tot_pct": 9.4529, "solar_s_seasonal_pct": 5.2078, "solar_s_diurnal_pct": 4.2451, "wind_s_seasonal_pct": 30.7088, "wind_s_diurnal_pct": 2.2296, "solar_flaute_days": 1.625, "wind_flaute_days": 26.0, "solar_gap30d_max": 0.6038, "wind_gap30d_max": 0.9824, "solar_trend_pct_decade": 2.4523, "wind_trend_pct_decade": 65.3919}, "colocation": {"k": [0, 17, 35, 50], "storage_pct_cons": [9.4529, 2.2289, 0.8129, 0.5399], "pick": ["base", "wind", "wind", "wind"]}, "datasets": {"gldas": {"series_norm": {"months": [1, 2, 3, 4, 5, 6, 7, 8, 9, 10, 11, 12], "demand": [1.0, 1.0, 1.0, 1.0, 1.0, 1.0, 1.0, 1.0, 1.0, 1.0, 1.0, 1.0], "solar_supply": [1.25304, 1.345375, 1.405751, 1.400377, 1.297051, 1.186784, 1.099497, 1.095963, 1.178331, 1.224748, 1.264025, 1.218702], "wind_supply": [7.601922, 8.060209, 7.010855, 5.025799, 3.368107, 3.663612, 3.861017, 2.854863, 1.50097, 2.045484, 5.395552, 7.158401], "mix_supply": [1.25304, 1.345375, 1.405751, 1.400377, 1.297051, 1.186784, 1.099497, 1.095963, 1.178331, 1.224748, 1.264025, 1.218702], "mix_storage": [0.03991, 0.044168, 0.053012, 0.062492, 0.067446, 0.066086, 0.058431, 0.046917, 0.039338, 0.036909, 0.038274, 0.038224], "mix_s_tot": 0.094529}}, "nldas": null}, "pdf": "figures/281.pdf"}