{"id": 282, "name": "Orientale", "country": "Democratic Republic of the Congo", "level": "admin1", "continent": "Africa", "metrics": {"solar_cf": 0.2172, "wind_cf": 0.0009, "solar_f_adj": 1.2675, "wind_f_adj": 16.545, "mix_alpha": 1.0, "mix_f_adj": 1.2675, "solar_s_tot_pct": 6.8939, "wind_s_tot_pct": 91.0959, "mix_s_tot_pct": 6.8939, "solar_s_seasonal_pct": 4.8104, "solar_s_diurnal_pct": 2.0835, "wind_s_seasonal_pct": 90.7534, "wind_s_diurnal_pct": 0.3425, "solar_flaute_days": 0.75, "wind_flaute_days": 266.0, "solar_gap30d_max": 0.5956, "wind_gap30d_max": 1.0, "solar_trend_pct_decade": 3.6124, "wind_trend_pct_decade": -17.1565}, "colocation": {"k": [0, 17, 35, 50], "storage_pct_cons": [6.8939, 1.4539, 0.5715, 0.4555], "pick": ["base", "wind", "wind", "wind"]}, "datasets": {"gldas": {"series_norm": {"months": [1, 2, 3, 4, 5, 6, 7, 8, 9, 10, 11, 12], "demand": [1.0, 1.0, 1.0, 1.0, 1.0, 1.0, 1.0, 1.0, 1.0, 1.0, 1.0, 1.0], "solar_supply": [1.363254, 1.38123, 1.326654, 1.260766, 1.253058, 1.188163, 1.196149, 1.220779, 1.278498, 1.22025, 1.228136, 1.299779], "wind_supply": [49.708241, 52.088289, 29.310922, 15.430122, 2.586582, 0.797834, 0.331657, 1.292966, 0.666538, 1.117358, 12.765641, 34.410406], "mix_supply": [1.363254, 1.38123, 1.326654, 1.260766, 1.253058, 1.188163, 1.196149, 1.220779, 1.278498, 1.22025, 1.228136, 1.299779], "mix_storage": [0.039842, 0.044341, 0.047714, 0.048459, 0.047766, 0.046262, 0.04167, 0.037574, 0.037448, 0.037168, 0.034304, 0.035223], "mix_s_tot": 0.068939}}, "nldas": null}, "pdf": "figures/282.pdf"}