{"id": 283, "name": "Sud-Kivu", "country": "Democratic Republic of the Congo", "level": "admin1", "continent": "Africa", "metrics": {"solar_cf": 0.2049, "wind_cf": 0.0141, "solar_f_adj": 1.2746, "wind_f_adj": 636.6225, "mix_alpha": 0.05, "mix_f_adj": 79.0197, "solar_s_tot_pct": 5.6717, "wind_s_tot_pct": 83.8613, "mix_s_tot_pct": 0.2939, "solar_s_seasonal_pct": 4.6504, "solar_s_diurnal_pct": 1.0213, "wind_s_seasonal_pct": 83.5616, "wind_s_diurnal_pct": 0.2997, "solar_flaute_days": 1.625, "wind_flaute_days": 245.0, "solar_gap30d_max": 0.5975, "wind_gap30d_max": 1.0, "solar_trend_pct_decade": 0.2095, "wind_trend_pct_decade": -79.8677}, "colocation": {"k": [0, 17, 35, 50], "storage_pct_cons": [0.2939, 0.2604, 0.2604, 0.2604], "pick": ["base", "wind", "wind", "wind"]}, "datasets": {"gldas": {"series_norm": {"months": [1, 2, 3, 4, 5, 6, 7, 8, 9, 10, 11, 12], "demand": [1.0, 1.0, 1.0, 1.0, 1.0, 1.0, 1.0, 1.0, 1.0, 1.0, 1.0, 1.0], "solar_supply": [1.208074, 1.293766, 1.303581, 1.273718, 1.304231, 1.302254, 1.331654, 1.343218, 1.332848, 1.246551, 1.181506, 1.175239], "wind_supply": [116.15483, 338.466491, 317.453768, 862.144235, 1207.001106, 1081.317309, 998.513793, 939.890292, 746.435286, 561.313121, 301.624866, 156.867227], "mix_supply": [17.441397, 43.921381, 41.474044, 105.609825, 146.36895, 131.542545, 121.869723, 114.992854, 92.149046, 70.052466, 39.229141, 22.140306], "mix_storage": [0.002352, 0.002398, 0.002396, 0.002446, 0.002459, 0.002481, 0.002474, 0.002433, 0.002388, 0.002382, 0.002363, 0.002342], "mix_s_tot": 0.002939}}, "nldas": null}, "pdf": "figures/283.pdf"}