{"id": 284, "name": "Katanga", "country": "Democratic Republic of the Congo", "level": "admin1", "continent": "Africa", "metrics": {"solar_cf": 0.2282, "wind_cf": 0.0404, "solar_f_adj": 1.2536, "wind_f_adj": 2.286, "mix_alpha": 1.0, "mix_f_adj": 1.2536, "solar_s_tot_pct": 7.301, "wind_s_tot_pct": 56.5675, "mix_s_tot_pct": 7.301, "solar_s_seasonal_pct": 6.5327, "solar_s_diurnal_pct": 0.7684, "wind_s_seasonal_pct": 54.94, "wind_s_diurnal_pct": 1.6275, "solar_flaute_days": 0.75, "wind_flaute_days": 39.75, "solar_gap30d_max": 0.6058, "wind_gap30d_max": 0.9989, "solar_trend_pct_decade": 1.1666, "wind_trend_pct_decade": -34.553}, "colocation": {"k": [0, 17, 35, 50], "storage_pct_cons": [7.301, 5.2488, 3.5667, 2.0802], "pick": ["base", "wind", "wind", "wind"]}, "datasets": {"gldas": {"series_norm": {"months": [1, 2, 3, 4, 5, 6, 7, 8, 9, 10, 11, 12], "demand": [1.0, 1.0, 1.0, 1.0, 1.0, 1.0, 1.0, 1.0, 1.0, 1.0, 1.0, 1.0], "solar_supply": [1.109451, 1.167238, 1.194596, 1.262272, 1.307395, 1.281655, 1.323606, 1.387249, 1.390497, 1.319653, 1.185801, 1.109992], "wind_supply": [0.401827, 0.278321, 0.307655, 1.868574, 3.327509, 5.070121, 6.113931, 4.939849, 2.781657, 1.562933, 0.411058, 0.222391], "mix_supply": [1.109451, 1.167238, 1.194596, 1.262272, 1.307395, 1.281655, 1.323606, 1.387249, 1.390497, 1.319653, 1.185801, 1.109992], "mix_storage": [0.046862, 0.03932, 0.035343, 0.033979, 0.038614, 0.042308, 0.046614, 0.054449, 0.062535, 0.066707, 0.064674, 0.057329], "mix_s_tot": 0.07301}}, "nldas": null}, "pdf": "figures/284.pdf"}