{"id": 285, "name": "West Azarbaijan", "country": "Iran", "level": "admin1", "continent": "Asia", "metrics": {"solar_cf": 0.2002, "wind_cf": 0.1248, "solar_f_adj": 1.2873, "wind_f_adj": 1.7226, "mix_alpha": 0.9, "mix_f_adj": 1.2898, "solar_s_tot_pct": 22.5439, "wind_s_tot_pct": 32.6564, "mix_s_tot_pct": 21.2048, "solar_s_seasonal_pct": 21.4477, "solar_s_diurnal_pct": 1.0963, "wind_s_seasonal_pct": 32.6867, "wind_s_diurnal_pct": -0.0304, "solar_flaute_days": 1.75, "wind_flaute_days": 23.75, "solar_gap30d_max": 0.7224, "wind_gap30d_max": 0.9808, "solar_trend_pct_decade": 0.0873, "wind_trend_pct_decade": -19.3832}, "colocation": {"k": [0, 17, 35, 50], "storage_pct_cons": [21.2048, 16.5585, 13.4457, 12.1473], "pick": ["base", "wind", "wind", "wind"]}, "datasets": {"gldas": {"series_norm": {"months": [1, 2, 3, 4, 5, 6, 7, 8, 9, 10, 11, 12], "demand": [1.0, 1.0, 1.0, 1.0, 1.0, 1.0, 1.0, 1.0, 1.0, 1.0, 1.0, 1.0], "solar_supply": [0.633789, 0.86582, 1.139798, 1.418974, 1.738294, 2.045367, 1.993317, 1.823968, 1.510695, 1.021198, 0.689192, 0.54668], "wind_supply": [1.578861, 1.687773, 2.237107, 2.260974, 2.143256, 1.907974, 1.887079, 1.555689, 1.41439, 1.476099, 1.172684, 1.341565], "mix_supply": [0.689733, 0.90712, 1.195309, 1.44884, 1.727968, 1.98725, 1.938749, 1.761227, 1.468157, 1.03138, 0.709278, 0.593416], "mix_storage": [0.07444, 0.041772, 0.030666, 0.04136, 0.070117, 0.119554, 0.170434, 0.200382, 0.208583, 0.202197, 0.169084, 0.119245], "mix_s_tot": 0.212048}}, "nldas": null}, "pdf": "figures/285.pdf"}