{"id": 286, "name": "Murmansk", "country": "Russia", "level": "admin1", "continent": "Europe", "metrics": {"solar_cf": 0.0957, "wind_cf": 0.3475, "solar_f_adj": 1.5474, "wind_f_adj": 1.4461, "mix_alpha": 0.05, "mix_f_adj": 1.4078, "solar_s_tot_pct": 47.4709, "wind_s_tot_pct": 12.5223, "mix_s_tot_pct": 8.7835, "solar_s_seasonal_pct": 46.498, "solar_s_diurnal_pct": 0.9728, "wind_s_seasonal_pct": 12.3407, "wind_s_diurnal_pct": 0.1816, "solar_flaute_days": 99.875, "wind_flaute_days": 7.625, "solar_gap30d_max": 0.9999, "wind_gap30d_max": 0.6699, "solar_trend_pct_decade": 3.8074, "wind_trend_pct_decade": 8.1758}, "colocation": {"k": [0, 17, 35, 50], "storage_pct_cons": [8.7835, 6.6743, 6.1732, 5.6355], "pick": ["base", "solar", "solar", "solar"]}, "datasets": {"gldas": {"series_norm": {"months": [1, 2, 3, 4, 5, 6, 7, 8, 9, 10, 11, 12], "demand": [1.0, 1.0, 1.0, 1.0, 1.0, 1.0, 1.0, 1.0, 1.0, 1.0, 1.0, 1.0], "solar_supply": [0.029111, 0.333542, 1.211734, 2.421352, 3.320698, 3.635649, 3.406304, 2.376429, 1.263643, 0.435664, 0.064307, 0.00053], "wind_supply": [1.599587, 1.618542, 1.557776, 1.388729, 1.37706, 1.299268, 1.157741, 1.120664, 1.454255, 1.581941, 1.594814, 1.616373], "mix_supply": [1.480655, 1.512033, 1.495783, 1.394468, 1.424587, 1.36697, 1.22565, 1.144513, 1.402406, 1.482829, 1.477841, 1.494878], "mix_storage": [0.077162, 0.079043, 0.079093, 0.079451, 0.077616, 0.07934, 0.076797, 0.067163, 0.06386, 0.070679, 0.074846, 0.076658], "mix_s_tot": 0.087835}}, "nldas": null}, "pdf": "figures/286.pdf"}