{"id": 287, "name": "Karelia", "country": "Russia", "level": "admin1", "continent": "Europe", "metrics": {"solar_cf": 0.1093, "wind_cf": 0.2673, "solar_f_adj": 1.4969, "wind_f_adj": 1.422, "mix_alpha": 0.2, "mix_f_adj": 1.3334, "solar_s_tot_pct": 44.0165, "wind_s_tot_pct": 19.8254, "mix_s_tot_pct": 10.6126, "solar_s_seasonal_pct": 43.126, "solar_s_diurnal_pct": 0.8904, "wind_s_seasonal_pct": 19.3944, "wind_s_diurnal_pct": 0.4311, "solar_flaute_days": 74.875, "wind_flaute_days": 9.625, "solar_gap30d_max": 0.9806, "wind_gap30d_max": 0.7563, "solar_trend_pct_decade": 2.1474, "wind_trend_pct_decade": 4.4253}, "colocation": {"k": [0, 17, 35, 50], "storage_pct_cons": [10.6126, 5.7224, 5.449, 5.449], "pick": ["base", "wind", "wind", "wind"]}, "datasets": {"gldas": {"series_norm": {"months": [1, 2, 3, 4, 5, 6, 7, 8, 9, 10, 11, 12], "demand": [1.0, 1.0, 1.0, 1.0, 1.0, 1.0, 1.0, 1.0, 1.0, 1.0, 1.0, 1.0], "solar_supply": [0.115999, 0.466623, 1.255186, 2.212635, 2.974895, 3.330192, 3.151113, 2.340622, 1.32088, 0.529674, 0.159192, 0.046965], "wind_supply": [1.703, 1.602339, 1.530339, 1.162479, 1.252036, 1.076439, 0.922122, 1.024877, 1.428121, 1.676028, 1.838353, 1.857855], "mix_supply": [1.298228, 1.285182, 1.371662, 1.266282, 1.469273, 1.400844, 1.253173, 1.185858, 1.306684, 1.351696, 1.407463, 1.402098], "mix_storage": [0.090032, 0.088049, 0.087315, 0.088341, 0.091585, 0.097154, 0.097016, 0.092556, 0.091081, 0.092563, 0.094145, 0.091628], "mix_s_tot": 0.106126}}, "nldas": null}, "pdf": "figures/287.pdf"}