{"id": 288, "name": "Leningrad", "country": "Russia", "level": "admin1", "continent": "Europe", "metrics": {"solar_cf": 0.1154, "wind_cf": 0.2763, "solar_f_adj": 1.3883, "wind_f_adj": 1.3046, "mix_alpha": 0.25, "mix_f_adj": 1.2322, "solar_s_tot_pct": 41.92, "wind_s_tot_pct": 20.7379, "mix_s_tot_pct": 8.8649, "solar_s_seasonal_pct": 40.7593, "solar_s_diurnal_pct": 1.1606, "wind_s_seasonal_pct": 20.045, "wind_s_diurnal_pct": 0.6929, "solar_flaute_days": 46.375, "wind_flaute_days": 8.875, "solar_gap30d_max": 0.9501, "wind_gap30d_max": 0.7763, "solar_trend_pct_decade": 0.025, "wind_trend_pct_decade": -4.2058}, "colocation": {"k": [0, 17, 35, 50], "storage_pct_cons": [8.8649, 5.8587, 4.682, 4.682], "pick": ["base", "wind", "wind", "wind"]}, "datasets": {"gldas": {"series_norm": {"months": [1, 2, 3, 4, 5, 6, 7, 8, 9, 10, 11, 12], "demand": [1.0, 1.0, 1.0, 1.0, 1.0, 1.0, 1.0, 1.0, 1.0, 1.0, 1.0, 1.0], "solar_supply": [0.189884, 0.52798, 1.199499, 1.955938, 2.664228, 2.902946, 2.804142, 2.173784, 1.298934, 0.564736, 0.217239, 0.109657], "wind_supply": [1.62951, 1.466617, 1.345094, 1.117025, 1.066835, 0.978584, 0.815109, 0.953819, 1.247889, 1.510959, 1.718611, 1.8149], "mix_supply": [1.196462, 1.156095, 1.219022, 1.225317, 1.346935, 1.337391, 1.199662, 1.158044, 1.172228, 1.195663, 1.26565, 1.309988], "mix_storage": [0.073043, 0.066592, 0.061386, 0.063711, 0.069614, 0.076338, 0.077202, 0.073398, 0.07058, 0.069207, 0.070588, 0.072482], "mix_s_tot": 0.088649}}, "nldas": null}, "pdf": "figures/288.pdf"}