{"id": 289, "name": "Amap\u00e1", "country": "Brazil", "level": "admin1", "continent": "South America", "metrics": {"solar_cf": 0.2164, "wind_cf": 0.0222, "solar_f_adj": 1.2944, "wind_f_adj": 2.6259, "mix_alpha": 1.0, "mix_f_adj": 1.2944, "solar_s_tot_pct": 9.0574, "wind_s_tot_pct": 50.3704, "mix_s_tot_pct": 9.0574, "solar_s_seasonal_pct": 7.4266, "solar_s_diurnal_pct": 1.6308, "wind_s_seasonal_pct": 49.3132, "wind_s_diurnal_pct": 1.0572, "solar_flaute_days": 1.75, "wind_flaute_days": 17.75, "solar_gap30d_max": 0.5869, "wind_gap30d_max": 0.9906, "solar_trend_pct_decade": 2.9016, "wind_trend_pct_decade": -3.8172}, "colocation": {"k": [0, 17, 35, 50], "storage_pct_cons": [9.0574, 2.552, 0.847, 0.7295], "pick": ["base", "wind", "wind", "wind"]}, "datasets": {"gldas": {"series_norm": {"months": [1, 2, 3, 4, 5, 6, 7, 8, 9, 10, 11, 12], "demand": [1.0, 1.0, 1.0, 1.0, 1.0, 1.0, 1.0, 1.0, 1.0, 1.0, 1.0, 1.0], "solar_supply": [1.137391, 1.092476, 1.126533, 1.134534, 1.164733, 1.265068, 1.363827, 1.511774, 1.597961, 1.521391, 1.383664, 1.221595], "wind_supply": [2.162214, 2.057352, 1.747515, 0.964226, 0.624672, 0.998145, 1.30025, 2.550784, 4.751651, 5.77324, 5.273107, 3.305981], "mix_supply": [1.137391, 1.092476, 1.126533, 1.134534, 1.164733, 1.265068, 1.363827, 1.511774, 1.597961, 1.521391, 1.383664, 1.221595], "mix_storage": [0.076297, 0.066727, 0.05742, 0.049995, 0.042985, 0.041802, 0.046944, 0.059011, 0.072964, 0.083417, 0.086027, 0.083236], "mix_s_tot": 0.090574}}, "nldas": null}, "pdf": "figures/289.pdf"}