{"id": 29, "name": "Belarus", "country": "Belarus", "level": "admin0", "continent": "Europe", "metrics": {"solar_cf": 0.1199, "wind_cf": 0.2591, "solar_f_adj": 1.3971, "wind_f_adj": 1.4595, "mix_alpha": 0.35, "mix_f_adj": 1.2815, "solar_s_tot_pct": 36.1481, "wind_s_tot_pct": 27.9406, "mix_s_tot_pct": 9.5063, "solar_s_seasonal_pct": 36.0094, "solar_s_diurnal_pct": 0.1387, "wind_s_seasonal_pct": 27.4422, "wind_s_diurnal_pct": 0.4984, "solar_flaute_days": 5.75, "wind_flaute_days": 10.125, "solar_gap30d_max": 0.8855, "wind_gap30d_max": 0.7884, "solar_trend_pct_decade": -0.7415, "wind_trend_pct_decade": 12.0648}, "colocation": {"k": [0, 17, 35, 50], "storage_pct_cons": [9.5063, 3.6389, 2.7694, 2.7694], "pick": ["base", "wind", "wind", "wind"]}, "datasets": {"gldas": {"series_norm": {"months": [1, 2, 3, 4, 5, 6, 7, 8, 9, 10, 11, 12], "demand": [1.0, 1.0, 1.0, 1.0, 1.0, 1.0, 1.0, 1.0, 1.0, 1.0, 1.0, 1.0], "solar_supply": [0.348553, 0.679387, 1.253716, 1.856674, 2.421612, 2.650056, 2.549589, 2.176462, 1.449163, 0.739935, 0.345084, 0.25345], "wind_supply": [1.996578, 1.789534, 1.670901, 1.405488, 1.190862, 1.086694, 0.911233, 0.943822, 1.198161, 1.6097, 1.732838, 1.994666], "mix_supply": [1.251405, 1.239456, 1.356142, 1.398248, 1.457133, 1.471025, 1.338629, 1.237433, 1.149087, 1.15626, 1.099768, 1.21978], "mix_storage": [0.071132, 0.070047, 0.071563, 0.076704, 0.081348, 0.087749, 0.08953, 0.088668, 0.083999, 0.07655, 0.070668, 0.067051], "mix_s_tot": 0.095063}}, "nldas": null}, "pdf": "figures/29.pdf"}