{"id": 290, "name": "Ash Sharqiyah", "country": "Saudi Arabia", "level": "admin1", "continent": "Asia", "metrics": {"solar_cf": 0.2622, "wind_cf": 0.3088, "solar_f_adj": 1.2201, "wind_f_adj": 1.4288, "mix_alpha": 0.6, "mix_f_adj": 1.2529, "solar_s_tot_pct": 13.1238, "wind_s_tot_pct": 15.6244, "mix_s_tot_pct": 10.5283, "solar_s_seasonal_pct": 11.6366, "solar_s_diurnal_pct": 1.4873, "wind_s_seasonal_pct": 14.8977, "wind_s_diurnal_pct": 0.7267, "solar_flaute_days": 0.75, "wind_flaute_days": 9.0, "solar_gap30d_max": 0.6324, "wind_gap30d_max": 0.6959, "solar_trend_pct_decade": 1.1963, "wind_trend_pct_decade": 17.654}, "colocation": {"k": [0, 17, 35, 50], "storage_pct_cons": [10.5283, 4.1033, 1.1949, 0.9172], "pick": ["base", "solar", "solar", "solar"]}, "datasets": {"gldas": {"series_norm": {"months": [1, 2, 3, 4, 5, 6, 7, 8, 9, 10, 11, 12], "demand": [1.0, 1.0, 1.0, 1.0, 1.0, 1.0, 1.0, 1.0, 1.0, 1.0, 1.0, 1.0], "solar_supply": [0.896312, 1.057356, 1.234405, 1.34941, 1.464543, 1.509381, 1.437066, 1.397807, 1.334523, 1.157444, 0.949295, 0.847245], "wind_supply": [1.393007, 1.710923, 1.80458, 1.613133, 1.480721, 1.622524, 1.573725, 1.40546, 1.153816, 0.982108, 1.197076, 1.228788], "mix_supply": [1.04087, 1.251609, 1.393548, 1.397255, 1.421748, 1.499113, 1.43744, 1.35423, 1.22697, 1.057636, 1.00479, 0.953036], "mix_storage": [0.054932, 0.055796, 0.067085, 0.078093, 0.085425, 0.092271, 0.097361, 0.099453, 0.099106, 0.092882, 0.080434, 0.066563], "mix_s_tot": 0.105283}}, "nldas": null}, "pdf": "figures/290.pdf"}