{"id": 291, "name": "Sikkim", "country": "India", "level": "admin1", "continent": "Asia", "metrics": {"solar_cf": 0.1891, "wind_cf": 0.158, "solar_f_adj": 1.4145, "wind_f_adj": 8.0231, "mix_alpha": 0.6, "mix_f_adj": 1.7862, "solar_s_tot_pct": 11.6745, "wind_s_tot_pct": 31.3681, "mix_s_tot_pct": 6.6163, "solar_s_seasonal_pct": 11.7675, "solar_s_diurnal_pct": -0.0931, "wind_s_seasonal_pct": 29.487, "wind_s_diurnal_pct": 1.8811, "solar_flaute_days": 4.75, "wind_flaute_days": 40.75, "solar_gap30d_max": 0.7262, "wind_gap30d_max": 0.9829, "solar_trend_pct_decade": 2.6658, "wind_trend_pct_decade": -62.6007}, "colocation": {"k": [0, 17, 35, 50], "storage_pct_cons": [6.6163, 1.1255, 0.811, 0.7271], "pick": ["base", "wind", "wind", "wind"]}, "datasets": {"gldas": {"series_norm": {"months": [1, 2, 3, 4, 5, 6, 7, 8, 9, 10, 11, 12], "demand": [1.0, 1.0, 1.0, 1.0, 1.0, 1.0, 1.0, 1.0, 1.0, 1.0, 1.0, 1.0], "solar_supply": [1.203643, 1.359119, 1.570714, 1.728476, 1.685008, 1.51609, 1.367044, 1.41556, 1.344889, 1.368139, 1.251895, 1.164085], "wind_supply": [10.679284, 11.545602, 11.093392, 10.926275, 8.570886, 6.608844, 5.058933, 5.185633, 5.157988, 6.120065, 7.03734, 8.528437], "mix_supply": [1.863, 2.05795, 2.178001, 2.282652, 2.039962, 1.73725, 1.486297, 1.53434, 1.478331, 1.581624, 1.575234, 1.641489], "mix_storage": [0.059678, 0.060238, 0.060841, 0.063431, 0.06467, 0.064485, 0.062402, 0.060876, 0.059914, 0.05883, 0.060182, 0.059851], "mix_s_tot": 0.066163}}, "nldas": null}, "pdf": "figures/291.pdf"}