{"id": 292, "name": "West Bengal", "country": "India", "level": "admin1", "continent": "Asia", "metrics": {"solar_cf": 0.2057, "wind_cf": 0.1052, "solar_f_adj": 1.2539, "wind_f_adj": 2.7392, "mix_alpha": 1.0, "mix_f_adj": 1.2539, "solar_s_tot_pct": 9.7975, "wind_s_tot_pct": 39.6069, "mix_s_tot_pct": 9.7975, "solar_s_seasonal_pct": 8.605, "solar_s_diurnal_pct": 1.1925, "wind_s_seasonal_pct": 39.1436, "wind_s_diurnal_pct": 0.4633, "solar_flaute_days": 1.75, "wind_flaute_days": 24.5, "solar_gap30d_max": 0.6253, "wind_gap30d_max": 0.98, "solar_trend_pct_decade": 1.3263, "wind_trend_pct_decade": 46.603}, "colocation": {"k": [0, 17, 35, 50], "storage_pct_cons": [9.7975, 2.4713, 0.8929, 0.579], "pick": ["base", "wind", "wind", "wind"]}, "datasets": {"gldas": {"series_norm": {"months": [1, 2, 3, 4, 5, 6, 7, 8, 9, 10, 11, 12], "demand": [1.0, 1.0, 1.0, 1.0, 1.0, 1.0, 1.0, 1.0, 1.0, 1.0, 1.0, 1.0], "solar_supply": [1.067562, 1.257221, 1.462221, 1.568765, 1.519388, 1.302203, 1.207831, 1.193171, 1.165401, 1.179963, 1.110169, 1.016906], "wind_supply": [1.663394, 1.697261, 2.37549, 4.403408, 5.038708, 4.656471, 4.107606, 3.091524, 2.258288, 1.195755, 0.980633, 1.352391], "mix_supply": [1.067562, 1.257221, 1.462221, 1.568765, 1.519388, 1.302203, 1.207831, 1.193171, 1.165401, 1.179963, 1.110169, 1.016906], "mix_storage": [0.041061, 0.036349, 0.047558, 0.068917, 0.087164, 0.092222, 0.089291, 0.083774, 0.078852, 0.072996, 0.066695, 0.053473], "mix_s_tot": 0.097975}}, "nldas": null}, "pdf": "figures/292.pdf"}