{"id": 293, "name": "Assam", "country": "India", "level": "admin1", "continent": "Asia", "metrics": {"solar_cf": 0.1909, "wind_cf": 0.0072, "solar_f_adj": 1.2966, "wind_f_adj": 29.6208, "mix_alpha": 0.95, "mix_f_adj": 1.3234, "solar_s_tot_pct": 7.0955, "wind_s_tot_pct": 51.2661, "mix_s_tot_pct": 6.3451, "solar_s_seasonal_pct": 5.6067, "solar_s_diurnal_pct": 1.4888, "wind_s_seasonal_pct": 51.6483, "wind_s_diurnal_pct": -0.3822, "solar_flaute_days": 1.75, "wind_flaute_days": 122.875, "solar_gap30d_max": 0.6136, "wind_gap30d_max": 1.0, "solar_trend_pct_decade": 1.211, "wind_trend_pct_decade": 56.6561}, "colocation": {"k": [0, 17, 35, 50], "storage_pct_cons": [6.3451, 2.3209, 2.0283, 1.7521], "pick": ["base", "wind", "wind", "wind"]}, "datasets": {"gldas": {"series_norm": {"months": [1, 2, 3, 4, 5, 6, 7, 8, 9, 10, 11, 12], "demand": [1.0, 1.0, 1.0, 1.0, 1.0, 1.0, 1.0, 1.0, 1.0, 1.0, 1.0, 1.0], "solar_supply": [1.108666, 1.288955, 1.475913, 1.506257, 1.515356, 1.351393, 1.279174, 1.313614, 1.26691, 1.239351, 1.158446, 1.056934], "wind_supply": [11.638289, 37.928673, 67.834496, 71.768894, 56.769281, 22.583051, 24.284185, 19.110854, 14.246612, 13.784792, 9.21133, 6.995571], "mix_supply": [1.101031, 1.33458, 1.582672, 1.620885, 1.596201, 1.360844, 1.294616, 1.316454, 1.260301, 1.232546, 1.14388, 1.040497], "mix_storage": [0.026824, 0.025138, 0.040272, 0.052246, 0.058618, 0.059294, 0.057049, 0.055992, 0.055264, 0.053224, 0.050127, 0.038894], "mix_s_tot": 0.063451}}, "nldas": null}, "pdf": "figures/293.pdf"}