{"id": 294, "name": "Nusa Tenggara Timur", "country": "Indonesia", "level": "admin1", "continent": "Asia", "metrics": {"solar_cf": 0.2489, "wind_cf": 0.1356, "solar_f_adj": 1.2916, "wind_f_adj": 4.5639, "mix_alpha": 0.9, "mix_f_adj": 1.3288, "solar_s_tot_pct": 8.1777, "wind_s_tot_pct": 23.3385, "mix_s_tot_pct": 7.3291, "solar_s_seasonal_pct": 7.4234, "solar_s_diurnal_pct": 0.7543, "wind_s_seasonal_pct": 22.7666, "wind_s_diurnal_pct": 0.5719, "solar_flaute_days": 0.75, "wind_flaute_days": 30.5, "solar_gap30d_max": 0.5978, "wind_gap30d_max": 0.9903, "solar_trend_pct_decade": 0.3277, "wind_trend_pct_decade": -50.9595}, "colocation": {"k": [0, 17, 35, 50], "storage_pct_cons": [7.3291, 1.7778, 0.8089, 0.4605], "pick": ["base", "wind", "wind", "wind"]}, "datasets": {"gldas": {"series_norm": {"months": [1, 2, 3, 4, 5, 6, 7, 8, 9, 10, 11, 12], "demand": [1.0, 1.0, 1.0, 1.0, 1.0, 1.0, 1.0, 1.0, 1.0, 1.0, 1.0, 1.0], "solar_supply": [1.188627, 1.21161, 1.249191, 1.28212, 1.200045, 1.118414, 1.187101, 1.358599, 1.495638, 1.531273, 1.445332, 1.230128], "wind_supply": [4.880355, 5.447025, 2.978343, 2.977953, 5.778555, 7.555654, 7.724848, 6.259831, 4.433436, 2.811872, 1.646444, 2.295458], "mix_supply": [1.242682, 1.280462, 1.243381, 1.273858, 1.279407, 1.255565, 1.32409, 1.440229, 1.51394, 1.499721, 1.386213, 1.205846], "mix_storage": [0.061388, 0.059326, 0.056841, 0.055, 0.054938, 0.052677, 0.051116, 0.054904, 0.062818, 0.067597, 0.068956, 0.065399], "mix_s_tot": 0.073291}}, "nldas": null}, "pdf": "figures/294.pdf"}