{"id": 295, "name": "Kalimantan Barat", "country": "Indonesia", "level": "admin1", "continent": "Asia", "metrics": {"solar_cf": 0.2047, "wind_cf": 0.0009, "solar_f_adj": 1.3007, "wind_f_adj": 342.8584, "mix_alpha": 0.05, "mix_f_adj": 91.1313, "solar_s_tot_pct": 5.5341, "wind_s_tot_pct": 94.8202, "mix_s_tot_pct": 0.3334, "solar_s_seasonal_pct": 4.3797, "solar_s_diurnal_pct": 1.1544, "wind_s_seasonal_pct": 94.5205, "wind_s_diurnal_pct": 0.2997, "solar_flaute_days": 1.625, "wind_flaute_days": 276.875, "solar_gap30d_max": 0.61, "wind_gap30d_max": 1.0, "solar_trend_pct_decade": 3.1218, "wind_trend_pct_decade": -90.3735}, "colocation": {"k": [0, 17, 35, 50], "storage_pct_cons": [0.3334, 0.2554, 0.2554, 0.2554], "pick": ["base", "wind", "wind", "wind"]}, "datasets": {"gldas": {"series_norm": {"months": [1, 2, 3, 4, 5, 6, 7, 8, 9, 10, 11, 12], "demand": [1.0, 1.0, 1.0, 1.0, 1.0, 1.0, 1.0, 1.0, 1.0, 1.0, 1.0, 1.0], "solar_supply": [1.190863, 1.28545, 1.328074, 1.349809, 1.341411, 1.291553, 1.342745, 1.380198, 1.36307, 1.296227, 1.245978, 1.192733], "wind_supply": [925.148632, 595.346311, 126.342265, 65.529848, 98.919363, 80.598919, 404.577366, 465.497746, 264.35444, 143.582803, 285.699302, 659.363916], "mix_supply": [237.780101, 154.833465, 36.555127, 21.275599, 29.677325, 24.876585, 106.863341, 122.377484, 71.52702, 40.796947, 76.506581, 170.673665], "mix_storage": [0.002836, 0.002844, 0.002841, 0.002832, 0.002831, 0.002812, 0.002834, 0.002845, 0.002841, 0.00283, 0.002826, 0.002826], "mix_s_tot": 0.003334}}, "nldas": null}, "pdf": "figures/295.pdf"}