{"id": 296, "name": "Adrar", "country": "Algeria", "level": "admin1", "continent": "Africa", "metrics": {"solar_cf": 0.2489, "wind_cf": 0.3663, "solar_f_adj": 1.2552, "wind_f_adj": 1.553, "mix_alpha": 0.7, "mix_f_adj": 1.2647, "solar_s_tot_pct": 13.3009, "wind_s_tot_pct": 16.3223, "mix_s_tot_pct": 12.7529, "solar_s_seasonal_pct": 12.5385, "solar_s_diurnal_pct": 0.7625, "wind_s_seasonal_pct": 15.9391, "wind_s_diurnal_pct": 0.3832, "solar_flaute_days": 0.75, "wind_flaute_days": 7.5, "solar_gap30d_max": 0.6438, "wind_gap30d_max": 0.6692, "solar_trend_pct_decade": 1.437, "wind_trend_pct_decade": 22.7248}, "colocation": {"k": [0, 17, 35, 50], "storage_pct_cons": [12.7529, 6.3414, 3.0339, 2.0295], "pick": ["base", "wind", "wind", "wind"]}, "datasets": {"gldas": {"series_norm": {"months": [1, 2, 3, 4, 5, 6, 7, 8, 9, 10, 11, 12], "demand": [1.0, 1.0, 1.0, 1.0, 1.0, 1.0, 1.0, 1.0, 1.0, 1.0, 1.0, 1.0], "solar_supply": [0.893768, 1.079653, 1.3094, 1.472264, 1.525336, 1.569114, 1.555248, 1.469961, 1.325143, 1.104883, 0.922732, 0.827635], "wind_supply": [1.492894, 1.688418, 1.700966, 1.707025, 1.753117, 1.646701, 1.612199, 1.511176, 1.337373, 1.393613, 1.292786, 1.504599], "mix_supply": [0.99508, 1.173949, 1.339053, 1.4554, 1.504091, 1.50897, 1.490762, 1.40593, 1.261331, 1.119723, 0.966621, 0.951295], "mix_storage": [0.061301, 0.054575, 0.062325, 0.074974, 0.084487, 0.094017, 0.102104, 0.108159, 0.110182, 0.10626, 0.093831, 0.075144], "mix_s_tot": 0.127529}}, "nldas": null}, "pdf": "figures/296.pdf"}