{"id": 297, "name": "Uttarakhand", "country": "India", "level": "admin1", "continent": "Asia", "metrics": {"solar_cf": 0.2179, "wind_cf": 0.1195, "solar_f_adj": 1.2846, "wind_f_adj": 5.284, "mix_alpha": 1.0, "mix_f_adj": 1.2846, "solar_s_tot_pct": 10.9935, "wind_s_tot_pct": 32.124, "mix_s_tot_pct": 10.9935, "solar_s_seasonal_pct": 10.0266, "solar_s_diurnal_pct": 0.9669, "wind_s_seasonal_pct": 30.6336, "wind_s_diurnal_pct": 1.4904, "solar_flaute_days": 1.625, "wind_flaute_days": 15.625, "solar_gap30d_max": 0.6465, "wind_gap30d_max": 0.9683, "solar_trend_pct_decade": -1.1629, "wind_trend_pct_decade": -71.9461}, "colocation": {"k": [0, 17, 35, 50], "storage_pct_cons": [10.9935, 7.8556, 4.2968, 1.4546], "pick": ["base", "wind", "wind", "wind"]}, "datasets": {"gldas": {"series_norm": {"months": [1, 2, 3, 4, 5, 6, 7, 8, 9, 10, 11, 12], "demand": [1.0, 1.0, 1.0, 1.0, 1.0, 1.0, 1.0, 1.0, 1.0, 1.0, 1.0, 1.0], "solar_supply": [0.878356, 1.104873, 1.409516, 1.635038, 1.74741, 1.602411, 1.281464, 1.238414, 1.307576, 1.281223, 1.043882, 0.883827], "wind_supply": [6.202003, 7.485177, 7.725591, 8.169566, 7.429522, 4.864005, 2.189733, 1.768469, 2.842991, 4.432355, 4.938917, 5.543468], "mix_supply": [0.878356, 1.104873, 1.409516, 1.635038, 1.74741, 1.602411, 1.281464, 1.238414, 1.307576, 1.281223, 1.043882, 0.883827], "mix_storage": [0.042982, 0.02403, 0.026901, 0.05119, 0.084445, 0.105278, 0.104902, 0.100594, 0.098591, 0.100883, 0.093802, 0.070433], "mix_s_tot": 0.109935}}, "nldas": null}, "pdf": "figures/297.pdf"}