{"id": 298, "name": "Formosa", "country": "Argentina", "level": "admin1", "continent": "South America", "metrics": {"solar_cf": 0.2123, "wind_cf": 0.1488, "solar_f_adj": 1.2746, "wind_f_adj": 1.7729, "mix_alpha": 0.75, "mix_f_adj": 1.2868, "solar_s_tot_pct": 18.9468, "wind_s_tot_pct": 28.2271, "mix_s_tot_pct": 13.0764, "solar_s_seasonal_pct": 16.5228, "solar_s_diurnal_pct": 2.424, "wind_s_seasonal_pct": 27.5582, "wind_s_diurnal_pct": 0.669, "solar_flaute_days": 2.875, "wind_flaute_days": 11.125, "solar_gap30d_max": 0.7452, "wind_gap30d_max": 0.8756, "solar_trend_pct_decade": 2.2431, "wind_trend_pct_decade": 18.5954}, "colocation": {"k": [0, 17, 35, 50], "storage_pct_cons": [13.0764, 7.5468, 4.575, 2.7414], "pick": ["base", "wind", "wind", "wind"]}, "datasets": {"gldas": {"series_norm": {"months": [1, 2, 3, 4, 5, 6, 7, 8, 9, 10, 11, 12], "demand": [1.0, 1.0, 1.0, 1.0, 1.0, 1.0, 1.0, 1.0, 1.0, 1.0, 1.0, 1.0], "solar_supply": [1.703414, 1.55941, 1.373301, 1.086564, 0.841155, 0.704502, 0.836152, 1.10377, 1.31375, 1.474345, 1.62808, 1.684863], "wind_supply": [1.440061, 1.340929, 1.143179, 1.176102, 1.391147, 1.631207, 1.930016, 2.465641, 2.491839, 2.445534, 2.086222, 1.704236], "mix_supply": [1.551035, 1.424015, 1.247222, 1.036094, 0.889303, 0.829396, 0.983294, 1.28311, 1.446849, 1.560041, 1.611243, 1.584924], "mix_storage": [0.121107, 0.123971, 0.122297, 0.112903, 0.092892, 0.064656, 0.041779, 0.038179, 0.054626, 0.076597, 0.098746, 0.112946], "mix_s_tot": 0.130764}}, "nldas": null}, "pdf": "figures/298.pdf"}