{"id": 299, "name": "Misiones", "country": "Argentina", "level": "admin1", "continent": "South America", "metrics": {"solar_cf": 0.2017, "wind_cf": 0.0795, "solar_f_adj": 1.3073, "wind_f_adj": 5.3528, "mix_alpha": 0.35, "mix_f_adj": 2.3164, "solar_s_tot_pct": 16.1886, "wind_s_tot_pct": 29.8521, "mix_s_tot_pct": 10.521, "solar_s_seasonal_pct": 15.0628, "solar_s_diurnal_pct": 1.1258, "wind_s_seasonal_pct": 28.2334, "wind_s_diurnal_pct": 1.6186, "solar_flaute_days": 3.625, "wind_flaute_days": 16.75, "solar_gap30d_max": 0.7102, "wind_gap30d_max": 0.9689, "solar_trend_pct_decade": 0.9656, "wind_trend_pct_decade": -63.8663}, "colocation": {"k": [0, 17, 35, 50], "storage_pct_cons": [10.521, 6.1608, 3.5366, 2.2855], "pick": ["base", "solar", "solar", "solar"]}, "datasets": {"gldas": {"series_norm": {"months": [1, 2, 3, 4, 5, 6, 7, 8, 9, 10, 11, 12], "demand": [1.0, 1.0, 1.0, 1.0, 1.0, 1.0, 1.0, 1.0, 1.0, 1.0, 1.0, 1.0], "solar_supply": [1.736247, 1.632429, 1.435067, 1.155934, 0.869512, 0.730314, 0.852703, 1.083173, 1.279396, 1.459666, 1.700057, 1.76996], "wind_supply": [3.552936, 3.077697, 2.997441, 3.613763, 4.675853, 6.104862, 7.126551, 8.089531, 7.431392, 6.97226, 6.030796, 4.416072], "mix_supply": [2.076214, 1.878147, 1.733169, 1.733419, 1.854538, 2.170175, 2.533472, 2.947284, 2.883852, 2.866505, 2.750768, 2.339915], "mix_storage": [0.104062, 0.103573, 0.101937, 0.097114, 0.09134, 0.085479, 0.084514, 0.087, 0.095164, 0.098942, 0.10079, 0.103459], "mix_s_tot": 0.10521}}, "nldas": null}, "pdf": "figures/299.pdf"}