{"id": 3, "name": "Peru", "country": "Peru", "level": "admin0", "continent": "South America", "metrics": {"solar_cf": 0.21, "wind_cf": 0.0239, "solar_f_adj": 1.2457, "wind_f_adj": 3.5803, "mix_alpha": 0.9, "mix_f_adj": 1.3202, "solar_s_tot_pct": 6.6984, "wind_s_tot_pct": 38.2249, "mix_s_tot_pct": 6.0212, "solar_s_seasonal_pct": 4.5594, "solar_s_diurnal_pct": 2.1389, "wind_s_seasonal_pct": 37.6154, "wind_s_diurnal_pct": 0.6095, "solar_flaute_days": 0.625, "wind_flaute_days": 23.875, "solar_gap30d_max": 0.6, "wind_gap30d_max": 0.9919, "solar_trend_pct_decade": 1.1766, "wind_trend_pct_decade": -52.6105}, "colocation": {"k": [0, 17, 35, 50], "storage_pct_cons": [6.0212, 1.0054, 0.5309, 0.4823], "pick": ["base", "wind", "wind", "wind"]}, "datasets": {"gldas": {"series_norm": {"months": [1, 2, 3, 4, 5, 6, 7, 8, 9, 10, 11, 12], "demand": [1.0, 1.0, 1.0, 1.0, 1.0, 1.0, 1.0, 1.0, 1.0, 1.0, 1.0, 1.0], "solar_supply": [1.234384, 1.186996, 1.168375, 1.182044, 1.158974, 1.138544, 1.194257, 1.324808, 1.375218, 1.360387, 1.349294, 1.271667], "wind_supply": [3.272952, 2.442906, 2.030628, 2.260499, 2.671366, 2.966898, 3.782833, 4.995258, 5.068586, 4.838831, 4.656127, 3.896299], "mix_supply": [1.298113, 1.222303, 1.189339, 1.210854, 1.203999, 1.195409, 1.278639, 1.447873, 1.498662, 1.476042, 1.458724, 1.356661], "mix_storage": [0.056543, 0.054332, 0.050495, 0.045991, 0.043181, 0.038212, 0.036039, 0.041841, 0.049683, 0.054601, 0.056936, 0.05715], "mix_s_tot": 0.060212}}, "nldas": null}, "pdf": "figures/3.pdf"}