{"id": 30, "name": "Namibia", "country": "Namibia", "level": "admin0", "continent": "Africa", "metrics": {"solar_cf": 0.2566, "wind_cf": 0.215, "solar_f_adj": 1.2441, "wind_f_adj": 1.6216, "mix_alpha": 0.9, "mix_f_adj": 1.2545, "solar_s_tot_pct": 8.9869, "wind_s_tot_pct": 21.3891, "mix_s_tot_pct": 8.529, "solar_s_seasonal_pct": 7.0306, "solar_s_diurnal_pct": 1.9564, "wind_s_seasonal_pct": 19.5974, "wind_s_diurnal_pct": 1.7917, "solar_flaute_days": 0.625, "wind_flaute_days": 2.875, "solar_gap30d_max": 0.615, "wind_gap30d_max": 0.6915, "solar_trend_pct_decade": 1.6458, "wind_trend_pct_decade": 22.7575}, "colocation": {"k": [0, 17, 35, 50], "storage_pct_cons": [8.529, 2.2767, 0.6558, 0.4641], "pick": ["base", "wind", "wind", "wind"]}, "datasets": {"gldas": {"series_norm": {"months": [1, 2, 3, 4, 5, 6, 7, 8, 9, 10, 11, 12], "demand": [1.0, 1.0, 1.0, 1.0, 1.0, 1.0, 1.0, 1.0, 1.0, 1.0, 1.0, 1.0], "solar_supply": [1.443675, 1.366789, 1.2574, 1.12238, 0.998339, 0.915802, 0.960715, 1.124162, 1.314733, 1.426098, 1.495957, 1.510435], "wind_supply": [1.509701, 1.314728, 1.210233, 1.298837, 1.491165, 1.749108, 1.894316, 1.751379, 1.860445, 1.930765, 1.769389, 1.658434], "mix_supply": [1.426964, 1.342104, 1.234747, 1.119068, 1.021376, 0.966428, 1.018421, 1.155694, 1.33708, 1.443587, 1.4945, 1.499056], "mix_storage": [0.078425, 0.080354, 0.079028, 0.073241, 0.060593, 0.042177, 0.024221, 0.014195, 0.017605, 0.033436, 0.053712, 0.069446], "mix_s_tot": 0.08529}}, "nldas": null}, "pdf": "figures/30.pdf"}