{"id": 300, "name": "Chaco", "country": "Argentina", "level": "admin1", "continent": "South America", "metrics": {"solar_cf": 0.2118, "wind_cf": 0.1652, "solar_f_adj": 1.2899, "wind_f_adj": 1.722, "mix_alpha": 0.75, "mix_f_adj": 1.2858, "solar_s_tot_pct": 16.2368, "wind_s_tot_pct": 24.9778, "mix_s_tot_pct": 12.5189, "solar_s_seasonal_pct": 14.9132, "solar_s_diurnal_pct": 1.3236, "wind_s_seasonal_pct": 24.0607, "wind_s_diurnal_pct": 0.9172, "solar_flaute_days": 2.75, "wind_flaute_days": 9.875, "solar_gap30d_max": 0.727, "wind_gap30d_max": 0.8315, "solar_trend_pct_decade": 2.6896, "wind_trend_pct_decade": 18.2249}, "colocation": {"k": [0, 17, 35, 50], "storage_pct_cons": [12.5189, 7.0396, 3.3943, 2.1637], "pick": ["base", "wind", "wind", "wind"]}, "datasets": {"gldas": {"series_norm": {"months": [1, 2, 3, 4, 5, 6, 7, 8, 9, 10, 11, 12], "demand": [1.0, 1.0, 1.0, 1.0, 1.0, 1.0, 1.0, 1.0, 1.0, 1.0, 1.0, 1.0], "solar_supply": [1.742506, 1.596475, 1.371867, 1.052345, 0.831582, 0.700044, 0.832788, 1.109429, 1.339852, 1.510838, 1.682285, 1.723631], "wind_supply": [1.376681, 1.315213, 1.180045, 1.185828, 1.372109, 1.526069, 1.820318, 2.34527, 2.411893, 2.382848, 2.080452, 1.641425], "mix_supply": [1.559725, 1.439074, 1.24592, 1.008118, 0.877845, 0.808244, 0.962415, 1.267232, 1.451938, 1.574349, 1.646077, 1.595034], "mix_storage": [0.117987, 0.120739, 0.118895, 0.108507, 0.087131, 0.058229, 0.033507, 0.028991, 0.045613, 0.071363, 0.095944, 0.110571], "mix_s_tot": 0.125189}}, "nldas": null}, "pdf": "figures/300.pdf"}