{"id": 301, "name": "Corrientes", "country": "Argentina", "level": "admin1", "continent": "South America", "metrics": {"solar_cf": 0.2067, "wind_cf": 0.1874, "solar_f_adj": 1.3003, "wind_f_adj": 1.7633, "mix_alpha": 0.3, "mix_f_adj": 1.4755, "solar_s_tot_pct": 17.7247, "wind_s_tot_pct": 20.5229, "mix_s_tot_pct": 12.8686, "solar_s_seasonal_pct": 16.6157, "solar_s_diurnal_pct": 1.109, "wind_s_seasonal_pct": 19.9391, "wind_s_diurnal_pct": 0.5838, "solar_flaute_days": 3.75, "wind_flaute_days": 9.375, "solar_gap30d_max": 0.7215, "wind_gap30d_max": 0.7982, "solar_trend_pct_decade": 1.7908, "wind_trend_pct_decade": 33.5944}, "colocation": {"k": [0, 17, 35, 50], "storage_pct_cons": [12.8686, 8.2754, 5.4524, 3.062], "pick": ["base", "wind", "solar", "solar"]}, "datasets": {"gldas": {"series_norm": {"months": [1, 2, 3, 4, 5, 6, 7, 8, 9, 10, 11, 12], "demand": [1.0, 1.0, 1.0, 1.0, 1.0, 1.0, 1.0, 1.0, 1.0, 1.0, 1.0, 1.0], "solar_supply": [1.804711, 1.656114, 1.414407, 1.086457, 0.816918, 0.675947, 0.785458, 1.033954, 1.279182, 1.496402, 1.744414, 1.827859], "wind_supply": [1.452166, 1.309284, 1.281831, 1.267283, 1.470198, 1.642189, 1.878405, 2.34483, 2.363026, 2.391571, 2.093867, 1.634371], "mix_supply": [1.464944, 1.330668, 1.232307, 1.112147, 1.139249, 1.192003, 1.367645, 1.725442, 1.819578, 1.910243, 1.820291, 1.57955], "mix_storage": [0.12171, 0.117446, 0.109583, 0.09739, 0.082609, 0.070921, 0.067879, 0.079901, 0.09752, 0.111469, 0.121395, 0.123748], "mix_s_tot": 0.128686}}, "nldas": null}, "pdf": "figures/301.pdf"}