{"id": 302, "name": "Mato Grosso do Sul", "country": "Brazil", "level": "admin1", "continent": "South America", "metrics": {"solar_cf": 0.2206, "wind_cf": 0.0718, "solar_f_adj": 1.2433, "wind_f_adj": 2.1549, "mix_alpha": 0.85, "mix_f_adj": 1.2834, "solar_s_tot_pct": 12.3313, "wind_s_tot_pct": 46.2397, "mix_s_tot_pct": 9.6483, "solar_s_seasonal_pct": 10.1451, "solar_s_diurnal_pct": 2.1861, "wind_s_seasonal_pct": 45.182, "wind_s_diurnal_pct": 1.0577, "solar_flaute_days": 1.625, "wind_flaute_days": 13.5, "solar_gap30d_max": 0.6306, "wind_gap30d_max": 0.9837, "solar_trend_pct_decade": 2.3104, "wind_trend_pct_decade": 34.7023}, "colocation": {"k": [0, 17, 35, 50], "storage_pct_cons": [9.6483, 4.2399, 1.7341, 1.155], "pick": ["base", "wind", "wind", "wind"]}, "datasets": {"gldas": {"series_norm": {"months": [1, 2, 3, 4, 5, 6, 7, 8, 9, 10, 11, 12], "demand": [1.0, 1.0, 1.0, 1.0, 1.0, 1.0, 1.0, 1.0, 1.0, 1.0, 1.0, 1.0], "solar_supply": [1.415772, 1.368354, 1.330709, 1.194774, 0.989357, 0.917945, 0.988861, 1.178256, 1.325869, 1.35322, 1.431107, 1.433157], "wind_supply": [1.419009, 1.027856, 0.852325, 1.104259, 1.766144, 2.300166, 2.990081, 3.662715, 3.580205, 2.881174, 2.395865, 1.80419], "mix_supply": [1.368978, 1.292429, 1.243718, 1.146954, 1.025848, 1.010897, 1.134752, 1.361018, 1.483164, 1.444715, 1.469699, 1.418641], "mix_storage": [0.088367, 0.089079, 0.087087, 0.082217, 0.07175, 0.054763, 0.044616, 0.047806, 0.061994, 0.073101, 0.081018, 0.085705], "mix_s_tot": 0.096483}}, "nldas": null}, "pdf": "figures/302.pdf"}