{"id": 303, "name": "Paran\u00e1", "country": "Brazil", "level": "admin1", "continent": "South America", "metrics": {"solar_cf": 0.2034, "wind_cf": 0.0826, "solar_f_adj": 1.2961, "wind_f_adj": 1.8439, "mix_alpha": 0.85, "mix_f_adj": 1.2841, "solar_s_tot_pct": 14.7302, "wind_s_tot_pct": 30.4183, "mix_s_tot_pct": 10.4952, "solar_s_seasonal_pct": 13.0219, "solar_s_diurnal_pct": 1.7082, "wind_s_seasonal_pct": 27.4141, "wind_s_diurnal_pct": 3.0041, "solar_flaute_days": 2.75, "wind_flaute_days": 9.5, "solar_gap30d_max": 0.6779, "wind_gap30d_max": 0.8929, "solar_trend_pct_decade": 1.0169, "wind_trend_pct_decade": -23.4659}, "colocation": {"k": [0, 17, 35, 50], "storage_pct_cons": [10.4952, 5.0931, 2.6465, 2.2094], "pick": ["base", "wind", "wind", "wind"]}, "datasets": {"gldas": {"series_norm": {"months": [1, 2, 3, 4, 5, 6, 7, 8, 9, 10, 11, 12], "demand": [1.0, 1.0, 1.0, 1.0, 1.0, 1.0, 1.0, 1.0, 1.0, 1.0, 1.0, 1.0], "solar_supply": [1.558821, 1.520562, 1.416655, 1.209152, 0.947072, 0.845621, 0.931578, 1.162002, 1.325851, 1.423134, 1.592272, 1.633765], "wind_supply": [1.365543, 1.136541, 1.143869, 1.304857, 1.672064, 1.764689, 2.216273, 2.481695, 2.782804, 2.402338, 2.205036, 1.610037], "mix_supply": [1.455403, 1.399261, 1.312521, 1.154592, 0.972243, 0.896483, 1.016046, 1.237824, 1.407264, 1.449444, 1.571271, 1.544057], "mix_storage": [0.097771, 0.099837, 0.100051, 0.096865, 0.084236, 0.061111, 0.041033, 0.035488, 0.047298, 0.063721, 0.081756, 0.093417], "mix_s_tot": 0.104952}}, "nldas": null}, "pdf": "figures/303.pdf"}