{"id": 304, "name": "Santa Catarina", "country": "Brazil", "level": "admin1", "continent": "South America", "metrics": {"solar_cf": 0.1843, "wind_cf": 0.0822, "solar_f_adj": 1.3189, "wind_f_adj": 15.1679, "mix_alpha": 0.1, "mix_f_adj": 6.7859, "solar_s_tot_pct": 15.0201, "wind_s_tot_pct": 14.7466, "mix_s_tot_pct": 8.2918, "solar_s_seasonal_pct": 13.9612, "solar_s_diurnal_pct": 1.0589, "wind_s_seasonal_pct": 14.1503, "wind_s_diurnal_pct": 0.5963, "solar_flaute_days": 2.875, "wind_flaute_days": 32.75, "solar_gap30d_max": 0.7143, "wind_gap30d_max": 0.9917, "solar_trend_pct_decade": -0.4278, "wind_trend_pct_decade": -78.8122}, "colocation": {"k": [0, 17, 35, 50], "storage_pct_cons": [8.2918, 4.189, 2.4179, 1.8466], "pick": ["base", "solar", "solar", "solar"]}, "datasets": {"gldas": {"series_norm": {"months": [1, 2, 3, 4, 5, 6, 7, 8, 9, 10, 11, 12], "demand": [1.0, 1.0, 1.0, 1.0, 1.0, 1.0, 1.0, 1.0, 1.0, 1.0, 1.0, 1.0], "solar_supply": [1.692063, 1.622107, 1.449399, 1.188763, 0.919664, 0.796913, 0.904561, 1.129255, 1.276873, 1.422974, 1.683831, 1.757321], "wind_supply": [12.550285, 9.919252, 9.563507, 10.635837, 14.580059, 14.341001, 17.265885, 18.465969, 21.611722, 18.997001, 18.688025, 15.081367], "mix_supply": [5.923903, 4.828532, 4.596434, 4.894109, 6.343791, 6.18438, 7.417462, 8.016277, 9.358856, 8.381213, 8.391015, 6.976612], "mix_storage": [0.081936, 0.081535, 0.079471, 0.077419, 0.075449, 0.076056, 0.077411, 0.079628, 0.081857, 0.081504, 0.082189, 0.082112], "mix_s_tot": 0.082918}}, "nldas": null}, "pdf": "figures/304.pdf"}