{"id": 305, "name": "Kaliningrad", "country": "Russia", "level": "admin1", "continent": "Europe", "metrics": {"solar_cf": 0.1159, "wind_cf": 0.3715, "solar_f_adj": 1.4932, "wind_f_adj": 1.4042, "mix_alpha": 0.25, "mix_f_adj": 1.2871, "solar_s_tot_pct": 36.7199, "wind_s_tot_pct": 16.2556, "mix_s_tot_pct": 5.7104, "solar_s_seasonal_pct": 36.0384, "solar_s_diurnal_pct": 0.6815, "wind_s_seasonal_pct": 15.807, "wind_s_diurnal_pct": 0.4486, "solar_flaute_days": 8.875, "wind_flaute_days": 8.375, "solar_gap30d_max": 0.9014, "wind_gap30d_max": 0.7063, "solar_trend_pct_decade": -1.2878, "wind_trend_pct_decade": -2.0495}, "colocation": {"k": [0, 17, 35, 50], "storage_pct_cons": [5.7104, 3.2222, 2.4832, 2.4832], "pick": ["base", "wind", "wind", "wind"]}, "datasets": {"gldas": {"series_norm": {"months": [1, 2, 3, 4, 5, 6, 7, 8, 9, 10, 11, 12], "demand": [1.0, 1.0, 1.0, 1.0, 1.0, 1.0, 1.0, 1.0, 1.0, 1.0, 1.0, 1.0], "solar_supply": [0.324566, 0.661857, 1.26861, 2.028831, 2.745419, 2.908845, 2.735775, 2.277015, 1.56617, 0.767787, 0.343813, 0.243879], "wind_supply": [1.913393, 1.743221, 1.536351, 1.26786, 1.105219, 1.055517, 0.985093, 0.976292, 1.179791, 1.582399, 1.656546, 1.86377], "mix_supply": [1.385398, 1.341091, 1.329624, 1.308866, 1.351476, 1.352524, 1.266811, 1.161898, 1.148615, 1.253355, 1.212964, 1.333894], "mix_storage": [0.049772, 0.049183, 0.049893, 0.05082, 0.053519, 0.054753, 0.054153, 0.051064, 0.046504, 0.046338, 0.04608, 0.045212], "mix_s_tot": 0.057104}}, "nldas": null}, "pdf": "figures/305.pdf"}