{"id": 306, "name": "Smolensk", "country": "Russia", "level": "admin1", "continent": "Europe", "metrics": {"solar_cf": 0.1195, "wind_cf": 0.2854, "solar_f_adj": 1.3952, "wind_f_adj": 1.3634, "mix_alpha": 0.2, "mix_f_adj": 1.2761, "solar_s_tot_pct": 36.5581, "wind_s_tot_pct": 19.4415, "mix_s_tot_pct": 8.5643, "solar_s_seasonal_pct": 36.249, "solar_s_diurnal_pct": 0.3091, "wind_s_seasonal_pct": 19.2343, "wind_s_diurnal_pct": 0.2072, "solar_flaute_days": 11.875, "wind_flaute_days": 10.75, "solar_gap30d_max": 0.8975, "wind_gap30d_max": 0.8258, "solar_trend_pct_decade": -0.9523, "wind_trend_pct_decade": -3.6212}, "colocation": {"k": [0, 17, 35, 50], "storage_pct_cons": [8.5643, 5.3606, 5.0702, 4.3624], "pick": ["base", "wind", "wind", "solar"]}, "datasets": {"gldas": {"series_norm": {"months": [1, 2, 3, 4, 5, 6, 7, 8, 9, 10, 11, 12], "demand": [1.0, 1.0, 1.0, 1.0, 1.0, 1.0, 1.0, 1.0, 1.0, 1.0, 1.0, 1.0], "solar_supply": [0.329456, 0.681672, 1.278332, 1.839751, 2.459373, 2.689812, 2.630204, 2.148329, 1.404794, 0.682668, 0.323314, 0.23267], "wind_supply": [1.911314, 1.691937, 1.552852, 1.340897, 1.114616, 0.991658, 0.770452, 0.881732, 1.072521, 1.468027, 1.668638, 1.91363], "mix_supply": [1.491397, 1.391566, 1.396572, 1.340569, 1.284486, 1.234574, 1.058038, 1.05321, 1.06005, 1.224092, 1.308565, 1.475426], "mix_storage": [0.076485, 0.075769, 0.075294, 0.078171, 0.076952, 0.076178, 0.069929, 0.058214, 0.050086, 0.048002, 0.056827, 0.066131], "mix_s_tot": 0.085643}}, "nldas": null}, "pdf": "figures/306.pdf"}