{"id": 307, "name": "Bryansk", "country": "Russia", "level": "admin1", "continent": "Europe", "metrics": {"solar_cf": 0.1235, "wind_cf": 0.2773, "solar_f_adj": 1.3511, "wind_f_adj": 1.4308, "mix_alpha": 0.3, "mix_f_adj": 1.2704, "solar_s_tot_pct": 35.9036, "wind_s_tot_pct": 20.6483, "mix_s_tot_pct": 8.6666, "solar_s_seasonal_pct": 35.6267, "solar_s_diurnal_pct": 0.277, "wind_s_seasonal_pct": 20.1328, "wind_s_diurnal_pct": 0.5155, "solar_flaute_days": 6.0, "wind_flaute_days": 9.75, "solar_gap30d_max": 0.8759, "wind_gap30d_max": 0.8545, "solar_trend_pct_decade": -0.6485, "wind_trend_pct_decade": 7.3707}, "colocation": {"k": [0, 17, 35, 50], "storage_pct_cons": [8.6666, 3.8229, 3.394, 3.394], "pick": ["base", "wind", "wind", "wind"]}, "datasets": {"gldas": {"series_norm": {"months": [1, 2, 3, 4, 5, 6, 7, 8, 9, 10, 11, 12], "demand": [1.0, 1.0, 1.0, 1.0, 1.0, 1.0, 1.0, 1.0, 1.0, 1.0, 1.0, 1.0], "solar_supply": [0.361276, 0.701633, 1.234001, 1.738795, 2.331539, 2.510541, 2.470419, 2.097778, 1.394731, 0.721835, 0.348843, 0.262314], "wind_supply": [1.985826, 1.79909, 1.702302, 1.396683, 1.163975, 1.100806, 0.8432, 0.930974, 1.145723, 1.501803, 1.674423, 1.944967], "mix_supply": [1.336097, 1.316051, 1.40607, 1.358523, 1.3811, 1.392334, 1.220915, 1.17035, 1.105497, 1.136986, 1.139053, 1.282787], "mix_storage": [0.0672, 0.070822, 0.074897, 0.080019, 0.081244, 0.082705, 0.079861, 0.076037, 0.069727, 0.061671, 0.057903, 0.058991], "mix_s_tot": 0.086666}}, "nldas": null}, "pdf": "figures/307.pdf"}