{"id": 308, "name": "Kursk", "country": "Russia", "level": "admin1", "continent": "Europe", "metrics": {"solar_cf": 0.1299, "wind_cf": 0.2513, "solar_f_adj": 1.3382, "wind_f_adj": 1.7615, "mix_alpha": 0.3, "mix_f_adj": 1.4581, "solar_s_tot_pct": 35.1758, "wind_s_tot_pct": 21.7454, "mix_s_tot_pct": 8.5185, "solar_s_seasonal_pct": 34.2526, "solar_s_diurnal_pct": 0.9233, "wind_s_seasonal_pct": 20.9716, "wind_s_diurnal_pct": 0.7738, "solar_flaute_days": 5.875, "wind_flaute_days": 21.625, "solar_gap30d_max": 0.8592, "wind_gap30d_max": 0.9119, "solar_trend_pct_decade": -0.0864, "wind_trend_pct_decade": 27.5003}, "colocation": {"k": [0, 17, 35, 50], "storage_pct_cons": [8.5185, 4.4519, 3.9804, 3.2818], "pick": ["base", "wind", "wind", "solar"]}, "datasets": {"gldas": {"series_norm": {"months": [1, 2, 3, 4, 5, 6, 7, 8, 9, 10, 11, 12], "demand": [1.0, 1.0, 1.0, 1.0, 1.0, 1.0, 1.0, 1.0, 1.0, 1.0, 1.0, 1.0], "solar_supply": [0.391868, 0.728573, 1.229648, 1.685737, 2.268912, 2.435435, 2.407185, 2.090967, 1.383962, 0.739949, 0.378717, 0.27986], "wind_supply": [2.356955, 2.187511, 2.097458, 1.686875, 1.472275, 1.408668, 1.053953, 1.192601, 1.456151, 1.832507, 2.026791, 2.388737], "mix_supply": [1.49381, 1.50569, 1.617304, 1.528484, 1.594767, 1.612344, 1.397574, 1.374545, 1.296148, 1.303706, 1.298201, 1.475612], "mix_storage": [0.0663, 0.072446, 0.076003, 0.079684, 0.081897, 0.082652, 0.081185, 0.078576, 0.073868, 0.065275, 0.058626, 0.059903], "mix_s_tot": 0.085185}}, "nldas": null}, "pdf": "figures/308.pdf"}