{"id": 309, "name": "Belgorod", "country": "Russia", "level": "admin1", "continent": "Europe", "metrics": {"solar_cf": 0.134, "wind_cf": 0.3347, "solar_f_adj": 1.342, "wind_f_adj": 1.3207, "mix_alpha": 0.2, "mix_f_adj": 1.2443, "solar_s_tot_pct": 33.6199, "wind_s_tot_pct": 16.5071, "mix_s_tot_pct": 7.6188, "solar_s_seasonal_pct": 33.0359, "solar_s_diurnal_pct": 0.584, "wind_s_seasonal_pct": 16.1386, "wind_s_diurnal_pct": 0.3686, "solar_flaute_days": 4.75, "wind_flaute_days": 16.125, "solar_gap30d_max": 0.843, "wind_gap30d_max": 0.8537, "solar_trend_pct_decade": -0.3247, "wind_trend_pct_decade": 8.5219}, "colocation": {"k": [0, 17, 35, 50], "storage_pct_cons": [7.6188, 4.6088, 3.3125, 2.6403], "pick": ["base", "solar", "solar", "solar"]}, "datasets": {"gldas": {"series_norm": {"months": [1, 2, 3, 4, 5, 6, 7, 8, 9, 10, 11, 12], "demand": [1.0, 1.0, 1.0, 1.0, 1.0, 1.0, 1.0, 1.0, 1.0, 1.0, 1.0, 1.0], "solar_supply": [0.413321, 0.744738, 1.209672, 1.668643, 2.220979, 2.400937, 2.404493, 2.099098, 1.431625, 0.77521, 0.399494, 0.299417], "wind_supply": [1.639413, 1.567532, 1.558278, 1.314261, 1.154873, 1.086382, 0.894966, 0.961563, 1.170404, 1.359106, 1.470269, 1.685148], "mix_supply": [1.312355, 1.319635, 1.398879, 1.300065, 1.282354, 1.264101, 1.12048, 1.114045, 1.147679, 1.168185, 1.182299, 1.325705], "mix_storage": [0.05869, 0.063335, 0.068412, 0.069643, 0.068195, 0.068703, 0.064527, 0.058592, 0.054386, 0.052418, 0.049719, 0.053842], "mix_s_tot": 0.076188}}, "nldas": null}, "pdf": "figures/309.pdf"}