{"id": 31, "name": "South Africa", "country": "South Africa", "level": "admin0", "continent": "Africa", "metrics": {"solar_cf": 0.2363, "wind_cf": 0.2494, "solar_f_adj": 1.2578, "wind_f_adj": 1.4591, "mix_alpha": 0.85, "mix_f_adj": 1.2512, "solar_s_tot_pct": 14.1594, "wind_s_tot_pct": 24.9812, "mix_s_tot_pct": 11.5562, "solar_s_seasonal_pct": 11.7022, "solar_s_diurnal_pct": 2.4572, "wind_s_seasonal_pct": 24.422, "wind_s_diurnal_pct": 0.5592, "solar_flaute_days": 0.625, "wind_flaute_days": 5.75, "solar_gap30d_max": 0.6411, "wind_gap30d_max": 0.7709, "solar_trend_pct_decade": 2.4459, "wind_trend_pct_decade": 9.516}, "colocation": {"k": [0, 17, 35, 50], "storage_pct_cons": [11.5562, 5.2379, 1.33, 0.9088], "pick": ["base", "wind", "wind", "wind"]}, "datasets": {"gldas": {"series_norm": {"months": [1, 2, 3, 4, 5, 6, 7, 8, 9, 10, 11, 12], "demand": [1.0, 1.0, 1.0, 1.0, 1.0, 1.0, 1.0, 1.0, 1.0, 1.0, 1.0, 1.0], "solar_supply": [1.635476, 1.517303, 1.324271, 1.059688, 0.886871, 0.778563, 0.847441, 1.03379, 1.279251, 1.469696, 1.60668, 1.668178], "wind_supply": [1.42974, 1.238908, 1.104084, 1.052331, 1.089787, 1.396253, 1.461113, 1.67222, 1.782985, 1.836751, 1.802307, 1.629398], "mix_supply": [1.56678, 1.442312, 1.261752, 1.031378, 0.890072, 0.837914, 0.904497, 1.089219, 1.311015, 1.478961, 1.590356, 1.620113], "mix_storage": [0.106514, 0.111683, 0.111793, 0.103066, 0.081054, 0.052676, 0.025606, 0.009017, 0.009999, 0.027, 0.055213, 0.086173], "mix_s_tot": 0.115562}}, "nldas": null}, "pdf": "figures/31.pdf"}