{"id": 310, "name": "Voronezh", "country": "Russia", "level": "admin1", "continent": "Europe", "metrics": {"solar_cf": 0.1344, "wind_cf": 0.3507, "solar_f_adj": 1.3361, "wind_f_adj": 1.3481, "mix_alpha": 0.3, "mix_f_adj": 1.2221, "solar_s_tot_pct": 33.3316, "wind_s_tot_pct": 20.0206, "mix_s_tot_pct": 8.2058, "solar_s_seasonal_pct": 32.671, "solar_s_diurnal_pct": 0.6606, "wind_s_seasonal_pct": 19.751, "wind_s_diurnal_pct": 0.2696, "solar_flaute_days": 3.75, "wind_flaute_days": 8.625, "solar_gap30d_max": 0.8435, "wind_gap30d_max": 0.8398, "solar_trend_pct_decade": -0.271, "wind_trend_pct_decade": 4.501}, "colocation": {"k": [0, 17, 35, 50], "storage_pct_cons": [8.2058, 3.5193, 2.3493, 2.3493], "pick": ["base", "wind", "wind", "wind"]}, "datasets": {"gldas": {"series_norm": {"months": [1, 2, 3, 4, 5, 6, 7, 8, 9, 10, 11, 12], "demand": [1.0, 1.0, 1.0, 1.0, 1.0, 1.0, 1.0, 1.0, 1.0, 1.0, 1.0, 1.0], "solar_supply": [0.406354, 0.739602, 1.218244, 1.670196, 2.229991, 2.397576, 2.386595, 2.098138, 1.410334, 0.755508, 0.393157, 0.290742], "wind_supply": [1.763613, 1.719466, 1.598711, 1.344013, 1.128516, 1.012592, 0.841525, 0.922705, 1.124253, 1.407171, 1.545888, 1.790261], "mix_supply": [1.230593, 1.294024, 1.348741, 1.311142, 1.328009, 1.300436, 1.188874, 1.161232, 1.100387, 1.100225, 1.088816, 1.215778], "mix_storage": [0.059187, 0.065558, 0.07138, 0.073543, 0.07426, 0.075592, 0.073525, 0.069738, 0.064311, 0.059153, 0.054113, 0.054041], "mix_s_tot": 0.082058}}, "nldas": null}, "pdf": "figures/310.pdf"}