{"id": 311, "name": "Rostov", "country": "Russia", "level": "admin1", "continent": "Europe", "metrics": {"solar_cf": 0.1437, "wind_cf": 0.4064, "solar_f_adj": 1.3368, "wind_f_adj": 1.2551, "mix_alpha": 0.3, "mix_f_adj": 1.1927, "solar_s_tot_pct": 31.8548, "wind_s_tot_pct": 16.4467, "mix_s_tot_pct": 8.4232, "solar_s_seasonal_pct": 31.4101, "solar_s_diurnal_pct": 0.4447, "wind_s_seasonal_pct": 16.1054, "wind_s_diurnal_pct": 0.3412, "solar_flaute_days": 2.875, "wind_flaute_days": 6.625, "solar_gap30d_max": 0.8197, "wind_gap30d_max": 0.6455, "solar_trend_pct_decade": -1.3666, "wind_trend_pct_decade": 5.1378}, "colocation": {"k": [0, 17, 35, 50], "storage_pct_cons": [8.4232, 3.5971, 2.7684, 2.7684], "pick": ["base", "wind", "wind", "wind"]}, "datasets": {"gldas": {"series_norm": {"months": [1, 2, 3, 4, 5, 6, 7, 8, 9, 10, 11, 12], "demand": [1.0, 1.0, 1.0, 1.0, 1.0, 1.0, 1.0, 1.0, 1.0, 1.0, 1.0, 1.0], "solar_supply": [0.42986, 0.716767, 1.109777, 1.666209, 2.151797, 2.33482, 2.340673, 2.094154, 1.497614, 0.877485, 0.453833, 0.332764], "wind_supply": [1.51729, 1.508389, 1.473327, 1.242456, 1.043663, 0.988232, 0.933526, 0.994042, 1.198983, 1.252155, 1.373629, 1.550796], "mix_supply": [1.124372, 1.195245, 1.277116, 1.272474, 1.270209, 1.282325, 1.247501, 1.221773, 1.19843, 1.067814, 1.035224, 1.120671], "mix_storage": [0.053391, 0.055962, 0.062571, 0.068225, 0.070424, 0.07365, 0.075423, 0.075381, 0.073141, 0.069862, 0.060109, 0.055774], "mix_s_tot": 0.084232}}, "nldas": null}, "pdf": "figures/311.pdf"}