{"id": 312, "name": "East Azarbaijan", "country": "Iran", "level": "admin1", "continent": "Asia", "metrics": {"solar_cf": 0.2005, "wind_cf": 0.1756, "solar_f_adj": 1.2724, "wind_f_adj": 1.5477, "mix_alpha": 0.8, "mix_f_adj": 1.2634, "solar_s_tot_pct": 22.5256, "wind_s_tot_pct": 31.8487, "mix_s_tot_pct": 20.8478, "solar_s_seasonal_pct": 21.4705, "solar_s_diurnal_pct": 1.0551, "wind_s_seasonal_pct": 30.7831, "wind_s_diurnal_pct": 1.0656, "solar_flaute_days": 1.75, "wind_flaute_days": 28.125, "solar_gap30d_max": 0.7184, "wind_gap30d_max": 0.9298, "solar_trend_pct_decade": 0.3568, "wind_trend_pct_decade": -11.4403}, "colocation": {"k": [0, 17, 35, 50], "storage_pct_cons": [20.8478, 15.4623, 13.1516, 11.2236], "pick": ["base", "solar", "wind", "wind"]}, "datasets": {"gldas": {"series_norm": {"months": [1, 2, 3, 4, 5, 6, 7, 8, 9, 10, 11, 12], "demand": [1.0, 1.0, 1.0, 1.0, 1.0, 1.0, 1.0, 1.0, 1.0, 1.0, 1.0, 1.0], "solar_supply": [0.639033, 0.868843, 1.135897, 1.410486, 1.725355, 2.011124, 1.96178, 1.787387, 1.471876, 1.005773, 0.681866, 0.548919], "wind_supply": [1.420686, 1.521875, 1.965139, 1.920016, 1.672787, 1.58595, 1.989927, 1.679062, 1.262022, 1.226223, 1.094058, 1.221626], "mix_supply": [0.739549, 0.938616, 1.223114, 1.433863, 1.643613, 1.856432, 1.88319, 1.693911, 1.375203, 0.999116, 0.720248, 0.63547], "mix_storage": [0.076637, 0.048553, 0.040468, 0.0529, 0.078849, 0.119399, 0.163628, 0.194074, 0.202857, 0.194502, 0.162014, 0.115913], "mix_s_tot": 0.208478}}, "nldas": null}, "pdf": "figures/312.pdf"}