{"id": 313, "name": "Ardebil", "country": "Iran", "level": "admin1", "continent": "Asia", "metrics": {"solar_cf": 0.1835, "wind_cf": 0.168, "solar_f_adj": 1.3091, "wind_f_adj": 1.9104, "mix_alpha": 0.55, "mix_f_adj": 1.4028, "solar_s_tot_pct": 22.0312, "wind_s_tot_pct": 25.6177, "mix_s_tot_pct": 19.947, "solar_s_seasonal_pct": 20.7584, "solar_s_diurnal_pct": 1.2728, "wind_s_seasonal_pct": 25.9532, "wind_s_diurnal_pct": -0.3355, "solar_flaute_days": 2.75, "wind_flaute_days": 17.75, "solar_gap30d_max": 0.7422, "wind_gap30d_max": 0.9621, "solar_trend_pct_decade": 1.8872, "wind_trend_pct_decade": -26.6802}, "colocation": {"k": [0, 17, 35, 50], "storage_pct_cons": [19.947, 15.7692, 12.1174, 10.0594], "pick": ["base", "solar", "solar", "solar"]}, "datasets": {"gldas": {"series_norm": {"months": [1, 2, 3, 4, 5, 6, 7, 8, 9, 10, 11, 12], "demand": [1.0, 1.0, 1.0, 1.0, 1.0, 1.0, 1.0, 1.0, 1.0, 1.0, 1.0, 1.0], "solar_supply": [0.651675, 0.883759, 1.153702, 1.453937, 1.79824, 2.106919, 2.043077, 1.848587, 1.466333, 1.016713, 0.698294, 0.56523], "wind_supply": [2.335275, 2.298712, 2.312125, 1.949466, 1.566235, 1.792646, 2.132598, 1.973666, 1.591478, 1.541369, 1.556568, 1.884407], "mix_supply": [1.155758, 1.280464, 1.443998, 1.501116, 1.57741, 1.834157, 1.908863, 1.741715, 1.390129, 1.108569, 0.925919, 0.955824], "mix_storage": [0.125212, 0.119948, 0.12398, 0.136082, 0.149877, 0.167227, 0.18366, 0.19339, 0.195844, 0.187809, 0.165585, 0.138633], "mix_s_tot": 0.19947}}, "nldas": null}, "pdf": "figures/313.pdf"}