{"id": 314, "name": "Gilan", "country": "Iran", "level": "admin1", "continent": "Asia", "metrics": {"solar_cf": 0.1801, "wind_cf": 0.1488, "solar_f_adj": 1.3166, "wind_f_adj": 2.4418, "mix_alpha": 0.45, "mix_f_adj": 1.5953, "solar_s_tot_pct": 23.2485, "wind_s_tot_pct": 19.2157, "mix_s_tot_pct": 14.9982, "solar_s_seasonal_pct": 22.2042, "solar_s_diurnal_pct": 1.0443, "wind_s_seasonal_pct": 18.6807, "wind_s_diurnal_pct": 0.5349, "solar_flaute_days": 3.625, "wind_flaute_days": 11.75, "solar_gap30d_max": 0.7398, "wind_gap30d_max": 0.9241, "solar_trend_pct_decade": 1.8241, "wind_trend_pct_decade": -46.548}, "colocation": {"k": [0, 17, 35, 50], "storage_pct_cons": [14.9982, 11.2206, 7.7095, 5.808], "pick": ["base", "solar", "solar", "solar"]}, "datasets": {"gldas": {"series_norm": {"months": [1, 2, 3, 4, 5, 6, 7, 8, 9, 10, 11, 12], "demand": [1.0, 1.0, 1.0, 1.0, 1.0, 1.0, 1.0, 1.0, 1.0, 1.0, 1.0, 1.0], "solar_supply": [0.673713, 0.88952, 1.158838, 1.476358, 1.835531, 2.096555, 2.005883, 1.825079, 1.484586, 1.036653, 0.711383, 0.583042], "wind_supply": [3.54541, 3.303404, 2.78405, 2.223053, 1.934624, 2.120802, 2.084666, 1.97472, 1.816868, 2.12168, 2.415752, 3.014852], "mix_supply": [1.641303, 1.672015, 1.632245, 1.603795, 1.695997, 1.905221, 1.842797, 1.704705, 1.462329, 1.327616, 1.255928, 1.401221], "mix_storage": [0.117461, 0.119032, 0.118147, 0.123477, 0.130186, 0.139192, 0.146251, 0.14785, 0.147128, 0.140079, 0.12523, 0.11613], "mix_s_tot": 0.149982}}, "nldas": null}, "pdf": "figures/314.pdf"}