{"id": 315, "name": "Buryat", "country": "Russia", "level": "admin1", "continent": "Europe", "metrics": {"solar_cf": 0.1362, "wind_cf": 0.1032, "solar_f_adj": 1.3258, "wind_f_adj": 2.0157, "mix_alpha": 0.85, "mix_f_adj": 1.3018, "solar_s_tot_pct": 29.974, "wind_s_tot_pct": 35.0446, "mix_s_tot_pct": 28.2798, "solar_s_seasonal_pct": 28.7442, "solar_s_diurnal_pct": 1.2298, "wind_s_seasonal_pct": 33.8594, "wind_s_diurnal_pct": 1.1853, "solar_flaute_days": 0.875, "wind_flaute_days": 31.5, "solar_gap30d_max": 0.8, "wind_gap30d_max": 0.9917, "solar_trend_pct_decade": -0.1534, "wind_trend_pct_decade": -34.1946}, "colocation": {"k": [0, 17, 35, 50], "storage_pct_cons": [28.2798, 23.2483, 18.4171, 15.2715], "pick": ["base", "wind", "wind", "wind"]}, "datasets": {"gldas": {"series_norm": {"months": [1, 2, 3, 4, 5, 6, 7, 8, 9, 10, 11, 12], "demand": [1.0, 1.0, 1.0, 1.0, 1.0, 1.0, 1.0, 1.0, 1.0, 1.0, 1.0, 1.0], "solar_supply": [0.418376, 0.784276, 1.329748, 1.84476, 2.210855, 2.350216, 2.201718, 1.843841, 1.320671, 0.815561, 0.4523, 0.310756], "wind_supply": [1.760091, 1.798028, 2.410364, 3.211598, 3.033939, 1.550388, 1.025123, 1.053783, 1.965979, 2.108794, 2.31134, 1.971658], "mix_supply": [0.519665, 0.828708, 1.343259, 1.850688, 2.139009, 2.111602, 1.936787, 1.640891, 1.292635, 0.884921, 0.601377, 0.450343], "mix_storage": [0.093824, 0.05077, 0.041518, 0.074694, 0.135612, 0.19752, 0.245857, 0.267378, 0.269997, 0.25223, 0.20935, 0.150629], "mix_s_tot": 0.282798}}, "nldas": null}, "pdf": "figures/315.pdf"}