{"id": 316, "name": "H\u00f6vsg\u00f6l", "country": "Mongolia", "level": "admin1", "continent": "Asia", "metrics": {"solar_cf": 0.1566, "wind_cf": 0.1002, "solar_f_adj": 1.3065, "wind_f_adj": 2.7965, "mix_alpha": 0.95, "mix_f_adj": 1.2919, "solar_s_tot_pct": 26.5722, "wind_s_tot_pct": 47.4391, "mix_s_tot_pct": 26.1458, "solar_s_seasonal_pct": 25.3795, "solar_s_diurnal_pct": 1.1927, "wind_s_seasonal_pct": 46.2294, "wind_s_diurnal_pct": 1.2098, "solar_flaute_days": 0.875, "wind_flaute_days": 37.5, "solar_gap30d_max": 0.7582, "wind_gap30d_max": 0.9864, "solar_trend_pct_decade": -0.4392, "wind_trend_pct_decade": -15.4084}, "colocation": {"k": [0, 17, 35, 50], "storage_pct_cons": [26.1458, 22.0547, 17.6173, 14.1347], "pick": ["base", "wind", "wind", "wind"]}, "datasets": {"gldas": {"series_norm": {"months": [1, 2, 3, 4, 5, 6, 7, 8, 9, 10, 11, 12], "demand": [1.0, 1.0, 1.0, 1.0, 1.0, 1.0, 1.0, 1.0, 1.0, 1.0, 1.0, 1.0], "solar_supply": [0.505567, 0.857972, 1.342638, 1.780944, 2.08884, 2.131097, 2.014795, 1.746499, 1.357455, 0.902478, 0.534424, 0.393349], "wind_supply": [2.236394, 2.472744, 3.561631, 4.657723, 4.674241, 2.266454, 1.425015, 1.496924, 2.541269, 2.639907, 3.031899, 2.568227], "mix_supply": [0.526599, 0.863116, 1.343573, 1.780646, 2.070272, 2.054354, 1.925662, 1.675279, 1.333925, 0.908787, 0.572082, 0.428844], "mix_storage": [0.07433, 0.031812, 0.023329, 0.051964, 0.108208, 0.173032, 0.22702, 0.25395, 0.257107, 0.240805, 0.195898, 0.133211], "mix_s_tot": 0.261458}}, "nldas": null}, "pdf": "figures/316.pdf"}