{"id": 317, "name": "Tuva", "country": "Russia", "level": "admin1", "continent": "Europe", "metrics": {"solar_cf": 0.1451, "wind_cf": 0.0537, "solar_f_adj": 1.316, "wind_f_adj": 4.5032, "mix_alpha": 0.95, "mix_f_adj": 1.3155, "solar_s_tot_pct": 28.637, "wind_s_tot_pct": 44.9401, "mix_s_tot_pct": 28.4985, "solar_s_seasonal_pct": 27.7143, "solar_s_diurnal_pct": 0.9227, "wind_s_seasonal_pct": 44.31, "wind_s_diurnal_pct": 0.6301, "solar_flaute_days": 1.875, "wind_flaute_days": 37.5, "solar_gap30d_max": 0.7758, "wind_gap30d_max": 1.0, "solar_trend_pct_decade": -0.4451, "wind_trend_pct_decade": -35.1375}, "colocation": {"k": [0, 17, 35, 50], "storage_pct_cons": [28.4985, 24.329, 19.5723, 16.5184], "pick": ["base", "wind", "wind", "wind"]}, "datasets": {"gldas": {"series_norm": {"months": [1, 2, 3, 4, 5, 6, 7, 8, 9, 10, 11, 12], "demand": [1.0, 1.0, 1.0, 1.0, 1.0, 1.0, 1.0, 1.0, 1.0, 1.0, 1.0, 1.0], "solar_supply": [0.460233, 0.823847, 1.347224, 1.806789, 2.116597, 2.258607, 2.117674, 1.816112, 1.338106, 0.850893, 0.482926, 0.349067], "wind_supply": [3.768828, 4.007542, 5.73674, 7.211252, 7.757878, 3.943393, 2.477458, 2.317051, 3.926753, 4.122578, 4.905771, 3.882991], "mix_supply": [0.492094, 0.840875, 1.363141, 1.82109, 2.123273, 2.202414, 2.04717, 1.758458, 1.328045, 0.868239, 0.530249, 0.388196], "mix_storage": [0.0812, 0.035835, 0.027557, 0.058579, 0.117025, 0.188072, 0.245798, 0.272599, 0.276893, 0.258419, 0.20936, 0.142583], "mix_s_tot": 0.284985}}, "nldas": null}, "pdf": "figures/317.pdf"}