{"id": 318, "name": "Bulgan", "country": "Mongolia", "level": "admin1", "continent": "Asia", "metrics": {"solar_cf": 0.1572, "wind_cf": 0.1503, "solar_f_adj": 1.3277, "wind_f_adj": 2.6086, "mix_alpha": 1.0, "mix_f_adj": 1.3277, "solar_s_tot_pct": 24.3394, "wind_s_tot_pct": 40.5468, "mix_s_tot_pct": 24.3394, "solar_s_seasonal_pct": 23.1785, "solar_s_diurnal_pct": 1.1609, "wind_s_seasonal_pct": 39.896, "wind_s_diurnal_pct": 0.6508, "solar_flaute_days": 0.875, "wind_flaute_days": 58.5, "solar_gap30d_max": 0.7466, "wind_gap30d_max": 0.9999, "solar_trend_pct_decade": -2.5769, "wind_trend_pct_decade": -52.9609}, "colocation": {"k": [0, 17, 35, 50], "storage_pct_cons": [24.3394, 20.4539, 17.2609, 14.8195], "pick": ["base", "wind", "wind", "wind"]}, "datasets": {"gldas": {"series_norm": {"months": [1, 2, 3, 4, 5, 6, 7, 8, 9, 10, 11, 12], "demand": [1.0, 1.0, 1.0, 1.0, 1.0, 1.0, 1.0, 1.0, 1.0, 1.0, 1.0, 1.0], "solar_supply": [0.552783, 0.90356, 1.356538, 1.777069, 2.039395, 2.103981, 2.019416, 1.779937, 1.423695, 0.940298, 0.579476, 0.436765], "wind_supply": [2.102026, 2.17637, 3.061272, 4.289384, 4.214569, 2.490294, 1.678725, 1.640106, 2.264199, 2.483584, 2.615224, 2.288392], "mix_supply": [0.552783, 0.90356, 1.356538, 1.777069, 2.039395, 2.103981, 2.019416, 1.779937, 1.423695, 0.940298, 0.579476, 0.436765], "mix_storage": [0.061533, 0.021564, 0.014484, 0.042741, 0.096778, 0.161314, 0.217077, 0.237565, 0.240504, 0.226259, 0.182496, 0.119727], "mix_s_tot": 0.243394}}, "nldas": null}, "pdf": "figures/318.pdf"}