{"id": 319, "name": "Uvs", "country": "Mongolia", "level": "admin1", "continent": "Asia", "metrics": {"solar_cf": 0.1607, "wind_cf": 0.1065, "solar_f_adj": 1.3403, "wind_f_adj": 2.4647, "mix_alpha": 0.45, "mix_f_adj": 1.6081, "solar_s_tot_pct": 28.1244, "wind_s_tot_pct": 34.7435, "mix_s_tot_pct": 25.1586, "solar_s_seasonal_pct": 27.4374, "solar_s_diurnal_pct": 0.6869, "wind_s_seasonal_pct": 34.5745, "wind_s_diurnal_pct": 0.169, "solar_flaute_days": 0.75, "wind_flaute_days": 59.75, "solar_gap30d_max": 0.7704, "wind_gap30d_max": 0.9997, "solar_trend_pct_decade": -2.1643, "wind_trend_pct_decade": 6.948}, "colocation": {"k": [0, 17, 35, 50], "storage_pct_cons": [25.1586, 21.6236, 18.6065, 16.5291], "pick": ["base", "solar", "solar", "solar"]}, "datasets": {"gldas": {"series_norm": {"months": [1, 2, 3, 4, 5, 6, 7, 8, 9, 10, 11, 12], "demand": [1.0, 1.0, 1.0, 1.0, 1.0, 1.0, 1.0, 1.0, 1.0, 1.0, 1.0, 1.0], "solar_supply": [0.497102, 0.842739, 1.328609, 1.7865, 2.120594, 2.241413, 2.12852, 1.857587, 1.424136, 0.918081, 0.52592, 0.38842], "wind_supply": [1.135011, 1.270668, 2.061093, 3.683427, 4.870636, 3.245117, 2.638419, 2.305283, 2.689838, 2.271056, 2.157704, 1.204018], "mix_supply": [0.675661, 0.910941, 1.456887, 2.28625, 2.892637, 2.374564, 2.095908, 1.830096, 1.734079, 1.310596, 1.058202, 0.641748], "mix_storage": [0.131539, 0.093196, 0.083952, 0.119446, 0.194977, 0.231594, 0.238918, 0.242861, 0.24323, 0.236188, 0.219666, 0.179777], "mix_s_tot": 0.251586}}, "nldas": null}, "pdf": "figures/319.pdf"}