{"id": 320, "name": "Selenge", "country": "Mongolia", "level": "admin1", "continent": "Asia", "metrics": {"solar_cf": 0.1504, "wind_cf": 0.1531, "solar_f_adj": 1.3297, "wind_f_adj": 2.9639, "mix_alpha": 1.0, "mix_f_adj": 1.3297, "solar_s_tot_pct": 24.5895, "wind_s_tot_pct": 43.0533, "mix_s_tot_pct": 24.5895, "solar_s_seasonal_pct": 23.4663, "solar_s_diurnal_pct": 1.1233, "wind_s_seasonal_pct": 42.0643, "wind_s_diurnal_pct": 0.989, "solar_flaute_days": 1.875, "wind_flaute_days": 52.625, "solar_gap30d_max": 0.7496, "wind_gap30d_max": 0.9964, "solar_trend_pct_decade": -2.6973, "wind_trend_pct_decade": -55.1247}, "colocation": {"k": [0, 17, 35, 50], "storage_pct_cons": [24.5895, 20.2145, 16.7357, 14.2733], "pick": ["base", "wind", "wind", "wind"]}, "datasets": {"gldas": {"series_norm": {"months": [1, 2, 3, 4, 5, 6, 7, 8, 9, 10, 11, 12], "demand": [1.0, 1.0, 1.0, 1.0, 1.0, 1.0, 1.0, 1.0, 1.0, 1.0, 1.0, 1.0], "solar_supply": [0.542263, 0.907321, 1.376719, 1.777392, 2.06163, 2.13324, 2.042352, 1.779572, 1.403868, 0.918836, 0.566702, 0.426895], "wind_supply": [2.184475, 2.405287, 3.302183, 4.966841, 4.963536, 2.873739, 1.893359, 1.854395, 2.880427, 3.064101, 2.87962, 2.305595], "mix_supply": [0.542263, 0.907321, 1.376719, 1.777392, 2.06163, 2.13324, 2.042352, 1.779572, 1.403868, 0.918836, 0.566702, 0.426895], "mix_storage": [0.059554, 0.019333, 0.013206, 0.042333, 0.097205, 0.163487, 0.220805, 0.240356, 0.242611, 0.226703, 0.181753, 0.118153], "mix_s_tot": 0.245895}}, "nldas": null}, "pdf": "figures/320.pdf"}