{"id": 321, "name": "Chita", "country": "Russia", "level": "admin1", "continent": "Europe", "metrics": {"solar_cf": 0.1419, "wind_cf": 0.1322, "solar_f_adj": 1.3009, "wind_f_adj": 1.7951, "mix_alpha": 0.9, "mix_f_adj": 1.3024, "solar_s_tot_pct": 28.5161, "wind_s_tot_pct": 36.989, "mix_s_tot_pct": 27.4501, "solar_s_seasonal_pct": 27.3002, "solar_s_diurnal_pct": 1.2159, "wind_s_seasonal_pct": 36.1446, "wind_s_diurnal_pct": 0.8445, "solar_flaute_days": 0.875, "wind_flaute_days": 24.875, "solar_gap30d_max": 0.7788, "wind_gap30d_max": 0.9905, "solar_trend_pct_decade": -1.1972, "wind_trend_pct_decade": -32.225}, "colocation": {"k": [0, 17, 35, 50], "storage_pct_cons": [27.4501, 23.3472, 19.7531, 16.9311], "pick": ["base", "wind", "wind", "wind"]}, "datasets": {"gldas": {"series_norm": {"months": [1, 2, 3, 4, 5, 6, 7, 8, 9, 10, 11, 12], "demand": [1.0, 1.0, 1.0, 1.0, 1.0, 1.0, 1.0, 1.0, 1.0, 1.0, 1.0, 1.0], "solar_supply": [0.45017, 0.819142, 1.345499, 1.798498, 2.074415, 2.243398, 2.09073, 1.797008, 1.312296, 0.83318, 0.48254, 0.341659], "wind_supply": [1.306804, 1.426793, 2.085739, 2.949769, 2.947061, 1.621927, 1.193114, 1.191913, 1.866615, 1.941613, 1.658475, 1.348123], "mix_supply": [0.500415, 0.841564, 1.363619, 1.834459, 2.082864, 2.138975, 1.97031, 1.70558, 1.317806, 0.891564, 0.555095, 0.405644], "mix_storage": [0.077679, 0.034167, 0.025888, 0.058909, 0.11837, 0.184775, 0.23756, 0.260869, 0.264296, 0.247399, 0.202113, 0.137734], "mix_s_tot": 0.274501}}, "nldas": null}, "pdf": "figures/321.pdf"}