{"id": 322, "name": "Dzavhan", "country": "Mongolia", "level": "admin1", "continent": "Asia", "metrics": {"solar_cf": 0.167, "wind_cf": 0.1707, "solar_f_adj": 1.3397, "wind_f_adj": 1.7199, "mix_alpha": 1.0, "mix_f_adj": 1.3397, "solar_s_tot_pct": 25.4332, "wind_s_tot_pct": 37.7366, "mix_s_tot_pct": 25.4332, "solar_s_seasonal_pct": 24.4732, "solar_s_diurnal_pct": 0.96, "wind_s_seasonal_pct": 37.5888, "wind_s_diurnal_pct": 0.1478, "solar_flaute_days": 0.875, "wind_flaute_days": 34.25, "solar_gap30d_max": 0.74, "wind_gap30d_max": 0.9927, "solar_trend_pct_decade": -2.6891, "wind_trend_pct_decade": -19.0248}, "colocation": {"k": [0, 17, 35, 50], "storage_pct_cons": [25.4332, 21.4772, 18.2404, 15.4888], "pick": ["base", "wind", "wind", "wind"]}, "datasets": {"gldas": {"series_norm": {"months": [1, 2, 3, 4, 5, 6, 7, 8, 9, 10, 11, 12], "demand": [1.0, 1.0, 1.0, 1.0, 1.0, 1.0, 1.0, 1.0, 1.0, 1.0, 1.0, 1.0], "solar_supply": [0.557668, 0.9062, 1.369477, 1.786038, 2.065505, 2.144879, 2.039208, 1.785638, 1.421525, 0.95385, 0.579345, 0.447137], "wind_supply": [0.846502, 0.966549, 1.610944, 2.567855, 3.212352, 2.238849, 1.763245, 1.661045, 1.848675, 1.617296, 1.366819, 0.908634], "mix_supply": [0.557668, 0.9062, 1.369477, 1.786038, 2.065505, 2.144879, 2.039208, 1.785638, 1.421525, 0.95385, 0.579345, 0.447137], "mix_storage": [0.071802, 0.0314, 0.025263, 0.054292, 0.108286, 0.175243, 0.229735, 0.247847, 0.250218, 0.237022, 0.193135, 0.13011], "mix_s_tot": 0.254332}}, "nldas": null}, "pdf": "figures/322.pdf"}