{"id": 323, "name": "Hentiy", "country": "Mongolia", "level": "admin1", "continent": "Asia", "metrics": {"solar_cf": 0.1622, "wind_cf": 0.2329, "solar_f_adj": 1.3259, "wind_f_adj": 1.4339, "mix_alpha": 0.95, "mix_f_adj": 1.2966, "solar_s_tot_pct": 22.5856, "wind_s_tot_pct": 30.1773, "mix_s_tot_pct": 21.9112, "solar_s_seasonal_pct": 21.3159, "solar_s_diurnal_pct": 1.2697, "wind_s_seasonal_pct": 29.1734, "wind_s_diurnal_pct": 1.0039, "solar_flaute_days": 0.875, "wind_flaute_days": 20.875, "solar_gap30d_max": 0.7295, "wind_gap30d_max": 0.9188, "solar_trend_pct_decade": -1.9096, "wind_trend_pct_decade": -8.7206}, "colocation": {"k": [0, 17, 35, 50], "storage_pct_cons": [21.9112, 17.5336, 13.3893, 10.2278], "pick": ["base", "wind", "wind", "wind"]}, "datasets": {"gldas": {"series_norm": {"months": [1, 2, 3, 4, 5, 6, 7, 8, 9, 10, 11, 12], "demand": [1.0, 1.0, 1.0, 1.0, 1.0, 1.0, 1.0, 1.0, 1.0, 1.0, 1.0, 1.0], "solar_supply": [0.583804, 0.934401, 1.379287, 1.765126, 1.994603, 2.031703, 1.946487, 1.770529, 1.431105, 0.961845, 0.616641, 0.477372], "wind_supply": [1.00018, 1.049718, 1.57835, 2.207602, 2.316163, 1.531198, 1.069777, 1.090872, 1.48199, 1.433631, 1.310307, 1.128361], "mix_supply": [0.587609, 0.915573, 1.352799, 1.739715, 1.957821, 1.956797, 1.856763, 1.694243, 1.396583, 0.958428, 0.632138, 0.494524], "mix_storage": [0.05477, 0.017744, 0.01172, 0.039221, 0.090101, 0.147953, 0.193695, 0.213681, 0.215848, 0.203318, 0.164098, 0.10768], "mix_s_tot": 0.219112}}, "nldas": null}, "pdf": "figures/323.pdf"}