{"id": 324, "name": "Heilongjiang", "country": "China", "level": "admin1", "continent": "Asia", "metrics": {"solar_cf": 0.1521, "wind_cf": 0.1991, "solar_f_adj": 1.2822, "wind_f_adj": 1.5419, "mix_alpha": 0.35, "mix_f_adj": 1.3362, "solar_s_tot_pct": 23.31, "wind_s_tot_pct": 16.5238, "mix_s_tot_pct": 12.8547, "solar_s_seasonal_pct": 22.3024, "solar_s_diurnal_pct": 1.0075, "wind_s_seasonal_pct": 16.2369, "wind_s_diurnal_pct": 0.2869, "solar_flaute_days": 0.75, "wind_flaute_days": 10.125, "solar_gap30d_max": 0.7427, "wind_gap30d_max": 0.8213, "solar_trend_pct_decade": -2.0018, "wind_trend_pct_decade": -5.7106}, "colocation": {"k": [0, 17, 35, 50], "storage_pct_cons": [12.8547, 8.1787, 6.496, 5.9978], "pick": ["base", "wind", "wind", "solar"]}, "datasets": {"gldas": {"series_norm": {"months": [1, 2, 3, 4, 5, 6, 7, 8, 9, 10, 11, 12], "demand": [1.0, 1.0, 1.0, 1.0, 1.0, 1.0, 1.0, 1.0, 1.0, 1.0, 1.0, 1.0], "solar_supply": [0.596589, 0.941936, 1.348313, 1.666024, 1.88988, 2.010233, 1.883814, 1.665332, 1.374045, 0.919189, 0.595969, 0.480735], "wind_supply": [1.342422, 1.506028, 1.874277, 2.326196, 1.979749, 1.130593, 0.947022, 0.93258, 1.344211, 1.812668, 1.744902, 1.571728], "mix_supply": [0.973729, 1.191845, 1.547487, 1.917916, 1.804428, 1.370033, 1.220524, 1.1327, 1.258309, 1.356265, 1.200203, 1.060631], "mix_storage": [0.08581, 0.074686, 0.079268, 0.105487, 0.123317, 0.124691, 0.122059, 0.116153, 0.112314, 0.114751, 0.113767, 0.104988], "mix_s_tot": 0.128547}}, "nldas": null}, "pdf": "figures/324.pdf"}