{"id": 325, "name": "Amur", "country": "Russia", "level": "admin1", "continent": "Europe", "metrics": {"solar_cf": 0.1389, "wind_cf": 0.119, "solar_f_adj": 1.3314, "wind_f_adj": 1.7863, "mix_alpha": 0.4, "mix_f_adj": 1.3947, "solar_s_tot_pct": 27.9602, "wind_s_tot_pct": 24.462, "mix_s_tot_pct": 22.3528, "solar_s_seasonal_pct": 26.9404, "solar_s_diurnal_pct": 1.0198, "wind_s_seasonal_pct": 24.2036, "wind_s_diurnal_pct": 0.2584, "solar_flaute_days": 1.75, "wind_flaute_days": 19.75, "solar_gap30d_max": 0.7806, "wind_gap30d_max": 0.9573, "solar_trend_pct_decade": -1.8171, "wind_trend_pct_decade": -21.8777}, "colocation": {"k": [0, 17, 35, 50], "storage_pct_cons": [22.3528, 18.9933, 16.2938, 14.0079], "pick": ["base", "solar", "solar", "solar"]}, "datasets": {"gldas": {"series_norm": {"months": [1, 2, 3, 4, 5, 6, 7, 8, 9, 10, 11, 12], "demand": [1.0, 1.0, 1.0, 1.0, 1.0, 1.0, 1.0, 1.0, 1.0, 1.0, 1.0, 1.0], "solar_supply": [0.454617, 0.856714, 1.41616, 1.866959, 2.085771, 2.339099, 2.149171, 1.832529, 1.316998, 0.818445, 0.482581, 0.337082], "wind_supply": [1.351333, 1.494774, 2.132356, 2.700318, 2.671538, 1.525669, 1.249279, 1.250321, 1.897361, 2.128017, 1.580759, 1.446396], "mix_supply": [0.823561, 1.059251, 1.592367, 2.047341, 2.125548, 1.694893, 1.485827, 1.353631, 1.440726, 1.339872, 0.942759, 0.818845], "mix_storage": [0.126341, 0.10128, 0.100998, 0.131196, 0.172425, 0.19694, 0.207258, 0.210179, 0.210329, 0.209952, 0.192958, 0.160706], "mix_s_tot": 0.223528}}, "nldas": null}, "pdf": "figures/325.pdf"}