{"id": 326, "name": "Yevrey", "country": "Russia", "level": "admin1", "continent": "Europe", "metrics": {"solar_cf": 0.1479, "wind_cf": 0.1715, "solar_f_adj": 1.3375, "wind_f_adj": 1.7012, "mix_alpha": 0.3, "mix_f_adj": 1.418, "solar_s_tot_pct": 22.9839, "wind_s_tot_pct": 21.3629, "mix_s_tot_pct": 12.0273, "solar_s_seasonal_pct": 21.6614, "solar_s_diurnal_pct": 1.3225, "wind_s_seasonal_pct": 20.8115, "wind_s_diurnal_pct": 0.5514, "solar_flaute_days": 2.625, "wind_flaute_days": 14.875, "solar_gap30d_max": 0.7517, "wind_gap30d_max": 0.9192, "solar_trend_pct_decade": -1.0936, "wind_trend_pct_decade": -3.3315}, "colocation": {"k": [0, 17, 35, 50], "storage_pct_cons": [12.0273, 9.6068, 8.0594, 6.8199], "pick": ["base", "wind", "solar", "solar"]}, "datasets": {"gldas": {"series_norm": {"months": [1, 2, 3, 4, 5, 6, 7, 8, 9, 10, 11, 12], "demand": [1.0, 1.0, 1.0, 1.0, 1.0, 1.0, 1.0, 1.0, 1.0, 1.0, 1.0, 1.0], "solar_supply": [0.616507, 0.994119, 1.43781, 1.736788, 1.969043, 2.076867, 1.984846, 1.754658, 1.423527, 0.947459, 0.606207, 0.487041], "wind_supply": [1.62691, 1.702725, 1.881322, 2.292036, 1.945117, 1.282844, 1.011067, 1.114378, 1.502788, 2.053729, 2.119102, 1.895919], "mix_supply": [1.145299, 1.309635, 1.554956, 1.889678, 1.761139, 1.409033, 1.221198, 1.208261, 1.329559, 1.499587, 1.42919, 1.261074], "mix_storage": [0.090846, 0.082992, 0.087882, 0.102999, 0.113522, 0.113813, 0.109532, 0.104152, 0.101613, 0.105865, 0.107806, 0.102997], "mix_s_tot": 0.120273}}, "nldas": null}, "pdf": "figures/326.pdf"}