{"id": 327, "name": "Khabarovsk", "country": "Russia", "level": "admin1", "continent": "Europe", "metrics": {"solar_cf": 0.1304, "wind_cf": 0.1325, "solar_f_adj": 1.3209, "wind_f_adj": 2.3347, "mix_alpha": 0.1, "mix_f_adj": 2.0562, "solar_s_tot_pct": 29.6233, "wind_s_tot_pct": 21.8093, "mix_s_tot_pct": 13.5639, "solar_s_seasonal_pct": 28.697, "solar_s_diurnal_pct": 0.9263, "wind_s_seasonal_pct": 20.889, "wind_s_diurnal_pct": 0.9203, "solar_flaute_days": 0.875, "wind_flaute_days": 17.375, "solar_gap30d_max": 0.8016, "wind_gap30d_max": 0.9365, "solar_trend_pct_decade": -0.7525, "wind_trend_pct_decade": -48.7566}, "colocation": {"k": [0, 17, 35, 50], "storage_pct_cons": [13.5639, 11.7361, 10.3307, 9.1922], "pick": ["base", "solar", "solar", "solar"]}, "datasets": {"gldas": {"series_norm": {"months": [1, 2, 3, 4, 5, 6, 7, 8, 9, 10, 11, 12], "demand": [1.0, 1.0, 1.0, 1.0, 1.0, 1.0, 1.0, 1.0, 1.0, 1.0, 1.0, 1.0], "solar_supply": [0.418449, 0.818958, 1.377752, 1.87286, 2.157683, 2.352528, 2.192743, 1.800791, 1.302608, 0.781829, 0.444321, 0.308035], "wind_supply": [2.868927, 2.672409, 2.594919, 2.215531, 2.044373, 1.465623, 1.191708, 1.198904, 2.200971, 2.848931, 3.255354, 3.482081], "mix_supply": [2.339172, 2.245746, 2.271306, 2.047655, 1.956323, 1.527911, 1.285922, 1.230614, 1.947349, 2.379885, 2.649497, 2.807997], "mix_storage": [0.120407, 0.109969, 0.105656, 0.111811, 0.11796, 0.123357, 0.118854, 0.105064, 0.105398, 0.119305, 0.128, 0.129717], "mix_s_tot": 0.135639}}, "nldas": null}, "pdf": "figures/327.pdf"}