{"id": 328, "name": "Primor'ye", "country": "Russia", "level": "admin1", "continent": "Europe", "metrics": {"solar_cf": 0.1535, "wind_cf": 0.1796, "solar_f_adj": 1.3017, "wind_f_adj": 2.1791, "mix_alpha": 0.25, "mix_f_adj": 1.754, "solar_s_tot_pct": 20.5079, "wind_s_tot_pct": 22.3541, "mix_s_tot_pct": 10.4513, "solar_s_seasonal_pct": 19.3017, "solar_s_diurnal_pct": 1.2061, "wind_s_seasonal_pct": 21.2153, "wind_s_diurnal_pct": 1.1387, "solar_flaute_days": 1.75, "wind_flaute_days": 11.75, "solar_gap30d_max": 0.7199, "wind_gap30d_max": 0.8981, "solar_trend_pct_decade": 0.41, "wind_trend_pct_decade": -40.1926}, "colocation": {"k": [0, 17, 35, 50], "storage_pct_cons": [10.4513, 6.6382, 4.4519, 2.915], "pick": ["base", "wind", "solar", "solar"]}, "datasets": {"gldas": {"series_norm": {"months": [1, 2, 3, 4, 5, 6, 7, 8, 9, 10, 11, 12], "demand": [1.0, 1.0, 1.0, 1.0, 1.0, 1.0, 1.0, 1.0, 1.0, 1.0, 1.0, 1.0], "solar_supply": [0.679662, 1.014092, 1.369208, 1.660826, 1.859551, 1.932275, 1.818682, 1.639379, 1.418775, 0.990309, 0.664255, 0.562866], "wind_supply": [2.801361, 2.617401, 2.598481, 2.576858, 2.113992, 1.197875, 1.016329, 1.080794, 1.511964, 2.565004, 2.986196, 3.108071], "mix_supply": [1.920106, 1.92171, 2.029914, 2.115096, 1.902613, 1.374061, 1.226198, 1.204714, 1.390693, 1.882066, 2.026499, 2.065919], "mix_storage": [0.092118, 0.090154, 0.094098, 0.100183, 0.102228, 0.098963, 0.09136, 0.08068, 0.07502, 0.080483, 0.087917, 0.09478], "mix_s_tot": 0.104513}}, "nldas": null}, "pdf": "figures/328.pdf"}