{"id": 329, "name": "Jilin", "country": "China", "level": "admin1", "continent": "Asia", "metrics": {"solar_cf": 0.1611, "wind_cf": 0.2284, "solar_f_adj": 1.3034, "wind_f_adj": 1.5611, "mix_alpha": 0.5, "mix_f_adj": 1.2835, "solar_s_tot_pct": 20.6674, "wind_s_tot_pct": 19.0619, "mix_s_tot_pct": 12.9463, "solar_s_seasonal_pct": 19.8834, "solar_s_diurnal_pct": 0.784, "wind_s_seasonal_pct": 18.6675, "wind_s_diurnal_pct": 0.3944, "solar_flaute_days": 1.625, "wind_flaute_days": 10.5, "solar_gap30d_max": 0.7262, "wind_gap30d_max": 0.8616, "solar_trend_pct_decade": -2.0179, "wind_trend_pct_decade": -6.8619}, "colocation": {"k": [0, 17, 35, 50], "storage_pct_cons": [12.9463, 7.1512, 5.2917, 4.2922], "pick": ["base", "wind", "wind", "wind"]}, "datasets": {"gldas": {"series_norm": {"months": [1, 2, 3, 4, 5, 6, 7, 8, 9, 10, 11, 12], "demand": [1.0, 1.0, 1.0, 1.0, 1.0, 1.0, 1.0, 1.0, 1.0, 1.0, 1.0, 1.0], "solar_supply": [0.702472, 1.013691, 1.36968, 1.650079, 1.868301, 1.896417, 1.769471, 1.622577, 1.432301, 1.02236, 0.693115, 0.588666], "wind_supply": [1.385712, 1.719969, 2.116615, 2.41635, 2.038927, 1.171864, 0.956719, 0.806884, 1.026344, 1.603978, 1.803493, 1.705904], "mix_supply": [0.915531, 1.206177, 1.544514, 1.805793, 1.758087, 1.41549, 1.264541, 1.130618, 1.127149, 1.162763, 1.082669, 0.991123], "mix_storage": [0.068826, 0.057607, 0.067251, 0.093784, 0.1171, 0.12427, 0.123575, 0.118654, 0.111576, 0.107162, 0.101103, 0.089679], "mix_s_tot": 0.129463}}, "nldas": null}, "pdf": "figures/329.pdf"}