{"id": 330, "name": "Liaoning", "country": "China", "level": "admin1", "continent": "Asia", "metrics": {"solar_cf": 0.1675, "wind_cf": 0.2704, "solar_f_adj": 1.3104, "wind_f_adj": 1.4714, "mix_alpha": 0.15, "mix_f_adj": 1.3905, "solar_s_tot_pct": 18.1559, "wind_s_tot_pct": 18.2065, "mix_s_tot_pct": 14.6648, "solar_s_seasonal_pct": 17.23, "solar_s_diurnal_pct": 0.9259, "wind_s_seasonal_pct": 18.0464, "wind_s_diurnal_pct": 0.16, "solar_flaute_days": 1.75, "wind_flaute_days": 7.75, "solar_gap30d_max": 0.7155, "wind_gap30d_max": 0.8397, "solar_trend_pct_decade": -1.8084, "wind_trend_pct_decade": -13.4406}, "colocation": {"k": [0, 17, 35, 50], "storage_pct_cons": [14.6648, 7.5506, 5.2211, 3.7933], "pick": ["base", "solar", "solar", "solar"]}, "datasets": {"gldas": {"series_norm": {"months": [1, 2, 3, 4, 5, 6, 7, 8, 9, 10, 11, 12], "demand": [1.0, 1.0, 1.0, 1.0, 1.0, 1.0, 1.0, 1.0, 1.0, 1.0, 1.0, 1.0], "solar_supply": [0.752654, 1.036735, 1.394547, 1.676394, 1.880005, 1.836135, 1.69005, 1.580171, 1.421629, 1.05247, 0.749806, 0.644367], "wind_supply": [1.376049, 1.697122, 2.023943, 2.200202, 1.853559, 1.195402, 0.97322, 0.755251, 0.930361, 1.481629, 1.642183, 1.550479], "mix_supply": [1.225108, 1.528225, 1.847695, 2.034134, 1.788099, 1.25245, 1.050731, 0.858159, 0.973582, 1.357634, 1.438427, 1.347984], "mix_storage": [0.091284, 0.090703, 0.106479, 0.130723, 0.144012, 0.14121, 0.129715, 0.108413, 0.083765, 0.082261, 0.092132, 0.096574], "mix_s_tot": 0.146648}}, "nldas": null}, "pdf": "figures/330.pdf"}