{"id": 331, "name": "Kordestan", "country": "Iran", "level": "admin1", "continent": "Asia", "metrics": {"solar_cf": 0.2138, "wind_cf": 0.1696, "solar_f_adj": 1.2794, "wind_f_adj": 1.8877, "mix_alpha": 0.8, "mix_f_adj": 1.2813, "solar_s_tot_pct": 21.8654, "wind_s_tot_pct": 39.0975, "mix_s_tot_pct": 20.2941, "solar_s_seasonal_pct": 20.899, "solar_s_diurnal_pct": 0.9664, "wind_s_seasonal_pct": 38.2022, "wind_s_diurnal_pct": 0.8953, "solar_flaute_days": 1.875, "wind_flaute_days": 15.5, "solar_gap30d_max": 0.7347, "wind_gap30d_max": 0.9436, "solar_trend_pct_decade": 0.4015, "wind_trend_pct_decade": -13.8907}, "colocation": {"k": [0, 17, 35, 50], "storage_pct_cons": [20.2941, 14.2325, 12.3383, 10.4008], "pick": ["base", "solar", "wind", "wind"]}, "datasets": {"gldas": {"series_norm": {"months": [1, 2, 3, 4, 5, 6, 7, 8, 9, 10, 11, 12], "demand": [1.0, 1.0, 1.0, 1.0, 1.0, 1.0, 1.0, 1.0, 1.0, 1.0, 1.0, 1.0], "solar_supply": [0.657946, 0.868861, 1.14518, 1.409501, 1.732023, 1.989121, 1.918371, 1.762371, 1.492108, 1.051741, 0.723706, 0.58118], "wind_supply": [1.550203, 1.701044, 2.439962, 2.516258, 2.455422, 2.077998, 2.033025, 1.69549, 1.607114, 1.737814, 1.376603, 1.44593], "mix_supply": [0.737591, 0.927053, 1.248751, 1.470883, 1.721029, 1.875779, 1.812989, 1.64218, 1.413648, 1.078569, 0.766711, 0.661931], "mix_storage": [0.079876, 0.050652, 0.042726, 0.056569, 0.086206, 0.129844, 0.166648, 0.188445, 0.195766, 0.19131, 0.163163, 0.119591], "mix_s_tot": 0.202941}}, "nldas": null}, "pdf": "figures/331.pdf"}