{"id": 332, "name": "Kermanshah", "country": "Iran", "level": "admin1", "continent": "Asia", "metrics": {"solar_cf": 0.2199, "wind_cf": 0.1467, "solar_f_adj": 1.2835, "wind_f_adj": 2.0209, "mix_alpha": 0.75, "mix_f_adj": 1.3247, "solar_s_tot_pct": 21.047, "wind_s_tot_pct": 34.6674, "mix_s_tot_pct": 18.4999, "solar_s_seasonal_pct": 20.0811, "solar_s_diurnal_pct": 0.9659, "wind_s_seasonal_pct": 33.0244, "wind_s_diurnal_pct": 1.643, "solar_flaute_days": 3.625, "wind_flaute_days": 10.875, "solar_gap30d_max": 0.7054, "wind_gap30d_max": 0.918, "solar_trend_pct_decade": 0.215, "wind_trend_pct_decade": -19.1048}, "colocation": {"k": [0, 17, 35, 50], "storage_pct_cons": [18.4999, 13.4566, 10.6917, 8.3444], "pick": ["base", "solar", "wind", "wind"]}, "datasets": {"gldas": {"series_norm": {"months": [1, 2, 3, 4, 5, 6, 7, 8, 9, 10, 11, 12], "demand": [1.0, 1.0, 1.0, 1.0, 1.0, 1.0, 1.0, 1.0, 1.0, 1.0, 1.0, 1.0], "solar_supply": [0.68182, 0.886053, 1.16706, 1.40645, 1.711212, 1.961131, 1.896992, 1.743056, 1.486285, 1.059102, 0.762675, 0.620598], "wind_supply": [1.629212, 1.853604, 2.374651, 2.413584, 2.479264, 2.582823, 2.38218, 2.166521, 1.976357, 1.696118, 1.290093, 1.397342], "mix_supply": [0.794742, 0.989599, 1.292496, 1.484175, 1.730838, 1.941258, 1.858732, 1.704238, 1.474322, 1.09774, 0.801755, 0.709356], "mix_storage": [0.073703, 0.050332, 0.046657, 0.061282, 0.087875, 0.125218, 0.157742, 0.17253, 0.177926, 0.17409, 0.148888, 0.10919], "mix_s_tot": 0.184999}}, "nldas": null}, "pdf": "figures/332.pdf"}