{"id": 333, "name": "Ilam", "country": "Iran", "level": "admin1", "continent": "Asia", "metrics": {"solar_cf": 0.2203, "wind_cf": 0.2125, "solar_f_adj": 1.2625, "wind_f_adj": 1.6113, "mix_alpha": 0.8, "mix_f_adj": 1.2837, "solar_s_tot_pct": 19.1299, "wind_s_tot_pct": 35.6663, "mix_s_tot_pct": 18.9686, "solar_s_seasonal_pct": 18.0546, "solar_s_diurnal_pct": 1.0754, "wind_s_seasonal_pct": 34.4799, "wind_s_diurnal_pct": 1.1864, "solar_flaute_days": 2.75, "wind_flaute_days": 12.375, "solar_gap30d_max": 0.6953, "wind_gap30d_max": 0.891, "solar_trend_pct_decade": 0.6003, "wind_trend_pct_decade": -13.2178}, "colocation": {"k": [0, 17, 35, 50], "storage_pct_cons": [18.9686, 13.5363, 11.7248, 9.7717], "pick": ["base", "solar", "wind", "wind"]}, "datasets": {"gldas": {"series_norm": {"months": [1, 2, 3, 4, 5, 6, 7, 8, 9, 10, 11, 12], "demand": [1.0, 1.0, 1.0, 1.0, 1.0, 1.0, 1.0, 1.0, 1.0, 1.0, 1.0, 1.0], "solar_supply": [0.708247, 0.925331, 1.182104, 1.38731, 1.658283, 1.885391, 1.82593, 1.681509, 1.448177, 1.038122, 0.756354, 0.63662], "wind_supply": [1.038792, 1.25157, 1.49612, 1.56605, 1.97478, 2.623903, 2.375911, 2.089054, 1.874737, 1.270986, 0.857771, 0.898773], "mix_supply": [0.741662, 0.952157, 1.200002, 1.378073, 1.66363, 1.951809, 1.863923, 1.700732, 1.476774, 1.047003, 0.751951, 0.661084], "mix_storage": [0.067828, 0.040365, 0.032304, 0.040851, 0.065104, 0.111817, 0.156881, 0.178135, 0.184806, 0.180044, 0.151038, 0.107376], "mix_s_tot": 0.189686}}, "nldas": null}, "pdf": "figures/333.pdf"}