{"id": 334, "name": "Khuzestan", "country": "Iran", "level": "admin1", "continent": "Asia", "metrics": {"solar_cf": 0.2218, "wind_cf": 0.22, "solar_f_adj": 1.242, "wind_f_adj": 1.6945, "mix_alpha": 0.9, "mix_f_adj": 1.2384, "solar_s_tot_pct": 17.8236, "wind_s_tot_pct": 34.4805, "mix_s_tot_pct": 16.8713, "solar_s_seasonal_pct": 16.7181, "solar_s_diurnal_pct": 1.1055, "wind_s_seasonal_pct": 33.7719, "wind_s_diurnal_pct": 0.7085, "solar_flaute_days": 1.75, "wind_flaute_days": 8.25, "solar_gap30d_max": 0.6877, "wind_gap30d_max": 0.8734, "solar_trend_pct_decade": 0.1543, "wind_trend_pct_decade": 13.3062}, "colocation": {"k": [0, 17, 35, 50], "storage_pct_cons": [16.8713, 11.3772, 7.8221, 5.5329], "pick": ["base", "wind", "wind", "wind"]}, "datasets": {"gldas": {"series_norm": {"months": [1, 2, 3, 4, 5, 6, 7, 8, 9, 10, 11, 12], "demand": [1.0, 1.0, 1.0, 1.0, 1.0, 1.0, 1.0, 1.0, 1.0, 1.0, 1.0, 1.0], "solar_supply": [0.734951, 0.952084, 1.172613, 1.344671, 1.604095, 1.800139, 1.740001, 1.621366, 1.415999, 1.067404, 0.774107, 0.662721], "wind_supply": [1.263366, 1.507903, 1.671983, 1.709683, 2.131427, 2.628439, 2.319179, 1.855786, 1.658509, 1.339681, 1.090611, 1.150632], "mix_supply": [0.751887, 0.964616, 1.174513, 1.331675, 1.595309, 1.807565, 1.730994, 1.590663, 1.391945, 1.055811, 0.7744, 0.678827], "mix_storage": [0.043691, 0.016548, 0.007716, 0.013444, 0.033676, 0.073239, 0.114811, 0.143616, 0.155015, 0.151149, 0.123661, 0.08187], "mix_s_tot": 0.168713}}, "nldas": null}, "pdf": "figures/334.pdf"}