{"id": 335, "name": "Nagaland", "country": "India", "level": "admin1", "continent": "Asia", "metrics": {"solar_cf": 0.1912, "wind_cf": 0.0022, "solar_f_adj": 1.2864, "wind_f_adj": 13.5855, "mix_alpha": 1.0, "mix_f_adj": 1.2864, "solar_s_tot_pct": 9.3062, "wind_s_tot_pct": 109.885, "mix_s_tot_pct": 9.3062, "solar_s_seasonal_pct": 8.3004, "solar_s_diurnal_pct": 1.0058, "wind_s_seasonal_pct": 109.6843, "wind_s_diurnal_pct": 0.2008, "solar_flaute_days": 3.625, "wind_flaute_days": 319.625, "solar_gap30d_max": 0.6267, "wind_gap30d_max": 1.0, "solar_trend_pct_decade": 4.0837, "wind_trend_pct_decade": -26.7865}, "colocation": {"k": [0, 17, 35, 50], "storage_pct_cons": [9.3062, 2.7089, 1.6091, 1.3608], "pick": ["base", "wind", "wind", "wind"]}, "datasets": {"gldas": {"series_norm": {"months": [1, 2, 3, 4, 5, 6, 7, 8, 9, 10, 11, 12], "demand": [1.0, 1.0, 1.0, 1.0, 1.0, 1.0, 1.0, 1.0, 1.0, 1.0, 1.0, 1.0], "solar_supply": [1.139779, 1.302007, 1.47412, 1.503296, 1.482247, 1.319971, 1.217347, 1.27785, 1.263257, 1.21763, 1.16793, 1.07617], "wind_supply": [3.628433, 26.358285, 45.877692, 45.333126, 17.849709, 7.201375, 6.265644, 2.061382, 4.331527, 1.783415, 1.852734, 1.748486], "mix_supply": [1.139779, 1.302007, 1.47412, 1.503296, 1.482247, 1.319971, 1.217347, 1.27785, 1.263257, 1.21763, 1.16793, 1.07617], "mix_storage": [0.045821, 0.044935, 0.057501, 0.069628, 0.079033, 0.081354, 0.076807, 0.074368, 0.072827, 0.069657, 0.065497, 0.055738], "mix_s_tot": 0.093062}}, "nldas": null}, "pdf": "figures/335.pdf"}