{"id": 336, "name": "Manipur", "country": "India", "level": "admin1", "continent": "Asia", "metrics": {"solar_cf": 0.1929, "wind_cf": 0.0051, "solar_f_adj": 1.2709, "wind_f_adj": 5.754, "mix_alpha": 0.95, "mix_f_adj": 1.3128, "solar_s_tot_pct": 9.8618, "wind_s_tot_pct": 91.205, "mix_s_tot_pct": 9.446, "solar_s_seasonal_pct": 8.1196, "solar_s_diurnal_pct": 1.7422, "wind_s_seasonal_pct": 90.7391, "wind_s_diurnal_pct": 0.4658, "solar_flaute_days": 2.875, "wind_flaute_days": 238.0, "solar_gap30d_max": 0.6426, "wind_gap30d_max": 1.0, "solar_trend_pct_decade": 3.3235, "wind_trend_pct_decade": 1.2513}, "colocation": {"k": [0, 17, 35, 50], "storage_pct_cons": [9.446, 3.005, 1.7217, 1.183], "pick": ["base", "wind", "wind", "wind"]}, "datasets": {"gldas": {"series_norm": {"months": [1, 2, 3, 4, 5, 6, 7, 8, 9, 10, 11, 12], "demand": [1.0, 1.0, 1.0, 1.0, 1.0, 1.0, 1.0, 1.0, 1.0, 1.0, 1.0, 1.0], "solar_supply": [1.160044, 1.335944, 1.480889, 1.550477, 1.463491, 1.265856, 1.162872, 1.22219, 1.211876, 1.183091, 1.150096, 1.073168], "wind_supply": [1.660022, 10.009732, 20.183936, 19.944495, 7.343714, 2.549205, 2.098022, 1.514664, 2.744651, 0.595931, 0.566037, 0.301653], "mix_supply": [1.157283, 1.425145, 1.683445, 1.749, 1.519893, 1.271259, 1.165055, 1.216608, 1.220519, 1.16776, 1.135041, 1.056536], "mix_storage": [0.045424, 0.049337, 0.07072, 0.085604, 0.091084, 0.090115, 0.083934, 0.079641, 0.077239, 0.072897, 0.066467, 0.054902], "mix_s_tot": 0.09446}}, "nldas": null}, "pdf": "figures/336.pdf"}