{"id": 337, "name": "Mizoram", "country": "India", "level": "admin1", "continent": "Asia", "metrics": {"solar_cf": 0.2041, "wind_cf": 0.0091, "solar_f_adj": 1.2745, "wind_f_adj": 762.6243, "mix_alpha": 0.05, "mix_f_adj": 28.1178, "solar_s_tot_pct": 9.7723, "wind_s_tot_pct": 49.2723, "mix_s_tot_pct": 1.3853, "solar_s_seasonal_pct": 7.7572, "solar_s_diurnal_pct": 2.0151, "wind_s_seasonal_pct": 49.9053, "wind_s_diurnal_pct": -0.6331, "solar_flaute_days": 1.75, "wind_flaute_days": 149.875, "solar_gap30d_max": 0.6185, "wind_gap30d_max": 1.0, "solar_trend_pct_decade": 4.0517, "wind_trend_pct_decade": -70.2795}, "colocation": {"k": [0, 17, 35, 50], "storage_pct_cons": [1.3853, 0.7907, 0.6512, 0.5712], "pick": ["base", "wind", "solar", "solar"]}, "datasets": {"gldas": {"series_norm": {"months": [1, 2, 3, 4, 5, 6, 7, 8, 9, 10, 11, 12], "demand": [1.0, 1.0, 1.0, 1.0, 1.0, 1.0, 1.0, 1.0, 1.0, 1.0, 1.0, 1.0], "solar_supply": [1.163649, 1.347796, 1.491231, 1.570555, 1.460545, 1.273857, 1.176034, 1.209751, 1.201003, 1.183299, 1.144312, 1.081282], "wind_supply": [437.542172, 1145.742902, 2051.58817, 2423.420756, 1078.605777, 720.206366, 485.124316, 209.463211, 208.598027, 166.03891, 147.088778, 126.243974], "mix_supply": [16.60908, 41.617837, 73.504432, 86.615839, 39.390647, 26.631321, 18.289367, 8.671182, 8.631228, 7.121013, 6.414253, 5.61461], "mix_storage": [0.011663, 0.013128, 0.013172, 0.013219, 0.013178, 0.012926, 0.012773, 0.012602, 0.01259, 0.012596, 0.012348, 0.011474], "mix_s_tot": 0.013853}}, "nldas": null}, "pdf": "figures/337.pdf"}