{"id": 338, "name": "Nord-Kivu", "country": "Democratic Republic of the Congo", "level": "admin1", "continent": "Africa", "metrics": {"solar_cf": 0.2047, "wind_cf": 0.0014, "solar_f_adj": 1.2796, "wind_f_adj": 1451.5209, "mix_alpha": 0.05, "mix_f_adj": 357.925, "solar_s_tot_pct": 4.0868, "wind_s_tot_pct": 109.2038, "mix_s_tot_pct": 0.1818, "solar_s_seasonal_pct": 2.6772, "solar_s_diurnal_pct": 1.4096, "wind_s_seasonal_pct": 108.9041, "wind_s_diurnal_pct": 0.2997, "solar_flaute_days": 1.75, "wind_flaute_days": 318.875, "solar_gap30d_max": 0.6047, "wind_gap30d_max": 1.0, "solar_trend_pct_decade": 0.8941, "wind_trend_pct_decade": -60.2207}, "colocation": {"k": [0, 17, 35, 50], "storage_pct_cons": [0.1818, 0.1917, 0.1917, 0.1917], "pick": ["base", "wind", "wind", "wind"]}, "datasets": {"gldas": {"series_norm": {"months": [1, 2, 3, 4, 5, 6, 7, 8, 9, 10, 11, 12], "demand": [1.0, 1.0, 1.0, 1.0, 1.0, 1.0, 1.0, 1.0, 1.0, 1.0, 1.0, 1.0], "solar_supply": [1.306397, 1.345682, 1.312729, 1.28102, 1.278561, 1.24285, 1.264318, 1.268015, 1.309202, 1.260171, 1.236456, 1.253511], "wind_supply": [1496.244219, 3198.112965, 1738.297218, 2803.001064, 3263.264529, 796.590495, 495.414932, 170.13047, 500.241393, 533.102998, 774.577983, 1773.075115], "mix_supply": [368.77715, 768.001046, 425.568294, 674.538985, 782.324467, 203.989672, 133.737481, 57.589073, 135.495873, 142.508168, 198.743662, 432.887013], "mix_storage": [0.001496, 0.001502, 0.001501, 0.001502, 0.001496, 0.001485, 0.001486, 0.001484, 0.001487, 0.001478, 0.00148, 0.001492], "mix_s_tot": 0.001818}}, "nldas": null}, "pdf": "figures/338.pdf"}