{"id": 339, "name": "Gedarif", "country": "Sudan", "level": "admin1", "continent": "Africa", "metrics": {"solar_cf": 0.2641, "wind_cf": 0.2577, "solar_f_adj": 1.2407, "wind_f_adj": 2.6136, "mix_alpha": 1.0, "mix_f_adj": 1.2407, "solar_s_tot_pct": 7.3187, "wind_s_tot_pct": 25.681, "mix_s_tot_pct": 7.3187, "solar_s_seasonal_pct": 5.4551, "solar_s_diurnal_pct": 1.8636, "wind_s_seasonal_pct": 24.7903, "wind_s_diurnal_pct": 0.8907, "solar_flaute_days": 0.875, "wind_flaute_days": 54.0, "solar_gap30d_max": 0.5898, "wind_gap30d_max": 0.9726, "solar_trend_pct_decade": 2.7429, "wind_trend_pct_decade": 47.5143}, "colocation": {"k": [0, 17, 35, 50], "storage_pct_cons": [7.3187, 1.41, 0.5005, 0.3785], "pick": ["base", "wind", "wind", "wind"]}, "datasets": {"gldas": {"series_norm": {"months": [1, 2, 3, 4, 5, 6, 7, 8, 9, 10, 11, 12], "demand": [1.0, 1.0, 1.0, 1.0, 1.0, 1.0, 1.0, 1.0, 1.0, 1.0, 1.0, 1.0], "solar_supply": [1.159864, 1.280688, 1.384765, 1.405372, 1.331051, 1.296436, 1.149438, 1.128963, 1.237453, 1.233239, 1.172896, 1.115965], "wind_supply": [2.943314, 3.266555, 3.02223, 2.584845, 2.198506, 3.417258, 3.877455, 2.84946, 1.894386, 0.978602, 1.820028, 2.544528], "mix_supply": [1.159864, 1.280688, 1.384765, 1.405372, 1.331051, 1.296436, 1.149438, 1.128963, 1.237453, 1.233239, 1.172896, 1.115965], "mix_storage": [0.033673, 0.033485, 0.041816, 0.051955, 0.05691, 0.059186, 0.056602, 0.047982, 0.045148, 0.046541, 0.045047, 0.038425], "mix_s_tot": 0.073187}}, "nldas": null}, "pdf": "figures/339.pdf"}