{"id": 34, "name": "Oman", "country": "Oman", "level": "admin0", "continent": "Asia", "metrics": {"solar_cf": 0.263, "wind_cf": 0.3265, "solar_f_adj": 1.2246, "wind_f_adj": 1.2858, "mix_alpha": 0.85, "mix_f_adj": 1.2171, "solar_s_tot_pct": 10.3836, "wind_s_tot_pct": 16.965, "mix_s_tot_pct": 9.2492, "solar_s_seasonal_pct": 8.3519, "solar_s_diurnal_pct": 2.0316, "wind_s_seasonal_pct": 16.6993, "wind_s_diurnal_pct": 0.2657, "solar_flaute_days": 0.75, "wind_flaute_days": 4.875, "solar_gap30d_max": 0.6144, "wind_gap30d_max": 0.6659, "solar_trend_pct_decade": 0.9749, "wind_trend_pct_decade": 4.9217}, "colocation": {"k": [0, 17, 35, 50], "storage_pct_cons": [9.2492, 3.8683, 1.8566, 0.7579], "pick": ["base", "solar", "wind", "wind"]}, "datasets": {"gldas": {"series_norm": {"months": [1, 2, 3, 4, 5, 6, 7, 8, 9, 10, 11, 12], "demand": [1.0, 1.0, 1.0, 1.0, 1.0, 1.0, 1.0, 1.0, 1.0, 1.0, 1.0, 1.0], "solar_supply": [0.972185, 1.127785, 1.283281, 1.399865, 1.450324, 1.405127, 1.318082, 1.31882, 1.307881, 1.175874, 1.012962, 0.92165], "wind_supply": [0.965437, 1.172763, 1.289075, 1.317473, 1.526411, 1.614059, 1.936136, 1.779351, 1.32481, 0.866676, 0.760728, 0.862892], "mix_supply": [0.958396, 1.119287, 1.267167, 1.369691, 1.441986, 1.416248, 1.38844, 1.366803, 1.293024, 1.116454, 0.96378, 0.901143], "mix_storage": [0.027474, 0.015391, 0.016327, 0.027626, 0.045692, 0.064993, 0.079526, 0.086002, 0.088676, 0.085499, 0.070528, 0.047637], "mix_s_tot": 0.092492}}, "nldas": null}, "pdf": "figures/34.pdf"}