{"id": 340, "name": "Blue Nile", "country": "Sudan", "level": "admin1", "continent": "Africa", "metrics": {"solar_cf": 0.249, "wind_cf": 0.0851, "solar_f_adj": 1.2688, "wind_f_adj": 3.6715, "mix_alpha": 0.95, "mix_f_adj": 1.2993, "solar_s_tot_pct": 7.7484, "wind_s_tot_pct": 41.9754, "mix_s_tot_pct": 7.621, "solar_s_seasonal_pct": 6.8838, "solar_s_diurnal_pct": 0.8647, "wind_s_seasonal_pct": 40.5904, "wind_s_diurnal_pct": 1.385, "solar_flaute_days": 1.625, "wind_flaute_days": 34.75, "solar_gap30d_max": 0.6287, "wind_gap30d_max": 0.9993, "solar_trend_pct_decade": 3.4265, "wind_trend_pct_decade": 59.2712}, "colocation": {"k": [0, 17, 35, 50], "storage_pct_cons": [7.621, 2.8164, 1.5976, 0.9426], "pick": ["base", "wind", "wind", "wind"]}, "datasets": {"gldas": {"series_norm": {"months": [1, 2, 3, 4, 5, 6, 7, 8, 9, 10, 11, 12], "demand": [1.0, 1.0, 1.0, 1.0, 1.0, 1.0, 1.0, 1.0, 1.0, 1.0, 1.0, 1.0], "solar_supply": [1.313289, 1.413441, 1.491235, 1.458577, 1.297291, 1.168597, 1.047154, 1.085681, 1.168351, 1.226101, 1.299559, 1.27027], "wind_supply": [4.549521, 4.950671, 3.966654, 3.85869, 5.47097, 6.633178, 4.674171, 2.467356, 1.8942, 1.019729, 1.336678, 3.317025], "mix_supply": [1.358026, 1.462549, 1.520813, 1.487134, 1.358767, 1.254142, 1.101344, 1.099774, 1.170052, 1.210756, 1.287822, 1.29437], "mix_storage": [0.051012, 0.055669, 0.061891, 0.068551, 0.071038, 0.070007, 0.062863, 0.05145, 0.044789, 0.041509, 0.043224, 0.046213], "mix_s_tot": 0.07621}}, "nldas": null}, "pdf": "figures/340.pdf"}