{"id": 341, "name": "Sennar", "country": "Sudan", "level": "admin1", "continent": "Africa", "metrics": {"solar_cf": 0.2595, "wind_cf": 0.1884, "solar_f_adj": 1.2548, "wind_f_adj": 7.9232, "mix_alpha": 1.0, "mix_f_adj": 1.2548, "solar_s_tot_pct": 7.1499, "wind_s_tot_pct": 29.0276, "mix_s_tot_pct": 7.1499, "solar_s_seasonal_pct": 6.1452, "solar_s_diurnal_pct": 1.0047, "wind_s_seasonal_pct": 27.6133, "wind_s_diurnal_pct": 1.4143, "solar_flaute_days": 1.625, "wind_flaute_days": 67.625, "solar_gap30d_max": 0.6066, "wind_gap30d_max": 0.9984, "solar_trend_pct_decade": 3.2824, "wind_trend_pct_decade": 81.3086}, "colocation": {"k": [0, 17, 35, 50], "storage_pct_cons": [7.1499, 1.7528, 1.0613, 0.7398], "pick": ["base", "wind", "wind", "wind"]}, "datasets": {"gldas": {"series_norm": {"months": [1, 2, 3, 4, 5, 6, 7, 8, 9, 10, 11, 12], "demand": [1.0, 1.0, 1.0, 1.0, 1.0, 1.0, 1.0, 1.0, 1.0, 1.0, 1.0, 1.0], "solar_supply": [1.220595, 1.335492, 1.436041, 1.440551, 1.330278, 1.2543, 1.103163, 1.093504, 1.201663, 1.247356, 1.227728, 1.177442], "wind_supply": [8.803567, 9.681228, 8.690546, 7.148595, 7.622657, 11.824846, 11.353208, 7.457962, 5.842469, 3.32569, 5.595346, 7.844868], "mix_supply": [1.220595, 1.335492, 1.436041, 1.440551, 1.330278, 1.2543, 1.103163, 1.093504, 1.201663, 1.247356, 1.227728, 1.177442], "mix_storage": [0.039025, 0.042476, 0.050151, 0.057079, 0.061239, 0.061659, 0.056307, 0.044742, 0.039216, 0.0395, 0.041158, 0.038934], "mix_s_tot": 0.071499}}, "nldas": null}, "pdf": "figures/341.pdf"}