{"id": 342, "name": "Guangxi", "country": "China", "level": "admin1", "continent": "Asia", "metrics": {"solar_cf": 0.1436, "wind_cf": 0.0713, "solar_f_adj": 1.3863, "wind_f_adj": 1.9184, "mix_alpha": 0.55, "mix_f_adj": 1.3936, "solar_s_tot_pct": 10.9375, "wind_s_tot_pct": 34.6142, "mix_s_tot_pct": 7.552, "solar_s_seasonal_pct": 10.4877, "solar_s_diurnal_pct": 0.4498, "wind_s_seasonal_pct": 34.1878, "wind_s_diurnal_pct": 0.4264, "solar_flaute_days": 1.75, "wind_flaute_days": 25.0, "solar_gap30d_max": 0.666, "wind_gap30d_max": 0.9759, "solar_trend_pct_decade": -2.8078, "wind_trend_pct_decade": -11.9499}, "colocation": {"k": [0, 17, 35, 50], "storage_pct_cons": [7.552, 3.5148, 2.152, 1.4462], "pick": ["base", "wind", "solar", "solar"]}, "datasets": {"gldas": {"series_norm": {"months": [1, 2, 3, 4, 5, 6, 7, 8, 9, 10, 11, 12], "demand": [1.0, 1.0, 1.0, 1.0, 1.0, 1.0, 1.0, 1.0, 1.0, 1.0, 1.0, 1.0], "solar_supply": [0.909796, 1.060415, 1.26711, 1.502443, 1.618624, 1.57129, 1.786307, 1.717035, 1.603925, 1.406133, 1.171379, 1.00145], "wind_supply": [2.526144, 2.741888, 2.6802, 2.518943, 1.613209, 1.263186, 1.383068, 0.841752, 1.319959, 1.877064, 1.862837, 2.442828], "mix_supply": [1.328813, 1.482617, 1.576735, 1.654139, 1.422299, 1.281707, 1.439781, 1.224528, 1.31831, 1.391063, 1.256615, 1.352254], "mix_storage": [0.052666, 0.054797, 0.061683, 0.068698, 0.069791, 0.064104, 0.065512, 0.063206, 0.059318, 0.061194, 0.056989, 0.054454], "mix_s_tot": 0.07552}}, "nldas": null}, "pdf": "figures/342.pdf"}