{"id": 343, "name": "Tripura", "country": "India", "level": "admin1", "continent": "Asia", "metrics": {"solar_cf": 0.1978, "wind_cf": 0.0511, "solar_f_adj": 1.2692, "wind_f_adj": 3.4745, "mix_alpha": 0.95, "mix_f_adj": 1.2634, "solar_s_tot_pct": 10.1474, "wind_s_tot_pct": 44.6088, "mix_s_tot_pct": 9.9108, "solar_s_seasonal_pct": 8.8857, "solar_s_diurnal_pct": 1.2617, "wind_s_seasonal_pct": 42.4733, "wind_s_diurnal_pct": 2.1355, "solar_flaute_days": 3.75, "wind_flaute_days": 37.5, "solar_gap30d_max": 0.6322, "wind_gap30d_max": 0.9998, "solar_trend_pct_decade": 3.3682, "wind_trend_pct_decade": -0.3336}, "colocation": {"k": [0, 17, 35, 50], "storage_pct_cons": [9.9108, 5.7482, 2.654, 1.6659], "pick": ["base", "wind", "wind", "wind"]}, "datasets": {"gldas": {"series_norm": {"months": [1, 2, 3, 4, 5, 6, 7, 8, 9, 10, 11, 12], "demand": [1.0, 1.0, 1.0, 1.0, 1.0, 1.0, 1.0, 1.0, 1.0, 1.0, 1.0, 1.0], "solar_supply": [1.113952, 1.3192, 1.475076, 1.551543, 1.468151, 1.270157, 1.224957, 1.249885, 1.204279, 1.176054, 1.138818, 1.045787], "wind_supply": [1.015495, 2.419899, 4.301095, 6.870876, 4.825415, 6.627911, 6.859345, 4.58975, 2.16224, 1.002535, 0.493877, 0.50403], "mix_supply": [1.071854, 1.291476, 1.473079, 1.592109, 1.476064, 1.321604, 1.28307, 1.265379, 1.178119, 1.130344, 1.085884, 0.998096], "mix_storage": [0.03689, 0.034053, 0.047214, 0.068951, 0.085313, 0.088322, 0.087491, 0.086073, 0.082596, 0.075313, 0.066047, 0.051192], "mix_s_tot": 0.099108}}, "nldas": null}, "pdf": "figures/343.pdf"}