{"id": 344, "name": "Meghalaya", "country": "India", "level": "admin1", "continent": "Asia", "metrics": {"solar_cf": 0.1908, "wind_cf": 0.0104, "solar_f_adj": 1.2942, "wind_f_adj": 4.4371, "mix_alpha": 1.0, "mix_f_adj": 1.2942, "solar_s_tot_pct": 9.0765, "wind_s_tot_pct": 58.8459, "mix_s_tot_pct": 9.0765, "solar_s_seasonal_pct": 7.8594, "solar_s_diurnal_pct": 1.217, "wind_s_seasonal_pct": 58.1427, "wind_s_diurnal_pct": 0.7033, "solar_flaute_days": 2.75, "wind_flaute_days": 148.0, "solar_gap30d_max": 0.6632, "wind_gap30d_max": 1.0, "solar_trend_pct_decade": 4.8516, "wind_trend_pct_decade": 48.8729}, "colocation": {"k": [0, 17, 35, 50], "storage_pct_cons": [9.0765, 2.8685, 1.9058, 1.2619], "pick": ["base", "wind", "wind", "wind"]}, "datasets": {"gldas": {"series_norm": {"months": [1, 2, 3, 4, 5, 6, 7, 8, 9, 10, 11, 12], "demand": [1.0, 1.0, 1.0, 1.0, 1.0, 1.0, 1.0, 1.0, 1.0, 1.0, 1.0, 1.0], "solar_supply": [1.148899, 1.347112, 1.54253, 1.59585, 1.531926, 1.241806, 1.187787, 1.22691, 1.198193, 1.239794, 1.195766, 1.079714], "wind_supply": [2.214259, 6.021826, 10.73242, 10.611113, 7.250109, 4.972059, 4.038401, 2.67289, 1.721944, 1.299973, 0.98041, 0.886547], "mix_supply": [1.148899, 1.347112, 1.54253, 1.59585, 1.531926, 1.241806, 1.187787, 1.22691, 1.198193, 1.239794, 1.195766, 1.079714], "mix_storage": [0.043136, 0.044658, 0.060807, 0.074955, 0.083788, 0.082147, 0.074684, 0.069291, 0.064848, 0.061142, 0.060087, 0.052277], "mix_s_tot": 0.090765}}, "nldas": null}, "pdf": "figures/344.pdf"}