{"id": 345, "name": "Washington", "country": "United States of America", "level": "admin1", "continent": "North America", "metrics": {"solar_cf": 0.1561, "wind_cf": 0.1191, "solar_f_adj": 1.3247, "wind_f_adj": 2.0806, "mix_alpha": 0.0, "mix_f_adj": 2.0806, "solar_s_tot_pct": 29.4137, "wind_s_tot_pct": 14.5585, "mix_s_tot_pct": 14.5585, "solar_s_seasonal_pct": 28.5336, "solar_s_diurnal_pct": 0.8802, "wind_s_seasonal_pct": 14.4617, "wind_s_diurnal_pct": 0.0968, "solar_flaute_days": 2.75, "wind_flaute_days": 16.25, "solar_gap30d_max": 0.809, "wind_gap30d_max": 0.9193, "solar_trend_pct_decade": 0.4583, "wind_trend_pct_decade": -36.587}, "colocation": {"k": [0, 17, 35, 50], "storage_pct_cons": [14.5585, 11.6978, 9.3313, 7.3374], "pick": ["base", "solar", "solar", "solar"], "usa_feasible": {"1pct": [false, true, true, true], "oilgas2x": [true, true, true, true], "oilgas_all": [true, true, true, true]}}, "datasets": {"gldas": {"series_norm": {"months": [1, 2, 3, 4, 5, 6, 7, 8, 9, 10, 11, 12], "demand": [1.0, 1.0, 1.0, 1.0, 1.0, 1.0, 1.0, 1.0, 1.0, 1.0, 1.0, 1.0], "solar_supply": [0.434164, 0.730474, 1.119039, 1.623959, 2.022576, 2.228524, 2.450423, 2.067873, 1.474576, 0.87116, 0.481718, 0.355138], "wind_supply": [2.35008, 2.205371, 2.567586, 2.403317, 2.050138, 1.999692, 1.758446, 1.494054, 1.512784, 1.917861, 2.350851, 2.366531], "mix_supply": [2.35008, 2.205371, 2.567586, 2.403317, 2.050138, 1.999692, 1.758446, 1.494054, 1.512784, 1.917861, 2.350851, 2.366531], "mix_storage": [0.123542, 0.116891, 0.128386, 0.13721, 0.140265, 0.140106, 0.138683, 0.132082, 0.124272, 0.122108, 0.129221, 0.124164], "mix_s_tot": 0.145585}, "series_real": {"months": [1, 2, 3, 4, 5, 6, 7, 8, 9, 10, 11, 12], "demand_TWh": [8.940913, 7.521408, 8.157511, 7.062826, 6.870875, 6.561295, 7.049665, 7.121061, 6.432901, 6.833315, 7.013539, 8.532296], "supply_TWh_nocap": [17.574189, 15.046263, 19.2037, 17.397853, 15.335942, 14.478291, 13.15396, 11.176184, 10.952952, 14.34645, 17.015323, 17.699958], "supply_TWh_1pct": [17.418043, 14.912578, 19.033076, 17.243274, 15.199683, 14.349652, 13.037087, 11.076884, 10.855636, 14.218982, 16.864143, 17.542695], "supply_TWh_oilgas2x": [17.574189, 15.046263, 19.2037, 17.397853, 15.335942, 14.478291, 13.15396, 11.176184, 10.952952, 14.34645, 17.015323, 17.699958], "supply_TWh_oilgas_all": [17.574189, 15.046263, 19.2037, 17.397853, 15.335942, 14.478291, 13.15396, 11.176184, 10.952952, 14.34645, 17.015323, 17.699958]}, "consumption_TWh": 88.048895}, "nldas": {"real": {"annual_consumption_TWh": 88.048895, "state_land_km2": 174112.274344, "mix_solar_nameplate_GW": 0.0, "mix_wind_nameplate_GW": 48.751944, "mix_capacity_TWh": 427.067025, "mix_land_km2": 487.519435, "mix_land_pct": 0.280003, "solar_land_pct": 1.440899, "wind_land_pct": 0.280003, "caps": {"1pct": {"label": "1% of land (NREL)", "cap_pct": 1.0, "feasible": true, "storage_TWh": 13.349001, "supply_capped_TWh": null, "shortfall_TWh": 0.0}, "oilgas2x": {"label": "1.88% (2\u00d7 onshore oil & gas)", "cap_pct": 1.8800000000000001, "feasible": true, "storage_TWh": 13.349001, "supply_capped_TWh": null, "shortfall_TWh": 0.0}, "oilgas_all": {"label": "5% (all onshore oil & gas land)", "cap_pct": 5.0, "feasible": true, "storage_TWh": 13.349001, "supply_capped_TWh": null, "shortfall_TWh": 0.0}}}, "metrics": {"solar_cf": 0.171904, "wind_cf": 0.268835, "solar_f_adj": 1.287213, "wind_f_adj": 1.303941, "mix_alpha": 0.0, "mix_f_adj": 1.303941, "solar_s_tot_pct": 33.364755, "wind_s_tot_pct": 15.160896, "mix_s_tot_pct": 15.160896, "solar_s_seasonal_pct": 32.297586, "solar_s_diurnal_pct": 1.067169, "wind_s_seasonal_pct": 14.809431, "wind_s_diurnal_pct": 0.351465, "solar_flaute_days": 1.75, "wind_flaute_days": 12.791667, "solar_gap30d_max": 0.785554, "wind_gap30d_max": 0.691856, "solar_trend_pct_decade": 0.81829, "wind_trend_pct_decade": -2.374498}, "series_real": {"months": [1, 2, 3, 4, 5, 6, 7, 8, 9, 10, 11, 12], "demand_TWh": [8.944993, 7.521339, 8.159967, 7.063893, 6.871877, 6.561235, 7.050694, 7.122101, 6.432842, 6.834312, 7.015723, 8.534865], "supply_TWh_nocap": [10.733732, 9.6387, 12.496972, 10.925628, 9.104356, 8.51899, 6.695224, 6.681039, 7.553084, 10.264393, 11.308612, 10.974543], "supply_TWh_1pct": [10.733732, 9.6387, 12.496972, 10.925628, 9.104356, 8.51899, 6.695224, 6.681039, 7.553084, 10.264393, 11.308612, 10.974543], "supply_TWh_oilgas2x": [10.733732, 9.6387, 12.496972, 10.925628, 9.104356, 8.51899, 6.695224, 6.681039, 7.553084, 10.264393, 11.308612, 10.974543], "supply_TWh_oilgas_all": [10.733732, 9.6387, 12.496972, 10.925628, 9.104356, 8.51899, 6.695224, 6.681039, 7.553084, 10.264393, 11.308612, 10.974543]}, "series_norm": {"months": [1, 2, 3, 4, 5, 6, 7, 8, 9, 10, 11, 12], "demand": [1.196154, 1.102936, 1.091178, 0.976094, 0.91893, 0.906637, 0.942842, 0.952391, 0.888895, 0.913907, 0.969438, 1.141311], "solar_supply": [0.425655, 0.688786, 1.153088, 1.60693, 2.059313, 2.163998, 2.288568, 1.953999, 1.387719, 0.857208, 0.474452, 0.349742], "wind_supply": [1.435351, 1.413427, 1.671137, 1.509712, 1.217465, 1.177161, 0.895308, 0.893411, 1.043691, 1.372589, 1.562633, 1.467553], "mix_supply": [1.435351, 1.413427, 1.671137, 1.509712, 1.217465, 1.177161, 0.895308, 0.893411, 1.043691, 1.372589, 1.562633, 1.467553], "mix_storage": [0.121379, 0.111562, 0.119589, 0.132831, 0.135063, 0.134721, 0.124675, 0.103828, 0.09446, 0.103212, 0.122084, 0.122745], "mix_s_tot": 0.151609}, "consumption_TWh": 88.048895}}, "usa": {"annual_consumption_TWh": 88.048895, "state_land_km2": 174112.274344, "mix_solar_nameplate_GW": 0.0, "mix_wind_nameplate_GW": 175.673122, "mix_capacity_TWh": 1538.896551, "mix_land_km2": 1756.731222, "mix_land_pct": 1.008965, "solar_land_pct": 1.644455, "wind_land_pct": 1.008965, "mix_storage_TWh": null, "caps": {"1pct": {"label": "1% of land (NREL)", "cap_pct": 1.0, "feasible": false, "storage_TWh": null, "supply_capped_TWh": 181.654122, "shortfall_TWh": 0.0}, "oilgas2x": {"label": "1.88% (2\u00d7 onshore oil & gas)", "cap_pct": 1.8800000000000001, "feasible": true, "storage_TWh": 15.552869, "supply_capped_TWh": null, "shortfall_TWh": 0.0}, "oilgas_all": {"label": "5% (all onshore oil & gas land)", "cap_pct": 5.0, "feasible": true, "storage_TWh": 15.552869, "supply_capped_TWh": null, "shortfall_TWh": 0.0}}}, "pdf": "figures/345.pdf"}