{"id": 345, "name": "Washington", "country": "United States of America", "level": "admin1", "continent": "North America", "metrics": {"solar_cf": 0.1561, "wind_cf": 0.1191, "solar_f_adj": 1.3247, "wind_f_adj": 2.0806, "mix_alpha": 0.0, "mix_f_adj": 2.0806, "solar_s_tot_pct": 29.4137, "wind_s_tot_pct": 14.5585, "mix_s_tot_pct": 14.5585, "solar_s_seasonal_pct": 28.5336, "solar_s_diurnal_pct": 0.8802, "wind_s_seasonal_pct": 14.4617, "wind_s_diurnal_pct": 0.0968, "solar_flaute_days": 2.75, "wind_flaute_days": 16.25, "solar_gap30d_max": 0.809, "wind_gap30d_max": 0.9193, "solar_trend_pct_decade": 0.4583, "wind_trend_pct_decade": -36.587}, "colocation": {"k": [0, 17, 35, 50], "storage_pct_cons": [14.5585, 11.6978, 9.3313, 7.3374], "pick": ["base", "solar", "solar", "solar"], "usa_feasible": {"1pct": [false, true, true, true], "oilgas2x": [true, true, true, true], "oilgas_all": [true, true, true, true]}}, "datasets": {"gldas": {"series_norm": {"months": [1, 2, 3, 4, 5, 6, 7, 8, 9, 10, 11, 12], "demand": [1.0, 1.0, 1.0, 1.0, 1.0, 1.0, 1.0, 1.0, 1.0, 1.0, 1.0, 1.0], "solar_supply": [0.434164, 0.730474, 1.119039, 1.623959, 2.022576, 2.228524, 2.450423, 2.067873, 1.474576, 0.87116, 0.481718, 0.355138], "wind_supply": [2.35008, 2.205371, 2.567586, 2.403317, 2.050138, 1.999692, 1.758446, 1.494054, 1.512784, 1.917861, 2.350851, 2.366531], "mix_supply": [2.35008, 2.205371, 2.567586, 2.403317, 2.050138, 1.999692, 1.758446, 1.494054, 1.512784, 1.917861, 2.350851, 2.366531], "mix_storage": [0.123542, 0.116891, 0.128386, 0.13721, 0.140265, 0.140106, 0.138683, 0.132082, 0.124272, 0.122108, 0.129221, 0.124164], "mix_s_tot": 0.145585}, "series_real": {"months": [1, 2, 3, 4, 5, 6, 7, 8, 9, 10, 11, 12], "demand_TWh": [8.940913, 7.521408, 8.157511, 7.062826, 6.870875, 6.561295, 7.049665, 7.121061, 6.432901, 6.833315, 7.013539, 8.532296], "supply_TWh_nocap": [17.574189, 15.046263, 19.2037, 17.397853, 15.335942, 14.478291, 13.15396, 11.176184, 10.952952, 14.34645, 17.015323, 17.699958], "supply_TWh_1pct": [17.418043, 14.912578, 19.033076, 17.243274, 15.199683, 14.349652, 13.037087, 11.076884, 10.855636, 14.218982, 16.864143, 17.542695], "supply_TWh_oilgas2x": [17.574189, 15.046263, 19.2037, 17.397853, 15.335942, 14.478291, 13.15396, 11.176184, 10.952952, 14.34645, 17.015323, 17.699958], "supply_TWh_oilgas_all": [17.574189, 15.046263, 19.2037, 17.397853, 15.335942, 14.478291, 13.15396, 11.176184, 10.952952, 14.34645, 17.015323, 17.699958]}, "consumption_TWh": 88.048895}, "nldas": null}, "usa": {"annual_consumption_TWh": 88.048895, "state_land_km2": 174112.274344, "mix_solar_nameplate_GW": 0.0, "mix_wind_nameplate_GW": 175.673122, "mix_capacity_TWh": 1538.896551, "mix_land_km2": 1756.731222, "mix_land_pct": 1.008965, "solar_land_pct": 1.644455, "wind_land_pct": 1.008965, "mix_storage_TWh": null, "caps": {"1pct": {"label": "1% of land (NREL)", "cap_pct": 1.0, "feasible": false, "storage_TWh": null, "supply_capped_TWh": 181.654122, "shortfall_TWh": 0.0}, "oilgas2x": {"label": "1.88% (2\u00d7 onshore oil & gas)", "cap_pct": 1.8800000000000001, "feasible": true, "storage_TWh": 15.552869, "supply_capped_TWh": null, "shortfall_TWh": 0.0}, "oilgas_all": {"label": "5% (all onshore oil & gas land)", "cap_pct": 5.0, "feasible": true, "storage_TWh": 15.552869, "supply_capped_TWh": null, "shortfall_TWh": 0.0}}}, "pdf": "figures/345.pdf"}