{"id": 346, "name": "British Columbia", "country": "Canada", "level": "admin1", "continent": "North America", "metrics": {"solar_cf": 0.1319, "wind_cf": 0.093, "solar_f_adj": 1.3716, "wind_f_adj": 5.0546, "mix_alpha": 0.0, "mix_f_adj": 5.0546, "solar_s_tot_pct": 33.055, "wind_s_tot_pct": 11.3635, "mix_s_tot_pct": 11.3635, "solar_s_seasonal_pct": 31.9057, "solar_s_diurnal_pct": 1.1493, "wind_s_seasonal_pct": 11.0662, "wind_s_diurnal_pct": 0.2973, "solar_flaute_days": 2.75, "wind_flaute_days": 22.875, "solar_gap30d_max": 0.8581, "wind_gap30d_max": 0.9513, "solar_trend_pct_decade": 2.1955, "wind_trend_pct_decade": -73.6889}, "colocation": {"k": [0, 17, 35, 50], "storage_pct_cons": [11.3635, 11.3635, 11.3635, 10.8945], "pick": ["base", "wind", "wind", "solar"]}, "datasets": {"gldas": {"series_norm": {"months": [1, 2, 3, 4, 5, 6, 7, 8, 9, 10, 11, 12], "demand": [1.0, 1.0, 1.0, 1.0, 1.0, 1.0, 1.0, 1.0, 1.0, 1.0, 1.0, 1.0], "solar_supply": [0.333008, 0.699299, 1.264565, 1.915427, 2.380335, 2.521642, 2.48689, 2.066054, 1.360596, 0.761531, 0.382072, 0.250242], "wind_supply": [6.961302, 5.196829, 6.232281, 4.711231, 3.82107, 3.506187, 3.48914, 3.301317, 4.649231, 5.908348, 6.591191, 6.276018], "mix_supply": [6.961302, 5.196829, 6.232281, 4.711231, 3.82107, 3.506187, 3.48914, 3.301317, 4.649231, 5.908348, 6.591191, 6.276018], "mix_storage": [0.102168, 0.103102, 0.103465, 0.104651, 0.107298, 0.109235, 0.10718, 0.10332, 0.104089, 0.109301, 0.10878, 0.105166], "mix_s_tot": 0.113635}}, "nldas": null}, "pdf": "figures/346.pdf"}