{"id": 347, "name": "Idaho", "country": "United States of America", "level": "admin1", "continent": "North America", "metrics": {"solar_cf": 0.1823, "wind_cf": 0.132, "solar_f_adj": 1.3261, "wind_f_adj": 1.6861, "mix_alpha": 0.0, "mix_f_adj": 1.6861, "solar_s_tot_pct": 27.3529, "wind_s_tot_pct": 13.0173, "mix_s_tot_pct": 13.0173, "solar_s_seasonal_pct": 26.1593, "solar_s_diurnal_pct": 1.1936, "wind_s_seasonal_pct": 12.9022, "wind_s_diurnal_pct": 0.1151, "solar_flaute_days": 1.75, "wind_flaute_days": 12.875, "solar_gap30d_max": 0.7486, "wind_gap30d_max": 0.9266, "solar_trend_pct_decade": -0.5649, "wind_trend_pct_decade": -12.1379}, "colocation": {"k": [0, 17, 35, 50], "storage_pct_cons": [13.0173, 9.5678, 7.3656, 5.9993], "pick": ["base", "solar", "solar", "solar"], "usa_feasible": {"1pct": [true, true, true, true], "oilgas2x": [true, true, true, true], "oilgas_all": [true, true, true, true]}}, "datasets": {"gldas": {"series_norm": {"months": [1, 2, 3, 4, 5, 6, 7, 8, 9, 10, 11, 12], "demand": [1.0, 1.0, 1.0, 1.0, 1.0, 1.0, 1.0, 1.0, 1.0, 1.0, 1.0, 1.0], "solar_supply": [0.522716, 0.789384, 1.152562, 1.591582, 1.943347, 2.196399, 2.3157, 1.963002, 1.471852, 0.936441, 0.565195, 0.434072], "wind_supply": [1.517655, 1.712321, 1.906892, 2.047839, 1.882661, 1.87591, 1.567637, 1.431323, 1.419585, 1.572528, 1.580887, 1.725877], "mix_supply": [1.517655, 1.712321, 1.906892, 2.047839, 1.882661, 1.87591, 1.567637, 1.431323, 1.419585, 1.572528, 1.580887, 1.725877], "mix_storage": [0.100767, 0.093492, 0.102264, 0.11972, 0.126288, 0.123667, 0.120994, 0.115628, 0.112099, 0.107924, 0.110663, 0.105623], "mix_s_tot": 0.130173}, "series_real": {"months": [1, 2, 3, 4, 5, 6, 7, 8, 9, 10, 11, 12], "demand_TWh": [2.094004, 1.686062, 1.806157, 1.661086, 1.899628, 2.137142, 2.559966, 2.358195, 1.831341, 1.724268, 1.734671, 2.066123], "supply_TWh_nocap": [2.447832, 2.603852, 3.305244, 3.593839, 3.636049, 3.623015, 3.350056, 2.988798, 2.656576, 2.719626, 2.477183, 2.709993], "supply_TWh_1pct": [2.447832, 2.603852, 3.305244, 3.593839, 3.636049, 3.623015, 3.350056, 2.988798, 2.656576, 2.719626, 2.477183, 2.709993], "supply_TWh_oilgas2x": [2.447832, 2.603852, 3.305244, 3.593839, 3.636049, 3.623015, 3.350056, 2.988798, 2.656576, 2.719626, 2.477183, 2.709993], "supply_TWh_oilgas_all": [2.447832, 2.603852, 3.305244, 3.593839, 3.636049, 3.623015, 3.350056, 2.988798, 2.656576, 2.719626, 2.477183, 2.709993]}, "consumption_TWh": 23.545617}, "nldas": null}, "usa": {"annual_consumption_TWh": 23.545617, "state_land_km2": 216253.685659, "mix_solar_nameplate_GW": 4.520257, "mix_wind_nameplate_GW": 24.970995, "mix_capacity_TWh": 258.34337, "mix_land_km2": 400.385185, "mix_land_pct": 0.185146, "solar_land_pct": 0.299196, "wind_land_pct": 0.159159, "mix_storage_TWh": 3.119488, "caps": {"1pct": {"label": "1% of land (NREL)", "cap_pct": 1.0, "feasible": true, "storage_TWh": 3.119488, "supply_capped_TWh": null, "shortfall_TWh": 0.0}, "oilgas2x": {"label": "1.88% (2\u00d7 onshore oil & gas)", "cap_pct": 1.8800000000000001, "feasible": true, "storage_TWh": 3.119488, "supply_capped_TWh": null, "shortfall_TWh": 0.0}, "oilgas_all": {"label": "5% (all onshore oil & gas land)", "cap_pct": 5.0, "feasible": true, "storage_TWh": 3.119488, "supply_capped_TWh": null, "shortfall_TWh": 0.0}}}, "pdf": "figures/347.pdf"}