{"id": 348, "name": "Montana", "country": "United States of America", "level": "admin1", "continent": "North America", "metrics": {"solar_cf": 0.1614, "wind_cf": 0.2872, "solar_f_adj": 1.3264, "wind_f_adj": 1.4619, "mix_alpha": 0.15, "mix_f_adj": 1.3849, "solar_s_tot_pct": 27.1382, "wind_s_tot_pct": 9.0982, "mix_s_tot_pct": 8.5788, "solar_s_seasonal_pct": 26.4049, "solar_s_diurnal_pct": 0.7333, "wind_s_seasonal_pct": 8.4016, "wind_s_diurnal_pct": 0.6966, "solar_flaute_days": 0.875, "wind_flaute_days": 6.75, "solar_gap30d_max": 0.7631, "wind_gap30d_max": 0.6606, "solar_trend_pct_decade": -0.8465, "wind_trend_pct_decade": -5.2041}, "colocation": {"k": [0, 17, 35, 50], "storage_pct_cons": [8.5788, 5.7911, 4.5011, 3.1195], "pick": ["base", "wind", "solar", "solar"], "usa_feasible": {"1pct": [true, true, true, true], "oilgas2x": [true, true, true, true], "oilgas_all": [true, true, true, true]}}, "datasets": {"gldas": {"series_norm": {"months": [1, 2, 3, 4, 5, 6, 7, 8, 9, 10, 11, 12], "demand": [1.0, 1.0, 1.0, 1.0, 1.0, 1.0, 1.0, 1.0, 1.0, 1.0, 1.0, 1.0], "solar_supply": [0.504107, 0.804292, 1.206376, 1.628582, 1.947927, 2.197576, 2.359199, 1.973415, 1.432988, 0.885074, 0.5356, 0.411163], "wind_supply": [1.698067, 1.481757, 1.521811, 1.633707, 1.500423, 1.36227, 1.088052, 1.08501, 1.272847, 1.549435, 1.713167, 1.642361], "mix_supply": [1.446259, 1.319094, 1.414316, 1.570537, 1.513227, 1.441081, 1.245587, 1.182721, 1.249336, 1.38624, 1.46335, 1.386847], "mix_storage": [0.07491, 0.073807, 0.07461, 0.078816, 0.084021, 0.083048, 0.080775, 0.077889, 0.076794, 0.07704, 0.079974, 0.078674], "mix_s_tot": 0.085788}, "series_real": {"months": [1, 2, 3, 4, 5, 6, 7, 8, 9, 10, 11, 12], "demand_TWh": [1.388568, 1.175775, 1.245185, 1.123497, 1.089409, 1.08663, 1.231154, 1.269954, 1.096845, 1.115739, 1.132657, 1.338181], "supply_TWh_nocap": [2.059503, 1.639605, 1.846018, 1.918112, 1.820355, 1.599679, 1.320055, 1.316364, 1.494671, 1.879818, 2.011082, 1.992249], "supply_TWh_1pct": [2.059503, 1.639605, 1.846018, 1.918112, 1.820355, 1.599679, 1.320055, 1.316364, 1.494671, 1.879818, 2.011082, 1.992249], "supply_TWh_oilgas2x": [2.059503, 1.639605, 1.846018, 1.918112, 1.820355, 1.599679, 1.320055, 1.316364, 1.494671, 1.879818, 2.011082, 1.992249], "supply_TWh_oilgas_all": [2.059503, 1.639605, 1.846018, 1.918112, 1.820355, 1.599679, 1.320055, 1.316364, 1.494671, 1.879818, 2.011082, 1.992249]}, "consumption_TWh": 14.28569}, "nldas": null}, "usa": {"annual_consumption_TWh": 14.28569, "state_land_km2": 379494.479829, "mix_solar_nameplate_GW": 0.0, "mix_wind_nameplate_GW": 8.301567, "mix_capacity_TWh": 72.721725, "mix_land_km2": 83.015668, "mix_land_pct": 0.021875, "solar_land_pct": 0.118081, "wind_land_pct": 0.021875, "mix_storage_TWh": 1.337555, "caps": {"1pct": {"label": "1% of land (NREL)", "cap_pct": 1.0, "feasible": true, "storage_TWh": 1.337555, "supply_capped_TWh": null, "shortfall_TWh": 0.0}, "oilgas2x": {"label": "1.88% (2\u00d7 onshore oil & gas)", "cap_pct": 1.8800000000000001, "feasible": true, "storage_TWh": 1.337555, "supply_capped_TWh": null, "shortfall_TWh": 0.0}, "oilgas_all": {"label": "5% (all onshore oil & gas land)", "cap_pct": 5.0, "feasible": true, "storage_TWh": 1.337555, "supply_capped_TWh": null, "shortfall_TWh": 0.0}}}, "pdf": "figures/348.pdf"}