{"id": 348, "name": "Montana", "country": "United States of America", "level": "admin1", "continent": "North America", "metrics": {"solar_cf": 0.1614, "wind_cf": 0.2872, "solar_f_adj": 1.3264, "wind_f_adj": 1.4619, "mix_alpha": 0.15, "mix_f_adj": 1.3849, "solar_s_tot_pct": 27.1382, "wind_s_tot_pct": 9.0982, "mix_s_tot_pct": 8.5788, "solar_s_seasonal_pct": 26.4049, "solar_s_diurnal_pct": 0.7333, "wind_s_seasonal_pct": 8.4016, "wind_s_diurnal_pct": 0.6966, "solar_flaute_days": 0.875, "wind_flaute_days": 6.75, "solar_gap30d_max": 0.7631, "wind_gap30d_max": 0.6606, "solar_trend_pct_decade": -0.8465, "wind_trend_pct_decade": -5.2041}, "colocation": {"k": [0, 17, 35, 50], "storage_pct_cons": [8.5788, 5.7911, 4.5011, 3.1195], "pick": ["base", "wind", "solar", "solar"], "usa_feasible": {"1pct": [true, true, true, true], "oilgas2x": [true, true, true, true], "oilgas_all": [true, true, true, true]}}, "datasets": {"gldas": {"series_norm": {"months": [1, 2, 3, 4, 5, 6, 7, 8, 9, 10, 11, 12], "demand": [1.0, 1.0, 1.0, 1.0, 1.0, 1.0, 1.0, 1.0, 1.0, 1.0, 1.0, 1.0], "solar_supply": [0.504107, 0.804292, 1.206376, 1.628582, 1.947927, 2.197576, 2.359199, 1.973415, 1.432988, 0.885074, 0.5356, 0.411163], "wind_supply": [1.698067, 1.481757, 1.521811, 1.633707, 1.500423, 1.36227, 1.088052, 1.08501, 1.272847, 1.549435, 1.713167, 1.642361], "mix_supply": [1.446259, 1.319094, 1.414316, 1.570537, 1.513227, 1.441081, 1.245587, 1.182721, 1.249336, 1.38624, 1.46335, 1.386847], "mix_storage": [0.07491, 0.073807, 0.07461, 0.078816, 0.084021, 0.083048, 0.080775, 0.077889, 0.076794, 0.07704, 0.079974, 0.078674], "mix_s_tot": 0.085788}, "series_real": {"months": [1, 2, 3, 4, 5, 6, 7, 8, 9, 10, 11, 12], "demand_TWh": [1.388568, 1.175775, 1.245185, 1.123497, 1.089409, 1.08663, 1.231154, 1.269954, 1.096845, 1.115739, 1.132657, 1.338181], "supply_TWh_nocap": [2.059503, 1.639605, 1.846018, 1.918112, 1.820355, 1.599679, 1.320055, 1.316364, 1.494671, 1.879818, 2.011082, 1.992249], "supply_TWh_1pct": [2.059503, 1.639605, 1.846018, 1.918112, 1.820355, 1.599679, 1.320055, 1.316364, 1.494671, 1.879818, 2.011082, 1.992249], "supply_TWh_oilgas2x": [2.059503, 1.639605, 1.846018, 1.918112, 1.820355, 1.599679, 1.320055, 1.316364, 1.494671, 1.879818, 2.011082, 1.992249], "supply_TWh_oilgas_all": [2.059503, 1.639605, 1.846018, 1.918112, 1.820355, 1.599679, 1.320055, 1.316364, 1.494671, 1.879818, 2.011082, 1.992249]}, "consumption_TWh": 14.28569}, "nldas": {"real": {"annual_consumption_TWh": 14.28569, "state_land_km2": 379494.479829, "mix_solar_nameplate_GW": 0.618685, "mix_wind_nameplate_GW": 6.105787, "mix_capacity_TWh": 58.906372, "mix_land_km2": 81.680702, "mix_land_pct": 0.021524, "solar_land_pct": 0.105961, "wind_land_pct": 0.017212, "caps": {"1pct": {"label": "1% of land (NREL)", "cap_pct": 1.0, "feasible": true, "storage_TWh": 1.461692, "supply_capped_TWh": null, "shortfall_TWh": 0.0}, "oilgas2x": {"label": "1.88% (2\u00d7 onshore oil & gas)", "cap_pct": 1.8800000000000001, "feasible": true, "storage_TWh": 1.461692, "supply_capped_TWh": null, "shortfall_TWh": 0.0}, "oilgas_all": {"label": "5% (all onshore oil & gas land)", "cap_pct": 5.0, "feasible": true, "storage_TWh": 1.461692, "supply_capped_TWh": null, "shortfall_TWh": 0.0}}}, "metrics": {"solar_cf": 0.172064, "wind_cf": 0.331262, "solar_f_adj": 1.272819, "wind_f_adj": 1.326826, "mix_alpha": 0.05, "mix_f_adj": 1.305547, "solar_s_tot_pct": 27.732159, "wind_s_tot_pct": 11.087475, "mix_s_tot_pct": 10.231862, "solar_s_seasonal_pct": 26.393991, "solar_s_diurnal_pct": 1.338168, "wind_s_seasonal_pct": 10.823461, "wind_s_diurnal_pct": 0.264014, "solar_flaute_days": 0.791667, "wind_flaute_days": 5.875, "solar_gap30d_max": 0.739086, "wind_gap30d_max": 0.660762, "solar_trend_pct_decade": 0.924045, "wind_trend_pct_decade": -0.210647}, "series_real": {"months": [1, 2, 3, 4, 5, 6, 7, 8, 9, 10, 11, 12], "demand_TWh": [1.389206, 1.175768, 1.245564, 1.12367, 1.089572, 1.086623, 1.231338, 1.270144, 1.096839, 1.115905, 1.133013, 1.338588], "supply_TWh_nocap": [1.747894, 1.492886, 1.738278, 1.763773, 1.658701, 1.464383, 1.145609, 1.148204, 1.353041, 1.682184, 1.752106, 1.717337], "supply_TWh_1pct": [1.747894, 1.492886, 1.738278, 1.763773, 1.658701, 1.464383, 1.145609, 1.148204, 1.353041, 1.682184, 1.752106, 1.717337], "supply_TWh_oilgas2x": [1.747894, 1.492886, 1.738278, 1.763773, 1.658701, 1.464383, 1.145609, 1.148204, 1.353041, 1.682184, 1.752106, 1.717337], "supply_TWh_oilgas_all": [1.747894, 1.492886, 1.738278, 1.763773, 1.658701, 1.464383, 1.145609, 1.148204, 1.353041, 1.682184, 1.752106, 1.717337]}, "series_norm": {"months": [1, 2, 3, 4, 5, 6, 7, 8, 9, 10, 11, 12], "demand": [1.144977, 1.062672, 1.026587, 0.956994, 0.898019, 0.925442, 1.014862, 1.046846, 0.934142, 0.919723, 0.964951, 1.103257], "solar_supply": [0.507964, 0.744777, 1.19774, 1.565015, 1.889616, 2.073151, 2.236128, 1.843868, 1.354762, 0.871493, 0.535366, 0.421525], "wind_supply": [1.513274, 1.40259, 1.466951, 1.521118, 1.358827, 1.220464, 0.887415, 0.911224, 1.158433, 1.435391, 1.56698, 1.491074], "mix_supply": [1.440605, 1.349287, 1.43268, 1.502149, 1.367093, 1.247168, 0.944205, 0.946344, 1.152342, 1.386447, 1.492213, 1.415421], "mix_storage": [0.090775, 0.087432, 0.087088, 0.092649, 0.098942, 0.09796, 0.086079, 0.064012, 0.057846, 0.074598, 0.091829, 0.09478], "mix_s_tot": 0.102319}, "consumption_TWh": 14.28569}}, "usa": {"annual_consumption_TWh": 14.28569, "state_land_km2": 379494.479829, "mix_solar_nameplate_GW": 0.0, "mix_wind_nameplate_GW": 8.301567, "mix_capacity_TWh": 72.721725, "mix_land_km2": 83.015668, "mix_land_pct": 0.021875, "solar_land_pct": 0.118081, "wind_land_pct": 0.021875, "mix_storage_TWh": 1.337555, "caps": {"1pct": {"label": "1% of land (NREL)", "cap_pct": 1.0, "feasible": true, "storage_TWh": 1.337555, "supply_capped_TWh": null, "shortfall_TWh": 0.0}, "oilgas2x": {"label": "1.88% (2\u00d7 onshore oil & gas)", "cap_pct": 1.8800000000000001, "feasible": true, "storage_TWh": 1.337555, "supply_capped_TWh": null, "shortfall_TWh": 0.0}, "oilgas_all": {"label": "5% (all onshore oil & gas land)", "cap_pct": 5.0, "feasible": true, "storage_TWh": 1.337555, "supply_capped_TWh": null, "shortfall_TWh": 0.0}}}, "pdf": "figures/348.pdf"}