{"id": 349, "name": "Alberta", "country": "Canada", "level": "admin1", "continent": "North America", "metrics": {"solar_cf": 0.133, "wind_cf": 0.1975, "solar_f_adj": 1.3037, "wind_f_adj": 1.383, "mix_alpha": 0.05, "mix_f_adj": 1.3621, "solar_s_tot_pct": 34.4025, "wind_s_tot_pct": 10.1826, "mix_s_tot_pct": 10.0406, "solar_s_seasonal_pct": 33.3778, "solar_s_diurnal_pct": 1.0247, "wind_s_seasonal_pct": 9.8797, "wind_s_diurnal_pct": 0.3029, "solar_flaute_days": 0.875, "wind_flaute_days": 6.625, "solar_gap30d_max": 0.8424, "wind_gap30d_max": 0.7398, "solar_trend_pct_decade": 0.2897, "wind_trend_pct_decade": -7.7693}, "colocation": {"k": [0, 17, 35, 50], "storage_pct_cons": [10.0406, 6.967, 6.442, 5.9643], "pick": ["base", "solar", "solar", "solar"]}, "datasets": {"gldas": {"series_norm": {"months": [1, 2, 3, 4, 5, 6, 7, 8, 9, 10, 11, 12], "demand": [1.0, 1.0, 1.0, 1.0, 1.0, 1.0, 1.0, 1.0, 1.0, 1.0, 1.0, 1.0], "solar_supply": [0.315169, 0.660831, 1.215361, 1.810214, 2.238569, 2.383882, 2.394029, 1.95816, 1.31885, 0.725118, 0.361681, 0.226448], "wind_supply": [1.556267, 1.332567, 1.361941, 1.575914, 1.47595, 1.216579, 1.077778, 1.090555, 1.364224, 1.561642, 1.543138, 1.440985], "mix_supply": [1.472543, 1.281301, 1.337753, 1.569027, 1.497875, 1.262793, 1.133458, 1.122642, 1.345295, 1.498987, 1.462689, 1.360048], "mix_storage": [0.083847, 0.083243, 0.082656, 0.08589, 0.091705, 0.090467, 0.085308, 0.074318, 0.074583, 0.084305, 0.089559, 0.087862], "mix_s_tot": 0.100406}}, "nldas": null}, "pdf": "figures/349.pdf"}