{"id": 35, "name": "Uzbekistan", "country": "Uzbekistan", "level": "admin0", "continent": "Asia", "metrics": {"solar_cf": 0.184, "wind_cf": 0.3599, "solar_f_adj": 1.2879, "wind_f_adj": 1.5015, "mix_alpha": 0.0, "mix_f_adj": 1.5015, "solar_s_tot_pct": 24.9032, "wind_s_tot_pct": 11.5964, "mix_s_tot_pct": 11.5964, "solar_s_seasonal_pct": 23.3008, "solar_s_diurnal_pct": 1.6024, "wind_s_seasonal_pct": 11.4659, "wind_s_diurnal_pct": 0.1306, "solar_flaute_days": 0.875, "wind_flaute_days": 7.25, "solar_gap30d_max": 0.7349, "wind_gap30d_max": 0.6943, "solar_trend_pct_decade": 0.2933, "wind_trend_pct_decade": 12.3463}, "colocation": {"k": [0, 17, 35, 50], "storage_pct_cons": [11.5964, 7.0654, 4.2742, 2.5812], "pick": ["base", "solar", "solar", "solar"]}, "datasets": {"gldas": {"series_norm": {"months": [1, 2, 3, 4, 5, 6, 7, 8, 9, 10, 11, 12], "demand": [1.0, 1.0, 1.0, 1.0, 1.0, 1.0, 1.0, 1.0, 1.0, 1.0, 1.0, 1.0], "solar_supply": [0.544954, 0.788493, 1.12329, 1.51032, 1.841561, 2.083229, 2.066152, 1.87055, 1.496618, 1.009998, 0.628363, 0.465183], "wind_supply": [1.389094, 1.565981, 1.658731, 1.599263, 1.575839, 1.604502, 1.688839, 1.597192, 1.446932, 1.234303, 1.24597, 1.412959], "mix_supply": [1.389094, 1.565981, 1.658731, 1.599263, 1.575839, 1.604502, 1.688839, 1.597192, 1.446932, 1.234303, 1.24597, 1.412959], "mix_storage": [0.098386, 0.101154, 0.105634, 0.108476, 0.110756, 0.11325, 0.115059, 0.114985, 0.113063, 0.10889, 0.10146, 0.098493], "mix_s_tot": 0.115964}}, "nldas": null}, "pdf": "figures/35.pdf"}