{"id": 350, "name": "Saskatchewan", "country": "Canada", "level": "admin1", "continent": "North America", "metrics": {"solar_cf": 0.1368, "wind_cf": 0.291, "solar_f_adj": 1.3043, "wind_f_adj": 1.3979, "mix_alpha": 0.15, "mix_f_adj": 1.3407, "solar_s_tot_pct": 32.1153, "wind_s_tot_pct": 8.695, "mix_s_tot_pct": 6.6011, "solar_s_seasonal_pct": 31.1625, "solar_s_diurnal_pct": 0.9528, "wind_s_seasonal_pct": 8.4502, "wind_s_diurnal_pct": 0.2448, "solar_flaute_days": 0.875, "wind_flaute_days": 5.625, "solar_gap30d_max": 0.8298, "wind_gap30d_max": 0.6615, "solar_trend_pct_decade": 0.6827, "wind_trend_pct_decade": 9.0224}, "colocation": {"k": [0, 17, 35, 50], "storage_pct_cons": [6.6011, 4.5858, 4.4063, 4.0055], "pick": ["base", "wind", "solar", "solar"]}, "datasets": {"gldas": {"series_norm": {"months": [1, 2, 3, 4, 5, 6, 7, 8, 9, 10, 11, 12], "demand": [1.0, 1.0, 1.0, 1.0, 1.0, 1.0, 1.0, 1.0, 1.0, 1.0, 1.0, 1.0], "solar_supply": [0.350771, 0.706751, 1.254899, 1.829119, 2.223234, 2.317002, 2.36946, 1.910708, 1.292607, 0.728646, 0.379338, 0.255298], "wind_supply": [1.477587, 1.347271, 1.412953, 1.532213, 1.490362, 1.28349, 1.137609, 1.169538, 1.393704, 1.580462, 1.5541, 1.396311], "mix_supply": [1.258632, 1.207281, 1.34534, 1.531096, 1.557743, 1.403555, 1.292719, 1.248018, 1.335462, 1.400758, 1.325411, 1.177655], "mix_storage": [0.054821, 0.054717, 0.055821, 0.058723, 0.062773, 0.06327, 0.062113, 0.058479, 0.058401, 0.060232, 0.060717, 0.058863], "mix_s_tot": 0.066011}}, "nldas": null}, "pdf": "figures/350.pdf"}