{"id": 351, "name": "North Dakota", "country": "United States of America", "level": "admin1", "continent": "North America", "metrics": {"solar_cf": 0.1561, "wind_cf": 0.4085, "solar_f_adj": 1.2763, "wind_f_adj": 1.2872, "mix_alpha": 0.15, "mix_f_adj": 1.2504, "solar_s_tot_pct": 26.2717, "wind_s_tot_pct": 9.8061, "mix_s_tot_pct": 6.0652, "solar_s_seasonal_pct": 24.9108, "solar_s_diurnal_pct": 1.3609, "wind_s_seasonal_pct": 9.7644, "wind_s_diurnal_pct": 0.0417, "solar_flaute_days": 1.75, "wind_flaute_days": 5.625, "solar_gap30d_max": 0.7419, "wind_gap30d_max": 0.6256, "solar_trend_pct_decade": 0.1744, "wind_trend_pct_decade": 3.8764}, "colocation": {"k": [0, 17, 35, 50], "storage_pct_cons": [6.0652, 4.6367, 3.9588, 3.4297], "pick": ["base", "solar", "solar", "solar"], "usa_feasible": {"1pct": [true, true, true, true], "oilgas2x": [true, true, true, true], "oilgas_all": [true, true, true, true]}}, "datasets": {"gldas": {"series_norm": {"months": [1, 2, 3, 4, 5, 6, 7, 8, 9, 10, 11, 12], "demand": [1.0, 1.0, 1.0, 1.0, 1.0, 1.0, 1.0, 1.0, 1.0, 1.0, 1.0, 1.0], "solar_supply": [0.512392, 0.832113, 1.209505, 1.610545, 1.88372, 2.084548, 2.198202, 1.845675, 1.356821, 0.83332, 0.518357, 0.406265], "wind_supply": [1.393226, 1.296422, 1.342812, 1.483085, 1.359332, 1.118409, 0.942373, 1.022058, 1.252377, 1.465087, 1.412872, 1.363171], "mix_supply": [1.225709, 1.192761, 1.286526, 1.461286, 1.399245, 1.229824, 1.10117, 1.115161, 1.2335, 1.332208, 1.242807, 1.185296], "mix_storage": [0.050273, 0.050579, 0.051561, 0.055024, 0.057676, 0.05599, 0.052149, 0.046177, 0.04659, 0.051151, 0.052787, 0.051715], "mix_s_tot": 0.060652}, "series_real": {"months": [1, 2, 3, 4, 5, 6, 7, 8, 9, 10, 11, 12], "demand_TWh": [1.661593, 1.402509, 1.521966, 1.312051, 1.29551, 1.242927, 1.40696, 1.409094, 1.277166, 1.390508, 1.452309, 1.675587], "supply_TWh_nocap": [1.929969, 1.661816, 1.912043, 2.063141, 1.983433, 1.616835, 1.439411, 1.522282, 1.742257, 2.051391, 1.894235, 1.88177], "supply_TWh_1pct": [1.929969, 1.661816, 1.912043, 2.063141, 1.983433, 1.616835, 1.439411, 1.522282, 1.742257, 2.051391, 1.894235, 1.88177], "supply_TWh_oilgas2x": [1.929969, 1.661816, 1.912043, 2.063141, 1.983433, 1.616835, 1.439411, 1.522282, 1.742257, 2.051391, 1.894235, 1.88177], "supply_TWh_oilgas_all": [1.929969, 1.661816, 1.912043, 2.063141, 1.983433, 1.616835, 1.439411, 1.522282, 1.742257, 2.051391, 1.894235, 1.88177]}, "consumption_TWh": 17.038756}, "nldas": {"real": {"annual_consumption_TWh": 17.038756, "state_land_km2": 182745.485877, "mix_solar_nameplate_GW": 0.0, "mix_wind_nameplate_GW": 6.199437, "mix_capacity_TWh": 54.307064, "mix_land_km2": 61.994365, "mix_land_pct": 0.033924, "solar_land_pct": 0.266816, "wind_land_pct": 0.033924, "caps": {"1pct": {"label": "1% of land (NREL)", "cap_pct": 1.0, "feasible": true, "storage_TWh": 1.886475, "supply_capped_TWh": null, "shortfall_TWh": 0.0}, "oilgas2x": {"label": "1.88% (2\u00d7 onshore oil & gas)", "cap_pct": 1.8800000000000001, "feasible": true, "storage_TWh": 1.886475, "supply_capped_TWh": null, "shortfall_TWh": 0.0}, "oilgas_all": {"label": "5% (all onshore oil & gas land)", "cap_pct": 5.0, "feasible": true, "storage_TWh": 1.886475, "supply_capped_TWh": null, "shortfall_TWh": 0.0}}}, "metrics": {"solar_cf": 0.170917, "wind_cf": 0.387121, "solar_f_adj": 1.28538, "wind_f_adj": 1.233858, "mix_alpha": 0.0, "mix_f_adj": 1.233858, "solar_s_tot_pct": 29.548678, "wind_s_tot_pct": 11.071671, "mix_s_tot_pct": 11.071671, "solar_s_seasonal_pct": 28.534701, "solar_s_diurnal_pct": 1.013977, "wind_s_seasonal_pct": 11.084369, "wind_s_diurnal_pct": -0.012698, "solar_flaute_days": 0.833333, "wind_flaute_days": 5.166667, "solar_gap30d_max": 0.746841, "wind_gap30d_max": 0.623963, "solar_trend_pct_decade": 1.584157, "wind_trend_pct_decade": 0.406734}, "series_real": {"months": [1, 2, 3, 4, 5, 6, 7, 8, 9, 10, 11, 12], "demand_TWh": [1.662352, 1.402497, 1.522425, 1.31225, 1.295699, 1.242915, 1.407166, 1.4093, 1.277155, 1.390711, 1.452761, 1.676092], "supply_TWh_nocap": [1.723105, 1.492071, 1.830474, 2.035277, 1.997438, 1.671514, 1.444839, 1.520184, 1.757662, 1.984107, 1.845627, 1.736619], "supply_TWh_1pct": [1.723105, 1.492071, 1.830474, 2.035277, 1.997438, 1.671514, 1.444839, 1.520184, 1.757662, 1.984107, 1.845627, 1.736619], "supply_TWh_oilgas2x": [1.723105, 1.492071, 1.830474, 2.035277, 1.997438, 1.671514, 1.444839, 1.520184, 1.757662, 1.984107, 1.845627, 1.736619], "supply_TWh_oilgas_all": [1.723105, 1.492071, 1.830474, 2.035277, 1.997438, 1.671514, 1.444839, 1.520184, 1.757662, 1.984107, 1.845627, 1.736619]}, "series_norm": {"months": [1, 2, 3, 4, 5, 6, 7, 8, 9, 10, 11, 12], "demand": [1.148726, 1.062779, 1.052032, 0.937023, 0.89536, 0.887514, 0.972386, 0.973861, 0.911963, 0.961015, 1.037357, 1.15822], "solar_supply": [0.553352, 0.821262, 1.272163, 1.600838, 1.904936, 2.097908, 2.181665, 1.809238, 1.326376, 0.857495, 0.534009, 0.43791], "wind_supply": [1.190707, 1.130656, 1.264902, 1.453307, 1.380278, 1.193559, 0.998419, 1.050484, 1.255074, 1.371066, 1.317885, 1.200046], "mix_supply": [1.190707, 1.130656, 1.264902, 1.453307, 1.380278, 1.193559, 0.998419, 1.050484, 1.255074, 1.371066, 1.317885, 1.200046], "mix_storage": [0.087326, 0.079718, 0.077669, 0.09084, 0.102754, 0.105319, 0.099406, 0.08869, 0.095042, 0.103687, 0.105745, 0.099135], "mix_s_tot": 0.110717}, "consumption_TWh": 17.038756}}, "usa": {"annual_consumption_TWh": 17.038756, "state_land_km2": 182745.485877, "mix_solar_nameplate_GW": 0.792978, "mix_wind_nameplate_GW": 5.757388, "mix_capacity_TWh": 57.381202, "mix_land_km2": 84.006471, "mix_land_pct": 0.045969, "solar_land_pct": 0.291965, "wind_land_pct": 0.03351, "mix_storage_TWh": 1.23381, "caps": {"1pct": {"label": "1% of land (NREL)", "cap_pct": 1.0, "feasible": true, "storage_TWh": 1.23381, "supply_capped_TWh": null, "shortfall_TWh": 0.0}, "oilgas2x": {"label": "1.88% (2\u00d7 onshore oil & gas)", "cap_pct": 1.8800000000000001, "feasible": true, "storage_TWh": 1.23381, "supply_capped_TWh": null, "shortfall_TWh": 0.0}, "oilgas_all": {"label": "5% (all onshore oil & gas land)", "cap_pct": 5.0, "feasible": true, "storage_TWh": 1.23381, "supply_capped_TWh": null, "shortfall_TWh": 0.0}}}, "pdf": "figures/351.pdf"}