{"id": 352, "name": "Manitoba", "country": "Canada", "level": "admin1", "continent": "North America", "metrics": {"solar_cf": 0.1345, "wind_cf": 0.297, "solar_f_adj": 1.3534, "wind_f_adj": 1.4945, "mix_alpha": 0.1, "mix_f_adj": 1.4382, "solar_s_tot_pct": 32.1731, "wind_s_tot_pct": 12.3395, "mix_s_tot_pct": 9.2132, "solar_s_seasonal_pct": 31.3747, "solar_s_diurnal_pct": 0.7984, "wind_s_seasonal_pct": 12.0044, "wind_s_diurnal_pct": 0.3352, "solar_flaute_days": 2.875, "wind_flaute_days": 9.5, "solar_gap30d_max": 0.8503, "wind_gap30d_max": 0.7023, "solar_trend_pct_decade": 0.5945, "wind_trend_pct_decade": 20.0039}, "colocation": {"k": [0, 17, 35, 50], "storage_pct_cons": [9.2132, 5.8741, 4.4869, 3.8109], "pick": ["base", "solar", "solar", "solar"]}, "datasets": {"gldas": {"series_norm": {"months": [1, 2, 3, 4, 5, 6, 7, 8, 9, 10, 11, 12], "demand": [1.0, 1.0, 1.0, 1.0, 1.0, 1.0, 1.0, 1.0, 1.0, 1.0, 1.0, 1.0], "solar_supply": [0.357665, 0.744428, 1.328442, 1.970259, 2.32072, 2.4671, 2.423588, 1.951469, 1.300379, 0.714475, 0.377016, 0.25324], "wind_supply": [1.495229, 1.454569, 1.449618, 1.464025, 1.595796, 1.423989, 1.265221, 1.331306, 1.58204, 1.726922, 1.663784, 1.483028], "mix_supply": [1.333029, 1.338914, 1.396688, 1.477371, 1.628741, 1.495494, 1.353361, 1.360425, 1.508396, 1.571616, 1.481071, 1.311365], "mix_storage": [0.080175, 0.079725, 0.07904, 0.079076, 0.082464, 0.084098, 0.083294, 0.079903, 0.081799, 0.084412, 0.085159, 0.084653], "mix_s_tot": 0.092132}}, "nldas": null}, "pdf": "figures/352.pdf"}