{"id": 353, "name": "Minnesota", "country": "United States of America", "level": "admin1", "continent": "North America", "metrics": {"solar_cf": 0.1547, "wind_cf": 0.3195, "solar_f_adj": 1.2723, "wind_f_adj": 1.2899, "mix_alpha": 0.25, "mix_f_adj": 1.219, "solar_s_tot_pct": 26.0769, "wind_s_tot_pct": 17.7547, "mix_s_tot_pct": 9.4696, "solar_s_seasonal_pct": 25.1328, "solar_s_diurnal_pct": 0.9441, "wind_s_seasonal_pct": 17.6068, "wind_s_diurnal_pct": 0.1479, "solar_flaute_days": 1.75, "wind_flaute_days": 7.875, "solar_gap30d_max": 0.7477, "wind_gap30d_max": 0.6908, "solar_trend_pct_decade": 0.419, "wind_trend_pct_decade": 4.9867}, "colocation": {"k": [0, 17, 35, 50], "storage_pct_cons": [9.4696, 2.6883, 2.3242, 1.9476], "pick": ["base", "wind", "wind", "solar"], "usa_feasible": {"1pct": [true, true, true, true], "oilgas2x": [true, true, true, true], "oilgas_all": [true, true, true, true]}}, "datasets": {"gldas": {"series_norm": {"months": [1, 2, 3, 4, 5, 6, 7, 8, 9, 10, 11, 12], "demand": [1.0, 1.0, 1.0, 1.0, 1.0, 1.0, 1.0, 1.0, 1.0, 1.0, 1.0, 1.0], "solar_supply": [0.529121, 0.847571, 1.217087, 1.58061, 1.859448, 2.055598, 2.165588, 1.83959, 1.359041, 0.841615, 0.529114, 0.419746], "wind_supply": [1.404849, 1.408359, 1.385869, 1.547721, 1.326064, 1.061406, 0.840949, 0.898614, 1.239238, 1.474033, 1.502239, 1.406548], "mix_supply": [1.12246, 1.201225, 1.273793, 1.475582, 1.385266, 1.244666, 1.114756, 1.077544, 1.203865, 1.246346, 1.191486, 1.097466], "mix_storage": [0.066963, 0.067079, 0.070865, 0.079348, 0.084533, 0.083723, 0.080772, 0.072244, 0.071281, 0.074218, 0.073716, 0.071368], "mix_s_tot": 0.094696}, "series_real": {"months": [1, 2, 3, 4, 5, 6, 7, 8, 9, 10, 11, 12], "demand_TWh": [6.001572, 4.955595, 5.557129, 4.885079, 5.147458, 5.374039, 6.279151, 6.176285, 5.312568, 5.304699, 5.127139, 5.861775], "supply_TWh_nocap": [6.301107, 6.152119, 7.151748, 8.018654, 7.778823, 6.764887, 6.259804, 6.05084, 6.543132, 6.998734, 6.473771, 6.161758], "supply_TWh_1pct": [6.301107, 6.152119, 7.151748, 8.018654, 7.778823, 6.764887, 6.259804, 6.05084, 6.543132, 6.998734, 6.473771, 6.161758], "supply_TWh_oilgas2x": [6.301107, 6.152119, 7.151748, 8.018654, 7.778823, 6.764887, 6.259804, 6.05084, 6.543132, 6.998734, 6.473771, 6.161758], "supply_TWh_oilgas_all": [6.301107, 6.152119, 7.151748, 8.018654, 7.778823, 6.764887, 6.259804, 6.05084, 6.543132, 6.998734, 6.473771, 6.161758]}, "consumption_TWh": 65.946008}, "nldas": null}, "usa": {"annual_consumption_TWh": 65.946008, "state_land_km2": 224777.977529, "mix_solar_nameplate_GW": 14.871249, "mix_wind_nameplate_GW": 21.601711, "mix_capacity_TWh": 319.503126, "mix_land_km2": 711.725403, "mix_land_pct": 0.316635, "solar_land_pct": 0.91648, "wind_land_pct": 0.135684, "mix_storage_TWh": 7.188181, "caps": {"1pct": {"label": "1% of land (NREL)", "cap_pct": 1.0, "feasible": true, "storage_TWh": 7.188181, "supply_capped_TWh": null, "shortfall_TWh": 0.0}, "oilgas2x": {"label": "1.88% (2\u00d7 onshore oil & gas)", "cap_pct": 1.8800000000000001, "feasible": true, "storage_TWh": 7.188181, "supply_capped_TWh": null, "shortfall_TWh": 0.0}, "oilgas_all": {"label": "5% (all onshore oil & gas land)", "cap_pct": 5.0, "feasible": true, "storage_TWh": 7.188181, "supply_capped_TWh": null, "shortfall_TWh": 0.0}}}, "pdf": "figures/353.pdf"}