{"id": 354, "name": "Ontario", "country": "Canada", "level": "admin1", "continent": "North America", "metrics": {"solar_cf": 0.1413, "wind_cf": 0.2662, "solar_f_adj": 1.3531, "wind_f_adj": 1.3086, "mix_alpha": 0.1, "mix_f_adj": 1.2717, "solar_s_tot_pct": 27.8412, "wind_s_tot_pct": 10.9636, "mix_s_tot_pct": 8.3104, "solar_s_seasonal_pct": 27.0922, "solar_s_diurnal_pct": 0.7489, "wind_s_seasonal_pct": 10.6936, "wind_s_diurnal_pct": 0.27, "solar_flaute_days": 1.75, "wind_flaute_days": 6.125, "solar_gap30d_max": 0.7787, "wind_gap30d_max": 0.6292, "solar_trend_pct_decade": 0.6043, "wind_trend_pct_decade": 8.4098}, "colocation": {"k": [0, 17, 35, 50], "storage_pct_cons": [8.3104, 3.4993, 2.4582, 1.9285], "pick": ["base", "solar", "solar", "solar"]}, "datasets": {"gldas": {"series_norm": {"months": [1, 2, 3, 4, 5, 6, 7, 8, 9, 10, 11, 12], "demand": [1.0, 1.0, 1.0, 1.0, 1.0, 1.0, 1.0, 1.0, 1.0, 1.0, 1.0, 1.0], "solar_supply": [0.474847, 0.85268, 1.366557, 1.87072, 2.149439, 2.306147, 2.294141, 1.92481, 1.359318, 0.792913, 0.461626, 0.357965], "wind_supply": [1.422896, 1.402909, 1.343968, 1.334551, 1.25785, 1.088926, 1.002676, 1.049144, 1.265919, 1.453821, 1.589739, 1.50051], "mix_supply": [1.289149, 1.307178, 1.303923, 1.343071, 1.302181, 1.169162, 1.092596, 1.098527, 1.234979, 1.34609, 1.433833, 1.346048], "mix_storage": [0.073997, 0.073965, 0.074263, 0.074069, 0.074683, 0.072065, 0.067125, 0.059788, 0.06097, 0.066567, 0.070698, 0.075281], "mix_s_tot": 0.083104}}, "nldas": null}, "pdf": "figures/354.pdf"}