{"id": 355, "name": "Michigan", "country": "United States of America", "level": "admin1", "continent": "North America", "metrics": {"solar_cf": 0.1572, "wind_cf": 0.3383, "solar_f_adj": 1.2969, "wind_f_adj": 1.3835, "mix_alpha": 0.3, "mix_f_adj": 1.2697, "solar_s_tot_pct": 28.1252, "wind_s_tot_pct": 16.4398, "mix_s_tot_pct": 6.9832, "solar_s_seasonal_pct": 27.1916, "solar_s_diurnal_pct": 0.9336, "wind_s_seasonal_pct": 16.1294, "wind_s_diurnal_pct": 0.3103, "solar_flaute_days": 1.875, "wind_flaute_days": 8.875, "solar_gap30d_max": 0.7651, "wind_gap30d_max": 0.7269, "solar_trend_pct_decade": 0.248, "wind_trend_pct_decade": -8.7859}, "colocation": {"k": [0, 17, 35, 50], "storage_pct_cons": [6.9832, 2.3681, 2.0208, 1.8222], "pick": ["base", "wind", "wind", "solar"], "usa_feasible": {"1pct": [true, true, true, true], "oilgas2x": [true, true, true, true], "oilgas_all": [true, true, true, true]}}, "datasets": {"gldas": {"series_norm": {"months": [1, 2, 3, 4, 5, 6, 7, 8, 9, 10, 11, 12], "demand": [1.0, 1.0, 1.0, 1.0, 1.0, 1.0, 1.0, 1.0, 1.0, 1.0, 1.0, 1.0], "solar_supply": [0.497133, 0.794118, 1.196061, 1.588547, 1.931507, 2.151419, 2.21885, 1.907556, 1.441338, 0.877348, 0.529286, 0.401101], "wind_supply": [1.790622, 1.73792, 1.573766, 1.598803, 1.236524, 0.951013, 0.790248, 0.82635, 1.093932, 1.504909, 1.732255, 1.791649], "mix_supply": [1.296422, 1.349796, 1.362395, 1.493764, 1.361751, 1.242916, 1.159437, 1.091196, 1.126166, 1.224543, 1.268369, 1.268875], "mix_storage": [0.059421, 0.058955, 0.062003, 0.065805, 0.067451, 0.06613, 0.064487, 0.059338, 0.055005, 0.053974, 0.056714, 0.058932], "mix_s_tot": 0.069832}, "series_real": {"months": [1, 2, 3, 4, 5, 6, 7, 8, 9, 10, 11, 12], "demand_TWh": [9.075376, 7.552052, 8.547791, 7.595494, 8.277143, 8.830826, 10.14357, 9.994362, 8.345116, 8.301477, 7.928018, 8.849745], "supply_TWh_nocap": [11.41477, 10.842846, 11.997512, 12.731943, 11.993702, 10.595566, 10.211809, 9.61077, 9.600297, 10.785231, 10.809076, 11.173957], "supply_TWh_1pct": [11.41477, 10.842846, 11.997512, 12.731943, 11.993702, 10.595566, 10.211809, 9.61077, 9.600297, 10.785231, 10.809076, 11.173957], "supply_TWh_oilgas2x": [11.41477, 10.842846, 11.997512, 12.731943, 11.993702, 10.595566, 10.211809, 9.61077, 9.600297, 10.785231, 10.809076, 11.173957], "supply_TWh_oilgas_all": [11.41477, 10.842846, 11.997512, 12.731943, 11.993702, 10.595566, 10.211809, 9.61077, 9.600297, 10.785231, 10.809076, 11.173957]}, "consumption_TWh": 103.383778}, "nldas": null}, "usa": {"annual_consumption_TWh": 103.383778, "state_land_km2": 250044.81726, "mix_solar_nameplate_GW": 28.689188, "mix_wind_nameplate_GW": 31.106101, "mix_capacity_TWh": 523.806728, "mix_land_km2": 1267.367262, "mix_land_pct": 0.506856, "solar_land_pct": 1.292661, "wind_land_pct": 0.194069, "mix_storage_TWh": 8.478297, "caps": {"1pct": {"label": "1% of land (NREL)", "cap_pct": 1.0, "feasible": true, "storage_TWh": 8.478297, "supply_capped_TWh": null, "shortfall_TWh": 0.0}, "oilgas2x": {"label": "1.88% (2\u00d7 onshore oil & gas)", "cap_pct": 1.8800000000000001, "feasible": true, "storage_TWh": 8.478297, "supply_capped_TWh": null, "shortfall_TWh": 0.0}, "oilgas_all": {"label": "5% (all onshore oil & gas land)", "cap_pct": 5.0, "feasible": true, "storage_TWh": 8.478297, "supply_capped_TWh": null, "shortfall_TWh": 0.0}}}, "pdf": "figures/355.pdf"}