{"id": 355, "name": "Michigan", "country": "United States of America", "level": "admin1", "continent": "North America", "metrics": {"solar_cf": 0.1572, "wind_cf": 0.3383, "solar_f_adj": 1.2969, "wind_f_adj": 1.3835, "mix_alpha": 0.3, "mix_f_adj": 1.2697, "solar_s_tot_pct": 28.1252, "wind_s_tot_pct": 16.4398, "mix_s_tot_pct": 6.9832, "solar_s_seasonal_pct": 27.1916, "solar_s_diurnal_pct": 0.9336, "wind_s_seasonal_pct": 16.1294, "wind_s_diurnal_pct": 0.3103, "solar_flaute_days": 1.875, "wind_flaute_days": 8.875, "solar_gap30d_max": 0.7651, "wind_gap30d_max": 0.7269, "solar_trend_pct_decade": 0.248, "wind_trend_pct_decade": -8.7859}, "colocation": {"k": [0, 17, 35, 50], "storage_pct_cons": [6.9832, 2.3681, 2.0208, 1.8222], "pick": ["base", "wind", "wind", "solar"], "usa_feasible": {"1pct": [true, true, true, true], "oilgas2x": [true, true, true, true], "oilgas_all": [true, true, true, true]}}, "datasets": {"gldas": {"series_norm": {"months": [1, 2, 3, 4, 5, 6, 7, 8, 9, 10, 11, 12], "demand": [1.0, 1.0, 1.0, 1.0, 1.0, 1.0, 1.0, 1.0, 1.0, 1.0, 1.0, 1.0], "solar_supply": [0.497133, 0.794118, 1.196061, 1.588547, 1.931507, 2.151419, 2.21885, 1.907556, 1.441338, 0.877348, 0.529286, 0.401101], "wind_supply": [1.790622, 1.73792, 1.573766, 1.598803, 1.236524, 0.951013, 0.790248, 0.82635, 1.093932, 1.504909, 1.732255, 1.791649], "mix_supply": [1.296422, 1.349796, 1.362395, 1.493764, 1.361751, 1.242916, 1.159437, 1.091196, 1.126166, 1.224543, 1.268369, 1.268875], "mix_storage": [0.059421, 0.058955, 0.062003, 0.065805, 0.067451, 0.06613, 0.064487, 0.059338, 0.055005, 0.053974, 0.056714, 0.058932], "mix_s_tot": 0.069832}, "series_real": {"months": [1, 2, 3, 4, 5, 6, 7, 8, 9, 10, 11, 12], "demand_TWh": [9.075376, 7.552052, 8.547791, 7.595494, 8.277143, 8.830826, 10.14357, 9.994362, 8.345116, 8.301477, 7.928018, 8.849745], "supply_TWh_nocap": [11.41477, 10.842846, 11.997512, 12.731943, 11.993702, 10.595566, 10.211809, 9.61077, 9.600297, 10.785231, 10.809076, 11.173957], "supply_TWh_1pct": [11.41477, 10.842846, 11.997512, 12.731943, 11.993702, 10.595566, 10.211809, 9.61077, 9.600297, 10.785231, 10.809076, 11.173957], "supply_TWh_oilgas2x": [11.41477, 10.842846, 11.997512, 12.731943, 11.993702, 10.595566, 10.211809, 9.61077, 9.600297, 10.785231, 10.809076, 11.173957], "supply_TWh_oilgas_all": [11.41477, 10.842846, 11.997512, 12.731943, 11.993702, 10.595566, 10.211809, 9.61077, 9.600297, 10.785231, 10.809076, 11.173957]}, "consumption_TWh": 103.383778}, "nldas": {"real": {"annual_consumption_TWh": 103.383778, "state_land_km2": 250044.81726, "mix_solar_nameplate_GW": 24.936337, "mix_wind_nameplate_GW": 19.511954, "mix_capacity_TWh": 389.367033, "mix_land_km2": 1026.330783, "mix_land_pct": 0.410459, "solar_land_pct": 1.186895, "wind_land_pct": 0.1168, "caps": {"1pct": {"label": "1% of land (NREL)", "cap_pct": 1.0, "feasible": true, "storage_TWh": 8.084141, "supply_capped_TWh": null, "shortfall_TWh": 0.0}, "oilgas2x": {"label": "1.88% (2\u00d7 onshore oil & gas)", "cap_pct": 1.8800000000000001, "feasible": true, "storage_TWh": 8.084141, "supply_capped_TWh": null, "shortfall_TWh": 0.0}, "oilgas_all": {"label": "5% (all onshore oil & gas land)", "cap_pct": 5.0, "feasible": true, "storage_TWh": 8.084141, "supply_capped_TWh": null, "shortfall_TWh": 0.0}}}, "metrics": {"solar_cf": 0.168678, "wind_cf": 0.502999, "solar_f_adj": 1.272511, "wind_f_adj": 1.244745, "mix_alpha": 0.3, "mix_f_adj": 1.188014, "solar_s_tot_pct": 26.370681, "wind_s_tot_pct": 17.211143, "mix_s_tot_pct": 7.819545, "solar_s_seasonal_pct": 25.393961, "solar_s_diurnal_pct": 0.976719, "wind_s_seasonal_pct": 17.150088, "wind_s_diurnal_pct": 0.061055, "solar_flaute_days": 0.833333, "wind_flaute_days": 8.625, "solar_gap30d_max": 0.757854, "wind_gap30d_max": 0.608827, "solar_trend_pct_decade": 1.272867, "wind_trend_pct_decade": 1.774611}, "series_real": {"months": [1, 2, 3, 4, 5, 6, 7, 8, 9, 10, 11, 12], "demand_TWh": [9.079599, 7.552051, 8.550442, 7.596711, 8.278426, 8.830825, 10.145142, 9.995911, 8.345115, 8.302764, 7.930559, 8.85249], "supply_TWh_nocap": [10.433191, 9.455412, 10.495196, 11.226023, 11.256048, 10.402215, 9.890021, 9.193983, 9.273354, 10.345326, 10.370231, 10.571008], "supply_TWh_1pct": [10.433191, 9.455412, 10.495196, 11.226023, 11.256048, 10.402215, 9.890021, 9.193983, 9.273354, 10.345326, 10.370231, 10.571008], "supply_TWh_oilgas2x": [10.433191, 9.455412, 10.495196, 11.226023, 11.256048, 10.402215, 9.890021, 9.193983, 9.273354, 10.345326, 10.370231, 10.571008], "supply_TWh_oilgas_all": [10.433191, 9.455412, 10.495196, 11.226023, 11.256048, 10.402215, 9.890021, 9.193983, 9.273354, 10.345326, 10.370231, 10.571008]}, "series_norm": {"months": [1, 2, 3, 4, 5, 6, 7, 8, 9, 10, 11, 12], "demand": [1.034059, 0.943173, 0.973795, 0.894015, 0.942815, 1.039251, 1.155412, 1.138416, 0.982091, 0.945587, 0.933304, 1.008194], "solar_supply": [0.469783, 0.721678, 1.188705, 1.611808, 1.943894, 2.140532, 2.158256, 1.829604, 1.382975, 0.879356, 0.514694, 0.398385], "wind_supply": [1.581568, 1.464991, 1.290751, 1.301748, 1.103861, 0.934984, 0.781134, 0.80026, 1.05372, 1.394889, 1.610934, 1.634993], "mix_supply": [1.188217, 1.180883, 1.195279, 1.321129, 1.281931, 1.224179, 1.126357, 1.047086, 1.09133, 1.178211, 1.220415, 1.203913], "mix_storage": [0.066315, 0.066305, 0.067738, 0.071127, 0.074943, 0.073878, 0.066131, 0.048123, 0.039214, 0.045841, 0.057993, 0.065394], "mix_s_tot": 0.078195}, "consumption_TWh": 103.383778}}, "usa": {"annual_consumption_TWh": 103.383778, "state_land_km2": 250044.81726, "mix_solar_nameplate_GW": 28.689188, "mix_wind_nameplate_GW": 31.106101, "mix_capacity_TWh": 523.806728, "mix_land_km2": 1267.367262, "mix_land_pct": 0.506856, "solar_land_pct": 1.292661, "wind_land_pct": 0.194069, "mix_storage_TWh": 8.478297, "caps": {"1pct": {"label": "1% of land (NREL)", "cap_pct": 1.0, "feasible": true, "storage_TWh": 8.478297, "supply_capped_TWh": null, "shortfall_TWh": 0.0}, "oilgas2x": {"label": "1.88% (2\u00d7 onshore oil & gas)", "cap_pct": 1.8800000000000001, "feasible": true, "storage_TWh": 8.478297, "supply_capped_TWh": null, "shortfall_TWh": 0.0}, "oilgas_all": {"label": "5% (all onshore oil & gas land)", "cap_pct": 5.0, "feasible": true, "storage_TWh": 8.478297, "supply_capped_TWh": null, "shortfall_TWh": 0.0}}}, "siting": {"scenarios": [{"key": "today", "label": "1.00\u00d7 \u2014 today (EIA)", "land_pct": 0.0808, "solar_share": 0.0, "feasible": {"1pct": true, "oilgas2x": true, "oilgas_all": true}}, {"key": "2030ref", "label": "1.14\u00d7 \u2014 2030 reference (Goldman)", "land_pct": 0.0922, "solar_share": 0.0, "feasible": {"1pct": true, "oilgas2x": true, "oilgas_all": true}}, {"key": "2030hi", "label": "1.25\u00d7 \u2014 2030 high-AI (EPRI)", "land_pct": 0.1011, "solar_share": 0.0, "feasible": {"1pct": true, "oilgas2x": true, "oilgas_all": true}}], "land_pct_today": 0.0808}, "pdf": "figures/355.pdf"}