{"id": 356, "name": "Ohio", "country": "United States of America", "level": "admin1", "continent": "North America", "metrics": {"solar_cf": 0.1612, "wind_cf": 0.283, "solar_f_adj": 1.2811, "wind_f_adj": 1.2911, "mix_alpha": 0.45, "mix_f_adj": 1.1828, "solar_s_tot_pct": 25.2728, "wind_s_tot_pct": 27.5244, "mix_s_tot_pct": 7.2775, "solar_s_seasonal_pct": 24.3539, "solar_s_diurnal_pct": 0.9189, "wind_s_seasonal_pct": 27.2577, "wind_s_diurnal_pct": 0.2667, "solar_flaute_days": 1.875, "wind_flaute_days": 13.625, "solar_gap30d_max": 0.7353, "wind_gap30d_max": 0.8028, "solar_trend_pct_decade": -0.5718, "wind_trend_pct_decade": 3.3119}, "colocation": {"k": [0, 17, 35, 50], "storage_pct_cons": [7.2775, 3.2062, 1.8529, 1.4066], "pick": ["base", "solar", "solar", "solar"], "usa_feasible": {"1pct": [false, false, false, false], "oilgas2x": [false, true, true, true], "oilgas_all": [true, true, true, true]}}, "datasets": {"gldas": {"series_norm": {"months": [1, 2, 3, 4, 5, 6, 7, 8, 9, 10, 11, 12], "demand": [1.0, 1.0, 1.0, 1.0, 1.0, 1.0, 1.0, 1.0, 1.0, 1.0, 1.0, 1.0], "solar_supply": [0.557736, 0.830359, 1.136927, 1.530612, 1.805326, 2.038261, 2.042399, 1.836885, 1.473649, 0.985681, 0.643622, 0.469739], "wind_supply": [1.932159, 1.770286, 1.646847, 1.559301, 1.087651, 0.81593, 0.575633, 0.570682, 0.792448, 1.316771, 1.651847, 1.805412], "mix_supply": [1.205252, 1.236957, 1.30213, 1.421582, 1.298072, 1.257941, 1.138585, 1.050706, 1.011532, 1.072981, 1.099698, 1.104829], "mix_storage": [0.036606, 0.041419, 0.048736, 0.057958, 0.063982, 0.066211, 0.064729, 0.057431, 0.046268, 0.037267, 0.03421, 0.033358], "mix_s_tot": 0.072775}, "series_real": {"months": [1, 2, 3, 4, 5, 6, 7, 8, 9, 10, 11, 12], "demand_TWh": [14.014384, 11.62341, 12.842955, 11.084959, 12.070724, 12.808953, 14.671478, 14.607424, 12.256037, 12.098901, 11.55033, 13.313296], "supply_TWh_nocap": [14.820786, 14.133457, 16.596469, 17.84212, 17.279153, 16.511691, 15.655939, 14.395431, 13.103031, 13.731124, 13.230465, 13.542796], "supply_TWh_1pct": [6.885704, 6.566373, 7.710682, 8.289409, 8.027856, 7.671295, 7.273714, 6.688085, 6.087639, 6.379449, 6.146844, 6.291953], "supply_TWh_oilgas2x": [12.945124, 12.34478, 14.496083, 15.584089, 15.092369, 14.422035, 13.674582, 12.5736, 11.444761, 11.993365, 11.556067, 11.828871], "supply_TWh_oilgas_all": [14.820786, 14.133457, 16.596469, 17.84212, 17.279153, 16.511691, 15.655939, 14.395431, 13.103031, 13.731124, 13.230465, 13.542796]}, "consumption_TWh": 152.858286}, "nldas": {"real": {"annual_consumption_TWh": 152.858286, "state_land_km2": 116044.289781, "mix_solar_nameplate_GW": 48.213922, "mix_wind_nameplate_GW": 34.213941, "mix_capacity_TWh": 722.068078, "mix_land_km2": 1949.270138, "mix_land_pct": 1.679764, "solar_land_pct": 3.703756, "wind_land_pct": 0.521886, "caps": {"1pct": {"label": "1% of land (NREL)", "cap_pct": 1.0, "feasible": false, "storage_TWh": null, "supply_capped_TWh": 109.405676, "shortfall_TWh": 43.452611}, "oilgas2x": {"label": "1.88% (2\u00d7 onshore oil & gas)", "cap_pct": 1.8800000000000001, "feasible": true, "storage_TWh": 14.252734, "supply_capped_TWh": null, "shortfall_TWh": 0.0}, "oilgas_all": {"label": "5% (all onshore oil & gas land)", "cap_pct": 5.0, "feasible": true, "storage_TWh": 14.252734, "supply_capped_TWh": null, "shortfall_TWh": 0.0}}}, "metrics": {"solar_cf": 0.174049, "wind_cf": 0.367902, "solar_f_adj": 1.286098, "wind_f_adj": 1.276869, "mix_alpha": 0.4, "mix_f_adj": 1.202262, "solar_s_tot_pct": 22.886998, "wind_s_tot_pct": 18.94813, "mix_s_tot_pct": 9.324149, "solar_s_seasonal_pct": 22.015878, "solar_s_diurnal_pct": 0.87112, "wind_s_seasonal_pct": 18.668397, "wind_s_diurnal_pct": 0.279733, "solar_flaute_days": 0.916667, "wind_flaute_days": 8.0, "solar_gap30d_max": 0.739724, "wind_gap30d_max": 0.728792, "solar_trend_pct_decade": 2.238454, "wind_trend_pct_decade": 2.295304}, "series_real": {"months": [1, 2, 3, 4, 5, 6, 7, 8, 9, 10, 11, 12], "demand_TWh": [14.020887, 11.623393, 12.846921, 11.08672, 12.072579, 12.808934, 14.673732, 14.609668, 12.256019, 12.10076, 11.554016, 13.317408], "supply_TWh_nocap": [15.179325, 13.834344, 17.05607, 18.293709, 17.369961, 16.291852, 15.191939, 14.10381, 13.450052, 14.893974, 14.106702, 14.139582], "supply_TWh_1pct": [9.036582, 8.235886, 10.153849, 10.890643, 10.340715, 9.698894, 9.044091, 8.396305, 8.007109, 8.866707, 8.398026, 8.417601], "supply_TWh_oilgas2x": [15.179325, 13.834344, 17.05607, 18.293709, 17.369961, 16.291852, 15.191939, 14.10381, 13.450052, 14.893974, 14.106702, 14.139582], "supply_TWh_oilgas_all": [15.179325, 13.834344, 17.05607, 18.293709, 17.369961, 16.291852, 15.191939, 14.10381, 13.450052, 14.893974, 14.106702, 14.139582]}, "series_norm": {"months": [1, 2, 3, 4, 5, 6, 7, 8, 9, 10, 11, 12], "demand": [1.079985, 0.9818, 0.989558, 0.882441, 0.929913, 1.01952, 1.130271, 1.125337, 0.975511, 0.932084, 0.919635, 1.025798], "solar_supply": [0.583674, 0.784531, 1.179183, 1.54929, 1.813428, 2.009858, 2.025883, 1.826421, 1.455599, 1.036928, 0.644689, 0.496128], "wind_supply": [1.683295, 1.549179, 1.545022, 1.551942, 1.168024, 0.96506, 0.730443, 0.714102, 0.931535, 1.344388, 1.560777, 1.599477], "mix_supply": [1.169216, 1.168553, 1.313775, 1.456077, 1.337954, 1.29674, 1.170187, 1.086372, 1.070549, 1.147236, 1.122815, 1.089128], "mix_storage": [0.063898, 0.062738, 0.071208, 0.082798, 0.088689, 0.089079, 0.082766, 0.067272, 0.056994, 0.058538, 0.065623, 0.066655], "mix_s_tot": 0.093241}, "consumption_TWh": 152.858286}}, "usa": {"annual_consumption_TWh": 152.858286, "state_land_km2": 116044.289781, "mix_solar_nameplate_GW": 63.996212, "mix_wind_nameplate_GW": 36.452966, "mix_capacity_TWh": 879.934798, "mix_land_km2": 2497.736723, "mix_land_pct": 2.1524, "solar_land_pct": 3.972864, "wind_land_pct": 0.688939, "mix_storage_TWh": null, "caps": {"1pct": {"label": "1% of land (NREL)", "cap_pct": 1.0, "feasible": false, "storage_TWh": null, "supply_capped_TWh": 83.971232, "shortfall_TWh": 68.887055}, "oilgas2x": {"label": "1.88% (2\u00d7 onshore oil & gas)", "cap_pct": 1.8800000000000001, "feasible": false, "storage_TWh": null, "supply_capped_TWh": 157.865915, "shortfall_TWh": 0.0}, "oilgas_all": {"label": "5% (all onshore oil & gas land)", "cap_pct": 5.0, "feasible": true, "storage_TWh": 13.328478, "supply_capped_TWh": null, "shortfall_TWh": 0.0}}}, "pdf": "figures/356.pdf"}