{"id": 357, "name": "Pennsylvania", "country": "United States of America", "level": "admin1", "continent": "North America", "metrics": {"solar_cf": 0.1551, "wind_cf": 0.2322, "solar_f_adj": 1.3171, "wind_f_adj": 1.6779, "mix_alpha": 0.35, "mix_f_adj": 1.3976, "solar_s_tot_pct": 24.6147, "wind_s_tot_pct": 27.609, "mix_s_tot_pct": 10.4689, "solar_s_seasonal_pct": 23.6277, "solar_s_diurnal_pct": 0.987, "wind_s_seasonal_pct": 26.5927, "wind_s_diurnal_pct": 1.0163, "solar_flaute_days": 2.75, "wind_flaute_days": 11.625, "solar_gap30d_max": 0.7291, "wind_gap30d_max": 0.8551, "solar_trend_pct_decade": -0.2616, "wind_trend_pct_decade": -21.257}, "colocation": {"k": [0, 17, 35, 50], "storage_pct_cons": [10.4689, 3.1875, 2.6501, 2.2271], "pick": ["base", "solar", "wind", "solar"], "usa_feasible": {"1pct": [false, false, false, false], "oilgas2x": [true, true, true, true], "oilgas_all": [true, true, true, true]}}, "datasets": {"gldas": {"series_norm": {"months": [1, 2, 3, 4, 5, 6, 7, 8, 9, 10, 11, 12], "demand": [1.0, 1.0, 1.0, 1.0, 1.0, 1.0, 1.0, 1.0, 1.0, 1.0, 1.0, 1.0], "solar_supply": [0.596573, 0.882298, 1.208068, 1.57974, 1.869795, 2.062007, 2.102773, 1.856182, 1.487067, 0.990073, 0.655036, 0.493754], "wind_supply": [2.570123, 2.386939, 2.286952, 2.084542, 1.405307, 1.072992, 0.777719, 0.71748, 0.999897, 1.560394, 2.007031, 2.311402], "mix_supply": [1.613018, 1.619955, 1.686807, 1.715255, 1.455239, 1.346708, 1.201988, 1.077795, 1.093612, 1.21249, 1.329873, 1.434761], "mix_storage": [0.072486, 0.075216, 0.083042, 0.09081, 0.094119, 0.094879, 0.094027, 0.086103, 0.07583, 0.068541, 0.068221, 0.069759], "mix_s_tot": 0.104689}, "series_real": {"months": [1, 2, 3, 4, 5, 6, 7, 8, 9, 10, 11, 12], "demand_TWh": [13.589443, 11.384361, 12.325771, 10.738555, 11.063663, 11.61664, 13.577647, 13.51505, 11.717022, 11.224672, 10.781948, 12.763791], "supply_TWh_nocap": [21.139716, 19.105446, 21.513083, 20.825864, 17.716599, 15.540726, 14.062615, 12.639606, 12.805489, 15.341758, 16.707711, 18.844165], "supply_TWh_1pct": [11.332304, 10.241799, 11.532454, 11.164058, 9.497284, 8.33087, 7.538504, 6.775676, 6.8646, 8.22421, 8.956453, 10.101735], "supply_TWh_oilgas2x": [21.139716, 19.105446, 21.513083, 20.825864, 17.716599, 15.540726, 14.062615, 12.639606, 12.805489, 15.341758, 16.707711, 18.844165], "supply_TWh_oilgas_all": [21.139716, 19.105446, 21.513083, 20.825864, 17.716599, 15.540726, 14.062615, 12.639606, 12.805489, 15.341758, 16.707711, 18.844165]}, "consumption_TWh": 144.218779}, "nldas": {"real": {"annual_consumption_TWh": 144.218779, "state_land_km2": 119356.89573, "mix_solar_nameplate_GW": 29.447181, "mix_wind_nameplate_GW": 38.50849, "mix_capacity_TWh": 595.291676, "mix_land_km2": 1366.657597, "mix_land_pct": 1.145018, "solar_land_pct": 3.542161, "wind_land_pct": 0.450747, "caps": {"1pct": {"label": "1% of land (NREL)", "cap_pct": 1.0, "feasible": false, "storage_TWh": null, "supply_capped_TWh": 150.689793, "shortfall_TWh": 0.0}, "oilgas2x": {"label": "1.88% (2\u00d7 onshore oil & gas)", "cap_pct": 1.8800000000000001, "feasible": true, "storage_TWh": 15.179857, "supply_capped_TWh": null, "shortfall_TWh": 0.0}, "oilgas_all": {"label": "5% (all onshore oil & gas land)", "cap_pct": 5.0, "feasible": true, "storage_TWh": 15.179857, "supply_capped_TWh": null, "shortfall_TWh": 0.0}}}, "metrics": {"solar_cf": 0.16722, "wind_cf": 0.383616, "solar_f_adj": 1.288272, "wind_f_adj": 1.2536, "mix_alpha": 0.25, "mix_f_adj": 1.196394, "solar_s_tot_pct": 23.125419, "wind_s_tot_pct": 18.019808, "mix_s_tot_pct": 10.525576, "solar_s_seasonal_pct": 22.255388, "solar_s_diurnal_pct": 0.870032, "wind_s_seasonal_pct": 17.880493, "wind_s_diurnal_pct": 0.139315, "solar_flaute_days": 1.708333, "wind_flaute_days": 7.0, "solar_gap30d_max": 0.733216, "wind_gap30d_max": 0.681623, "solar_trend_pct_decade": 1.225651, "wind_trend_pct_decade": 1.055512}, "series_real": {"months": [1, 2, 3, 4, 5, 6, 7, 8, 9, 10, 11, 12], "demand_TWh": [13.595735, 11.384334, 12.329565, 10.74025, 11.065352, 11.616612, 13.579719, 13.517113, 11.716993, 11.226386, 10.785378, 12.76772], "supply_TWh_nocap": [16.487488, 15.158501, 17.68104, 17.060735, 14.971071, 13.227283, 11.878295, 11.20881, 11.561609, 13.883275, 14.291176, 15.260538], "supply_TWh_1pct": [14.39933, 13.23866, 15.441718, 14.899975, 13.074969, 11.552033, 10.373896, 9.789203, 10.097319, 12.124944, 12.481183, 13.327775], "supply_TWh_oilgas2x": [16.487488, 15.158501, 17.68104, 17.060735, 14.971071, 13.227283, 11.878295, 11.20881, 11.561609, 13.883275, 14.291176, 15.260538], "supply_TWh_oilgas_all": [16.487488, 15.158501, 17.68104, 17.060735, 14.971071, 13.227283, 11.878295, 11.20881, 11.561609, 13.883275, 14.291176, 15.260538]}, "series_norm": {"months": [1, 2, 3, 4, 5, 6, 7, 8, 9, 10, 11, 12], "demand": [1.109972, 1.019212, 1.0066, 0.906075, 0.903389, 0.980007, 1.108665, 1.103553, 0.988476, 0.916536, 0.909882, 1.042372], "solar_supply": [0.608605, 0.829244, 1.220616, 1.558915, 1.829398, 1.950521, 2.010813, 1.808402, 1.430401, 1.010344, 0.658914, 0.517031], "wind_supply": [1.683151, 1.627017, 1.620774, 1.505156, 1.11421, 0.926316, 0.702604, 0.691897, 0.898704, 1.255806, 1.470657, 1.572908], "mix_supply": [1.346058, 1.357105, 1.443501, 1.439287, 1.222256, 1.115888, 0.969758, 0.915101, 0.975367, 1.133447, 1.20564, 1.245889], "mix_storage": [0.068617, 0.076632, 0.090889, 0.099435, 0.10119, 0.098626, 0.084404, 0.056292, 0.036287, 0.034854, 0.047799, 0.059508], "mix_s_tot": 0.105256}, "consumption_TWh": 144.218779}}, "usa": {"annual_consumption_TWh": 144.218779, "state_land_km2": 119356.89573, "mix_solar_nameplate_GW": 45.514582, "mix_wind_nameplate_GW": 70.937671, "mix_capacity_TWh": 1020.121741, "mix_land_km2": 2226.529452, "mix_land_pct": 1.865438, "solar_land_pct": 3.898782, "wind_land_pct": 0.998623, "mix_storage_TWh": null, "caps": {"1pct": {"label": "1% of land (NREL)", "cap_pct": 1.0, "feasible": false, "storage_TWh": null, "supply_capped_TWh": 110.500509, "shortfall_TWh": 33.71827}, "oilgas2x": {"label": "1.88% (2\u00d7 onshore oil & gas)", "cap_pct": 1.8800000000000001, "feasible": true, "storage_TWh": 16.592659, "supply_capped_TWh": null, "shortfall_TWh": 0.0}, "oilgas_all": {"label": "5% (all onshore oil & gas land)", "cap_pct": 5.0, "feasible": true, "storage_TWh": 16.592659, "supply_capped_TWh": null, "shortfall_TWh": 0.0}}}, "siting": {"scenarios": [{"key": "today", "label": "1.00\u00d7 \u2014 today (EIA)", "land_pct": 0.2722, "solar_share": 0.0, "feasible": {"1pct": true, "oilgas2x": true, "oilgas_all": true}}, {"key": "2030ref", "label": "1.14\u00d7 \u2014 2030 reference (Goldman)", "land_pct": 0.3114, "solar_share": 0.0, "feasible": {"1pct": true, "oilgas2x": true, "oilgas_all": true}}, {"key": "2030hi", "label": "1.25\u00d7 \u2014 2030 high-AI (EPRI)", "land_pct": 0.3423, "solar_share": 0.0, "feasible": {"1pct": true, "oilgas2x": true, "oilgas_all": true}}], "land_pct_today": 0.2722}, "pdf": "figures/357.pdf"}