{"id": 358, "name": "New York", "country": "United States of America", "level": "admin1", "continent": "North America", "metrics": {"solar_cf": 0.154, "wind_cf": 0.3068, "solar_f_adj": 1.3166, "wind_f_adj": 1.4534, "mix_alpha": 0.3, "mix_f_adj": 1.3333, "solar_s_tot_pct": 25.3818, "wind_s_tot_pct": 21.39, "mix_s_tot_pct": 10.4416, "solar_s_seasonal_pct": 24.6278, "solar_s_diurnal_pct": 0.754, "wind_s_seasonal_pct": 20.7056, "wind_s_diurnal_pct": 0.6844, "solar_flaute_days": 1.875, "wind_flaute_days": 9.625, "solar_gap30d_max": 0.7395, "wind_gap30d_max": 0.7593, "solar_trend_pct_decade": 0.1476, "wind_trend_pct_decade": -12.7748}, "colocation": {"k": [0, 17, 35, 50], "storage_pct_cons": [10.4416, 2.252, 1.9555, 1.7666], "pick": ["base", "solar", "solar", "solar"], "usa_feasible": {"1pct": [false, false, false, true], "oilgas2x": [true, true, true, true], "oilgas_all": [true, true, true, true]}}, "datasets": {"gldas": {"series_norm": {"months": [1, 2, 3, 4, 5, 6, 7, 8, 9, 10, 11, 12], "demand": [1.0, 1.0, 1.0, 1.0, 1.0, 1.0, 1.0, 1.0, 1.0, 1.0, 1.0, 1.0], "solar_supply": [0.562112, 0.855902, 1.230282, 1.600522, 1.926677, 2.086386, 2.156304, 1.901281, 1.489915, 0.918993, 0.590544, 0.45479], "wind_supply": [2.071641, 2.00822, 1.843721, 1.67292, 1.173963, 0.961716, 0.785039, 0.760394, 0.965469, 1.434976, 1.796313, 2.002006], "mix_supply": [1.501165, 1.549698, 1.557804, 1.560606, 1.339276, 1.251496, 1.15928, 1.065971, 1.072684, 1.200736, 1.332991, 1.42384], "mix_storage": [0.089246, 0.092056, 0.097954, 0.100861, 0.100695, 0.099699, 0.096884, 0.088863, 0.080526, 0.075915, 0.080496, 0.085882], "mix_s_tot": 0.104416}, "series_real": {"months": [1, 2, 3, 4, 5, 6, 7, 8, 9, 10, 11, 12], "demand_TWh": [12.689077, 10.992125, 11.740713, 10.606189, 10.878143, 11.829675, 14.274214, 14.395879, 12.765219, 11.506446, 10.786424, 12.225618], "supply_TWh_nocap": [18.515764, 17.43872, 19.217343, 18.633671, 16.524107, 14.945295, 14.303299, 13.152045, 12.809932, 14.814789, 15.913397, 17.564737], "supply_TWh_1pct": [13.065563, 12.305552, 13.560629, 13.148764, 11.66016, 10.546079, 10.093057, 9.28068, 9.039269, 10.453987, 11.229215, 12.394475], "supply_TWh_oilgas2x": [18.515764, 17.43872, 19.217343, 18.633671, 16.524107, 14.945295, 14.303299, 13.152045, 12.809932, 14.814789, 15.913397, 17.564737], "supply_TWh_oilgas_all": [18.515764, 17.43872, 19.217343, 18.633671, 16.524107, 14.945295, 14.303299, 13.152045, 12.809932, 14.814789, 15.913397, 17.564737]}, "consumption_TWh": 144.609722}, "nldas": null}, "usa": {"annual_consumption_TWh": 144.609722, "state_land_km2": 136933.038201, "mix_solar_nameplate_GW": 43.079342, "mix_wind_nameplate_GW": 50.455813, "mix_capacity_TWh": 819.367952, "mix_land_km2": 1940.536179, "mix_land_pct": 1.417142, "solar_land_pct": 3.42016, "wind_land_pct": 0.574365, "mix_storage_TWh": null, "caps": {"1pct": {"label": "1% of land (NREL)", "cap_pct": 1.0, "feasible": false, "storage_TWh": null, "supply_capped_TWh": 136.697046, "shortfall_TWh": 7.912676}, "oilgas2x": {"label": "1.88% (2\u00d7 onshore oil & gas)", "cap_pct": 1.8800000000000001, "feasible": true, "storage_TWh": 18.472012, "supply_capped_TWh": null, "shortfall_TWh": 0.0}, "oilgas_all": {"label": "5% (all onshore oil & gas land)", "cap_pct": 5.0, "feasible": true, "storage_TWh": 18.472012, "supply_capped_TWh": null, "shortfall_TWh": 0.0}}}, "pdf": "figures/358.pdf"}