{"id": 359, "name": "Qu\u00e9bec", "country": "Canada", "level": "admin1", "continent": "North America", "metrics": {"solar_cf": 0.1278, "wind_cf": 0.3326, "solar_f_adj": 1.3422, "wind_f_adj": 1.4142, "mix_alpha": 0.15, "mix_f_adj": 1.3611, "solar_s_tot_pct": 30.0292, "wind_s_tot_pct": 9.6818, "mix_s_tot_pct": 8.9557, "solar_s_seasonal_pct": 29.3602, "solar_s_diurnal_pct": 0.669, "wind_s_seasonal_pct": 9.3677, "wind_s_diurnal_pct": 0.3141, "solar_flaute_days": 1.875, "wind_flaute_days": 7.75, "solar_gap30d_max": 0.816, "wind_gap30d_max": 0.6387, "solar_trend_pct_decade": 0.0284, "wind_trend_pct_decade": 13.8958}, "colocation": {"k": [0, 17, 35, 50], "storage_pct_cons": [8.9557, 2.9118, 2.9118, 2.0875], "pick": ["base", "wind", "wind", "solar"]}, "datasets": {"gldas": {"series_norm": {"months": [1, 2, 3, 4, 5, 6, 7, 8, 9, 10, 11, 12], "demand": [1.0, 1.0, 1.0, 1.0, 1.0, 1.0, 1.0, 1.0, 1.0, 1.0, 1.0, 1.0], "solar_supply": [0.425804, 0.803679, 1.377921, 1.959945, 2.289687, 2.406392, 2.236094, 1.843383, 1.289497, 0.73103, 0.408198, 0.308857], "wind_supply": [1.463928, 1.438435, 1.479746, 1.4512, 1.309112, 1.258483, 1.143768, 1.138933, 1.48941, 1.585773, 1.634793, 1.584624], "mix_supply": [1.262352, 1.298975, 1.420117, 1.485296, 1.419216, 1.39555, 1.275802, 1.212112, 1.414573, 1.408456, 1.399451, 1.343299], "mix_storage": [0.082387, 0.080561, 0.083348, 0.084457, 0.084883, 0.085203, 0.083465, 0.078774, 0.080565, 0.082812, 0.083805, 0.084965], "mix_s_tot": 0.089557}}, "nldas": null}, "pdf": "figures/359.pdf"}