{"id": 36, "name": "Tajikistan", "country": "Tajikistan", "level": "admin0", "continent": "Asia", "metrics": {"solar_cf": 0.2016, "wind_cf": 0.1707, "solar_f_adj": 1.3001, "wind_f_adj": 4.6388, "mix_alpha": 0.2, "mix_f_adj": 2.7653, "solar_s_tot_pct": 22.4622, "wind_s_tot_pct": 21.3386, "mix_s_tot_pct": 18.0981, "solar_s_seasonal_pct": 21.4472, "solar_s_diurnal_pct": 1.015, "wind_s_seasonal_pct": 20.6974, "wind_s_diurnal_pct": 0.6412, "solar_flaute_days": 0.875, "wind_flaute_days": 15.75, "solar_gap30d_max": 0.7233, "wind_gap30d_max": 0.9478, "solar_trend_pct_decade": 0.4516, "wind_trend_pct_decade": -71.5255}, "colocation": {"k": [0, 17, 35, 50], "storage_pct_cons": [18.0981, 10.749, 7.7282, 4.9403], "pick": ["base", "wind", "solar", "solar"]}, "datasets": {"gldas": {"series_norm": {"months": [1, 2, 3, 4, 5, 6, 7, 8, 9, 10, 11, 12], "demand": [1.0, 1.0, 1.0, 1.0, 1.0, 1.0, 1.0, 1.0, 1.0, 1.0, 1.0, 1.0], "solar_supply": [0.628097, 0.845383, 1.166157, 1.500926, 1.785299, 1.987083, 1.990584, 1.818954, 1.527346, 1.068721, 0.709537, 0.54888], "wind_supply": [6.225055, 6.965752, 6.20478, 4.828293, 3.605026, 3.066455, 3.500316, 3.39145, 3.562005, 3.802474, 4.743246, 5.900347], "mix_supply": [3.235989, 3.681671, 3.45522, 2.941179, 2.47877, 2.307764, 2.516165, 2.391231, 2.348515, 2.268088, 2.563947, 3.047432], "mix_storage": [0.1606, 0.159913, 0.163524, 0.168499, 0.169723, 0.172767, 0.177338, 0.179336, 0.178965, 0.175296, 0.167498, 0.162912], "mix_s_tot": 0.180981}}, "nldas": null}, "pdf": "figures/36.pdf"}