{"id": 360, "name": "Vermont", "country": "United States of America", "level": "admin1", "continent": "North America", "metrics": {"solar_cf": 0.1495, "wind_cf": 0.224, "solar_f_adj": 1.3449, "wind_f_adj": 2.4651, "mix_alpha": 0.35, "mix_f_adj": 1.7901, "solar_s_tot_pct": 26.1241, "wind_s_tot_pct": 21.121, "mix_s_tot_pct": 14.0273, "solar_s_seasonal_pct": 25.5797, "solar_s_diurnal_pct": 0.5444, "wind_s_seasonal_pct": 19.6326, "wind_s_diurnal_pct": 1.4883, "solar_flaute_days": 3.625, "wind_flaute_days": 9.75, "solar_gap30d_max": 0.7408, "wind_gap30d_max": 0.8925, "solar_trend_pct_decade": -0.1922, "wind_trend_pct_decade": -47.9311}, "colocation": {"k": [0, 17, 35, 50], "storage_pct_cons": [14.0273, 5.3916, 3.1937, 3.1937], "pick": ["base", "wind", "wind", "wind"], "usa_feasible": {"1pct": [true, true, true, true], "oilgas2x": [true, true, true, true], "oilgas_all": [true, true, true, true]}}, "datasets": {"gldas": {"series_norm": {"months": [1, 2, 3, 4, 5, 6, 7, 8, 9, 10, 11, 12], "demand": [1.0, 1.0, 1.0, 1.0, 1.0, 1.0, 1.0, 1.0, 1.0, 1.0, 1.0, 1.0], "solar_supply": [0.585296, 0.897936, 1.30033, 1.645186, 1.952877, 2.107079, 2.198111, 1.944075, 1.517366, 0.916391, 0.584088, 0.465775], "wind_supply": [3.177549, 3.115927, 3.125747, 3.02283, 2.2466, 1.825707, 1.571629, 1.399215, 1.773155, 2.311749, 2.931151, 3.128135], "mix_supply": [1.772456, 1.88901, 2.081095, 2.193165, 1.970118, 1.843289, 1.765771, 1.566052, 1.543775, 1.518035, 1.655593, 1.693456], "mix_storage": [0.118698, 0.115657, 0.124139, 0.133935, 0.137155, 0.138139, 0.138535, 0.137984, 0.135514, 0.129121, 0.127067, 0.123226], "mix_s_tot": 0.140273}, "series_real": {"months": [1, 2, 3, 4, 5, 6, 7, 8, 9, 10, 11, 12], "demand_TWh": [0.530192, 0.437044, 0.476507, 0.415707, 0.431019, 0.43694, 0.502994, 0.500463, 0.437796, 0.442201, 0.435542, 0.509675], "supply_TWh_nocap": [0.773046, 0.763326, 0.936413, 0.967565, 0.920313, 0.846067, 0.845758, 0.749845, 0.697415, 0.681664, 0.700574, 0.734344], "supply_TWh_1pct": [0.773046, 0.763326, 0.936413, 0.967565, 0.920313, 0.846067, 0.845758, 0.749845, 0.697415, 0.681664, 0.700574, 0.734344], "supply_TWh_oilgas2x": [0.773046, 0.763326, 0.936413, 0.967565, 0.920313, 0.846067, 0.845758, 0.749845, 0.697415, 0.681664, 0.700574, 0.734344], "supply_TWh_oilgas_all": [0.773046, 0.763326, 0.936413, 0.967565, 0.920313, 0.846067, 0.845758, 0.749845, 0.697415, 0.681664, 0.700574, 0.734344]}, "consumption_TWh": 5.553007}, "nldas": null}, "usa": {"annual_consumption_TWh": 5.553007, "state_land_km2": 24636.673633, "mix_solar_nameplate_GW": 2.935552, "mix_wind_nameplate_GW": 2.938829, "mix_capacity_TWh": 51.459576, "mix_land_km2": 127.240029, "mix_land_pct": 0.516466, "solar_land_pct": 0.772306, "wind_land_pct": 0.283261, "mix_storage_TWh": 0.860366, "caps": {"1pct": {"label": "1% of land (NREL)", "cap_pct": 1.0, "feasible": true, "storage_TWh": 0.860366, "supply_capped_TWh": null, "shortfall_TWh": 0.0}, "oilgas2x": {"label": "1.88% (2\u00d7 onshore oil & gas)", "cap_pct": 1.8800000000000001, "feasible": true, "storage_TWh": 0.860366, "supply_capped_TWh": null, "shortfall_TWh": 0.0}, "oilgas_all": {"label": "5% (all onshore oil & gas land)", "cap_pct": 5.0, "feasible": true, "storage_TWh": 0.860366, "supply_capped_TWh": null, "shortfall_TWh": 0.0}}}, "pdf": "figures/360.pdf"}