{"id": 360, "name": "Vermont", "country": "United States of America", "level": "admin1", "continent": "North America", "metrics": {"solar_cf": 0.1495, "wind_cf": 0.224, "solar_f_adj": 1.3449, "wind_f_adj": 2.4651, "mix_alpha": 0.35, "mix_f_adj": 1.7901, "solar_s_tot_pct": 26.1241, "wind_s_tot_pct": 21.121, "mix_s_tot_pct": 14.0273, "solar_s_seasonal_pct": 25.5797, "solar_s_diurnal_pct": 0.5444, "wind_s_seasonal_pct": 19.6326, "wind_s_diurnal_pct": 1.4883, "solar_flaute_days": 3.625, "wind_flaute_days": 9.75, "solar_gap30d_max": 0.7408, "wind_gap30d_max": 0.8925, "solar_trend_pct_decade": -0.1922, "wind_trend_pct_decade": -47.9311}, "colocation": {"k": [0, 17, 35, 50], "storage_pct_cons": [14.0273, 5.3916, 3.1937, 3.1937], "pick": ["base", "wind", "wind", "wind"], "usa_feasible": {"1pct": [true, true, true, true], "oilgas2x": [true, true, true, true], "oilgas_all": [true, true, true, true]}}, "datasets": {"gldas": {"series_norm": {"months": [1, 2, 3, 4, 5, 6, 7, 8, 9, 10, 11, 12], "demand": [1.0, 1.0, 1.0, 1.0, 1.0, 1.0, 1.0, 1.0, 1.0, 1.0, 1.0, 1.0], "solar_supply": [0.585296, 0.897936, 1.30033, 1.645186, 1.952877, 2.107079, 2.198111, 1.944075, 1.517366, 0.916391, 0.584088, 0.465775], "wind_supply": [3.177549, 3.115927, 3.125747, 3.02283, 2.2466, 1.825707, 1.571629, 1.399215, 1.773155, 2.311749, 2.931151, 3.128135], "mix_supply": [1.772456, 1.88901, 2.081095, 2.193165, 1.970118, 1.843289, 1.765771, 1.566052, 1.543775, 1.518035, 1.655593, 1.693456], "mix_storage": [0.118698, 0.115657, 0.124139, 0.133935, 0.137155, 0.138139, 0.138535, 0.137984, 0.135514, 0.129121, 0.127067, 0.123226], "mix_s_tot": 0.140273}, "series_real": {"months": [1, 2, 3, 4, 5, 6, 7, 8, 9, 10, 11, 12], "demand_TWh": [0.530192, 0.437044, 0.476507, 0.415707, 0.431019, 0.43694, 0.502994, 0.500463, 0.437796, 0.442201, 0.435542, 0.509675], "supply_TWh_nocap": [0.773046, 0.763326, 0.936413, 0.967565, 0.920313, 0.846067, 0.845758, 0.749845, 0.697415, 0.681664, 0.700574, 0.734344], "supply_TWh_1pct": [0.773046, 0.763326, 0.936413, 0.967565, 0.920313, 0.846067, 0.845758, 0.749845, 0.697415, 0.681664, 0.700574, 0.734344], "supply_TWh_oilgas2x": [0.773046, 0.763326, 0.936413, 0.967565, 0.920313, 0.846067, 0.845758, 0.749845, 0.697415, 0.681664, 0.700574, 0.734344], "supply_TWh_oilgas_all": [0.773046, 0.763326, 0.936413, 0.967565, 0.920313, 0.846067, 0.845758, 0.749845, 0.697415, 0.681664, 0.700574, 0.734344]}, "consumption_TWh": 5.553007}, "nldas": {"real": {"annual_consumption_TWh": 5.553007, "state_land_km2": 24636.673633, "mix_solar_nameplate_GW": 2.095474, "mix_wind_nameplate_GW": 1.001227, "mix_capacity_TWh": 27.127104, "mix_land_km2": 79.861415, "mix_land_pct": 0.324157, "solar_land_pct": 0.699342, "wind_land_pct": 0.078121, "caps": {"1pct": {"label": "1% of land (NREL)", "cap_pct": 1.0, "feasible": true, "storage_TWh": 0.651741, "supply_capped_TWh": null, "shortfall_TWh": 0.0}, "oilgas2x": {"label": "1.88% (2\u00d7 onshore oil & gas)", "cap_pct": 1.8800000000000001, "feasible": true, "storage_TWh": 0.651741, "supply_capped_TWh": null, "shortfall_TWh": 0.0}, "oilgas_all": {"label": "5% (all onshore oil & gas land)", "cap_pct": 5.0, "feasible": true, "storage_TWh": 0.651741, "supply_capped_TWh": null, "shortfall_TWh": 0.0}}}, "metrics": {"solar_cf": 0.160992, "wind_cf": 0.411817, "solar_f_adj": 1.312723, "wind_f_adj": 1.25035, "mix_alpha": 0.45, "mix_f_adj": 1.182633, "solar_s_tot_pct": 25.361129, "wind_s_tot_pct": 16.309028, "mix_s_tot_pct": 11.73672, "solar_s_seasonal_pct": 24.173524, "solar_s_diurnal_pct": 1.187605, "wind_s_seasonal_pct": 16.07608, "wind_s_diurnal_pct": 0.232948, "solar_flaute_days": 1.708333, "wind_flaute_days": 5.125, "solar_gap30d_max": 0.744394, "wind_gap30d_max": 0.655856, "solar_trend_pct_decade": 1.465614, "wind_trend_pct_decade": 0.353398}, "series_real": {"months": [1, 2, 3, 4, 5, 6, 7, 8, 9, 10, 11, 12], "demand_TWh": [0.530436, 0.437042, 0.476653, 0.415771, 0.431084, 0.436937, 0.50307, 0.500538, 0.437794, 0.442267, 0.43568, 0.509831], "supply_TWh_nocap": [0.479752, 0.495026, 0.652509, 0.665185, 0.643081, 0.598869, 0.587024, 0.548197, 0.499847, 0.490833, 0.454315, 0.457374], "supply_TWh_1pct": [0.479752, 0.495026, 0.652509, 0.665185, 0.643081, 0.598869, 0.587024, 0.548197, 0.499847, 0.490833, 0.454315, 0.457374], "supply_TWh_oilgas2x": [0.479752, 0.495026, 0.652509, 0.665185, 0.643081, 0.598869, 0.587024, 0.548197, 0.499847, 0.490833, 0.454315, 0.457374], "supply_TWh_oilgas_all": [0.479752, 0.495026, 0.652509, 0.665185, 0.643081, 0.598869, 0.587024, 0.548197, 0.499847, 0.490833, 0.454315, 0.457374]}, "series_norm": {"months": [1, 2, 3, 4, 5, 6, 7, 8, 9, 10, 11, 12], "demand": [1.124698, 1.016186, 1.01066, 0.910957, 0.91404, 0.957332, 1.066673, 1.061305, 0.959208, 0.937751, 0.954577, 1.081009], "solar_supply": [0.604339, 0.873051, 1.384699, 1.661247, 1.849819, 1.977201, 2.029903, 1.838024, 1.450469, 0.921906, 0.634532, 0.503994], "wind_supply": [1.484449, 1.532199, 1.580447, 1.50697, 1.179549, 0.981439, 0.810727, 0.802005, 0.97487, 1.28213, 1.418965, 1.471436], "mix_supply": [1.017231, 1.151008, 1.383533, 1.457423, 1.363543, 1.312125, 1.244684, 1.162358, 1.095167, 1.040726, 0.995406, 0.969782], "mix_storage": [0.059024, 0.048197, 0.059235, 0.08507, 0.106791, 0.11253, 0.111656, 0.105092, 0.101178, 0.097085, 0.092723, 0.078356], "mix_s_tot": 0.117367}, "consumption_TWh": 5.553007}}, "usa": {"annual_consumption_TWh": 5.553007, "state_land_km2": 24636.673633, "mix_solar_nameplate_GW": 2.935552, "mix_wind_nameplate_GW": 2.938829, "mix_capacity_TWh": 51.459576, "mix_land_km2": 127.240029, "mix_land_pct": 0.516466, "solar_land_pct": 0.772306, "wind_land_pct": 0.283261, "mix_storage_TWh": 0.860366, "caps": {"1pct": {"label": "1% of land (NREL)", "cap_pct": 1.0, "feasible": true, "storage_TWh": 0.860366, "supply_capped_TWh": null, "shortfall_TWh": 0.0}, "oilgas2x": {"label": "1.88% (2\u00d7 onshore oil & gas)", "cap_pct": 1.8800000000000001, "feasible": true, "storage_TWh": 0.860366, "supply_capped_TWh": null, "shortfall_TWh": 0.0}, "oilgas_all": {"label": "5% (all onshore oil & gas land)", "cap_pct": 5.0, "feasible": true, "storage_TWh": 0.860366, "supply_capped_TWh": null, "shortfall_TWh": 0.0}}}, "pdf": "figures/360.pdf"}