{"id": 361, "name": "New Hampshire", "country": "United States of America", "level": "admin1", "continent": "North America", "metrics": {"solar_cf": 0.1524, "wind_cf": 0.2122, "solar_f_adj": 1.3238, "wind_f_adj": 2.2233, "mix_alpha": 0.4, "mix_f_adj": 1.6448, "solar_s_tot_pct": 24.5501, "wind_s_tot_pct": 24.3803, "mix_s_tot_pct": 13.4285, "solar_s_seasonal_pct": 23.7629, "solar_s_diurnal_pct": 0.7872, "wind_s_seasonal_pct": 23.1966, "wind_s_diurnal_pct": 1.1837, "solar_flaute_days": 2.75, "wind_flaute_days": 12.125, "solar_gap30d_max": 0.7318, "wind_gap30d_max": 0.8929, "solar_trend_pct_decade": 0.6249, "wind_trend_pct_decade": -43.997}, "colocation": {"k": [0, 17, 35, 50], "storage_pct_cons": [13.4285, 5.7256, 3.3254, 3.049], "pick": ["base", "wind", "wind", "wind"], "usa_feasible": {"1pct": [false, true, true, true], "oilgas2x": [true, true, true, true], "oilgas_all": [true, true, true, true]}}, "datasets": {"gldas": {"series_norm": {"months": [1, 2, 3, 4, 5, 6, 7, 8, 9, 10, 11, 12], "demand": [1.0, 1.0, 1.0, 1.0, 1.0, 1.0, 1.0, 1.0, 1.0, 1.0, 1.0, 1.0], "solar_supply": [0.597447, 0.901455, 1.291604, 1.624238, 1.890911, 2.023286, 2.119887, 1.892431, 1.495456, 0.934118, 0.608844, 0.482721], "wind_supply": [3.195099, 3.121016, 3.008712, 2.77493, 1.971092, 1.482065, 1.21852, 1.053801, 1.320083, 2.0165, 2.591397, 2.982823], "mix_supply": [1.715124, 1.833328, 1.977379, 2.038925, 1.814659, 1.663385, 1.594414, 1.408259, 1.329162, 1.359302, 1.452824, 1.563884], "mix_storage": [0.104644, 0.102568, 0.110843, 0.122475, 0.128017, 0.130605, 0.131679, 0.131259, 0.127633, 0.118454, 0.113504, 0.108303], "mix_s_tot": 0.134285}, "series_real": {"months": [1, 2, 3, 4, 5, 6, 7, 8, 9, 10, 11, 12], "demand_TWh": [1.01079, 0.850373, 0.905787, 0.814527, 0.825225, 0.866221, 1.025705, 1.038049, 0.892348, 0.854122, 0.820462, 0.952694], "supply_TWh_nocap": [1.465164, 1.451107, 1.745431, 1.768243, 1.667573, 1.505548, 1.507757, 1.333581, 1.192137, 1.204335, 1.210464, 1.330412], "supply_TWh_1pct": [1.44182, 1.427987, 1.717622, 1.74007, 1.641004, 1.48156, 1.483734, 1.312333, 1.173143, 1.185147, 1.191178, 1.309215], "supply_TWh_oilgas2x": [1.465164, 1.451107, 1.745431, 1.768243, 1.667573, 1.505548, 1.507757, 1.333581, 1.192137, 1.204335, 1.210464, 1.330412], "supply_TWh_oilgas_all": [1.465164, 1.451107, 1.745431, 1.768243, 1.667573, 1.505548, 1.507757, 1.333581, 1.192137, 1.204335, 1.210464, 1.330412]}, "consumption_TWh": 10.850302}, "nldas": {"real": {"annual_consumption_TWh": 10.850302, "state_land_km2": 24266.452895, "mix_solar_nameplate_GW": 3.03046, "mix_wind_nameplate_GW": 2.09483, "mix_capacity_TWh": 44.897536, "mix_land_km2": 121.963618, "mix_land_pct": 0.502602, "solar_land_pct": 1.326992, "wind_land_pct": 0.139355, "caps": {"1pct": {"label": "1% of land (NREL)", "cap_pct": 1.0, "feasible": true, "storage_TWh": 1.143584, "supply_capped_TWh": null, "shortfall_TWh": 0.0}, "oilgas2x": {"label": "1.88% (2\u00d7 onshore oil & gas)", "cap_pct": 1.8800000000000001, "feasible": true, "storage_TWh": 1.143584, "supply_capped_TWh": null, "shortfall_TWh": 0.0}, "oilgas_all": {"label": "5% (all onshore oil & gas land)", "cap_pct": 5.0, "feasible": true, "storage_TWh": 1.143584, "supply_capped_TWh": null, "shortfall_TWh": 0.0}}}, "metrics": {"solar_cf": 0.166551, "wind_cf": 0.447458, "solar_f_adj": 1.298989, "wind_f_adj": 1.221644, "mix_alpha": 0.35, "mix_f_adj": 1.16426, "solar_s_tot_pct": 22.795239, "wind_s_tot_pct": 19.22732, "mix_s_tot_pct": 10.539652, "solar_s_seasonal_pct": 21.563487, "solar_s_diurnal_pct": 1.231752, "wind_s_seasonal_pct": 19.083287, "wind_s_diurnal_pct": 0.144032, "solar_flaute_days": 0.916667, "wind_flaute_days": 5.875, "solar_gap30d_max": 0.74042, "wind_gap30d_max": 0.628158, "solar_trend_pct_decade": 1.546236, "wind_trend_pct_decade": -0.308414}, "series_real": {"months": [1, 2, 3, 4, 5, 6, 7, 8, 9, 10, 11, 12], "demand_TWh": [1.011258, 0.850371, 0.906066, 0.814656, 0.825352, 0.86622, 1.025862, 1.038208, 0.892346, 0.854253, 0.820724, 0.952988], "supply_TWh_nocap": [1.04111, 1.034547, 1.256721, 1.235667, 1.164248, 1.057159, 1.023078, 0.959674, 0.915112, 0.989543, 0.959607, 1.00542], "supply_TWh_1pct": [1.04111, 1.034547, 1.256721, 1.235667, 1.164248, 1.057159, 1.023078, 0.959674, 0.915112, 0.989543, 0.959607, 1.00542], "supply_TWh_oilgas2x": [1.04111, 1.034547, 1.256721, 1.235667, 1.164248, 1.057159, 1.023078, 0.959674, 0.915112, 0.989543, 0.959607, 1.00542], "supply_TWh_oilgas_all": [1.04111, 1.034547, 1.256721, 1.235667, 1.164248, 1.057159, 1.023078, 0.959674, 0.915112, 0.989543, 0.959607, 1.00542]}, "series_norm": {"months": [1, 2, 3, 4, 5, 6, 7, 8, 9, 10, 11, 12], "demand": [1.097366, 1.011918, 0.983217, 0.913491, 0.89563, 0.97131, 1.113213, 1.126611, 1.000606, 0.926992, 0.920295, 1.034134], "solar_supply": [0.587285, 0.862495, 1.316187, 1.611827, 1.82117, 1.951499, 1.993878, 1.830695, 1.440221, 0.955231, 0.672754, 0.521677], "wind_supply": [1.526358, 1.550556, 1.534938, 1.420496, 1.117225, 0.925362, 0.782472, 0.754039, 0.92715, 1.249698, 1.396337, 1.497062], "mix_supply": [1.12976, 1.231082, 1.36373, 1.385579, 1.263383, 1.185414, 1.110192, 1.041389, 1.026134, 1.073802, 1.076027, 1.09103], "mix_storage": [0.051979, 0.051427, 0.067204, 0.087005, 0.097674, 0.098593, 0.091216, 0.071978, 0.057756, 0.053463, 0.057965, 0.056946], "mix_s_tot": 0.105397}, "consumption_TWh": 10.850302}}, "usa": {"annual_consumption_TWh": 10.850302, "state_land_km2": 24266.452895, "mix_solar_nameplate_GW": 5.855766, "mix_wind_nameplate_GW": 5.140123, "mix_capacity_TWh": 96.323986, "mix_land_km2": 246.59343, "mix_land_pct": 1.016191, "solar_land_pct": 1.475118, "wind_land_pct": 0.535994, "mix_storage_TWh": null, "caps": {"1pct": {"label": "1% of land (NREL)", "cap_pct": 1.0, "feasible": false, "storage_TWh": null, "supply_capped_TWh": 17.095629, "shortfall_TWh": 0.0}, "oilgas2x": {"label": "1.88% (2\u00d7 onshore oil & gas)", "cap_pct": 1.8800000000000001, "feasible": true, "storage_TWh": 1.631451, "supply_capped_TWh": null, "shortfall_TWh": 0.0}, "oilgas_all": {"label": "5% (all onshore oil & gas land)", "cap_pct": 5.0, "feasible": true, "storage_TWh": 1.631451, "supply_capped_TWh": null, "shortfall_TWh": 0.0}}}, "pdf": "figures/361.pdf"}