{"id": 362, "name": "Maine", "country": "United States of America", "level": "admin1", "continent": "North America", "metrics": {"solar_cf": 0.1477, "wind_cf": 0.246, "solar_f_adj": 1.3359, "wind_f_adj": 1.6836, "mix_alpha": 0.45, "mix_f_adj": 1.4243, "solar_s_tot_pct": 25.408, "wind_s_tot_pct": 22.7096, "mix_s_tot_pct": 11.8339, "solar_s_seasonal_pct": 24.6339, "solar_s_diurnal_pct": 0.774, "wind_s_seasonal_pct": 21.7152, "wind_s_diurnal_pct": 0.9944, "solar_flaute_days": 2.75, "wind_flaute_days": 10.375, "solar_gap30d_max": 0.7464, "wind_gap30d_max": 0.808, "solar_trend_pct_decade": -0.4584, "wind_trend_pct_decade": -23.1739}, "colocation": {"k": [0, 17, 35, 50], "storage_pct_cons": [11.8339, 4.1986, 2.739, 2.4302], "pick": ["base", "wind", "wind", "solar"], "usa_feasible": {"1pct": [true, true, true, true], "oilgas2x": [true, true, true, true], "oilgas_all": [true, true, true, true]}}, "datasets": {"gldas": {"series_norm": {"months": [1, 2, 3, 4, 5, 6, 7, 8, 9, 10, 11, 12], "demand": [1.0, 1.0, 1.0, 1.0, 1.0, 1.0, 1.0, 1.0, 1.0, 1.0, 1.0, 1.0], "solar_supply": [0.575354, 0.902384, 1.3245, 1.677167, 1.927556, 2.089441, 2.156638, 1.911001, 1.499587, 0.917925, 0.566208, 0.460538], "wind_supply": [2.183872, 2.202135, 2.176454, 1.99724, 1.55925, 1.262343, 1.032493, 0.940394, 1.216557, 1.618457, 1.9351, 2.114212], "mix_supply": [1.2922, 1.457595, 1.648164, 1.733972, 1.650303, 1.589818, 1.515106, 1.354404, 1.285521, 1.193464, 1.172058, 1.204701], "mix_storage": [0.091314, 0.091785, 0.101217, 0.109702, 0.114537, 0.115645, 0.116174, 0.115644, 0.113076, 0.106376, 0.100278, 0.093956], "mix_s_tot": 0.118339}, "series_real": {"months": [1, 2, 3, 4, 5, 6, 7, 8, 9, 10, 11, 12], "demand_TWh": [1.093952, 0.891094, 0.999237, 0.900514, 0.920579, 0.92128, 1.043404, 1.082588, 0.953365, 0.982208, 0.906887, 1.04141], "supply_TWh_nocap": [1.287834, 1.325323, 1.64285, 1.672879, 1.645238, 1.534049, 1.510456, 1.350248, 1.240426, 1.189802, 1.130581, 1.200818], "supply_TWh_1pct": [1.287834, 1.325323, 1.64285, 1.672879, 1.645238, 1.534049, 1.510456, 1.350248, 1.240426, 1.189802, 1.130581, 1.200818], "supply_TWh_oilgas2x": [1.287834, 1.325323, 1.64285, 1.672879, 1.645238, 1.534049, 1.510456, 1.350248, 1.240426, 1.189802, 1.130581, 1.200818], "supply_TWh_oilgas_all": [1.287834, 1.325323, 1.64285, 1.672879, 1.645238, 1.534049, 1.510456, 1.350248, 1.240426, 1.189802, 1.130581, 1.200818]}, "consumption_TWh": 11.730028}, "nldas": null}, "usa": {"annual_consumption_TWh": 11.730028, "state_land_km2": 84258.008403, "mix_solar_nameplate_GW": 5.815595, "mix_wind_nameplate_GW": 4.267659, "mix_capacity_TWh": 88.32931, "mix_land_km2": 236.52977, "mix_land_pct": 0.280721, "solar_land_pct": 0.479276, "wind_land_pct": 0.1089, "mix_storage_TWh": 1.555707, "caps": {"1pct": {"label": "1% of land (NREL)", "cap_pct": 1.0, "feasible": true, "storage_TWh": 1.555707, "supply_capped_TWh": null, "shortfall_TWh": 0.0}, "oilgas2x": {"label": "1.88% (2\u00d7 onshore oil & gas)", "cap_pct": 1.8800000000000001, "feasible": true, "storage_TWh": 1.555707, "supply_capped_TWh": null, "shortfall_TWh": 0.0}, "oilgas_all": {"label": "5% (all onshore oil & gas land)", "cap_pct": 5.0, "feasible": true, "storage_TWh": 1.555707, "supply_capped_TWh": null, "shortfall_TWh": 0.0}}}, "pdf": "figures/362.pdf"}