{"id": 362, "name": "Maine", "country": "United States of America", "level": "admin1", "continent": "North America", "metrics": {"solar_cf": 0.1477, "wind_cf": 0.246, "solar_f_adj": 1.3359, "wind_f_adj": 1.6836, "mix_alpha": 0.45, "mix_f_adj": 1.4243, "solar_s_tot_pct": 25.408, "wind_s_tot_pct": 22.7096, "mix_s_tot_pct": 11.8339, "solar_s_seasonal_pct": 24.6339, "solar_s_diurnal_pct": 0.774, "wind_s_seasonal_pct": 21.7152, "wind_s_diurnal_pct": 0.9944, "solar_flaute_days": 2.75, "wind_flaute_days": 10.375, "solar_gap30d_max": 0.7464, "wind_gap30d_max": 0.808, "solar_trend_pct_decade": -0.4584, "wind_trend_pct_decade": -23.1739}, "colocation": {"k": [0, 17, 35, 50], "storage_pct_cons": [11.8339, 4.1986, 2.739, 2.4302], "pick": ["base", "wind", "wind", "solar"], "usa_feasible": {"1pct": [true, true, true, true], "oilgas2x": [true, true, true, true], "oilgas_all": [true, true, true, true]}}, "datasets": {"gldas": {"series_norm": {"months": [1, 2, 3, 4, 5, 6, 7, 8, 9, 10, 11, 12], "demand": [1.0, 1.0, 1.0, 1.0, 1.0, 1.0, 1.0, 1.0, 1.0, 1.0, 1.0, 1.0], "solar_supply": [0.575354, 0.902384, 1.3245, 1.677167, 1.927556, 2.089441, 2.156638, 1.911001, 1.499587, 0.917925, 0.566208, 0.460538], "wind_supply": [2.183872, 2.202135, 2.176454, 1.99724, 1.55925, 1.262343, 1.032493, 0.940394, 1.216557, 1.618457, 1.9351, 2.114212], "mix_supply": [1.2922, 1.457595, 1.648164, 1.733972, 1.650303, 1.589818, 1.515106, 1.354404, 1.285521, 1.193464, 1.172058, 1.204701], "mix_storage": [0.091314, 0.091785, 0.101217, 0.109702, 0.114537, 0.115645, 0.116174, 0.115644, 0.113076, 0.106376, 0.100278, 0.093956], "mix_s_tot": 0.118339}, "series_real": {"months": [1, 2, 3, 4, 5, 6, 7, 8, 9, 10, 11, 12], "demand_TWh": [1.093952, 0.891094, 0.999237, 0.900514, 0.920579, 0.92128, 1.043404, 1.082588, 0.953365, 0.982208, 0.906887, 1.04141], "supply_TWh_nocap": [1.287834, 1.325323, 1.64285, 1.672879, 1.645238, 1.534049, 1.510456, 1.350248, 1.240426, 1.189802, 1.130581, 1.200818], "supply_TWh_1pct": [1.287834, 1.325323, 1.64285, 1.672879, 1.645238, 1.534049, 1.510456, 1.350248, 1.240426, 1.189802, 1.130581, 1.200818], "supply_TWh_oilgas2x": [1.287834, 1.325323, 1.64285, 1.672879, 1.645238, 1.534049, 1.510456, 1.350248, 1.240426, 1.189802, 1.130581, 1.200818], "supply_TWh_oilgas_all": [1.287834, 1.325323, 1.64285, 1.672879, 1.645238, 1.534049, 1.510456, 1.350248, 1.240426, 1.189802, 1.130581, 1.200818]}, "consumption_TWh": 11.730028}, "nldas": {"real": {"annual_consumption_TWh": 11.730028, "state_land_km2": 84258.008403, "mix_solar_nameplate_GW": 2.930887, "mix_wind_nameplate_GW": 2.565319, "mix_capacity_TWh": 48.146763, "mix_land_km2": 123.349428, "mix_land_pct": 0.146395, "solar_land_pct": 0.415035, "wind_land_pct": 0.045506, "caps": {"1pct": {"label": "1% of land (NREL)", "cap_pct": 1.0, "feasible": true, "storage_TWh": 1.296593, "supply_capped_TWh": null, "shortfall_TWh": 0.0}, "oilgas2x": {"label": "1.88% (2\u00d7 onshore oil & gas)", "cap_pct": 1.8800000000000001, "feasible": true, "storage_TWh": 1.296593, "supply_capped_TWh": null, "shortfall_TWh": 0.0}, "oilgas_all": {"label": "5% (all onshore oil & gas land)", "cap_pct": 5.0, "feasible": true, "storage_TWh": 1.296593, "supply_capped_TWh": null, "shortfall_TWh": 0.0}}}, "metrics": {"solar_cf": 0.161906, "wind_cf": 0.431616, "solar_f_adj": 1.268483, "wind_f_adj": 1.235904, "mix_alpha": 0.3, "mix_f_adj": 1.181261, "solar_s_tot_pct": 24.789618, "wind_s_tot_pct": 19.046105, "mix_s_tot_pct": 11.053623, "solar_s_seasonal_pct": 23.707054, "solar_s_diurnal_pct": 1.082564, "wind_s_seasonal_pct": 19.036591, "wind_s_diurnal_pct": 0.009514, "solar_flaute_days": 1.791667, "wind_flaute_days": 7.0, "solar_gap30d_max": 0.748351, "wind_gap30d_max": 0.637147, "solar_trend_pct_decade": 1.059848, "wind_trend_pct_decade": -0.268782}, "series_real": {"months": [1, 2, 3, 4, 5, 6, 7, 8, 9, 10, 11, 12], "demand_TWh": [1.094458, 0.891091, 0.999544, 0.900655, 0.920719, 0.921277, 1.043562, 1.082753, 0.953361, 0.982357, 0.907175, 1.041729], "supply_TWh_nocap": [1.164872, 1.16201, 1.388172, 1.353097, 1.253103, 1.152494, 1.075839, 1.002936, 0.995944, 1.101411, 1.08319, 1.133381], "supply_TWh_1pct": [1.164872, 1.16201, 1.388172, 1.353097, 1.253103, 1.152494, 1.075839, 1.002936, 0.995944, 1.101411, 1.08319, 1.133381], "supply_TWh_oilgas2x": [1.164872, 1.16201, 1.388172, 1.353097, 1.253103, 1.152494, 1.075839, 1.002936, 0.995944, 1.101411, 1.08319, 1.133381], "supply_TWh_oilgas_all": [1.164872, 1.16201, 1.388172, 1.353097, 1.253103, 1.152494, 1.075839, 1.002936, 0.995944, 1.101411, 1.08319, 1.133381]}, "series_norm": {"months": [1, 2, 3, 4, 5, 6, 7, 8, 9, 10, 11, 12], "demand": [1.098579, 0.980848, 1.003307, 0.934181, 0.924185, 0.95557, 1.047491, 1.086829, 0.988849, 0.986056, 0.940943, 1.045652], "solar_supply": [0.554358, 0.864516, 1.329146, 1.668774, 1.810848, 1.960009, 1.916718, 1.761122, 1.380887, 0.87504, 0.628707, 0.454287], "wind_supply": [1.516156, 1.550757, 1.527645, 1.400873, 1.123862, 0.968271, 0.813708, 0.769304, 0.967395, 1.287042, 1.416735, 1.510698], "mix_supply": [1.169258, 1.279057, 1.393399, 1.403464, 1.257821, 1.195394, 1.079889, 1.006712, 1.033018, 1.105558, 1.123511, 1.137649], "mix_storage": [0.067388, 0.070475, 0.086079, 0.097655, 0.10313, 0.103994, 0.099137, 0.082323, 0.069374, 0.064097, 0.068756, 0.069405], "mix_s_tot": 0.110536}, "consumption_TWh": 11.730028}}, "usa": {"annual_consumption_TWh": 11.730028, "state_land_km2": 84258.008403, "mix_solar_nameplate_GW": 5.815595, "mix_wind_nameplate_GW": 4.267659, "mix_capacity_TWh": 88.32931, "mix_land_km2": 236.52977, "mix_land_pct": 0.280721, "solar_land_pct": 0.479276, "wind_land_pct": 0.1089, "mix_storage_TWh": 1.555707, "caps": {"1pct": {"label": "1% of land (NREL)", "cap_pct": 1.0, "feasible": true, "storage_TWh": 1.555707, "supply_capped_TWh": null, "shortfall_TWh": 0.0}, "oilgas2x": {"label": "1.88% (2\u00d7 onshore oil & gas)", "cap_pct": 1.8800000000000001, "feasible": true, "storage_TWh": 1.555707, "supply_capped_TWh": null, "shortfall_TWh": 0.0}, "oilgas_all": {"label": "5% (all onshore oil & gas land)", "cap_pct": 5.0, "feasible": true, "storage_TWh": 1.555707, "supply_capped_TWh": null, "shortfall_TWh": 0.0}}}, "siting": {"scenarios": [{"key": "today", "label": "1.00\u00d7 \u2014 today (EIA)", "land_pct": 0.0244, "solar_share": 0.0, "feasible": {"1pct": true, "oilgas2x": true, "oilgas_all": true}}, {"key": "2030ref", "label": "1.14\u00d7 \u2014 2030 reference (Goldman)", "land_pct": 0.0278, "solar_share": 0.0, "feasible": {"1pct": true, "oilgas2x": true, "oilgas_all": true}}, {"key": "2030hi", "label": "1.25\u00d7 \u2014 2030 high-AI (EPRI)", "land_pct": 0.0305, "solar_share": 0.0, "feasible": {"1pct": true, "oilgas2x": true, "oilgas_all": true}}], "land_pct_today": 0.0244}, "pdf": "figures/362.pdf"}