{"id": 363, "name": "New Brunswick", "country": "Canada", "level": "admin1", "continent": "North America", "metrics": {"solar_cf": 0.1439, "wind_cf": 0.2921, "solar_f_adj": 1.332, "wind_f_adj": 1.4369, "mix_alpha": 0.35, "mix_f_adj": 1.33, "solar_s_tot_pct": 26.4724, "wind_s_tot_pct": 17.581, "mix_s_tot_pct": 8.9261, "solar_s_seasonal_pct": 25.6364, "solar_s_diurnal_pct": 0.836, "wind_s_seasonal_pct": 16.8979, "wind_s_diurnal_pct": 0.6831, "solar_flaute_days": 2.875, "wind_flaute_days": 8.75, "solar_gap30d_max": 0.7557, "wind_gap30d_max": 0.716, "solar_trend_pct_decade": -0.446, "wind_trend_pct_decade": -12.542}, "colocation": {"k": [0, 17, 35, 50], "storage_pct_cons": [8.9261, 3.4043, 2.2032, 1.8962], "pick": ["base", "wind", "solar", "solar"]}, "datasets": {"gldas": {"series_norm": {"months": [1, 2, 3, 4, 5, 6, 7, 8, 9, 10, 11, 12], "demand": [1.0, 1.0, 1.0, 1.0, 1.0, 1.0, 1.0, 1.0, 1.0, 1.0, 1.0, 1.0], "solar_supply": [0.551218, 0.890736, 1.330303, 1.689647, 1.957944, 2.128818, 2.154378, 1.913362, 1.484091, 0.898501, 0.527119, 0.434488], "wind_supply": [1.768999, 1.762392, 1.697157, 1.568486, 1.305287, 1.135094, 0.987654, 0.925248, 1.194944, 1.421227, 1.67092, 1.8282], "mix_supply": [1.257, 1.371682, 1.486054, 1.534222, 1.469629, 1.426947, 1.347169, 1.22539, 1.237633, 1.169126, 1.189567, 1.251825], "mix_storage": [0.072269, 0.073755, 0.080562, 0.08536, 0.086592, 0.086873, 0.086633, 0.084494, 0.081928, 0.076489, 0.073191, 0.071697], "mix_s_tot": 0.089261}}, "nldas": null}, "pdf": "figures/363.pdf"}