{"id": 364, "name": "Arizona", "country": "United States of America", "level": "admin1", "continent": "North America", "metrics": {"solar_cf": 0.2291, "wind_cf": 0.2, "solar_f_adj": 1.2446, "wind_f_adj": 1.804, "mix_alpha": 0.6, "mix_f_adj": 1.3636, "solar_s_tot_pct": 19.4058, "wind_s_tot_pct": 20.0104, "mix_s_tot_pct": 14.58, "solar_s_seasonal_pct": 18.3179, "solar_s_diurnal_pct": 1.0879, "wind_s_seasonal_pct": 19.6633, "wind_s_diurnal_pct": 0.3472, "solar_flaute_days": 1.75, "wind_flaute_days": 9.75, "solar_gap30d_max": 0.6593, "wind_gap30d_max": 0.8275, "solar_trend_pct_decade": 0.8181, "wind_trend_pct_decade": 18.4729}, "colocation": {"k": [0, 17, 35, 50], "storage_pct_cons": [14.58, 7.6819, 4.1927, 2.6269], "pick": ["base", "wind", "wind", "wind"], "usa_feasible": {"1pct": [true, true, true, true], "oilgas2x": [true, true, true, true], "oilgas_all": [true, true, true, true]}}, "datasets": {"gldas": {"series_norm": {"months": [1, 2, 3, 4, 5, 6, 7, 8, 9, 10, 11, 12], "demand": [1.0, 1.0, 1.0, 1.0, 1.0, 1.0, 1.0, 1.0, 1.0, 1.0, 1.0, 1.0], "solar_supply": [0.714127, 0.914462, 1.215082, 1.559811, 1.775945, 1.846291, 1.61258, 1.483751, 1.326622, 1.049042, 0.787691, 0.637366], "wind_supply": [1.366275, 1.796995, 2.239581, 2.7146, 2.598575, 2.361698, 1.597238, 1.269129, 1.445994, 1.52633, 1.446441, 1.3083], "mix_supply": [0.882543, 1.144467, 1.475903, 1.846142, 1.953144, 1.927768, 1.542997, 1.359104, 1.309286, 1.151102, 0.955141, 0.814554], "mix_storage": [0.068031, 0.053642, 0.063718, 0.098313, 0.125541, 0.138225, 0.141022, 0.139245, 0.137031, 0.133351, 0.118888, 0.09235], "mix_s_tot": 0.1458}, "series_real": {"months": [1, 2, 3, 4, 5, 6, 7, 8, 9, 10, 11, 12], "demand_TWh": [5.636517, 4.567897, 5.198281, 5.120957, 6.280801, 7.315744, 8.712278, 8.673053, 7.335384, 6.189359, 5.038593, 5.587025], "supply_TWh_nocap": [4.900581, 5.754548, 8.281903, 10.184942, 11.649201, 11.498842, 10.060899, 9.121221, 8.097651, 6.875273, 5.192062, 4.434742], "supply_TWh_1pct": [4.900581, 5.754548, 8.281903, 10.184942, 11.649201, 11.498842, 10.060899, 9.121221, 8.097651, 6.875273, 5.192062, 4.434742], "supply_TWh_oilgas2x": [4.900581, 5.754548, 8.281903, 10.184942, 11.649201, 11.498842, 10.060899, 9.121221, 8.097651, 6.875273, 5.192062, 4.434742], "supply_TWh_oilgas_all": [4.900581, 5.754548, 8.281903, 10.184942, 11.649201, 11.498842, 10.060899, 9.121221, 8.097651, 6.875273, 5.192062, 4.434742]}, "consumption_TWh": 75.614058}, "nldas": {"real": {"annual_consumption_TWh": 75.614058, "state_land_km2": 295064.977765, "mix_solar_nameplate_GW": 46.225782, "mix_wind_nameplate_GW": 0.0, "mix_capacity_TWh": 404.93785, "mix_land_km2": 1540.859397, "mix_land_pct": 0.52221, "solar_land_pct": 0.52221, "wind_land_pct": 0.162104, "caps": {"1pct": {"label": "1% of land (NREL)", "cap_pct": 1.0, "feasible": true, "storage_TWh": 11.491537, "supply_capped_TWh": null, "shortfall_TWh": 0.0}, "oilgas2x": {"label": "1.88% (2\u00d7 onshore oil & gas)", "cap_pct": 1.8800000000000001, "feasible": true, "storage_TWh": 11.491537, "supply_capped_TWh": null, "shortfall_TWh": 0.0}, "oilgas_all": {"label": "5% (all onshore oil & gas land)", "cap_pct": 5.0, "feasible": true, "storage_TWh": 11.491537, "supply_capped_TWh": null, "shortfall_TWh": 0.0}}}, "metrics": {"solar_cf": 0.228951, "wind_cf": 0.233028, "solar_f_adj": 1.226107, "wind_f_adj": 1.291283, "mix_alpha": 1.0, "mix_f_adj": 1.226107, "solar_s_tot_pct": 15.19762, "wind_s_tot_pct": 23.36934, "mix_s_tot_pct": 15.19762, "solar_s_seasonal_pct": 13.09071, "solar_s_diurnal_pct": 2.106911, "wind_s_seasonal_pct": 23.01635, "wind_s_diurnal_pct": 0.35299, "solar_flaute_days": 0.75, "wind_flaute_days": 7.041667, "solar_gap30d_max": 0.670598, "wind_gap30d_max": 0.724873, "solar_trend_pct_decade": -0.206636, "wind_trend_pct_decade": 0.746579}, "series_real": {"months": [1, 2, 3, 4, 5, 6, 7, 8, 9, 10, 11, 12], "demand_TWh": [5.639208, 4.567952, 5.199956, 5.121839, 6.28185, 7.315831, 8.713734, 8.674502, 7.335471, 6.190393, 5.040269, 5.588826], "supply_TWh_nocap": [4.574548, 5.284242, 7.812495, 9.624625, 11.401076, 11.192009, 9.921573, 8.99252, 7.959153, 6.771725, 4.927766, 4.317597], "supply_TWh_1pct": [4.574548, 5.284242, 7.812495, 9.624625, 11.401076, 11.192009, 9.921573, 8.99252, 7.959153, 6.771725, 4.927766, 4.317597], "supply_TWh_oilgas2x": [4.574548, 5.284242, 7.812495, 9.624625, 11.401076, 11.192009, 9.921573, 8.99252, 7.959153, 6.771725, 4.927766, 4.317597], "supply_TWh_oilgas_all": [4.574548, 5.284242, 7.812495, 9.624625, 11.401076, 11.192009, 9.921573, 8.99252, 7.959153, 6.771725, 4.927766, 4.317597]}, "series_norm": {"months": [1, 2, 3, 4, 5, 6, 7, 8, 9, 10, 11, 12], "demand": [0.878106, 0.780006, 0.809708, 0.824129, 0.978174, 1.177153, 1.356853, 1.350744, 1.180313, 0.963933, 0.811004, 0.87026], "solar_supply": [0.712323, 0.902317, 1.216517, 1.548649, 1.775311, 1.800848, 1.544931, 1.400264, 1.280666, 1.054455, 0.792901, 0.672312], "wind_supply": [1.010567, 1.358044, 1.58279, 1.882444, 1.718782, 1.613645, 1.066111, 0.960708, 1.103099, 1.172936, 1.068898, 0.979484], "mix_supply": [0.712323, 0.902317, 1.216517, 1.548649, 1.775311, 1.800848, 1.544931, 1.400264, 1.280666, 1.054455, 0.792901, 0.672312], "mix_storage": [-0.003291, -0.019766, -0.013525, 0.016694, 0.059526, 0.095921, 0.106174, 0.091567, 0.075125, 0.063101, 0.048368, 0.022666], "mix_s_tot": 0.151976}, "consumption_TWh": 75.614058}}, "usa": {"annual_consumption_TWh": 75.614058, "state_land_km2": 295064.977765, "mix_solar_nameplate_GW": 40.659234, "mix_wind_nameplate_GW": 8.219145, "mix_capacity_TWh": 428.174593, "mix_land_km2": 1437.499235, "mix_land_pct": 0.487181, "solar_land_pct": 0.526507, "wind_land_pct": 0.265199, "mix_storage_TWh": 11.420747, "caps": {"1pct": {"label": "1% of land (NREL)", "cap_pct": 1.0, "feasible": true, "storage_TWh": 11.420747, "supply_capped_TWh": null, "shortfall_TWh": 0.0}, "oilgas2x": {"label": "1.88% (2\u00d7 onshore oil & gas)", "cap_pct": 1.8800000000000001, "feasible": true, "storage_TWh": 11.420747, "supply_capped_TWh": null, "shortfall_TWh": 0.0}, "oilgas_all": {"label": "5% (all onshore oil & gas land)", "cap_pct": 5.0, "feasible": true, "storage_TWh": 11.420747, "supply_capped_TWh": null, "shortfall_TWh": 0.0}}}, "siting": {"scenarios": [{"key": "today", "label": "1.00\u00d7 \u2014 today (EIA)", "land_pct": 0.0702, "solar_share": 0.0, "feasible": {"1pct": true, "oilgas2x": true, "oilgas_all": true}}, {"key": "2030ref", "label": "1.14\u00d7 \u2014 2030 reference (Goldman)", "land_pct": 0.0802, "solar_share": 0.0, "feasible": {"1pct": true, "oilgas2x": true, "oilgas_all": true}}, {"key": "2030hi", "label": "1.25\u00d7 \u2014 2030 high-AI (EPRI)", "land_pct": 0.088, "solar_share": 0.0, "feasible": {"1pct": true, "oilgas2x": true, "oilgas_all": true}}], "land_pct_today": 0.0702}, "pdf": "figures/364.pdf"}