{"id": 365, "name": "Sonora", "country": "Mexico", "level": "admin1", "continent": "North America", "metrics": {"solar_cf": 0.2449, "wind_cf": 0.195, "solar_f_adj": 1.2478, "wind_f_adj": 1.5567, "mix_alpha": 0.7, "mix_f_adj": 1.293, "solar_s_tot_pct": 15.5712, "wind_s_tot_pct": 20.3346, "mix_s_tot_pct": 12.0565, "solar_s_seasonal_pct": 14.2918, "solar_s_diurnal_pct": 1.2794, "wind_s_seasonal_pct": 19.8506, "wind_s_diurnal_pct": 0.484, "solar_flaute_days": 0.875, "wind_flaute_days": 5.5, "solar_gap30d_max": 0.639, "wind_gap30d_max": 0.8014, "solar_trend_pct_decade": 1.0342, "wind_trend_pct_decade": -2.2612}, "colocation": {"k": [0, 17, 35, 50], "storage_pct_cons": [12.0565, 6.239, 3.4887, 2.4967], "pick": ["base", "wind", "wind", "wind"]}, "datasets": {"gldas": {"series_norm": {"months": [1, 2, 3, 4, 5, 6, 7, 8, 9, 10, 11, 12], "demand": [1.0, 1.0, 1.0, 1.0, 1.0, 1.0, 1.0, 1.0, 1.0, 1.0, 1.0, 1.0], "solar_supply": [0.816052, 0.997426, 1.27863, 1.555079, 1.719424, 1.698554, 1.483045, 1.412669, 1.28847, 1.095492, 0.872545, 0.747886], "wind_supply": [1.305918, 1.598201, 1.872201, 2.181732, 2.23023, 2.010401, 1.457126, 1.098592, 1.203559, 1.198893, 1.251658, 1.28876], "mix_supply": [0.917349, 1.121743, 1.393994, 1.67165, 1.802944, 1.733026, 1.438835, 1.298445, 1.234513, 1.093373, 0.944806, 0.863629], "mix_storage": [0.046511, 0.033133, 0.03788, 0.062682, 0.09681, 0.11558, 0.117854, 0.116921, 0.114679, 0.107777, 0.091797, 0.06714], "mix_s_tot": 0.120565}}, "nldas": null}, "pdf": "figures/365.pdf"}