{"id": 366, "name": "Baja California", "country": "Mexico", "level": "admin1", "continent": "North America", "metrics": {"solar_cf": 0.2258, "wind_cf": 0.2384, "solar_f_adj": 1.2591, "wind_f_adj": 1.4311, "mix_alpha": 0.3, "mix_f_adj": 1.3126, "solar_s_tot_pct": 15.8925, "wind_s_tot_pct": 20.556, "mix_s_tot_pct": 14.2826, "solar_s_seasonal_pct": 14.5274, "solar_s_diurnal_pct": 1.3652, "wind_s_seasonal_pct": 18.6564, "wind_s_diurnal_pct": 1.8996, "solar_flaute_days": 1.75, "wind_flaute_days": 5.5, "solar_gap30d_max": 0.6443, "wind_gap30d_max": 0.7529, "solar_trend_pct_decade": 1.2388, "wind_trend_pct_decade": -13.2878}, "colocation": {"k": [0, 17, 35, 50], "storage_pct_cons": [14.2826, 7.7015, 4.0646, 2.5883], "pick": ["base", "solar", "solar", "solar"]}, "datasets": {"gldas": {"series_norm": {"months": [1, 2, 3, 4, 5, 6, 7, 8, 9, 10, 11, 12], "demand": [1.0, 1.0, 1.0, 1.0, 1.0, 1.0, 1.0, 1.0, 1.0, 1.0, 1.0, 1.0], "solar_supply": [0.800698, 0.982051, 1.260402, 1.544933, 1.663993, 1.694355, 1.605273, 1.516916, 1.341273, 1.093534, 0.859309, 0.734355], "wind_supply": [1.393929, 1.577711, 1.728931, 1.884963, 1.878176, 1.524642, 1.211704, 1.010703, 1.052291, 1.237196, 1.327658, 1.360123], "mix_supply": [1.145393, 1.320109, 1.504256, 1.693425, 1.726304, 1.508814, 1.280032, 1.123345, 1.095113, 1.136349, 1.121175, 1.102939], "mix_storage": [0.081619, 0.083183, 0.095845, 0.113117, 0.12777, 0.133843, 0.132782, 0.125459, 0.113617, 0.102945, 0.09443, 0.083753], "mix_s_tot": 0.142826}}, "nldas": null}, "pdf": "figures/366.pdf"}