{"id": 367, "name": "California", "country": "United States of America", "level": "admin1", "continent": "North America", "metrics": {"solar_cf": 0.2176, "wind_cf": 0.1516, "solar_f_adj": 1.2471, "wind_f_adj": 1.6938, "mix_alpha": 0.15, "mix_f_adj": 1.5594, "solar_s_tot_pct": 21.8703, "wind_s_tot_pct": 17.965, "mix_s_tot_pct": 17.496, "solar_s_seasonal_pct": 20.6625, "solar_s_diurnal_pct": 1.2078, "wind_s_seasonal_pct": 16.8743, "wind_s_diurnal_pct": 1.0906, "solar_flaute_days": 0.875, "wind_flaute_days": 13.5, "solar_gap30d_max": 0.6939, "wind_gap30d_max": 0.8994, "solar_trend_pct_decade": 0.7617, "wind_trend_pct_decade": -22.4773}, "colocation": {"k": [0, 17, 35, 50], "storage_pct_cons": [17.496, 11.6401, 8.2334, 6.0101], "pick": ["base", "solar", "solar", "solar"], "usa_feasible": {"1pct": [true, true, true, true], "oilgas2x": [true, true, true, true], "oilgas_all": [true, true, true, true]}}, "datasets": {"gldas": {"series_norm": {"months": [1, 2, 3, 4, 5, 6, 7, 8, 9, 10, 11, 12], "demand": [1.0, 1.0, 1.0, 1.0, 1.0, 1.0, 1.0, 1.0, 1.0, 1.0, 1.0, 1.0], "solar_supply": [0.614015, 0.828727, 1.138366, 1.488776, 1.763111, 1.913457, 1.874494, 1.690405, 1.390534, 1.007077, 0.69313, 0.54221], "wind_supply": [1.501194, 1.837304, 2.030324, 2.216037, 2.219992, 2.058634, 1.589662, 1.391506, 1.321481, 1.365134, 1.273815, 1.536349], "mix_supply": [1.289894, 1.593181, 1.8023, 2.013347, 2.067895, 1.969826, 1.595532, 1.405942, 1.294903, 1.257144, 1.126801, 1.303936], "mix_storage": [0.124956, 0.123307, 0.135618, 0.150196, 0.162327, 0.17004, 0.17247, 0.170182, 0.164696, 0.155774, 0.141296, 0.127008], "mix_s_tot": 0.17496}, "series_real": {"months": [1, 2, 3, 4, 5, 6, 7, 8, 9, 10, 11, 12], "demand_TWh": [21.047193, 16.900571, 20.248402, 18.298623, 19.900383, 21.218601, 24.607654, 25.874602, 23.303328, 22.424205, 18.625487, 21.060651], "supply_TWh_nocap": [22.975584, 26.261707, 33.732081, 37.689291, 41.35673, 39.442503, 34.8885, 30.966779, 26.672368, 24.766846, 20.304696, 22.774623], "supply_TWh_1pct": [22.975584, 26.261707, 33.732081, 37.689291, 41.35673, 39.442503, 34.8885, 30.966779, 26.672368, 24.766846, 20.304696, 22.774623], "supply_TWh_oilgas2x": [22.975584, 26.261707, 33.732081, 37.689291, 41.35673, 39.442503, 34.8885, 30.966779, 26.672368, 24.766846, 20.304696, 22.774623], "supply_TWh_oilgas_all": [22.975584, 26.261707, 33.732081, 37.689291, 41.35673, 39.442503, 34.8885, 30.966779, 26.672368, 24.766846, 20.304696, 22.774623]}, "consumption_TWh": 253.369533}, "nldas": null}, "usa": {"annual_consumption_TWh": 253.369533, "state_land_km2": 409742.334048, "mix_solar_nameplate_GW": 66.401013, "mix_wind_nameplate_GW": 177.002625, "mix_capacity_TWh": 2132.215864, "mix_land_km2": 3983.393342, "mix_land_pct": 0.97217, "solar_land_pct": 1.341934, "wind_land_pct": 0.791151, "mix_storage_TWh": 46.606312, "caps": {"1pct": {"label": "1% of land (NREL)", "cap_pct": 1.0, "feasible": true, "storage_TWh": 46.606312, "supply_capped_TWh": null, "shortfall_TWh": 0.0}, "oilgas2x": {"label": "1.88% (2\u00d7 onshore oil & gas)", "cap_pct": 1.8800000000000001, "feasible": true, "storage_TWh": 46.606312, "supply_capped_TWh": null, "shortfall_TWh": 0.0}, "oilgas_all": {"label": "5% (all onshore oil & gas land)", "cap_pct": 5.0, "feasible": true, "storage_TWh": 46.606312, "supply_capped_TWh": null, "shortfall_TWh": 0.0}}}, "pdf": "figures/367.pdf"}