{"id": 367, "name": "California", "country": "United States of America", "level": "admin1", "continent": "North America", "metrics": {"solar_cf": 0.2176, "wind_cf": 0.1516, "solar_f_adj": 1.2471, "wind_f_adj": 1.6938, "mix_alpha": 0.15, "mix_f_adj": 1.5594, "solar_s_tot_pct": 21.8703, "wind_s_tot_pct": 17.965, "mix_s_tot_pct": 17.496, "solar_s_seasonal_pct": 20.6625, "solar_s_diurnal_pct": 1.2078, "wind_s_seasonal_pct": 16.8743, "wind_s_diurnal_pct": 1.0906, "solar_flaute_days": 0.875, "wind_flaute_days": 13.5, "solar_gap30d_max": 0.6939, "wind_gap30d_max": 0.8994, "solar_trend_pct_decade": 0.7617, "wind_trend_pct_decade": -22.4773}, "colocation": {"k": [0, 17, 35, 50], "storage_pct_cons": [17.496, 11.6401, 8.2334, 6.0101], "pick": ["base", "solar", "solar", "solar"], "usa_feasible": {"1pct": [true, true, true, true], "oilgas2x": [true, true, true, true], "oilgas_all": [true, true, true, true]}}, "datasets": {"gldas": {"series_norm": {"months": [1, 2, 3, 4, 5, 6, 7, 8, 9, 10, 11, 12], "demand": [1.0, 1.0, 1.0, 1.0, 1.0, 1.0, 1.0, 1.0, 1.0, 1.0, 1.0, 1.0], "solar_supply": [0.614015, 0.828727, 1.138366, 1.488776, 1.763111, 1.913457, 1.874494, 1.690405, 1.390534, 1.007077, 0.69313, 0.54221], "wind_supply": [1.501194, 1.837304, 2.030324, 2.216037, 2.219992, 2.058634, 1.589662, 1.391506, 1.321481, 1.365134, 1.273815, 1.536349], "mix_supply": [1.289894, 1.593181, 1.8023, 2.013347, 2.067895, 1.969826, 1.595532, 1.405942, 1.294903, 1.257144, 1.126801, 1.303936], "mix_storage": [0.124956, 0.123307, 0.135618, 0.150196, 0.162327, 0.17004, 0.17247, 0.170182, 0.164696, 0.155774, 0.141296, 0.127008], "mix_s_tot": 0.17496}, "series_real": {"months": [1, 2, 3, 4, 5, 6, 7, 8, 9, 10, 11, 12], "demand_TWh": [21.047193, 16.900571, 20.248402, 18.298623, 19.900383, 21.218601, 24.607654, 25.874602, 23.303328, 22.424205, 18.625487, 21.060651], "supply_TWh_nocap": [22.975584, 26.261707, 33.732081, 37.689291, 41.35673, 39.442503, 34.8885, 30.966779, 26.672368, 24.766846, 20.304696, 22.774623], "supply_TWh_1pct": [22.975584, 26.261707, 33.732081, 37.689291, 41.35673, 39.442503, 34.8885, 30.966779, 26.672368, 24.766846, 20.304696, 22.774623], "supply_TWh_oilgas2x": [22.975584, 26.261707, 33.732081, 37.689291, 41.35673, 39.442503, 34.8885, 30.966779, 26.672368, 24.766846, 20.304696, 22.774623], "supply_TWh_oilgas_all": [22.975584, 26.261707, 33.732081, 37.689291, 41.35673, 39.442503, 34.8885, 30.966779, 26.672368, 24.766846, 20.304696, 22.774623]}, "consumption_TWh": 253.369533}, "nldas": {"real": {"annual_consumption_TWh": 253.369533, "state_land_km2": 409742.334048, "mix_solar_nameplate_GW": 46.120817, "mix_wind_nameplate_GW": 102.230676, "mix_capacity_TWh": 1299.55908, "mix_land_km2": 2559.667339, "mix_land_pct": 0.624702, "solar_land_pct": 1.289373, "wind_land_pct": 0.374128, "caps": {"1pct": {"label": "1% of land (NREL)", "cap_pct": 1.0, "feasible": true, "storage_TWh": 33.546043, "supply_capped_TWh": null, "shortfall_TWh": 0.0}, "oilgas2x": {"label": "1.88% (2\u00d7 onshore oil & gas)", "cap_pct": 1.8800000000000001, "feasible": true, "storage_TWh": 33.546043, "supply_capped_TWh": null, "shortfall_TWh": 0.0}, "oilgas_all": {"label": "5% (all onshore oil & gas land)", "cap_pct": 5.0, "feasible": true, "storage_TWh": 33.546043, "supply_capped_TWh": null, "shortfall_TWh": 0.0}}}, "metrics": {"solar_cf": 0.225799, "wind_cf": 0.237692, "solar_f_adj": 1.237321, "wind_f_adj": 1.259783, "mix_alpha": 0.3, "mix_f_adj": 1.200183, "solar_s_tot_pct": 19.269386, "wind_s_tot_pct": 16.030213, "mix_s_tot_pct": 13.239967, "solar_s_seasonal_pct": 18.001726, "solar_s_diurnal_pct": 1.267659, "wind_s_seasonal_pct": 15.647903, "wind_s_diurnal_pct": 0.38231, "solar_flaute_days": 0.791667, "wind_flaute_days": 9.5, "solar_gap30d_max": 0.697896, "wind_gap30d_max": 0.680685, "solar_trend_pct_decade": -0.037989, "wind_trend_pct_decade": -0.02713}, "series_real": {"months": [1, 2, 3, 4, 5, 6, 7, 8, 9, 10, 11, 12], "demand_TWh": [21.057057, 16.900625, 20.25475, 18.301614, 19.903533, 21.218669, 24.61155, 25.878698, 23.303402, 22.427754, 18.631518, 21.067253], "supply_TWh_nocap": [21.63097, 23.878491, 29.277778, 30.832609, 32.132936, 30.181255, 26.215552, 24.858279, 22.476238, 21.782148, 19.367166, 21.680746], "supply_TWh_1pct": [21.63097, 23.878491, 29.277778, 30.832609, 32.132936, 30.181255, 26.215552, 24.858279, 22.476238, 21.782148, 19.367166, 21.680746], "supply_TWh_oilgas2x": [21.63097, 23.878491, 29.277778, 30.832609, 32.132936, 30.181255, 26.215552, 24.858279, 22.476238, 21.782148, 19.367166, 21.680746], "supply_TWh_oilgas_all": [21.63097, 23.878491, 29.277778, 30.832609, 32.132936, 30.181255, 26.215552, 24.858279, 22.476238, 21.782148, 19.367166, 21.680746]}, "series_norm": {"months": [1, 2, 3, 4, 5, 6, 7, 8, 9, 10, 11, 12], "demand": [0.978531, 0.861246, 0.941247, 0.878834, 0.924926, 1.018909, 1.14371, 1.202594, 1.119017, 1.042228, 0.894675, 0.979005], "solar_supply": [0.614302, 0.834326, 1.152761, 1.499985, 1.769635, 1.862612, 1.825363, 1.64287, 1.357682, 1.010719, 0.70064, 0.556676], "wind_supply": [1.23926, 1.460599, 1.537155, 1.565606, 1.466937, 1.360472, 1.030279, 1.015331, 1.025993, 1.076817, 1.088822, 1.267874], "mix_supply": [1.005201, 1.216834, 1.360551, 1.480565, 1.493232, 1.449287, 1.218248, 1.155175, 1.079297, 1.012226, 0.930001, 1.007514], "mix_storage": [0.057013, 0.060198, 0.079234, 0.103593, 0.121009, 0.128244, 0.125703, 0.111532, 0.095673, 0.080605, 0.068881, 0.059994], "mix_s_tot": 0.1324}, "consumption_TWh": 253.369533}}, "usa": {"annual_consumption_TWh": 253.369533, "state_land_km2": 409742.334048, "mix_solar_nameplate_GW": 66.401013, "mix_wind_nameplate_GW": 177.002625, "mix_capacity_TWh": 2132.215864, "mix_land_km2": 3983.393342, "mix_land_pct": 0.97217, "solar_land_pct": 1.341934, "wind_land_pct": 0.791151, "mix_storage_TWh": 46.606312, "caps": {"1pct": {"label": "1% of land (NREL)", "cap_pct": 1.0, "feasible": true, "storage_TWh": 46.606312, "supply_capped_TWh": null, "shortfall_TWh": 0.0}, "oilgas2x": {"label": "1.88% (2\u00d7 onshore oil & gas)", "cap_pct": 1.8800000000000001, "feasible": true, "storage_TWh": 46.606312, "supply_capped_TWh": null, "shortfall_TWh": 0.0}, "oilgas_all": {"label": "5% (all onshore oil & gas land)", "cap_pct": 5.0, "feasible": true, "storage_TWh": 46.606312, "supply_capped_TWh": null, "shortfall_TWh": 0.0}}}, "siting": {"scenarios": [{"key": "today", "label": "1.00\u00d7 \u2014 today (EIA)", "land_pct": 0.117, "solar_share": 0.0, "feasible": {"1pct": true, "oilgas2x": true, "oilgas_all": true}}, {"key": "2030ref", "label": "1.14\u00d7 \u2014 2030 reference (Goldman)", "land_pct": 0.1342, "solar_share": 0.0, "feasible": {"1pct": true, "oilgas2x": true, "oilgas_all": true}}, {"key": "2030hi", "label": "1.25\u00d7 \u2014 2030 high-AI (EPRI)", "land_pct": 0.1477, "solar_share": 0.0, "feasible": {"1pct": true, "oilgas2x": true, "oilgas_all": true}}], "land_pct_today": 0.117}, "pdf": "figures/367.pdf"}