{"id": 368, "name": "New Mexico", "country": "United States of America", "level": "admin1", "continent": "North America", "metrics": {"solar_cf": 0.2232, "wind_cf": 0.271, "solar_f_adj": 1.2495, "wind_f_adj": 1.9541, "mix_alpha": 0.55, "mix_f_adj": 1.4163, "solar_s_tot_pct": 19.0359, "wind_s_tot_pct": 22.0027, "mix_s_tot_pct": 16.1101, "solar_s_seasonal_pct": 17.9919, "solar_s_diurnal_pct": 1.044, "wind_s_seasonal_pct": 20.4581, "wind_s_diurnal_pct": 1.5446, "solar_flaute_days": 0.75, "wind_flaute_days": 8.75, "solar_gap30d_max": 0.6651, "wind_gap30d_max": 0.8802, "solar_trend_pct_decade": 0.5348, "wind_trend_pct_decade": 30.7849}, "colocation": {"k": [0, 17, 35, 50], "storage_pct_cons": [16.1101, 10.0816, 4.7441, 2.0517], "pick": ["base", "wind", "wind", "wind"], "usa_feasible": {"1pct": [true, true, true, true], "oilgas2x": [true, true, true, true], "oilgas_all": [true, true, true, true]}}, "datasets": {"gldas": {"series_norm": {"months": [1, 2, 3, 4, 5, 6, 7, 8, 9, 10, 11, 12], "demand": [1.0, 1.0, 1.0, 1.0, 1.0, 1.0, 1.0, 1.0, 1.0, 1.0, 1.0, 1.0], "solar_supply": [0.733106, 0.940653, 1.224174, 1.557902, 1.75935, 1.800139, 1.64414, 1.498423, 1.319677, 1.051968, 0.794688, 0.657482], "wind_supply": [1.688935, 2.13575, 2.520719, 2.927622, 2.613764, 2.232498, 1.415954, 1.211272, 1.474835, 1.749872, 1.751032, 1.760694], "mix_supply": [1.007885, 1.283004, 1.585315, 1.926079, 1.949297, 1.850373, 1.486801, 1.329201, 1.303731, 1.226542, 1.066529, 0.984144], "mix_storage": [0.101492, 0.095997, 0.103055, 0.118485, 0.13825, 0.149885, 0.151705, 0.1488, 0.14524, 0.140818, 0.131157, 0.115849], "mix_s_tot": 0.161101}, "series_real": {"months": [1, 2, 3, 4, 5, 6, 7, 8, 9, 10, 11, 12], "demand_TWh": [1.951617, 1.611261, 1.8009, 1.70355, 1.883704, 2.034253, 2.308446, 2.310071, 2.025363, 1.915488, 1.765701, 1.96153], "supply_TWh_nocap": [1.541495, 1.800841, 2.535999, 3.088877, 3.515665, 3.426752, 3.153602, 2.863935, 2.492032, 2.126138, 1.607402, 1.41428], "supply_TWh_1pct": [1.541495, 1.800841, 2.535999, 3.088877, 3.515665, 3.426752, 3.153602, 2.863935, 2.492032, 2.126138, 1.607402, 1.41428], "supply_TWh_oilgas2x": [1.541495, 1.800841, 2.535999, 3.088877, 3.515665, 3.426752, 3.153602, 2.863935, 2.492032, 2.126138, 1.607402, 1.41428], "supply_TWh_oilgas_all": [1.541495, 1.800841, 2.535999, 3.088877, 3.515665, 3.426752, 3.153602, 2.863935, 2.492032, 2.126138, 1.607402, 1.41428]}, "consumption_TWh": 23.259017}, "nldas": {"real": {"annual_consumption_TWh": 23.259017, "state_land_km2": 315076.488533, "mix_solar_nameplate_GW": 7.206542, "mix_wind_nameplate_GW": 5.717702, "mix_capacity_TWh": 113.216382, "mix_land_km2": 297.395098, "mix_land_pct": 0.094388, "solar_land_pct": 0.155378, "wind_land_pct": 0.03929, "caps": {"1pct": {"label": "1% of land (NREL)", "cap_pct": 1.0, "feasible": true, "storage_TWh": 2.959538, "supply_capped_TWh": null, "shortfall_TWh": 0.0}, "oilgas2x": {"label": "1.88% (2\u00d7 onshore oil & gas)", "cap_pct": 1.8800000000000001, "feasible": true, "storage_TWh": 2.959538, "supply_capped_TWh": null, "shortfall_TWh": 0.0}, "oilgas_all": {"label": "5% (all onshore oil & gas land)", "cap_pct": 5.0, "feasible": true, "storage_TWh": 2.959538, "supply_capped_TWh": null, "shortfall_TWh": 0.0}}}, "metrics": {"solar_cf": 0.223191, "wind_cf": 0.281308, "solar_f_adj": 1.234575, "wind_f_adj": 1.311562, "mix_alpha": 0.5, "mix_f_adj": 1.211564, "solar_s_tot_pct": 15.707304, "wind_s_tot_pct": 20.154037, "mix_s_tot_pct": 12.724259, "solar_s_seasonal_pct": 14.365237, "solar_s_diurnal_pct": 1.342068, "wind_s_seasonal_pct": 20.055916, "wind_s_diurnal_pct": 0.098121, "solar_flaute_days": 0.708333, "wind_flaute_days": 5.166667, "solar_gap30d_max": 0.66703, "wind_gap30d_max": 0.697895, "solar_trend_pct_decade": -0.078501, "wind_trend_pct_decade": -0.541199}, "series_real": {"months": [1, 2, 3, 4, 5, 6, 7, 8, 9, 10, 11, 12], "demand_TWh": [1.952531, 1.611266, 1.801464, 1.703828, 1.884002, 2.034259, 2.308811, 2.310436, 2.025369, 1.915791, 1.766272, 1.962144], "supply_TWh_nocap": [1.831632, 2.137285, 2.795196, 3.151702, 3.201189, 2.834037, 2.236226, 2.088891, 2.074353, 2.169728, 1.861862, 1.81848], "supply_TWh_1pct": [1.831632, 2.137285, 2.795196, 3.151702, 3.201189, 2.834037, 2.236226, 2.088891, 2.074353, 2.169728, 1.861862, 1.81848], "supply_TWh_oilgas2x": [1.831632, 2.137285, 2.795196, 3.151702, 3.201189, 2.834037, 2.236226, 2.088891, 2.074353, 2.169728, 1.861862, 1.81848], "supply_TWh_oilgas_all": [1.831632, 2.137285, 2.795196, 3.151702, 3.201189, 2.834037, 2.236226, 2.088891, 2.074353, 2.169728, 1.861862, 1.81848]}, "series_norm": {"months": [1, 2, 3, 4, 5, 6, 7, 8, 9, 10, 11, 12], "demand": [0.988411, 0.894447, 0.911938, 0.891263, 0.95372, 1.06411, 1.168768, 1.169591, 1.05946, 0.969813, 0.923928, 0.993278], "solar_supply": [0.737573, 0.938319, 1.223574, 1.520425, 1.747924, 1.764226, 1.596563, 1.480122, 1.272717, 1.044335, 0.79755, 0.678909], "wind_supply": [1.223908, 1.571921, 1.763671, 1.954183, 1.651594, 1.335411, 0.754789, 0.717012, 0.9972, 1.268571, 1.261344, 1.271816], "mix_supply": [0.92721, 1.186452, 1.414986, 1.648638, 1.620508, 1.482469, 1.132024, 1.05744, 1.085083, 1.098361, 0.97393, 0.920552], "mix_storage": [0.039141, 0.03628, 0.058983, 0.09588, 0.119733, 0.123699, 0.114866, 0.091626, 0.073428, 0.068919, 0.064681, 0.051863], "mix_s_tot": 0.127243}, "consumption_TWh": 23.259017}}, "usa": {"annual_consumption_TWh": 23.259017, "state_land_km2": 315076.488533, "mix_solar_nameplate_GW": 13.602234, "mix_wind_nameplate_GW": 1.24478, "mix_capacity_TWh": 130.059843, "mix_land_km2": 465.8556, "mix_land_pct": 0.147855, "solar_land_pct": 0.156533, "wind_land_pct": 0.061035, "mix_storage_TWh": 3.514251, "caps": {"1pct": {"label": "1% of land (NREL)", "cap_pct": 1.0, "feasible": true, "storage_TWh": 3.514251, "supply_capped_TWh": null, "shortfall_TWh": 0.0}, "oilgas2x": {"label": "1.88% (2\u00d7 onshore oil & gas)", "cap_pct": 1.8800000000000001, "feasible": true, "storage_TWh": 3.514251, "supply_capped_TWh": null, "shortfall_TWh": 0.0}, "oilgas_all": {"label": "5% (all onshore oil & gas land)", "cap_pct": 5.0, "feasible": true, "storage_TWh": 3.514251, "supply_capped_TWh": null, "shortfall_TWh": 0.0}}}, "siting": {"scenarios": [{"key": "today", "label": "1.00\u00d7 \u2014 today (EIA)", "land_pct": 0.0183, "solar_share": 0.0, "feasible": {"1pct": true, "oilgas2x": true, "oilgas_all": true}}, {"key": "2030ref", "label": "1.14\u00d7 \u2014 2030 reference (Goldman)", "land_pct": 0.0208, "solar_share": 0.0, "feasible": {"1pct": true, "oilgas2x": true, "oilgas_all": true}}, {"key": "2030hi", "label": "1.25\u00d7 \u2014 2030 high-AI (EPRI)", "land_pct": 0.0228, "solar_share": 0.0, "feasible": {"1pct": true, "oilgas2x": true, "oilgas_all": true}}], "land_pct_today": 0.0183}, "pdf": "figures/368.pdf"}