{"id": 369, "name": "Chihuahua", "country": "Mexico", "level": "admin1", "continent": "North America", "metrics": {"solar_cf": 0.2421, "wind_cf": 0.1926, "solar_f_adj": 1.2459, "wind_f_adj": 1.765, "mix_alpha": 0.9, "mix_f_adj": 1.2578, "solar_s_tot_pct": 14.8328, "wind_s_tot_pct": 29.1596, "mix_s_tot_pct": 12.7126, "solar_s_seasonal_pct": 12.4576, "solar_s_diurnal_pct": 2.3752, "wind_s_seasonal_pct": 28.7759, "wind_s_diurnal_pct": 0.3838, "solar_flaute_days": 1.75, "wind_flaute_days": 9.875, "solar_gap30d_max": 0.6363, "wind_gap30d_max": 0.8993, "solar_trend_pct_decade": 1.6892, "wind_trend_pct_decade": 14.1316}, "colocation": {"k": [0, 17, 35, 50], "storage_pct_cons": [12.7126, 5.097, 1.7954, 1.3547], "pick": ["base", "wind", "wind", "wind"]}, "datasets": {"gldas": {"series_norm": {"months": [1, 2, 3, 4, 5, 6, 7, 8, 9, 10, 11, 12], "demand": [1.0, 1.0, 1.0, 1.0, 1.0, 1.0, 1.0, 1.0, 1.0, 1.0, 1.0, 1.0], "solar_supply": [0.8445, 1.037086, 1.29668, 1.54311, 1.689958, 1.614862, 1.46063, 1.389758, 1.255926, 1.115417, 0.906525, 0.788324], "wind_supply": [1.622535, 2.188303, 2.692307, 2.924041, 2.610226, 1.77166, 1.224415, 0.960833, 1.057261, 1.226098, 1.399762, 1.543195], "mix_supply": [0.882972, 1.098282, 1.370076, 1.610506, 1.721573, 1.593578, 1.414438, 1.331257, 1.216525, 1.100885, 0.923454, 0.826275], "mix_storage": [0.033765, 0.015884, 0.018342, 0.041924, 0.078468, 0.108616, 0.116869, 0.117794, 0.11561, 0.108562, 0.090899, 0.061217], "mix_s_tot": 0.127126}}, "nldas": null}, "pdf": "figures/369.pdf"}