{"id": 37, "name": "Lithuania", "country": "Lithuania", "level": "admin0", "continent": "Europe", "metrics": {"solar_cf": 0.1213, "wind_cf": 0.3069, "solar_f_adj": 1.4312, "wind_f_adj": 1.3988, "mix_alpha": 0.3, "mix_f_adj": 1.2518, "solar_s_tot_pct": 36.571, "wind_s_tot_pct": 20.1626, "mix_s_tot_pct": 7.7303, "solar_s_seasonal_pct": 36.0483, "solar_s_diurnal_pct": 0.5227, "wind_s_seasonal_pct": 19.1353, "wind_s_diurnal_pct": 1.0273, "solar_flaute_days": 18.875, "wind_flaute_days": 6.875, "solar_gap30d_max": 0.9104, "wind_gap30d_max": 0.7113, "solar_trend_pct_decade": 0.1234, "wind_trend_pct_decade": 5.4786}, "colocation": {"k": [0, 17, 35, 50], "storage_pct_cons": [7.7303, 3.1326, 2.6712, 2.6712], "pick": ["base", "wind", "wind", "wind"]}, "datasets": {"gldas": {"series_norm": {"months": [1, 2, 3, 4, 5, 6, 7, 8, 9, 10, 11, 12], "demand": [1.0, 1.0, 1.0, 1.0, 1.0, 1.0, 1.0, 1.0, 1.0, 1.0, 1.0, 1.0], "solar_supply": [0.309601, 0.630335, 1.228279, 1.955207, 2.613819, 2.797824, 2.664011, 2.199402, 1.476018, 0.721516, 0.31398, 0.218878], "wind_supply": [1.872192, 1.681602, 1.531864, 1.321262, 1.138024, 1.053362, 0.971223, 0.978776, 1.194147, 1.589482, 1.626752, 1.839325], "mix_supply": [1.254069, 1.218838, 1.281941, 1.340762, 1.398799, 1.394047, 1.307478, 1.190292, 1.135388, 1.185056, 1.101463, 1.209673], "mix_storage": [0.058379, 0.055537, 0.055768, 0.059887, 0.065628, 0.071239, 0.07266, 0.071032, 0.066384, 0.062666, 0.058106, 0.055118], "mix_s_tot": 0.077303}}, "nldas": null}, "pdf": "figures/37.pdf"}