{"id": 370, "name": "Texas", "country": "United States of America", "level": "admin1", "continent": "North America", "metrics": {"solar_cf": 0.2075, "wind_cf": 0.3598, "solar_f_adj": 1.2829, "wind_f_adj": 1.4754, "mix_alpha": 0.3, "mix_f_adj": 1.3583, "solar_s_tot_pct": 18.9017, "wind_s_tot_pct": 12.9891, "mix_s_tot_pct": 7.934, "solar_s_seasonal_pct": 17.8396, "solar_s_diurnal_pct": 1.0621, "wind_s_seasonal_pct": 12.8752, "wind_s_diurnal_pct": 0.1138, "solar_flaute_days": 1.75, "wind_flaute_days": 7.0, "solar_gap30d_max": 0.665, "wind_gap30d_max": 0.7028, "solar_trend_pct_decade": 1.8976, "wind_trend_pct_decade": 17.5331}, "colocation": {"k": [0, 17, 35, 50], "storage_pct_cons": [7.934, 2.551, 0.9847, 0.7723], "pick": ["base", "solar", "solar", "solar"], "usa_feasible": {"1pct": [true, true, true, true], "oilgas2x": [true, true, true, true], "oilgas_all": [true, true, true, true]}}, "datasets": {"gldas": {"series_norm": {"months": [1, 2, 3, 4, 5, 6, 7, 8, 9, 10, 11, 12], "demand": [1.0, 1.0, 1.0, 1.0, 1.0, 1.0, 1.0, 1.0, 1.0, 1.0, 1.0, 1.0], "solar_supply": [0.783768, 0.957628, 1.228185, 1.497935, 1.664318, 1.789563, 1.757703, 1.62812, 1.390995, 1.113985, 0.848805, 0.717885], "wind_supply": [1.451939, 1.638204, 1.790131, 1.962509, 1.759657, 1.531795, 1.257714, 1.079567, 1.037592, 1.336362, 1.447879, 1.428314], "mix_supply": [1.184636, 1.359895, 1.543738, 1.740505, 1.662626, 1.555562, 1.368813, 1.212849, 1.110482, 1.215037, 1.202677, 1.148484], "mix_storage": [0.055899, 0.057468, 0.0641, 0.074202, 0.078167, 0.078346, 0.077118, 0.073616, 0.065632, 0.060479, 0.058333, 0.056613], "mix_s_tot": 0.07934}, "series_real": {"months": [1, 2, 3, 4, 5, 6, 7, 8, 9, 10, 11, 12], "demand_TWh": [31.689171, 26.162854, 28.578393, 27.14219, 31.077644, 34.947016, 39.92049, 41.146759, 36.576446, 33.176507, 27.463399, 29.991499], "supply_TWh_nocap": [36.802611, 38.803051, 48.981615, 53.989379, 54.439131, 50.402805, 46.721619, 41.745233, 36.52073, 39.281528, 36.41535, 35.479021], "supply_TWh_1pct": [36.802611, 38.803051, 48.981615, 53.989379, 54.439131, 50.402805, 46.721619, 41.745233, 36.52073, 39.281528, 36.41535, 35.479021], "supply_TWh_oilgas2x": [36.802611, 38.803051, 48.981615, 53.989379, 54.439131, 50.402805, 46.721619, 41.745233, 36.52073, 39.281528, 36.41535, 35.479021], "supply_TWh_oilgas_all": [36.802611, 38.803051, 48.981615, 53.989379, 54.439131, 50.402805, 46.721619, 41.745233, 36.52073, 39.281528, 36.41535, 35.479021]}, "consumption_TWh": 387.657911}, "nldas": {"real": {"annual_consumption_TWh": 387.657911, "state_land_km2": 685340.742127, "mix_solar_nameplate_GW": 72.907897, "mix_wind_nameplate_GW": 99.364137, "mix_capacity_TWh": 1509.103018, "mix_land_km2": 3423.904608, "mix_land_pct": 0.499592, "solar_land_pct": 1.248761, "wind_land_pct": 0.211852, "caps": {"1pct": {"label": "1% of land (NREL)", "cap_pct": 1.0, "feasible": true, "storage_TWh": 34.755482, "supply_capped_TWh": null, "shortfall_TWh": 0.0}, "oilgas2x": {"label": "1.88% (2\u00d7 onshore oil & gas)", "cap_pct": 1.8800000000000001, "feasible": true, "storage_TWh": 34.755482, "supply_capped_TWh": null, "shortfall_TWh": 0.0}, "oilgas_all": {"label": "5% (all onshore oil & gas land)", "cap_pct": 5.0, "feasible": true, "storage_TWh": 34.755482, "supply_capped_TWh": null, "shortfall_TWh": 0.0}}}, "metrics": {"solar_cf": 0.216251, "wind_cf": 0.370237, "solar_f_adj": 1.254645, "wind_f_adj": 1.214715, "mix_alpha": 0.3, "mix_f_adj": 1.187591, "solar_s_tot_pct": 15.052248, "wind_s_tot_pct": 13.369418, "mix_s_tot_pct": 8.965503, "solar_s_seasonal_pct": 12.578394, "solar_s_diurnal_pct": 2.473854, "wind_s_seasonal_pct": 13.152806, "wind_s_diurnal_pct": 0.216612, "solar_flaute_days": 0.75, "wind_flaute_days": 7.041667, "solar_gap30d_max": 0.668453, "wind_gap30d_max": 0.516985, "solar_trend_pct_decade": 0.923399, "wind_trend_pct_decade": 0.45387}, "series_real": {"months": [1, 2, 3, 4, 5, 6, 7, 8, 9, 10, 11, 12], "demand_TWh": [31.704156, 26.163048, 28.587471, 27.146741, 31.082694, 34.947275, 39.926977, 41.153445, 36.576717, 33.181898, 27.472407, 30.001026], "supply_TWh_nocap": [32.209404, 34.304136, 43.168168, 47.880804, 48.613792, 45.372403, 41.81172, 37.556312, 32.068033, 34.6906, 31.622652, 31.420793], "supply_TWh_1pct": [32.209404, 34.304136, 43.168168, 47.880804, 48.613792, 45.372403, 41.81172, 37.556312, 32.068033, 34.6906, 31.622652, 31.420793], "supply_TWh_oilgas2x": [32.209404, 34.304136, 43.168168, 47.880804, 48.613792, 45.372403, 41.81172, 37.556312, 32.068033, 34.6906, 31.622652, 31.420793], "supply_TWh_oilgas_all": [32.209404, 34.304136, 43.168168, 47.880804, 48.613792, 45.372403, 41.81172, 37.556312, 32.068033, 34.6906, 31.622652, 31.420793]}, "series_norm": {"months": [1, 2, 3, 4, 5, 6, 7, 8, 9, 10, 11, 12], "demand": [0.962939, 0.871402, 0.868277, 0.852002, 0.944063, 1.096822, 1.212688, 1.249939, 1.147962, 1.007822, 0.862223, 0.91121], "solar_supply": [0.741382, 0.940711, 1.188184, 1.456888, 1.640259, 1.768412, 1.773534, 1.59208, 1.352686, 1.079553, 0.788362, 0.71725], "wind_supply": [1.121845, 1.279167, 1.422808, 1.591295, 1.476907, 1.346999, 1.119727, 1.006161, 0.909361, 1.091644, 1.123092, 1.096859], "mix_supply": [0.978285, 1.142554, 1.311131, 1.502742, 1.476529, 1.424016, 1.269932, 1.140684, 1.006457, 1.053645, 0.992479, 0.954332], "mix_storage": [0.029178, 0.03166, 0.051757, 0.077854, 0.087373, 0.087917, 0.082835, 0.069156, 0.046639, 0.032151, 0.032, 0.031136], "mix_s_tot": 0.089655}, "consumption_TWh": 387.657911}}, "usa": {"annual_consumption_TWh": 387.657911, "state_land_km2": 685340.742127, "mix_solar_nameplate_GW": 114.277722, "mix_wind_nameplate_GW": 98.857534, "mix_capacity_TWh": 1867.064844, "mix_land_km2": 4797.832736, "mix_land_pct": 0.700065, "solar_land_pct": 1.320465, "wind_land_pct": 0.26706, "mix_storage_TWh": 38.906123, "caps": {"1pct": {"label": "1% of land (NREL)", "cap_pct": 1.0, "feasible": true, "storage_TWh": 38.906123, "supply_capped_TWh": null, "shortfall_TWh": 0.0}, "oilgas2x": {"label": "1.88% (2\u00d7 onshore oil & gas)", "cap_pct": 1.8800000000000001, "feasible": true, "storage_TWh": 38.906123, "supply_capped_TWh": null, "shortfall_TWh": 0.0}, "oilgas_all": {"label": "5% (all onshore oil & gas land)", "cap_pct": 5.0, "feasible": true, "storage_TWh": 38.906123, "supply_capped_TWh": null, "shortfall_TWh": 0.0}}}, "pdf": "figures/370.pdf"}