{"id": 371, "name": "Coahuila", "country": "Mexico", "level": "admin1", "continent": "North America", "metrics": {"solar_cf": 0.2314, "wind_cf": 0.2142, "solar_f_adj": 1.284, "wind_f_adj": 1.59, "mix_alpha": 0.75, "mix_f_adj": 1.2788, "solar_s_tot_pct": 14.1179, "wind_s_tot_pct": 27.8405, "mix_s_tot_pct": 12.9248, "solar_s_seasonal_pct": 13.0266, "solar_s_diurnal_pct": 1.0913, "wind_s_seasonal_pct": 26.921, "wind_s_diurnal_pct": 0.9196, "solar_flaute_days": 1.625, "wind_flaute_days": 6.25, "solar_gap30d_max": 0.6408, "wind_gap30d_max": 0.7675, "solar_trend_pct_decade": 3.7309, "wind_trend_pct_decade": 6.339}, "colocation": {"k": [0, 17, 35, 50], "storage_pct_cons": [12.9248, 6.7449, 3.1533, 1.6871], "pick": ["base", "wind", "wind", "wind"]}, "datasets": {"gldas": {"series_norm": {"months": [1, 2, 3, 4, 5, 6, 7, 8, 9, 10, 11, 12], "demand": [1.0, 1.0, 1.0, 1.0, 1.0, 1.0, 1.0, 1.0, 1.0, 1.0, 1.0, 1.0], "solar_supply": [0.875266, 1.075544, 1.311445, 1.518517, 1.640464, 1.669558, 1.578908, 1.511177, 1.299443, 1.145607, 0.943402, 0.829684], "wind_supply": [1.16543, 1.433327, 1.849006, 2.072585, 1.997811, 2.142139, 1.942643, 1.758257, 1.400362, 1.21291, 1.052818, 1.048119], "mix_supply": [0.888118, 1.091582, 1.35137, 1.550999, 1.627052, 1.677805, 1.56998, 1.482313, 1.252195, 1.099596, 0.916369, 0.830482], "mix_storage": [0.045434, 0.02922, 0.03293, 0.055606, 0.086581, 0.11266, 0.121857, 0.124515, 0.121903, 0.115889, 0.098795, 0.070603], "mix_s_tot": 0.129248}}, "nldas": null}, "pdf": "figures/371.pdf"}