{"id": 372, "name": "Tamaulipas", "country": "Mexico", "level": "admin1", "continent": "North America", "metrics": {"solar_cf": 0.2211, "wind_cf": 0.3222, "solar_f_adj": 1.2763, "wind_f_adj": 1.3479, "mix_alpha": 0.55, "mix_f_adj": 1.2619, "solar_s_tot_pct": 14.7952, "wind_s_tot_pct": 18.9606, "mix_s_tot_pct": 11.8349, "solar_s_seasonal_pct": 14.1204, "solar_s_diurnal_pct": 0.6748, "wind_s_seasonal_pct": 18.3498, "wind_s_diurnal_pct": 0.6108, "solar_flaute_days": 1.75, "wind_flaute_days": 5.875, "solar_gap30d_max": 0.6512, "wind_gap30d_max": 0.7423, "solar_trend_pct_decade": 3.7381, "wind_trend_pct_decade": -5.2967}, "colocation": {"k": [0, 17, 35, 50], "storage_pct_cons": [11.8349, 5.5283, 2.8695, 2.0314], "pick": ["base", "wind", "solar", "solar"]}, "datasets": {"gldas": {"series_norm": {"months": [1, 2, 3, 4, 5, 6, 7, 8, 9, 10, 11, 12], "demand": [1.0, 1.0, 1.0, 1.0, 1.0, 1.0, 1.0, 1.0, 1.0, 1.0, 1.0, 1.0], "solar_supply": [0.868829, 1.060764, 1.280082, 1.441313, 1.577776, 1.623273, 1.600771, 1.556967, 1.318805, 1.173285, 0.959714, 0.842831], "wind_supply": [1.228001, 1.444076, 1.659753, 1.824238, 1.764116, 1.459951, 1.523109, 1.178183, 0.84333, 0.953983, 1.12504, 1.175033], "mix_supply": [0.989824, 1.185231, 1.39536, 1.552335, 1.601213, 1.49781, 1.512182, 1.343043, 1.072458, 1.039943, 0.99587, 0.953371], "mix_storage": [0.053716, 0.046897, 0.05795, 0.080423, 0.100787, 0.111471, 0.115379, 0.115067, 0.106898, 0.094536, 0.082192, 0.065735], "mix_s_tot": 0.118349}}, "nldas": null}, "pdf": "figures/372.pdf"}