{"id": 373, "name": "Nuevo Le\u00f3n", "country": "Mexico", "level": "admin1", "continent": "North America", "metrics": {"solar_cf": 0.2244, "wind_cf": 0.2676, "solar_f_adj": 1.282, "wind_f_adj": 1.4692, "mix_alpha": 0.85, "mix_f_adj": 1.2723, "solar_s_tot_pct": 14.628, "wind_s_tot_pct": 23.6427, "mix_s_tot_pct": 13.7084, "solar_s_seasonal_pct": 13.942, "solar_s_diurnal_pct": 0.686, "wind_s_seasonal_pct": 23.1075, "wind_s_diurnal_pct": 0.5352, "solar_flaute_days": 1.75, "wind_flaute_days": 5.875, "solar_gap30d_max": 0.6428, "wind_gap30d_max": 0.7671, "solar_trend_pct_decade": 4.0974, "wind_trend_pct_decade": -3.1761}, "colocation": {"k": [0, 17, 35, 50], "storage_pct_cons": [13.7084, 7.7965, 3.2791, 1.7583], "pick": ["base", "wind", "wind", "wind"]}, "datasets": {"gldas": {"series_norm": {"months": [1, 2, 3, 4, 5, 6, 7, 8, 9, 10, 11, 12], "demand": [1.0, 1.0, 1.0, 1.0, 1.0, 1.0, 1.0, 1.0, 1.0, 1.0, 1.0, 1.0], "solar_supply": [0.882378, 1.076018, 1.304497, 1.456486, 1.581986, 1.648743, 1.598721, 1.558354, 1.309319, 1.157543, 0.952481, 0.847354], "wind_supply": [1.128344, 1.342791, 1.700636, 1.929504, 1.935391, 1.946318, 1.9366, 1.580609, 1.002115, 1.048475, 1.037358, 1.032235], "mix_supply": [0.890883, 1.082081, 1.321293, 1.47923, 1.585858, 1.64359, 1.600132, 1.519839, 1.234625, 1.112619, 0.938199, 0.848855], "mix_storage": [0.054514, 0.036643, 0.038051, 0.055522, 0.081303, 0.108777, 0.126487, 0.132689, 0.130469, 0.123515, 0.107561, 0.080032], "mix_s_tot": 0.137084}}, "nldas": null}, "pdf": "figures/373.pdf"}