{"id": 374, "name": "Quintana Roo", "country": "Mexico", "level": "admin1", "continent": "North America", "metrics": {"solar_cf": 0.2179, "wind_cf": 0.083, "solar_f_adj": 1.2756, "wind_f_adj": 2.1446, "mix_alpha": 0.95, "mix_f_adj": 1.2758, "solar_s_tot_pct": 9.1952, "wind_s_tot_pct": 39.0624, "mix_s_tot_pct": 9.0444, "solar_s_seasonal_pct": 8.3212, "solar_s_diurnal_pct": 0.874, "wind_s_seasonal_pct": 38.2466, "wind_s_diurnal_pct": 0.8158, "solar_flaute_days": 1.625, "wind_flaute_days": 14.875, "solar_gap30d_max": 0.6138, "wind_gap30d_max": 0.9548, "solar_trend_pct_decade": -0.4772, "wind_trend_pct_decade": -16.1349}, "colocation": {"k": [0, 17, 35, 50], "storage_pct_cons": [9.0444, 4.4641, 1.35, 0.9624], "pick": ["base", "wind", "wind", "wind"]}, "datasets": {"gldas": {"series_norm": {"months": [1, 2, 3, 4, 5, 6, 7, 8, 9, 10, 11, 12], "demand": [1.0, 1.0, 1.0, 1.0, 1.0, 1.0, 1.0, 1.0, 1.0, 1.0, 1.0, 1.0], "solar_supply": [1.00804, 1.19765, 1.391287, 1.541024, 1.503855, 1.365208, 1.471394, 1.406495, 1.26687, 1.1455, 1.041379, 0.964892], "wind_supply": [2.304598, 2.618066, 3.40917, 3.479498, 2.919489, 2.361379, 1.598246, 1.338066, 1.036666, 1.403505, 1.554322, 1.749229], "mix_supply": [1.026366, 1.215852, 1.423373, 1.567741, 1.515767, 1.367427, 1.445623, 1.376218, 1.234585, 1.130174, 1.035726, 0.968847], "mix_storage": [0.034921, 0.02736, 0.035882, 0.056197, 0.073222, 0.079651, 0.085223, 0.087563, 0.085766, 0.080034, 0.068726, 0.051229], "mix_s_tot": 0.090444}}, "nldas": null}, "pdf": "figures/374.pdf"}