{"id": 375, "name": "Campeche", "country": "Mexico", "level": "admin1", "continent": "North America", "metrics": {"solar_cf": 0.2308, "wind_cf": 0.0489, "solar_f_adj": 1.2725, "wind_f_adj": 1.8566, "mix_alpha": 1.0, "mix_f_adj": 1.2725, "solar_s_tot_pct": 8.607, "wind_s_tot_pct": 47.1943, "mix_s_tot_pct": 8.607, "solar_s_seasonal_pct": 7.7749, "solar_s_diurnal_pct": 0.8322, "wind_s_seasonal_pct": 45.8007, "wind_s_diurnal_pct": 1.3936, "solar_flaute_days": 1.75, "wind_flaute_days": 18.875, "solar_gap30d_max": 0.6202, "wind_gap30d_max": 0.9815, "solar_trend_pct_decade": -0.0151, "wind_trend_pct_decade": 19.8798}, "colocation": {"k": [0, 17, 35, 50], "storage_pct_cons": [8.607, 5.8354, 1.6756, 1.2704], "pick": ["base", "wind", "wind", "wind"]}, "datasets": {"gldas": {"series_norm": {"months": [1, 2, 3, 4, 5, 6, 7, 8, 9, 10, 11, 12], "demand": [1.0, 1.0, 1.0, 1.0, 1.0, 1.0, 1.0, 1.0, 1.0, 1.0, 1.0, 1.0], "solar_supply": [1.00647, 1.198427, 1.398031, 1.530168, 1.474852, 1.35654, 1.446667, 1.404684, 1.278303, 1.152143, 1.05548, 0.965762], "wind_supply": [1.666465, 2.344482, 2.935977, 3.454468, 2.826481, 2.240892, 1.950216, 1.35617, 0.698692, 0.863034, 0.861444, 1.117961], "mix_supply": [1.00647, 1.198427, 1.398031, 1.530168, 1.474852, 1.35654, 1.446667, 1.404684, 1.278303, 1.152143, 1.05548, 0.965762], "mix_storage": [0.033255, 0.024138, 0.030894, 0.049119, 0.067184, 0.075403, 0.081241, 0.083609, 0.082822, 0.078023, 0.068197, 0.051183], "mix_s_tot": 0.08607}}, "nldas": null}, "pdf": "figures/375.pdf"}