{"id": 376, "name": "Tabasco", "country": "Mexico", "level": "admin1", "continent": "North America", "metrics": {"solar_cf": 0.2213, "wind_cf": 0.065, "solar_f_adj": 1.2653, "wind_f_adj": 11.5234, "mix_alpha": 0.2, "mix_f_adj": 3.9993, "solar_s_tot_pct": 10.8616, "wind_s_tot_pct": 24.2466, "mix_s_tot_pct": 10.6571, "solar_s_seasonal_pct": 10.1903, "solar_s_diurnal_pct": 0.6713, "wind_s_seasonal_pct": 23.4441, "wind_s_diurnal_pct": 0.8025, "solar_flaute_days": 1.75, "wind_flaute_days": 47.625, "solar_gap30d_max": 0.6327, "wind_gap30d_max": 0.996, "solar_trend_pct_decade": 0.7631, "wind_trend_pct_decade": 52.0085}, "colocation": {"k": [0, 17, 35, 50], "storage_pct_cons": [10.6571, 3.2375, 1.4294, 0.8202], "pick": ["base", "wind", "solar", "solar"]}, "datasets": {"gldas": {"series_norm": {"months": [1, 2, 3, 4, 5, 6, 7, 8, 9, 10, 11, 12], "demand": [1.0, 1.0, 1.0, 1.0, 1.0, 1.0, 1.0, 1.0, 1.0, 1.0, 1.0, 1.0], "solar_supply": [0.95069, 1.157668, 1.393309, 1.543753, 1.504897, 1.379566, 1.487848, 1.425009, 1.249658, 1.1303, 1.0178, 0.937208], "wind_supply": [11.352126, 13.984176, 15.859359, 17.341957, 15.064954, 11.721431, 13.626015, 9.228122, 5.426105, 7.426195, 8.486165, 8.88123], "mix_supply": [3.752857, 4.614477, 5.284077, 5.790819, 5.134057, 4.126514, 4.723764, 3.462986, 2.296523, 2.776385, 2.999561, 3.058302], "mix_storage": [0.090858, 0.094199, 0.100455, 0.105645, 0.105723, 0.104007, 0.10482, 0.104377, 0.099567, 0.095103, 0.093363, 0.089614], "mix_s_tot": 0.106571}}, "nldas": null}, "pdf": "figures/376.pdf"}