{"id": 377, "name": "Chiapas", "country": "Mexico", "level": "admin1", "continent": "North America", "metrics": {"solar_cf": 0.2248, "wind_cf": 0.0204, "solar_f_adj": 1.2686, "wind_f_adj": 15.5215, "mix_alpha": 1.0, "mix_f_adj": 1.2686, "solar_s_tot_pct": 8.2978, "wind_s_tot_pct": 34.3246, "mix_s_tot_pct": 8.2978, "solar_s_seasonal_pct": 7.5453, "solar_s_diurnal_pct": 0.7525, "wind_s_seasonal_pct": 34.073, "wind_s_diurnal_pct": 0.2516, "solar_flaute_days": 1.5, "wind_flaute_days": 57.625, "solar_gap30d_max": 0.6154, "wind_gap30d_max": 1.0, "solar_trend_pct_decade": 1.1896, "wind_trend_pct_decade": -43.8904}, "colocation": {"k": [0, 17, 35, 50], "storage_pct_cons": [8.2978, 2.7893, 1.0492, 0.6651], "pick": ["base", "wind", "wind", "wind"]}, "datasets": {"gldas": {"series_norm": {"months": [1, 2, 3, 4, 5, 6, 7, 8, 9, 10, 11, 12], "demand": [1.0, 1.0, 1.0, 1.0, 1.0, 1.0, 1.0, 1.0, 1.0, 1.0, 1.0, 1.0], "solar_supply": [1.056036, 1.246401, 1.433764, 1.550609, 1.438754, 1.28534, 1.396206, 1.371944, 1.21392, 1.128456, 1.069126, 1.032585], "wind_supply": [29.168434, 27.734617, 27.617714, 23.24669, 9.912947, 3.858381, 8.269917, 5.886841, 2.78305, 8.644808, 19.113605, 20.683726], "mix_supply": [1.056036, 1.246401, 1.433764, 1.550609, 1.438754, 1.28534, 1.396206, 1.371944, 1.21392, 1.128456, 1.069126, 1.032585], "mix_storage": [0.033334, 0.027897, 0.037169, 0.056094, 0.071238, 0.073066, 0.07604, 0.079304, 0.077581, 0.070642, 0.060212, 0.046999], "mix_s_tot": 0.082978}}, "nldas": null}, "pdf": "figures/377.pdf"}