{"id": 378, "name": "Amazonas", "country": "Brazil", "level": "admin1", "continent": "South America", "metrics": {"solar_cf": 0.2038, "wind_cf": 0.0002, "solar_f_adj": 1.2839, "wind_f_adj": 219.5812, "mix_alpha": 0.05, "mix_f_adj": 119.3462, "solar_s_tot_pct": 6.3275, "wind_s_tot_pct": 125.9418, "mix_s_tot_pct": 0.1917, "solar_s_seasonal_pct": 3.8335, "solar_s_diurnal_pct": 2.4939, "wind_s_seasonal_pct": 125.6849, "wind_s_diurnal_pct": 0.2568, "solar_flaute_days": 0.75, "wind_flaute_days": 367.75, "solar_gap30d_max": 0.5997, "wind_gap30d_max": 1.0, "solar_trend_pct_decade": 2.7582, "wind_trend_pct_decade": 44.5115}, "colocation": {"k": [0, 17, 35, 50], "storage_pct_cons": [0.1917, 0.1953, 0.1953, 0.1953], "pick": ["base", "wind", "wind", "wind"]}, "datasets": {"gldas": {"series_norm": {"months": [1, 2, 3, 4, 5, 6, 7, 8, 9, 10, 11, 12], "demand": [1.0, 1.0, 1.0, 1.0, 1.0, 1.0, 1.0, 1.0, 1.0, 1.0, 1.0, 1.0], "solar_supply": [1.251626, 1.233355, 1.210021, 1.195461, 1.163479, 1.232593, 1.319126, 1.429079, 1.456779, 1.369986, 1.301116, 1.240755], "wind_supply": [128.616032, 207.118652, 35.332208, 31.196592, 56.178628, 275.151029, 534.680901, 671.521287, 234.494953, 113.217123, 180.786085, 160.446512], "mix_supply": [72.227344, 112.676595, 23.867637, 21.664573, 34.415185, 147.801006, 282.209306, 353.376757, 127.850592, 64.82638, 99.394947, 88.612218], "mix_storage": [0.001482, 0.001473, 0.001461, 0.001429, 0.001392, 0.001404, 0.001438, 0.001467, 0.001476, 0.001473, 0.001472, 0.001476], "mix_s_tot": 0.001917}}, "nldas": null}, "pdf": "figures/378.pdf"}