{"id": 379, "name": "Rond\u00f4nia", "country": "Brazil", "level": "admin1", "continent": "South America", "metrics": {"solar_cf": 0.2115, "wind_cf": 0.0032, "solar_f_adj": 1.2868, "wind_f_adj": 3.5603, "mix_alpha": 1.0, "mix_f_adj": 1.2868, "solar_s_tot_pct": 5.8506, "wind_s_tot_pct": 67.9512, "mix_s_tot_pct": 5.8506, "solar_s_seasonal_pct": 5.2849, "solar_s_diurnal_pct": 0.5657, "wind_s_seasonal_pct": 67.677, "wind_s_diurnal_pct": 0.2742, "solar_flaute_days": 1.625, "wind_flaute_days": 132.875, "solar_gap30d_max": 0.6036, "wind_gap30d_max": 1.0, "solar_trend_pct_decade": 2.9277, "wind_trend_pct_decade": 21.9132}, "colocation": {"k": [0, 17, 35, 50], "storage_pct_cons": [5.8506, 1.7143, 1.0436, 0.937], "pick": ["base", "wind", "wind", "wind"]}, "datasets": {"gldas": {"series_norm": {"months": [1, 2, 3, 4, 5, 6, 7, 8, 9, 10, 11, 12], "demand": [1.0, 1.0, 1.0, 1.0, 1.0, 1.0, 1.0, 1.0, 1.0, 1.0, 1.0, 1.0], "solar_supply": [1.225982, 1.186733, 1.199475, 1.238284, 1.205722, 1.255085, 1.348445, 1.440693, 1.450617, 1.371873, 1.296587, 1.216506], "wind_supply": [1.039021, 0.718827, 0.365732, 1.187208, 4.110408, 4.386251, 6.880584, 10.589667, 6.156905, 2.699298, 2.850637, 1.49811], "mix_supply": [1.225982, 1.186733, 1.199475, 1.238284, 1.205722, 1.255085, 1.348445, 1.440693, 1.450617, 1.371873, 1.296587, 1.216506], "mix_storage": [0.050611, 0.047645, 0.043669, 0.040595, 0.039022, 0.037182, 0.040418, 0.047858, 0.052206, 0.054113, 0.054889, 0.052672], "mix_s_tot": 0.058506}}, "nldas": null}, "pdf": "figures/379.pdf"}