{"id": 38, "name": "Uruguay", "country": "Uruguay", "level": "admin0", "continent": "South America", "metrics": {"solar_cf": 0.1972, "wind_cf": 0.3229, "solar_f_adj": 1.3021, "wind_f_adj": 1.3521, "mix_alpha": 0.35, "mix_f_adj": 1.2357, "solar_s_tot_pct": 20.2294, "wind_s_tot_pct": 11.9228, "mix_s_tot_pct": 9.7956, "solar_s_seasonal_pct": 19.2414, "solar_s_diurnal_pct": 0.9881, "wind_s_seasonal_pct": 11.6489, "wind_s_diurnal_pct": 0.2739, "solar_flaute_days": 3.0, "wind_flaute_days": 4.75, "solar_gap30d_max": 0.7188, "wind_gap30d_max": 0.6239, "solar_trend_pct_decade": 1.5168, "wind_trend_pct_decade": 8.5017}, "colocation": {"k": [0, 17, 35, 50], "storage_pct_cons": [9.7956, 3.9402, 1.8582, 1.5272], "pick": ["base", "wind", "wind", "solar"]}, "datasets": {"gldas": {"series_norm": {"months": [1, 2, 3, 4, 5, 6, 7, 8, 9, 10, 11, 12], "demand": [1.0, 1.0, 1.0, 1.0, 1.0, 1.0, 1.0, 1.0, 1.0, 1.0, 1.0, 1.0], "solar_supply": [1.917078, 1.690843, 1.413507, 1.066405, 0.75792, 0.630444, 0.699008, 0.933602, 1.218472, 1.528894, 1.840561, 1.948603], "wind_supply": [1.300845, 1.167061, 1.114364, 1.130033, 1.17899, 1.321874, 1.459845, 1.557075, 1.606099, 1.550969, 1.479747, 1.346297], "mix_supply": [1.409558, 1.254936, 1.13151, 1.025524, 0.95214, 0.994678, 1.099415, 1.235099, 1.358845, 1.429205, 1.49042, 1.447031], "mix_storage": [0.094425, 0.094436, 0.089926, 0.080489, 0.065068, 0.052425, 0.046091, 0.049842, 0.06191, 0.075821, 0.086549, 0.092093], "mix_s_tot": 0.097956}}, "nldas": null}, "pdf": "figures/38.pdf"}