{"id": 380, "name": "Mato Grosso", "country": "Brazil", "level": "admin1", "continent": "South America", "metrics": {"solar_cf": 0.2216, "wind_cf": 0.0079, "solar_f_adj": 1.2458, "wind_f_adj": 3.4889, "mix_alpha": 1.0, "mix_f_adj": 1.2458, "solar_s_tot_pct": 5.9034, "wind_s_tot_pct": 68.7003, "mix_s_tot_pct": 5.9034, "solar_s_seasonal_pct": 5.0419, "solar_s_diurnal_pct": 0.8615, "wind_s_seasonal_pct": 67.7358, "wind_s_diurnal_pct": 0.9646, "solar_flaute_days": 0.75, "wind_flaute_days": 101.75, "solar_gap30d_max": 0.5805, "wind_gap30d_max": 1.0, "solar_trend_pct_decade": 2.303, "wind_trend_pct_decade": 35.1752}, "colocation": {"k": [0, 17, 35, 50], "storage_pct_cons": [5.9034, 2.2575, 0.7481, 0.5599], "pick": ["base", "wind", "wind", "wind"]}, "datasets": {"gldas": {"series_norm": {"months": [1, 2, 3, 4, 5, 6, 7, 8, 9, 10, 11, 12], "demand": [1.0, 1.0, 1.0, 1.0, 1.0, 1.0, 1.0, 1.0, 1.0, 1.0, 1.0, 1.0], "solar_supply": [1.214532, 1.200479, 1.191399, 1.206328, 1.184044, 1.190054, 1.264663, 1.370552, 1.376441, 1.299277, 1.245086, 1.203328], "wind_supply": [1.066532, 0.647578, 0.253481, 0.811852, 3.23132, 5.150084, 7.510656, 9.917772, 6.850097, 2.857532, 2.122178, 1.226356], "mix_supply": [1.214532, 1.200479, 1.191399, 1.206328, 1.184044, 1.190054, 1.264663, 1.370552, 1.376441, 1.299277, 1.245086, 1.203328], "mix_storage": [0.041744, 0.039703, 0.036649, 0.03334, 0.03131, 0.027621, 0.027399, 0.034636, 0.042815, 0.045245, 0.045443, 0.043312], "mix_s_tot": 0.059034}}, "nldas": null}, "pdf": "figures/380.pdf"}