{"id": 381, "name": "Catamarca", "country": "Argentina", "level": "admin1", "continent": "South America", "metrics": {"solar_cf": 0.257, "wind_cf": 0.2658, "solar_f_adj": 1.2633, "wind_f_adj": 1.5354, "mix_alpha": 0.55, "mix_f_adj": 1.2745, "solar_s_tot_pct": 14.2987, "wind_s_tot_pct": 26.5667, "mix_s_tot_pct": 10.1635, "solar_s_seasonal_pct": 12.9208, "solar_s_diurnal_pct": 1.3779, "wind_s_seasonal_pct": 26.4262, "wind_s_diurnal_pct": 0.1406, "solar_flaute_days": 0.75, "wind_flaute_days": 6.75, "solar_gap30d_max": 0.6267, "wind_gap30d_max": 0.7764, "solar_trend_pct_decade": 0.9102, "wind_trend_pct_decade": 2.8411}, "colocation": {"k": [0, 17, 35, 50], "storage_pct_cons": [10.1635, 4.8532, 1.9352, 1.1345], "pick": ["base", "solar", "solar", "solar"]}, "datasets": {"gldas": {"series_norm": {"months": [1, 2, 3, 4, 5, 6, 7, 8, 9, 10, 11, 12], "demand": [1.0, 1.0, 1.0, 1.0, 1.0, 1.0, 1.0, 1.0, 1.0, 1.0, 1.0, 1.0], "solar_supply": [1.565574, 1.469939, 1.329221, 1.098257, 0.877222, 0.792805, 0.854299, 1.056943, 1.306148, 1.521889, 1.647608, 1.650865], "wind_supply": [1.027225, 0.920859, 0.945139, 1.193326, 1.526437, 1.746639, 1.80728, 1.997545, 2.07184, 2.052331, 1.736747, 1.364412], "mix_supply": [1.252418, 1.15962, 1.090607, 1.055154, 1.056931, 1.092342, 1.149116, 1.33263, 1.498662, 1.611087, 1.562966, 1.425694], "mix_storage": [0.096981, 0.092644, 0.084644, 0.073157, 0.060929, 0.052993, 0.049278, 0.052493, 0.066098, 0.083459, 0.09477, 0.098086], "mix_s_tot": 0.101635}}, "nldas": null}, "pdf": "figures/381.pdf"}