{"id": 382, "name": "La Rioja", "country": "Argentina", "level": "admin1", "continent": "South America", "metrics": {"solar_cf": 0.242, "wind_cf": 0.268, "solar_f_adj": 1.3059, "wind_f_adj": 2.2131, "mix_alpha": 0.5, "mix_f_adj": 1.4784, "solar_s_tot_pct": 16.8612, "wind_s_tot_pct": 17.1855, "mix_s_tot_pct": 13.3082, "solar_s_seasonal_pct": 15.2886, "solar_s_diurnal_pct": 1.5727, "wind_s_seasonal_pct": 16.4019, "wind_s_diurnal_pct": 0.7837, "solar_flaute_days": 0.875, "wind_flaute_days": 5.5, "solar_gap30d_max": 0.643, "wind_gap30d_max": 0.81, "solar_trend_pct_decade": 2.1194, "wind_trend_pct_decade": 19.4863}, "colocation": {"k": [0, 17, 35, 50], "storage_pct_cons": [13.3082, 6.2334, 2.2639, 1.0345], "pick": ["base", "wind", "wind", "solar"]}, "datasets": {"gldas": {"series_norm": {"months": [1, 2, 3, 4, 5, 6, 7, 8, 9, 10, 11, 12], "demand": [1.0, 1.0, 1.0, 1.0, 1.0, 1.0, 1.0, 1.0, 1.0, 1.0, 1.0, 1.0], "solar_supply": [1.707822, 1.561403, 1.357433, 1.08027, 0.833346, 0.752804, 0.828129, 1.061156, 1.345871, 1.602658, 1.76324, 1.79011], "wind_supply": [2.06192, 1.780001, 1.72649, 1.679042, 1.721301, 1.894119, 2.045934, 2.444843, 2.760542, 3.058755, 2.90577, 2.453198], "mix_supply": [1.655421, 1.478376, 1.345044, 1.172306, 1.046648, 1.058779, 1.152124, 1.41727, 1.68388, 1.928841, 1.968642, 1.832689], "mix_storage": [0.129306, 0.129579, 0.12698, 0.120463, 0.109828, 0.098528, 0.091893, 0.097269, 0.107264, 0.114107, 0.121299, 0.126556], "mix_s_tot": 0.133082}}, "nldas": null}, "pdf": "figures/382.pdf"}