{"id": 383, "name": "San Juan", "country": "Argentina", "level": "admin1", "continent": "South America", "metrics": {"solar_cf": 0.2442, "wind_cf": 0.2534, "solar_f_adj": 1.2817, "wind_f_adj": 1.5089, "mix_alpha": 0.35, "mix_f_adj": 1.336, "solar_s_tot_pct": 19.0488, "wind_s_tot_pct": 25.5524, "mix_s_tot_pct": 13.5754, "solar_s_seasonal_pct": 18.0985, "solar_s_diurnal_pct": 0.9503, "wind_s_seasonal_pct": 25.1233, "wind_s_diurnal_pct": 0.4291, "solar_flaute_days": 1.625, "wind_flaute_days": 8.25, "solar_gap30d_max": 0.6605, "wind_gap30d_max": 0.8057, "solar_trend_pct_decade": 1.951, "wind_trend_pct_decade": -6.2639}, "colocation": {"k": [0, 17, 35, 50], "storage_pct_cons": [13.5754, 8.3158, 4.066, 1.5308], "pick": ["base", "solar", "solar", "solar"]}, "datasets": {"gldas": {"series_norm": {"months": [1, 2, 3, 4, 5, 6, 7, 8, 9, 10, 11, 12], "demand": [1.0, 1.0, 1.0, 1.0, 1.0, 1.0, 1.0, 1.0, 1.0, 1.0, 1.0, 1.0], "solar_supply": [1.738487, 1.597904, 1.378881, 1.071965, 0.792223, 0.693806, 0.755562, 0.972205, 1.260996, 1.555859, 1.75865, 1.821486], "wind_supply": [1.170542, 1.065972, 1.043535, 1.17364, 1.332906, 1.630584, 1.645414, 1.823571, 1.880147, 1.99253, 1.818099, 1.506205], "mix_supply": [1.307841, 1.196377, 1.103564, 1.066473, 1.056077, 1.191483, 1.222546, 1.404106, 1.542017, 1.714259, 1.687856, 1.531289], "mix_storage": [0.130407, 0.125419, 0.11711, 0.105559, 0.093085, 0.086444, 0.085949, 0.089925, 0.099721, 0.115132, 0.127914, 0.13263], "mix_s_tot": 0.135754}}, "nldas": null}, "pdf": "figures/383.pdf"}