{"id": 384, "name": "Mendoza", "country": "Argentina", "level": "admin1", "continent": "South America", "metrics": {"solar_cf": 0.2178, "wind_cf": 0.3016, "solar_f_adj": 1.2899, "wind_f_adj": 1.9219, "mix_alpha": 0.2, "mix_f_adj": 1.6568, "solar_s_tot_pct": 23.4784, "wind_s_tot_pct": 12.6802, "mix_s_tot_pct": 11.4793, "solar_s_seasonal_pct": 22.3354, "solar_s_diurnal_pct": 1.143, "wind_s_seasonal_pct": 12.3416, "wind_s_diurnal_pct": 0.3387, "solar_flaute_days": 2.75, "wind_flaute_days": 6.875, "solar_gap30d_max": 0.7072, "wind_gap30d_max": 0.7835, "solar_trend_pct_decade": 2.5618, "wind_trend_pct_decade": 12.9908}, "colocation": {"k": [0, 17, 35, 50], "storage_pct_cons": [11.4793, 4.6245, 3.4012, 2.251], "pick": ["base", "wind", "solar", "solar"]}, "datasets": {"gldas": {"series_norm": {"months": [1, 2, 3, 4, 5, 6, 7, 8, 9, 10, 11, 12], "demand": [1.0, 1.0, 1.0, 1.0, 1.0, 1.0, 1.0, 1.0, 1.0, 1.0, 1.0, 1.0], "solar_supply": [1.916611, 1.71999, 1.412638, 1.026687, 0.716803, 0.598007, 0.664509, 0.882348, 1.210585, 1.545459, 1.832293, 1.974757], "wind_supply": [1.982291, 1.767062, 1.698983, 1.552623, 1.423703, 1.688782, 1.730116, 2.017303, 2.175714, 2.373779, 2.415685, 2.228202], "mix_supply": [1.859409, 1.66047, 1.534564, 1.334482, 1.165968, 1.318256, 1.363845, 1.617859, 1.811426, 2.034044, 2.136629, 2.043933], "mix_storage": [0.113196, 0.112022, 0.108783, 0.104796, 0.097995, 0.092555, 0.092383, 0.096836, 0.103078, 0.107882, 0.112673, 0.113244], "mix_s_tot": 0.114793}}, "nldas": null}, "pdf": "figures/384.pdf"}