{"id": 385, "name": "Neuqu\u00e9n", "country": "Argentina", "level": "admin1", "continent": "South America", "metrics": {"solar_cf": 0.2023, "wind_cf": 0.3377, "solar_f_adj": 1.3263, "wind_f_adj": 1.4834, "mix_alpha": 0.0, "mix_f_adj": 1.4834, "solar_s_tot_pct": 26.3557, "wind_s_tot_pct": 13.542, "mix_s_tot_pct": 13.542, "solar_s_seasonal_pct": 25.433, "solar_s_diurnal_pct": 0.9226, "wind_s_seasonal_pct": 13.4926, "wind_s_diurnal_pct": 0.0494, "solar_flaute_days": 3.625, "wind_flaute_days": 9.375, "solar_gap30d_max": 0.7558, "wind_gap30d_max": 0.8472, "solar_trend_pct_decade": 2.7963, "wind_trend_pct_decade": 0.607}, "colocation": {"k": [0, 17, 35, 50], "storage_pct_cons": [13.542, 11.297, 8.6455, 6.7813], "pick": ["base", "solar", "solar", "solar"]}, "datasets": {"gldas": {"series_norm": {"months": [1, 2, 3, 4, 5, 6, 7, 8, 9, 10, 11, 12], "demand": [1.0, 1.0, 1.0, 1.0, 1.0, 1.0, 1.0, 1.0, 1.0, 1.0, 1.0, 1.0], "solar_supply": [2.154967, 1.906139, 1.482416, 0.997649, 0.643322, 0.490825, 0.564093, 0.791773, 1.190795, 1.586165, 1.960778, 2.176333], "wind_supply": [1.6563, 1.429087, 1.293167, 1.24466, 1.12424, 1.458921, 1.278445, 1.466403, 1.455961, 1.707103, 1.824828, 1.858815], "mix_supply": [1.6563, 1.429087, 1.293167, 1.24466, 1.12424, 1.458921, 1.278445, 1.466403, 1.455961, 1.707103, 1.824828, 1.858815], "mix_storage": [0.130609, 0.127461, 0.120345, 0.112778, 0.099403, 0.098366, 0.100479, 0.102727, 0.108531, 0.115242, 0.125692, 0.130726], "mix_s_tot": 0.13542}}, "nldas": null}, "pdf": "figures/385.pdf"}