{"id": 386, "name": "Chubut", "country": "Argentina", "level": "admin1", "continent": "South America", "metrics": {"solar_cf": 0.1777, "wind_cf": 0.5754, "solar_f_adj": 1.2928, "wind_f_adj": 1.3611, "mix_alpha": 0.0, "mix_f_adj": 1.3611, "solar_s_tot_pct": 27.8657, "wind_s_tot_pct": 12.415, "mix_s_tot_pct": 12.415, "solar_s_seasonal_pct": 26.9146, "solar_s_diurnal_pct": 0.9512, "wind_s_seasonal_pct": 12.0988, "wind_s_diurnal_pct": 0.3162, "solar_flaute_days": 3.75, "wind_flaute_days": 7.625, "solar_gap30d_max": 0.7705, "wind_gap30d_max": 0.6245, "solar_trend_pct_decade": 2.3036, "wind_trend_pct_decade": 8.949}, "colocation": {"k": [0, 17, 35, 50], "storage_pct_cons": [12.415, 6.3959, 4.2006, 3.3173], "pick": ["base", "solar", "solar", "solar"]}, "datasets": {"gldas": {"series_norm": {"months": [1, 2, 3, 4, 5, 6, 7, 8, 9, 10, 11, 12], "demand": [1.0, 1.0, 1.0, 1.0, 1.0, 1.0, 1.0, 1.0, 1.0, 1.0, 1.0, 1.0], "solar_supply": [2.189073, 1.887346, 1.393144, 0.908756, 0.561536, 0.424809, 0.48682, 0.741019, 1.144134, 1.622548, 1.983504, 2.200702], "wind_supply": [1.55834, 1.340205, 1.289665, 1.243257, 1.134462, 1.270904, 1.199351, 1.285182, 1.326395, 1.466714, 1.571341, 1.644847], "mix_supply": [1.55834, 1.340205, 1.289665, 1.243257, 1.134462, 1.270904, 1.199351, 1.285182, 1.326395, 1.466714, 1.571341, 1.644847], "mix_storage": [0.119995, 0.118734, 0.114411, 0.110678, 0.105442, 0.10149, 0.101022, 0.099872, 0.101627, 0.104941, 0.111024, 0.116975], "mix_s_tot": 0.12415}}, "nldas": null}, "pdf": "figures/386.pdf"}