{"id": 387, "name": "R\u00edo Negro", "country": "Argentina", "level": "admin1", "continent": "South America", "metrics": {"solar_cf": 0.2023, "wind_cf": 0.515, "solar_f_adj": 1.2902, "wind_f_adj": 1.5086, "mix_alpha": 0.0, "mix_f_adj": 1.5086, "solar_s_tot_pct": 26.0694, "wind_s_tot_pct": 8.7842, "mix_s_tot_pct": 8.7842, "solar_s_seasonal_pct": 24.8098, "solar_s_diurnal_pct": 1.2596, "wind_s_seasonal_pct": 8.4557, "wind_s_diurnal_pct": 0.3285, "solar_flaute_days": 2.625, "wind_flaute_days": 5.5, "solar_gap30d_max": 0.7368, "wind_gap30d_max": 0.604, "solar_trend_pct_decade": 2.1787, "wind_trend_pct_decade": 18.8222}, "colocation": {"k": [0, 17, 35, 50], "storage_pct_cons": [8.7842, 5.7345, 3.1395, 2.0893], "pick": ["base", "solar", "solar", "solar"]}, "datasets": {"gldas": {"series_norm": {"months": [1, 2, 3, 4, 5, 6, 7, 8, 9, 10, 11, 12], "demand": [1.0, 1.0, 1.0, 1.0, 1.0, 1.0, 1.0, 1.0, 1.0, 1.0, 1.0, 1.0], "solar_supply": [2.114995, 1.839979, 1.416271, 0.946933, 0.603466, 0.474151, 0.541913, 0.777277, 1.162871, 1.564362, 1.927999, 2.139688], "wind_supply": [1.658461, 1.46381, 1.404265, 1.33995, 1.240601, 1.466014, 1.373251, 1.492037, 1.514052, 1.65757, 1.734792, 1.755721], "mix_supply": [1.658461, 1.46381, 1.404265, 1.33995, 1.240601, 1.466014, 1.373251, 1.492037, 1.514052, 1.65757, 1.734792, 1.755721], "mix_storage": [0.085575, 0.083542, 0.07996, 0.075432, 0.068449, 0.06725, 0.068692, 0.069438, 0.070157, 0.072059, 0.078326, 0.083676], "mix_s_tot": 0.087842}}, "nldas": null}, "pdf": "figures/387.pdf"}