{"id": 388, "name": "Santa Cruz", "country": "Argentina", "level": "admin1", "continent": "South America", "metrics": {"solar_cf": 0.1484, "wind_cf": 0.5901, "solar_f_adj": 1.3113, "wind_f_adj": 1.3206, "mix_alpha": 0.0, "mix_f_adj": 1.3206, "solar_s_tot_pct": 31.3272, "wind_s_tot_pct": 14.2794, "mix_s_tot_pct": 14.2794, "solar_s_seasonal_pct": 29.9711, "solar_s_diurnal_pct": 1.3561, "wind_s_seasonal_pct": 13.8045, "wind_s_diurnal_pct": 0.4749, "solar_flaute_days": 3.625, "wind_flaute_days": 7.75, "solar_gap30d_max": 0.8202, "wind_gap30d_max": 0.7126, "solar_trend_pct_decade": 2.2166, "wind_trend_pct_decade": 7.0655}, "colocation": {"k": [0, 17, 35, 50], "storage_pct_cons": [14.2794, 8.5552, 6.2988, 5.4172], "pick": ["base", "solar", "solar", "solar"]}, "datasets": {"gldas": {"series_norm": {"months": [1, 2, 3, 4, 5, 6, 7, 8, 9, 10, 11, 12], "demand": [1.0, 1.0, 1.0, 1.0, 1.0, 1.0, 1.0, 1.0, 1.0, 1.0, 1.0, 1.0], "solar_supply": [2.276665, 1.935095, 1.378344, 0.851845, 0.493355, 0.344617, 0.412408, 0.699998, 1.169802, 1.745015, 2.148829, 2.312193], "wind_supply": [1.582169, 1.382992, 1.324717, 1.22474, 1.084883, 1.159496, 1.108715, 1.147629, 1.240708, 1.432082, 1.551887, 1.609851], "mix_supply": [1.582169, 1.382992, 1.324717, 1.22474, 1.084883, 1.159496, 1.108715, 1.147629, 1.240708, 1.432082, 1.551887, 1.609851], "mix_storage": [0.134808, 0.134053, 0.131092, 0.128054, 0.122483, 0.115779, 0.109, 0.102512, 0.101697, 0.10879, 0.120287, 0.128891], "mix_s_tot": 0.142794}}, "nldas": null}, "pdf": "figures/388.pdf"}