{"id": 389, "name": "Tierra del Fuego", "country": "Argentina", "level": "admin1", "continent": "South America", "metrics": {"solar_cf": 0.1174, "wind_cf": 0.5417, "solar_f_adj": 1.365, "wind_f_adj": 1.5943, "mix_alpha": 0.0, "mix_f_adj": 1.5943, "solar_s_tot_pct": 35.6258, "wind_s_tot_pct": 19.8317, "mix_s_tot_pct": 19.8317, "solar_s_seasonal_pct": 34.6789, "solar_s_diurnal_pct": 0.9469, "wind_s_seasonal_pct": 19.6138, "wind_s_diurnal_pct": 0.2179, "solar_flaute_days": 4.875, "wind_flaute_days": 13.125, "solar_gap30d_max": 0.8693, "wind_gap30d_max": 0.8685, "solar_trend_pct_decade": 1.3489, "wind_trend_pct_decade": -22.1266}, "colocation": {"k": [0, 17, 35, 50], "storage_pct_cons": [19.8317, 17.0669, 14.7701, 13.0576], "pick": ["base", "solar", "solar", "solar"]}, "datasets": {"gldas": {"series_norm": {"months": [1, 2, 3, 4, 5, 6, 7, 8, 9, 10, 11, 12], "demand": [1.0, 1.0, 1.0, 1.0, 1.0, 1.0, 1.0, 1.0, 1.0, 1.0, 1.0, 1.0], "solar_supply": [2.44929, 2.06266, 1.388401, 0.776627, 0.398445, 0.251953, 0.320412, 0.649542, 1.227779, 1.904299, 2.39318, 2.593724], "wind_supply": [1.857217, 1.720248, 1.666482, 1.550488, 1.394177, 1.33795, 1.357488, 1.431294, 1.512553, 1.773538, 1.77838, 1.75643], "mix_supply": [1.857217, 1.720248, 1.666482, 1.550488, 1.394177, 1.33795, 1.357488, 1.431294, 1.512553, 1.773538, 1.77838, 1.75643], "mix_storage": [0.190166, 0.19245, 0.192448, 0.19299, 0.185164, 0.174204, 0.162003, 0.157475, 0.155499, 0.16774, 0.177322, 0.183444], "mix_s_tot": 0.198317}}, "nldas": null}, "pdf": "figures/389.pdf"}