{"id": 39, "name": "Czechia", "country": "Czechia", "level": "admin0", "continent": "Europe", "metrics": {"solar_cf": 0.1223, "wind_cf": 0.2276, "solar_f_adj": 1.3884, "wind_f_adj": 1.5373, "mix_alpha": 0.2, "mix_f_adj": 1.431, "solar_s_tot_pct": 35.5259, "wind_s_tot_pct": 23.2531, "mix_s_tot_pct": 16.1073, "solar_s_seasonal_pct": 34.63, "solar_s_diurnal_pct": 0.8959, "wind_s_seasonal_pct": 21.4773, "wind_s_diurnal_pct": 1.7759, "solar_flaute_days": 2.875, "wind_flaute_days": 10.375, "solar_gap30d_max": 0.8456, "wind_gap30d_max": 0.8056, "solar_trend_pct_decade": -3.162, "wind_trend_pct_decade": -16.9836}, "colocation": {"k": [0, 17, 35, 50], "storage_pct_cons": [16.1073, 8.6688, 7.1864, 6.3879], "pick": ["base", "wind", "solar", "solar"]}, "datasets": {"gldas": {"series_norm": {"months": [1, 2, 3, 4, 5, 6, 7, 8, 9, 10, 11, 12], "demand": [1.0, 1.0, 1.0, 1.0, 1.0, 1.0, 1.0, 1.0, 1.0, 1.0, 1.0, 1.0], "solar_supply": [0.434745, 0.756714, 1.250575, 1.865358, 2.255513, 2.514365, 2.415625, 2.086824, 1.449348, 0.826784, 0.43713, 0.333916], "wind_supply": [2.280975, 2.195947, 1.922746, 1.562192, 1.344339, 0.983716, 0.996646, 0.820586, 1.118233, 1.460722, 1.736076, 2.060246], "mix_supply": [1.788219, 1.791275, 1.689635, 1.547875, 1.466074, 1.250886, 1.24016, 1.04127, 1.131508, 1.258212, 1.382935, 1.603062], "mix_storage": [0.134089, 0.14029, 0.144409, 0.150095, 0.151625, 0.150066, 0.147897, 0.135783, 0.124136, 0.119505, 0.117135, 0.11926], "mix_s_tot": 0.161073}}, "nldas": null}, "pdf": "figures/39.pdf"}