{"id": 390, "name": "Papua", "country": "Indonesia", "level": "admin1", "continent": "Asia", "metrics": {"solar_cf": 0.208, "wind_cf": 0.0034, "solar_f_adj": 1.4153, "wind_f_adj": 51.8593, "mix_alpha": 1.0, "mix_f_adj": 1.4153, "solar_s_tot_pct": 6.179, "wind_s_tot_pct": 34.0076, "mix_s_tot_pct": 6.179, "solar_s_seasonal_pct": 5.7377, "solar_s_diurnal_pct": 0.4413, "wind_s_seasonal_pct": 33.7386, "wind_s_diurnal_pct": 0.269, "solar_flaute_days": 0.875, "wind_flaute_days": 96.875, "solar_gap30d_max": 0.6213, "wind_gap30d_max": 1.0, "solar_trend_pct_decade": 5.8845, "wind_trend_pct_decade": -59.2663}, "colocation": {"k": [0, 17, 35, 50], "storage_pct_cons": [6.179, 1.9711, 0.8964, 0.5533], "pick": ["base", "wind", "wind", "wind"]}, "datasets": {"gldas": {"series_norm": {"months": [1, 2, 3, 4, 5, 6, 7, 8, 9, 10, 11, 12], "demand": [1.0, 1.0, 1.0, 1.0, 1.0, 1.0, 1.0, 1.0, 1.0, 1.0, 1.0, 1.0], "solar_supply": [1.458525, 1.443946, 1.433109, 1.408843, 1.3502, 1.25025, 1.253838, 1.40588, 1.459867, 1.547326, 1.515606, 1.457585], "wind_supply": [109.41635, 119.651071, 82.62876, 21.273134, 18.060344, 38.367833, 55.599312, 57.95317, 36.52267, 24.439125, 11.3905, 49.769701], "mix_supply": [1.458525, 1.443946, 1.433109, 1.408843, 1.3502, 1.25025, 1.253838, 1.40588, 1.459867, 1.547326, 1.515606, 1.457585], "mix_storage": [0.059012, 0.059549, 0.059603, 0.05938, 0.058088, 0.056304, 0.052696, 0.052909, 0.055585, 0.057392, 0.058098, 0.058521], "mix_s_tot": 0.06179}}, "nldas": null}, "pdf": "figures/390.pdf"}