{"id": 391, "name": "Mangghystau", "country": "Kazakhstan", "level": "admin1", "continent": "Asia", "metrics": {"solar_cf": 0.164, "wind_cf": 0.4864, "solar_f_adj": 1.3138, "wind_f_adj": 1.3709, "mix_alpha": 0.0, "mix_f_adj": 1.3709, "solar_s_tot_pct": 27.0942, "wind_s_tot_pct": 7.8287, "mix_s_tot_pct": 7.8287, "solar_s_seasonal_pct": 25.9725, "solar_s_diurnal_pct": 1.1217, "wind_s_seasonal_pct": 7.7664, "wind_s_diurnal_pct": 0.0623, "solar_flaute_days": 1.875, "wind_flaute_days": 5.125, "solar_gap30d_max": 0.7848, "wind_gap30d_max": 0.5855, "solar_trend_pct_decade": 1.6457, "wind_trend_pct_decade": 14.2567}, "colocation": {"k": [0, 17, 35, 50], "storage_pct_cons": [7.8287, 3.6436, 1.8175, 1.4517], "pick": ["base", "solar", "solar", "solar"]}, "datasets": {"gldas": {"series_norm": {"months": [1, 2, 3, 4, 5, 6, 7, 8, 9, 10, 11, 12], "demand": [1.0, 1.0, 1.0, 1.0, 1.0, 1.0, 1.0, 1.0, 1.0, 1.0, 1.0, 1.0], "solar_supply": [0.509592, 0.792029, 1.162374, 1.587285, 1.951614, 2.183286, 2.145855, 1.937744, 1.488559, 0.971572, 0.581506, 0.426253], "wind_supply": [1.39616, 1.416122, 1.509444, 1.49829, 1.432678, 1.369864, 1.251303, 1.174522, 1.31305, 1.326745, 1.344717, 1.423645], "mix_supply": [1.39616, 1.416122, 1.509444, 1.49829, 1.432678, 1.369864, 1.251303, 1.174522, 1.31305, 1.326745, 1.344717, 1.423645], "mix_storage": [0.062925, 0.065096, 0.070868, 0.074198, 0.074712, 0.075226, 0.073218, 0.068449, 0.064551, 0.06488, 0.062732, 0.062154], "mix_s_tot": 0.078287}}, "nldas": null}, "pdf": "figures/391.pdf"}