{"id": 392, "name": "Qyzylorda", "country": "Kazakhstan", "level": "admin1", "continent": "Asia", "metrics": {"solar_cf": 0.1715, "wind_cf": 0.4607, "solar_f_adj": 1.2977, "wind_f_adj": 1.4595, "mix_alpha": 0.1, "mix_f_adj": 1.4017, "solar_s_tot_pct": 27.3353, "wind_s_tot_pct": 10.6284, "mix_s_tot_pct": 8.0526, "solar_s_seasonal_pct": 26.2246, "solar_s_diurnal_pct": 1.1107, "wind_s_seasonal_pct": 10.2402, "wind_s_diurnal_pct": 0.3882, "solar_flaute_days": 0.875, "wind_flaute_days": 6.625, "solar_gap30d_max": 0.7643, "wind_gap30d_max": 0.6168, "solar_trend_pct_decade": 0.0504, "wind_trend_pct_decade": 16.4885}, "colocation": {"k": [0, 17, 35, 50], "storage_pct_cons": [8.0526, 4.3413, 2.9408, 2.0472], "pick": ["base", "solar", "solar", "solar"]}, "datasets": {"gldas": {"series_norm": {"months": [1, 2, 3, 4, 5, 6, 7, 8, 9, 10, 11, 12], "demand": [1.0, 1.0, 1.0, 1.0, 1.0, 1.0, 1.0, 1.0, 1.0, 1.0, 1.0, 1.0], "solar_supply": [0.494547, 0.771332, 1.148185, 1.583528, 1.955875, 2.161163, 2.133537, 1.909661, 1.481543, 0.949701, 0.550788, 0.404721], "wind_supply": [1.482503, 1.539037, 1.609504, 1.564549, 1.545031, 1.411296, 1.390132, 1.45553, 1.396362, 1.302409, 1.326675, 1.49359], "mix_supply": [1.334778, 1.413537, 1.515146, 1.523311, 1.546659, 1.453241, 1.431964, 1.464309, 1.366928, 1.228279, 1.206167, 1.334659], "mix_storage": [0.061867, 0.064905, 0.071097, 0.075003, 0.076969, 0.076871, 0.076438, 0.076144, 0.074148, 0.069232, 0.062709, 0.061475], "mix_s_tot": 0.080526}}, "nldas": null}, "pdf": "figures/392.pdf"}