{"id": 393, "name": "Aqt\u00f6be", "country": "Kazakhstan", "level": "admin1", "continent": "Asia", "metrics": {"solar_cf": 0.1586, "wind_cf": 0.4437, "solar_f_adj": 1.2996, "wind_f_adj": 1.3757, "mix_alpha": 0.2, "mix_f_adj": 1.2969, "solar_s_tot_pct": 29.8759, "wind_s_tot_pct": 10.7799, "mix_s_tot_pct": 9.8485, "solar_s_seasonal_pct": 28.542, "solar_s_diurnal_pct": 1.3339, "wind_s_seasonal_pct": 10.5761, "wind_s_diurnal_pct": 0.2038, "solar_flaute_days": 1.625, "wind_flaute_days": 11.625, "solar_gap30d_max": 0.7957, "wind_gap30d_max": 0.6646, "solar_trend_pct_decade": 1.2384, "wind_trend_pct_decade": 10.9552}, "colocation": {"k": [0, 17, 35, 50], "storage_pct_cons": [9.8485, 4.0252, 3.7771, 3.1161], "pick": ["base", "wind", "wind", "solar"]}, "datasets": {"gldas": {"series_norm": {"months": [1, 2, 3, 4, 5, 6, 7, 8, 9, 10, 11, 12], "demand": [1.0, 1.0, 1.0, 1.0, 1.0, 1.0, 1.0, 1.0, 1.0, 1.0, 1.0, 1.0], "solar_supply": [0.464549, 0.791577, 1.212454, 1.619454, 2.027423, 2.221703, 2.191012, 1.940074, 1.426967, 0.855912, 0.461521, 0.353875], "wind_supply": [1.437335, 1.437748, 1.535509, 1.515171, 1.469948, 1.299805, 1.239173, 1.188829, 1.227727, 1.339173, 1.378643, 1.44279], "mix_supply": [1.176677, 1.24226, 1.399988, 1.465883, 1.513204, 1.423668, 1.371816, 1.283765, 1.21069, 1.180761, 1.131811, 1.158702], "mix_storage": [0.070719, 0.072744, 0.080431, 0.087533, 0.091759, 0.093537, 0.094105, 0.09322, 0.090233, 0.085722, 0.079764, 0.073595], "mix_s_tot": 0.098485}}, "nldas": null}, "pdf": "figures/393.pdf"}