{"id": 394, "name": "North Khorasan", "country": "Iran", "level": "admin1", "continent": "Asia", "metrics": {"solar_cf": 0.197, "wind_cf": 0.2072, "solar_f_adj": 1.2632, "wind_f_adj": 2.0852, "mix_alpha": 0.35, "mix_f_adj": 1.6202, "solar_s_tot_pct": 22.1685, "wind_s_tot_pct": 22.7744, "mix_s_tot_pct": 19.9601, "solar_s_seasonal_pct": 20.6244, "solar_s_diurnal_pct": 1.5441, "wind_s_seasonal_pct": 22.2898, "wind_s_diurnal_pct": 0.4846, "solar_flaute_days": 1.625, "wind_flaute_days": 9.625, "solar_gap30d_max": 0.6982, "wind_gap30d_max": 0.8996, "solar_trend_pct_decade": -0.3351, "wind_trend_pct_decade": -39.1044}, "colocation": {"k": [0, 17, 35, 50], "storage_pct_cons": [19.9601, 13.4064, 8.7779, 6.0071], "pick": ["base", "solar", "solar", "solar"]}, "datasets": {"gldas": {"series_norm": {"months": [1, 2, 3, 4, 5, 6, 7, 8, 9, 10, 11, 12], "demand": [1.0, 1.0, 1.0, 1.0, 1.0, 1.0, 1.0, 1.0, 1.0, 1.0, 1.0, 1.0], "solar_supply": [0.646746, 0.866957, 1.120367, 1.405198, 1.707525, 1.936411, 1.908281, 1.763563, 1.456742, 1.048756, 0.70829, 0.568904], "wind_supply": [1.667939, 1.888535, 2.096794, 2.133209, 2.268488, 2.916013, 3.228577, 2.705221, 1.94317, 1.333443, 1.283043, 1.538012], "mix_supply": [1.132753, 1.343026, 1.561971, 1.708229, 1.912275, 2.342068, 2.487305, 2.15801, 1.635387, 1.144283, 0.965985, 1.032186], "mix_storage": [0.119341, 0.110433, 0.111384, 0.123758, 0.139871, 0.166551, 0.189936, 0.197141, 0.196838, 0.188489, 0.16406, 0.138251], "mix_s_tot": 0.199601}}, "nldas": null}, "pdf": "figures/394.pdf"}