{"id": 395, "name": "Golestan", "country": "Iran", "level": "admin1", "continent": "Asia", "metrics": {"solar_cf": 0.1815, "wind_cf": 0.1596, "solar_f_adj": 1.2895, "wind_f_adj": 1.5941, "mix_alpha": 0.4, "mix_f_adj": 1.373, "solar_s_tot_pct": 20.1519, "wind_s_tot_pct": 20.5242, "mix_s_tot_pct": 17.0367, "solar_s_seasonal_pct": 18.8932, "solar_s_diurnal_pct": 1.2588, "wind_s_seasonal_pct": 19.4682, "wind_s_diurnal_pct": 1.056, "solar_flaute_days": 1.75, "wind_flaute_days": 9.75, "solar_gap30d_max": 0.701, "wind_gap30d_max": 0.8919, "solar_trend_pct_decade": 0.6808, "wind_trend_pct_decade": -6.1313}, "colocation": {"k": [0, 17, 35, 50], "storage_pct_cons": [17.0367, 13.1058, 9.5745, 6.6299], "pick": ["base", "solar", "solar", "solar"]}, "datasets": {"gldas": {"series_norm": {"months": [1, 2, 3, 4, 5, 6, 7, 8, 9, 10, 11, 12], "demand": [1.0, 1.0, 1.0, 1.0, 1.0, 1.0, 1.0, 1.0, 1.0, 1.0, 1.0, 1.0], "solar_supply": [0.684911, 0.891344, 1.139929, 1.422075, 1.740932, 1.967969, 1.914385, 1.802512, 1.482375, 1.071526, 0.738017, 0.597349], "wind_supply": [1.648161, 1.744758, 1.73328, 1.642841, 1.697075, 2.031712, 2.013013, 1.69388, 1.328524, 1.033361, 1.099384, 1.46724], "mix_supply": [1.143428, 1.281264, 1.381202, 1.454627, 1.61845, 1.888075, 1.855592, 1.643025, 1.317875, 0.990366, 0.882449, 1.012641], "mix_storage": [0.088012, 0.083572, 0.082299, 0.090701, 0.103518, 0.12902, 0.154048, 0.165197, 0.16441, 0.150752, 0.122106, 0.098575], "mix_s_tot": 0.170367}}, "nldas": null}, "pdf": "figures/395.pdf"}