{"id": 396, "name": "Razavi Khorasan", "country": "Iran", "level": "admin1", "continent": "Asia", "metrics": {"solar_cf": 0.2123, "wind_cf": 0.2908, "solar_f_adj": 1.2459, "wind_f_adj": 1.6049, "mix_alpha": 0.75, "mix_f_adj": 1.2684, "solar_s_tot_pct": 21.0124, "wind_s_tot_pct": 31.3275, "mix_s_tot_pct": 19.8145, "solar_s_seasonal_pct": 19.6285, "solar_s_diurnal_pct": 1.3839, "wind_s_seasonal_pct": 30.8792, "wind_s_diurnal_pct": 0.4483, "solar_flaute_days": 1.75, "wind_flaute_days": 16.75, "solar_gap30d_max": 0.6837, "wind_gap30d_max": 0.9154, "solar_trend_pct_decade": 0.2898, "wind_trend_pct_decade": 1.0644}, "colocation": {"k": [0, 17, 35, 50], "storage_pct_cons": [19.8145, 14.5093, 11.3227, 9.3292], "pick": ["base", "solar", "wind", "wind"]}, "datasets": {"gldas": {"series_norm": {"months": [1, 2, 3, 4, 5, 6, 7, 8, 9, 10, 11, 12], "demand": [1.0, 1.0, 1.0, 1.0, 1.0, 1.0, 1.0, 1.0, 1.0, 1.0, 1.0, 1.0], "solar_supply": [0.66795, 0.869559, 1.112879, 1.389855, 1.650999, 1.85191, 1.830275, 1.703753, 1.442461, 1.074414, 0.735808, 0.601372], "wind_supply": [0.886459, 1.185233, 1.452303, 1.563347, 1.824862, 2.553731, 3.076515, 2.530265, 1.632509, 0.998065, 0.765858, 0.755486], "mix_supply": [0.685142, 0.898106, 1.136654, 1.370073, 1.621133, 1.918541, 2.005311, 1.800782, 1.423904, 1.017539, 0.713125, 0.608431], "mix_storage": [0.065465, 0.033983, 0.020687, 0.027274, 0.052488, 0.097209, 0.149666, 0.187705, 0.195307, 0.187634, 0.155499, 0.10851], "mix_s_tot": 0.198145}}, "nldas": null}, "pdf": "figures/396.pdf"}