{"id": 397, "name": "South Khorasan", "country": "Iran", "level": "admin1", "continent": "Asia", "metrics": {"solar_cf": 0.2324, "wind_cf": 0.3733, "solar_f_adj": 1.2387, "wind_f_adj": 1.416, "mix_alpha": 0.95, "mix_f_adj": 1.2348, "solar_s_tot_pct": 17.4987, "wind_s_tot_pct": 28.4668, "mix_s_tot_pct": 17.382, "solar_s_seasonal_pct": 16.299, "solar_s_diurnal_pct": 1.1997, "wind_s_seasonal_pct": 27.8874, "wind_s_diurnal_pct": 0.5793, "solar_flaute_days": 1.75, "wind_flaute_days": 9.125, "solar_gap30d_max": 0.6573, "wind_gap30d_max": 0.8382, "solar_trend_pct_decade": -0.1952, "wind_trend_pct_decade": 3.5123}, "colocation": {"k": [0, 17, 35, 50], "storage_pct_cons": [17.382, 12.621, 8.8938, 6.8675], "pick": ["base", "wind", "wind", "wind"]}, "datasets": {"gldas": {"series_norm": {"months": [1, 2, 3, 4, 5, 6, 7, 8, 9, 10, 11, 12], "demand": [1.0, 1.0, 1.0, 1.0, 1.0, 1.0, 1.0, 1.0, 1.0, 1.0, 1.0, 1.0], "solar_supply": [0.742635, 0.923367, 1.162579, 1.382815, 1.589095, 1.725072, 1.708832, 1.61987, 1.406451, 1.102415, 0.804998, 0.679885], "wind_supply": [0.759025, 1.068425, 1.178021, 1.169156, 1.461417, 2.232026, 2.817992, 2.583349, 1.587187, 0.885193, 0.619322, 0.597305], "mix_supply": [0.736398, 0.921048, 1.152368, 1.360553, 1.568652, 1.731028, 1.741199, 1.646717, 1.401165, 1.082623, 0.789365, 0.66992], "mix_storage": [0.048519, 0.018274, 0.005003, 0.008968, 0.030068, 0.066732, 0.107703, 0.143948, 0.162131, 0.158575, 0.131437, 0.089001], "mix_s_tot": 0.17382}}, "nldas": null}, "pdf": "figures/397.pdf"}