{"id": 398, "name": "Sistan and Baluchestan", "country": "Iran", "level": "admin1", "continent": "Asia", "metrics": {"solar_cf": 0.2421, "wind_cf": 0.2846, "solar_f_adj": 1.2451, "wind_f_adj": 1.4053, "mix_alpha": 0.9, "mix_f_adj": 1.2441, "solar_s_tot_pct": 13.2833, "wind_s_tot_pct": 20.8951, "mix_s_tot_pct": 12.2213, "solar_s_seasonal_pct": 11.9633, "solar_s_diurnal_pct": 1.32, "wind_s_seasonal_pct": 20.0559, "wind_s_diurnal_pct": 0.8391, "solar_flaute_days": 1.625, "wind_flaute_days": 8.5, "solar_gap30d_max": 0.6514, "wind_gap30d_max": 0.7573, "solar_trend_pct_decade": 0.3758, "wind_trend_pct_decade": -2.8336}, "colocation": {"k": [0, 17, 35, 50], "storage_pct_cons": [12.2213, 7.2623, 4.4515, 2.5512], "pick": ["base", "wind", "wind", "wind"]}, "datasets": {"gldas": {"series_norm": {"months": [1, 2, 3, 4, 5, 6, 7, 8, 9, 10, 11, 12], "demand": [1.0, 1.0, 1.0, 1.0, 1.0, 1.0, 1.0, 1.0, 1.0, 1.0, 1.0, 1.0], "solar_supply": [0.842695, 1.020784, 1.222, 1.425579, 1.55665, 1.594147, 1.542227, 1.494536, 1.366225, 1.1567, 0.919502, 0.790011], "wind_supply": [1.227804, 1.517401, 1.580423, 1.569277, 1.581751, 1.820887, 1.873404, 1.699413, 1.256109, 0.952825, 0.877805, 0.912483], "mix_supply": [0.866537, 1.052332, 1.238866, 1.420958, 1.539936, 1.594828, 1.552785, 1.494493, 1.339857, 1.124579, 0.904625, 0.791243], "mix_storage": [0.034972, 0.015973, 0.01181, 0.022374, 0.044768, 0.073636, 0.099563, 0.114935, 0.118879, 0.115365, 0.096405, 0.064702], "mix_s_tot": 0.122213}}, "nldas": null}, "pdf": "figures/398.pdf"}