{"id": 399, "name": "North Kazakhstan", "country": "Kazakhstan", "level": "admin1", "continent": "Asia", "metrics": {"solar_cf": 0.1344, "wind_cf": 0.3971, "solar_f_adj": 1.3419, "wind_f_adj": 1.4392, "mix_alpha": 0.3, "mix_f_adj": 1.2944, "solar_s_tot_pct": 32.2236, "wind_s_tot_pct": 20.6097, "mix_s_tot_pct": 12.173, "solar_s_seasonal_pct": 31.3518, "solar_s_diurnal_pct": 0.8717, "wind_s_seasonal_pct": 20.32, "wind_s_diurnal_pct": 0.2897, "solar_flaute_days": 1.875, "wind_flaute_days": 9.625, "solar_gap30d_max": 0.8293, "wind_gap30d_max": 0.715, "solar_trend_pct_decade": 0.6651, "wind_trend_pct_decade": 9.1874}, "colocation": {"k": [0, 17, 35, 50], "storage_pct_cons": [12.173, 3.9408, 2.7064, 2.7064], "pick": ["base", "wind", "wind", "wind"]}, "datasets": {"gldas": {"series_norm": {"months": [1, 2, 3, 4, 5, 6, 7, 8, 9, 10, 11, 12], "demand": [1.0, 1.0, 1.0, 1.0, 1.0, 1.0, 1.0, 1.0, 1.0, 1.0, 1.0, 1.0], "solar_supply": [0.378824, 0.764191, 1.355178, 1.831303, 2.278351, 2.426079, 2.334784, 1.957705, 1.328883, 0.741002, 0.390375, 0.283818], "wind_supply": [1.648969, 1.576111, 1.730421, 1.562427, 1.443579, 1.111269, 1.004105, 0.996778, 1.249684, 1.492404, 1.741232, 1.723202], "mix_supply": [1.147724, 1.213375, 1.481541, 1.513564, 1.568111, 1.401657, 1.307774, 1.194041, 1.171287, 1.153967, 1.20915, 1.166964], "mix_storage": [0.093177, 0.088468, 0.096877, 0.107327, 0.113423, 0.114934, 0.113734, 0.109799, 0.105611, 0.099072, 0.097508, 0.093818], "mix_s_tot": 0.12173}}, "nldas": null}, "pdf": "figures/399.pdf"}