{"id": 40, "name": "Germany", "country": "Germany", "level": "admin0", "continent": "Europe", "metrics": {"solar_cf": 0.1183, "wind_cf": 0.2514, "solar_f_adj": 1.4162, "wind_f_adj": 1.3722, "mix_alpha": 0.3, "mix_f_adj": 1.2689, "solar_s_tot_pct": 34.2483, "wind_s_tot_pct": 22.4022, "mix_s_tot_pct": 11.4943, "solar_s_seasonal_pct": 33.0581, "solar_s_diurnal_pct": 1.1902, "wind_s_seasonal_pct": 22.0031, "wind_s_diurnal_pct": 0.3991, "solar_flaute_days": 1.875, "wind_flaute_days": 10.875, "solar_gap30d_max": 0.8509, "wind_gap30d_max": 0.7904, "solar_trend_pct_decade": -1.407, "wind_trend_pct_decade": -6.3483}, "colocation": {"k": [0, 17, 35, 50], "storage_pct_cons": [11.4943, 7.1358, 4.2999, 4.0548], "pick": ["base", "wind", "wind", "solar"]}, "datasets": {"gldas": {"series_norm": {"months": [1, 2, 3, 4, 5, 6, 7, 8, 9, 10, 11, 12], "demand": [1.0, 1.0, 1.0, 1.0, 1.0, 1.0, 1.0, 1.0, 1.0, 1.0, 1.0, 1.0], "solar_supply": [0.393939, 0.719485, 1.256861, 1.923197, 2.357735, 2.641636, 2.497165, 2.130405, 1.495861, 0.815588, 0.418887, 0.307843], "wind_supply": [2.081561, 1.961549, 1.633979, 1.271205, 1.124137, 0.919234, 0.937414, 0.801152, 0.987499, 1.339905, 1.530263, 1.905964], "mix_supply": [1.453257, 1.46308, 1.395491, 1.33978, 1.361386, 1.305066, 1.278, 1.091217, 1.041275, 1.086529, 1.103115, 1.316453], "mix_storage": [0.082334, 0.087752, 0.093377, 0.098377, 0.102244, 0.106396, 0.107028, 0.100074, 0.0896, 0.079078, 0.073022, 0.071292], "mix_s_tot": 0.114943}}, "nldas": null}, "pdf": "figures/40.pdf"}