{"id": 400, "name": "Tyumen'", "country": "Russia", "level": "admin1", "continent": "Europe", "metrics": {"solar_cf": 0.123, "wind_cf": 0.2395, "solar_f_adj": 1.3863, "wind_f_adj": 1.696, "mix_alpha": 0.1, "mix_f_adj": 1.5748, "solar_s_tot_pct": 38.4616, "wind_s_tot_pct": 15.9379, "mix_s_tot_pct": 12.383, "solar_s_seasonal_pct": 36.9166, "solar_s_diurnal_pct": 1.5451, "wind_s_seasonal_pct": 15.2542, "wind_s_diurnal_pct": 0.6837, "solar_flaute_days": 4.875, "wind_flaute_days": 8.875, "solar_gap30d_max": 0.8949, "wind_gap30d_max": 0.7965, "solar_trend_pct_decade": 1.7909, "wind_trend_pct_decade": 8.1235}, "colocation": {"k": [0, 17, 35, 50], "storage_pct_cons": [12.383, 8.2019, 6.4419, 5.1156], "pick": ["base", "solar", "solar", "solar"]}, "datasets": {"gldas": {"series_norm": {"months": [1, 2, 3, 4, 5, 6, 7, 8, 9, 10, 11, 12], "demand": [1.0, 1.0, 1.0, 1.0, 1.0, 1.0, 1.0, 1.0, 1.0, 1.0, 1.0, 1.0], "solar_supply": [0.286463, 0.664886, 1.279083, 1.960465, 2.507299, 2.718262, 2.650583, 2.072485, 1.281022, 0.664861, 0.320066, 0.188972], "wind_supply": [1.916167, 1.678541, 2.142724, 1.880852, 1.722981, 1.336415, 1.125444, 1.198682, 1.559908, 1.872189, 1.970429, 1.944893], "mix_supply": [1.633903, 1.478306, 1.936003, 1.79456, 1.724748, 1.425656, 1.241657, 1.23719, 1.449158, 1.640137, 1.683067, 1.646834], "mix_storage": [0.114554, 0.10948, 0.114225, 0.119845, 0.121465, 0.120195, 0.115826, 0.109502, 0.110442, 0.112804, 0.116169, 0.115065], "mix_s_tot": 0.12383}}, "nldas": null}, "pdf": "figures/400.pdf"}