{"id": 401, "name": "Kurgan", "country": "Russia", "level": "admin1", "continent": "Europe", "metrics": {"solar_cf": 0.1292, "wind_cf": 0.3328, "solar_f_adj": 1.3452, "wind_f_adj": 1.4267, "mix_alpha": 0.35, "mix_f_adj": 1.2786, "solar_s_tot_pct": 34.7734, "wind_s_tot_pct": 19.6968, "mix_s_tot_pct": 10.7535, "solar_s_seasonal_pct": 33.3921, "solar_s_diurnal_pct": 1.3813, "wind_s_seasonal_pct": 19.2333, "wind_s_diurnal_pct": 0.4635, "solar_flaute_days": 3.875, "wind_flaute_days": 8.625, "solar_gap30d_max": 0.8641, "wind_gap30d_max": 0.7654, "solar_trend_pct_decade": 1.2508, "wind_trend_pct_decade": 10.9641}, "colocation": {"k": [0, 17, 35, 50], "storage_pct_cons": [10.7535, 4.9125, 2.591, 2.591], "pick": ["base", "wind", "wind", "wind"]}, "datasets": {"gldas": {"series_norm": {"months": [1, 2, 3, 4, 5, 6, 7, 8, 9, 10, 11, 12], "demand": [1.0, 1.0, 1.0, 1.0, 1.0, 1.0, 1.0, 1.0, 1.0, 1.0, 1.0, 1.0], "solar_supply": [0.336, 0.703282, 1.315732, 1.845132, 2.316148, 2.538506, 2.471632, 1.993971, 1.294676, 0.685797, 0.362297, 0.242751], "wind_supply": [1.634228, 1.556268, 1.735358, 1.559943, 1.41913, 1.121608, 0.978577, 1.017136, 1.28071, 1.522145, 1.660466, 1.644279], "mix_supply": [1.06372, 1.140495, 1.448564, 1.522504, 1.597177, 1.497843, 1.39228, 1.255833, 1.176726, 1.114801, 1.087752, 1.038552], "mix_storage": [0.067551, 0.060951, 0.070587, 0.085964, 0.094679, 0.099003, 0.101461, 0.100822, 0.097581, 0.089315, 0.083619, 0.073766], "mix_s_tot": 0.107535}}, "nldas": null}, "pdf": "figures/401.pdf"}