{"id": 402, "name": "Omsk", "country": "Russia", "level": "admin1", "continent": "Europe", "metrics": {"solar_cf": 0.1297, "wind_cf": 0.2721, "solar_f_adj": 1.3471, "wind_f_adj": 1.628, "mix_alpha": 0.15, "mix_f_adj": 1.4768, "solar_s_tot_pct": 36.1777, "wind_s_tot_pct": 15.1505, "mix_s_tot_pct": 10.751, "solar_s_seasonal_pct": 34.9752, "solar_s_diurnal_pct": 1.2025, "wind_s_seasonal_pct": 14.7779, "wind_s_diurnal_pct": 0.3726, "solar_flaute_days": 2.875, "wind_flaute_days": 8.875, "solar_gap30d_max": 0.8636, "wind_gap30d_max": 0.7909, "solar_trend_pct_decade": 2.0314, "wind_trend_pct_decade": 14.5016}, "colocation": {"k": [0, 17, 35, 50], "storage_pct_cons": [10.751, 7.7926, 6.1975, 4.3977], "pick": ["base", "wind", "solar", "solar"]}, "datasets": {"gldas": {"series_norm": {"months": [1, 2, 3, 4, 5, 6, 7, 8, 9, 10, 11, 12], "demand": [1.0, 1.0, 1.0, 1.0, 1.0, 1.0, 1.0, 1.0, 1.0, 1.0, 1.0, 1.0], "solar_supply": [0.320946, 0.702556, 1.291781, 1.898614, 2.39243, 2.554307, 2.447815, 1.97526, 1.292201, 0.68614, 0.343255, 0.225134], "wind_supply": [1.772709, 1.639322, 2.042964, 1.829906, 1.707759, 1.244792, 1.094895, 1.167866, 1.490194, 1.756444, 1.919731, 1.870131], "mix_supply": [1.41961, 1.379515, 1.787632, 1.723143, 1.710165, 1.379817, 1.246729, 1.225286, 1.361492, 1.467121, 1.536639, 1.478971], "mix_storage": [0.094157, 0.088219, 0.09457, 0.100641, 0.105109, 0.103569, 0.09886, 0.093174, 0.091695, 0.091663, 0.094111, 0.095195], "mix_s_tot": 0.10751}}, "nldas": null}, "pdf": "figures/402.pdf"}