{"id": 403, "name": "Qostanay", "country": "Kazakhstan", "level": "admin1", "continent": "Asia", "metrics": {"solar_cf": 0.1463, "wind_cf": 0.4111, "solar_f_adj": 1.3175, "wind_f_adj": 1.3796, "mix_alpha": 0.3, "mix_f_adj": 1.2861, "solar_s_tot_pct": 30.9964, "wind_s_tot_pct": 17.0821, "mix_s_tot_pct": 10.3117, "solar_s_seasonal_pct": 30.0543, "solar_s_diurnal_pct": 0.9421, "wind_s_seasonal_pct": 16.823, "wind_s_diurnal_pct": 0.2591, "solar_flaute_days": 1.875, "wind_flaute_days": 7.375, "solar_gap30d_max": 0.8286, "wind_gap30d_max": 0.6795, "solar_trend_pct_decade": 0.8929, "wind_trend_pct_decade": 8.4051}, "colocation": {"k": [0, 17, 35, 50], "storage_pct_cons": [10.3117, 4.7979, 3.5963, 3.5963], "pick": ["base", "wind", "wind", "wind"]}, "datasets": {"gldas": {"series_norm": {"months": [1, 2, 3, 4, 5, 6, 7, 8, 9, 10, 11, 12], "demand": [1.0, 1.0, 1.0, 1.0, 1.0, 1.0, 1.0, 1.0, 1.0, 1.0, 1.0, 1.0], "solar_supply": [0.420084, 0.784131, 1.305356, 1.716875, 2.141437, 2.330433, 2.251733, 1.933143, 1.370604, 0.782341, 0.424762, 0.319379], "wind_supply": [1.49192, 1.472713, 1.531224, 1.495943, 1.436759, 1.215599, 1.140196, 1.10564, 1.220751, 1.387491, 1.533855, 1.529544], "mix_supply": [1.096641, 1.190725, 1.38156, 1.479058, 1.564776, 1.475801, 1.403545, 1.287689, 1.198058, 1.134586, 1.125377, 1.0917], "mix_storage": [0.07074, 0.069211, 0.076192, 0.087674, 0.095734, 0.098494, 0.098662, 0.097805, 0.094685, 0.088975, 0.083684, 0.075614], "mix_s_tot": 0.103117}}, "nldas": null}, "pdf": "figures/403.pdf"}