{"id": 404, "name": "Pavlodar", "country": "Kazakhstan", "level": "admin1", "continent": "Asia", "metrics": {"solar_cf": 0.1402, "wind_cf": 0.4074, "solar_f_adj": 1.3112, "wind_f_adj": 1.3804, "mix_alpha": 0.1, "mix_f_adj": 1.3316, "solar_s_tot_pct": 31.5231, "wind_s_tot_pct": 13.6136, "mix_s_tot_pct": 11.418, "solar_s_seasonal_pct": 30.697, "solar_s_diurnal_pct": 0.8261, "wind_s_seasonal_pct": 13.3298, "wind_s_diurnal_pct": 0.2839, "solar_flaute_days": 1.75, "wind_flaute_days": 9.875, "solar_gap30d_max": 0.8133, "wind_gap30d_max": 0.6984, "solar_trend_pct_decade": -0.0159, "wind_trend_pct_decade": 10.8965}, "colocation": {"k": [0, 17, 35, 50], "storage_pct_cons": [11.418, 8.5984, 6.1658, 4.4649], "pick": ["base", "solar", "solar", "solar"]}, "datasets": {"gldas": {"series_norm": {"months": [1, 2, 3, 4, 5, 6, 7, 8, 9, 10, 11, 12], "demand": [1.0, 1.0, 1.0, 1.0, 1.0, 1.0, 1.0, 1.0, 1.0, 1.0, 1.0, 1.0], "solar_supply": [0.419406, 0.789893, 1.292014, 1.772809, 2.197024, 2.297534, 2.190489, 1.895845, 1.339445, 0.773924, 0.425128, 0.313265], "wind_supply": [1.41948, 1.341848, 1.541007, 1.504076, 1.451894, 1.208463, 1.073605, 1.103089, 1.245483, 1.446087, 1.652414, 1.577129], "mix_supply": [1.274995, 1.245221, 1.469128, 1.485893, 1.483672, 1.282532, 1.154576, 1.15025, 1.217369, 1.3341, 1.477811, 1.401087], "mix_storage": [0.096982, 0.088751, 0.0925, 0.102257, 0.108288, 0.108973, 0.10308, 0.094564, 0.090426, 0.088788, 0.093649, 0.095435], "mix_s_tot": 0.11418}}, "nldas": null}, "pdf": "figures/404.pdf"}