{"id": 405, "name": "Novosibirsk", "country": "Russia", "level": "admin1", "continent": "Europe", "metrics": {"solar_cf": 0.1314, "wind_cf": 0.2985, "solar_f_adj": 1.3713, "wind_f_adj": 1.6832, "mix_alpha": 0.1, "mix_f_adj": 1.5618, "solar_s_tot_pct": 34.3842, "wind_s_tot_pct": 14.6738, "mix_s_tot_pct": 10.3907, "solar_s_seasonal_pct": 33.6703, "solar_s_diurnal_pct": 0.7139, "wind_s_seasonal_pct": 14.06, "wind_s_diurnal_pct": 0.6138, "solar_flaute_days": 2.875, "wind_flaute_days": 8.5, "solar_gap30d_max": 0.8502, "wind_gap30d_max": 0.8133, "solar_trend_pct_decade": 1.1446, "wind_trend_pct_decade": 11.0498}, "colocation": {"k": [0, 17, 35, 50], "storage_pct_cons": [10.3907, 8.2189, 6.0054, 4.0187], "pick": ["base", "solar", "solar", "solar"]}, "datasets": {"gldas": {"series_norm": {"months": [1, 2, 3, 4, 5, 6, 7, 8, 9, 10, 11, 12], "demand": [1.0, 1.0, 1.0, 1.0, 1.0, 1.0, 1.0, 1.0, 1.0, 1.0, 1.0, 1.0], "solar_supply": [0.351966, 0.745048, 1.334053, 1.922547, 2.386376, 2.560387, 2.449523, 2.017517, 1.324808, 0.717297, 0.368965, 0.242968], "wind_supply": [2.005669, 1.824637, 2.15069, 1.813119, 1.731032, 1.144588, 0.913869, 1.049922, 1.419567, 1.859846, 2.164508, 2.1282], "mix_supply": [1.714982, 1.608578, 1.947945, 1.733074, 1.717354, 1.247445, 1.042149, 1.10656, 1.336345, 1.634819, 1.849562, 1.804891], "mix_storage": [0.096372, 0.092462, 0.096604, 0.099517, 0.101896, 0.097193, 0.085146, 0.071961, 0.070059, 0.075097, 0.088678, 0.095184], "mix_s_tot": 0.103907}}, "nldas": null}, "pdf": "figures/405.pdf"}