{"id": 406, "name": "Chelyabinsk", "country": "Russia", "level": "admin1", "continent": "Europe", "metrics": {"solar_cf": 0.1259, "wind_cf": 0.2786, "solar_f_adj": 1.3259, "wind_f_adj": 1.4284, "mix_alpha": 0.25, "mix_f_adj": 1.3015, "solar_s_tot_pct": 33.2938, "wind_s_tot_pct": 19.3879, "mix_s_tot_pct": 10.659, "solar_s_seasonal_pct": 32.5012, "solar_s_diurnal_pct": 0.7926, "wind_s_seasonal_pct": 19.1271, "wind_s_diurnal_pct": 0.2607, "solar_flaute_days": 1.875, "wind_flaute_days": 13.75, "solar_gap30d_max": 0.8367, "wind_gap30d_max": 0.8095, "solar_trend_pct_decade": 1.7982, "wind_trend_pct_decade": 3.0688}, "colocation": {"k": [0, 17, 35, 50], "storage_pct_cons": [10.659, 6.9999, 6.4299, 6.4299], "pick": ["base", "wind", "wind", "wind"]}, "datasets": {"gldas": {"series_norm": {"months": [1, 2, 3, 4, 5, 6, 7, 8, 9, 10, 11, 12], "demand": [1.0, 1.0, 1.0, 1.0, 1.0, 1.0, 1.0, 1.0, 1.0, 1.0, 1.0, 1.0], "solar_supply": [0.358347, 0.734024, 1.313383, 1.791886, 2.231526, 2.447409, 2.404738, 1.96369, 1.299857, 0.693608, 0.375582, 0.263938], "wind_supply": [1.540135, 1.50937, 1.708603, 1.614687, 1.451821, 1.209819, 0.984225, 1.002932, 1.311272, 1.593314, 1.692148, 1.533997], "mix_supply": [1.14041, 1.211577, 1.4899, 1.543146, 1.539737, 1.42734, 1.262706, 1.167256, 1.21506, 1.259023, 1.24852, 1.113047], "mix_storage": [0.071141, 0.063146, 0.070896, 0.088674, 0.098983, 0.102033, 0.098589, 0.092219, 0.088987, 0.085769, 0.086589, 0.077897], "mix_s_tot": 0.10659}}, "nldas": null}, "pdf": "figures/406.pdf"}