{"id": 407, "name": "Altay", "country": "Russia", "level": "admin1", "continent": "Europe", "metrics": {"solar_cf": 0.136, "wind_cf": 0.2663, "solar_f_adj": 1.3514, "wind_f_adj": 1.7191, "mix_alpha": 0.2, "mix_f_adj": 1.492, "solar_s_tot_pct": 31.7598, "wind_s_tot_pct": 17.3132, "mix_s_tot_pct": 15.2463, "solar_s_seasonal_pct": 31.1193, "solar_s_diurnal_pct": 0.6405, "wind_s_seasonal_pct": 17.2299, "wind_s_diurnal_pct": 0.0833, "solar_flaute_days": 1.875, "wind_flaute_days": 20.0, "solar_gap30d_max": 0.8139, "wind_gap30d_max": 0.9116, "solar_trend_pct_decade": -0.5614, "wind_trend_pct_decade": 6.2766}, "colocation": {"k": [0, 17, 35, 50], "storage_pct_cons": [15.2463, 12.489, 9.9152, 7.8524], "pick": ["base", "solar", "solar", "solar"]}, "datasets": {"gldas": {"series_norm": {"months": [1, 2, 3, 4, 5, 6, 7, 8, 9, 10, 11, 12], "demand": [1.0, 1.0, 1.0, 1.0, 1.0, 1.0, 1.0, 1.0, 1.0, 1.0, 1.0, 1.0], "solar_supply": [0.418211, 0.791438, 1.321981, 1.822029, 2.254887, 2.411237, 2.299306, 1.985132, 1.370768, 0.778048, 0.42736, 0.306193], "wind_supply": [2.006649, 1.815938, 2.052555, 1.785917, 1.778886, 1.25428, 0.960427, 1.05273, 1.388935, 1.918411, 2.367451, 2.253151], "mix_supply": [1.485614, 1.435613, 1.717053, 1.642336, 1.733035, 1.403312, 1.174567, 1.169281, 1.267057, 1.503806, 1.738149, 1.632032], "mix_storage": [0.139283, 0.129516, 0.135533, 0.143056, 0.147683, 0.14707, 0.141252, 0.133221, 0.130171, 0.129762, 0.138778, 0.139312], "mix_s_tot": 0.152463}}, "nldas": null}, "pdf": "figures/407.pdf"}