{"id": 408, "name": "Orenburg", "country": "Russia", "level": "admin1", "continent": "Europe", "metrics": {"solar_cf": 0.1401, "wind_cf": 0.3647, "solar_f_adj": 1.3033, "wind_f_adj": 1.3623, "mix_alpha": 0.3, "mix_f_adj": 1.267, "solar_s_tot_pct": 32.0157, "wind_s_tot_pct": 20.5895, "mix_s_tot_pct": 10.7158, "solar_s_seasonal_pct": 31.3193, "solar_s_diurnal_pct": 0.6964, "wind_s_seasonal_pct": 20.0603, "wind_s_diurnal_pct": 0.5292, "solar_flaute_days": 2.875, "wind_flaute_days": 12.875, "solar_gap30d_max": 0.8275, "wind_gap30d_max": 0.7849, "solar_trend_pct_decade": 0.6099, "wind_trend_pct_decade": 6.1919}, "colocation": {"k": [0, 17, 35, 50], "storage_pct_cons": [10.7158, 6.4198, 5.0682, 5.0682], "pick": ["base", "wind", "wind", "wind"]}, "datasets": {"gldas": {"series_norm": {"months": [1, 2, 3, 4, 5, 6, 7, 8, 9, 10, 11, 12], "demand": [1.0, 1.0, 1.0, 1.0, 1.0, 1.0, 1.0, 1.0, 1.0, 1.0, 1.0, 1.0], "solar_supply": [0.398719, 0.755199, 1.27924, 1.677798, 2.123681, 2.342978, 2.320499, 1.975491, 1.33625, 0.723735, 0.380869, 0.292649], "wind_supply": [1.663007, 1.562904, 1.551431, 1.459436, 1.349104, 1.104394, 0.962945, 0.990811, 1.132574, 1.43542, 1.572827, 1.574364], "mix_supply": [1.199012, 1.237808, 1.38318, 1.439528, 1.497741, 1.402379, 1.30373, 1.221249, 1.127105, 1.145632, 1.135092, 1.110363], "mix_storage": [0.072407, 0.073191, 0.079322, 0.088473, 0.097385, 0.100159, 0.099393, 0.096572, 0.091343, 0.084044, 0.080757, 0.073815], "mix_s_tot": 0.107158}}, "nldas": null}, "pdf": "figures/408.pdf"}