{"id": 409, "name": "West Kazakhstan", "country": "Kazakhstan", "level": "admin1", "continent": "Asia", "metrics": {"solar_cf": 0.149, "wind_cf": 0.4424, "solar_f_adj": 1.3121, "wind_f_adj": 1.3443, "mix_alpha": 0.15, "mix_f_adj": 1.2926, "solar_s_tot_pct": 30.2907, "wind_s_tot_pct": 10.2889, "mix_s_tot_pct": 7.171, "solar_s_seasonal_pct": 29.3549, "solar_s_diurnal_pct": 0.9358, "wind_s_seasonal_pct": 9.944, "wind_s_diurnal_pct": 0.3449, "solar_flaute_days": 1.875, "wind_flaute_days": 6.5, "solar_gap30d_max": 0.8062, "wind_gap30d_max": 0.5617, "solar_trend_pct_decade": 0.0404, "wind_trend_pct_decade": 8.7589}, "colocation": {"k": [0, 17, 35, 50], "storage_pct_cons": [7.171, 3.3371, 3.2973, 2.7249], "pick": ["base", "wind", "solar", "solar"]}, "datasets": {"gldas": {"series_norm": {"months": [1, 2, 3, 4, 5, 6, 7, 8, 9, 10, 11, 12], "demand": [1.0, 1.0, 1.0, 1.0, 1.0, 1.0, 1.0, 1.0, 1.0, 1.0, 1.0, 1.0], "solar_supply": [0.426268, 0.760302, 1.205403, 1.654679, 2.105046, 2.30099, 2.276261, 2.012282, 1.418997, 0.816709, 0.41955, 0.316976], "wind_supply": [1.524597, 1.474886, 1.508479, 1.46056, 1.339763, 1.210035, 1.086864, 1.100596, 1.215002, 1.356483, 1.380653, 1.481433], "mix_supply": [1.309045, 1.317776, 1.411003, 1.438227, 1.406048, 1.328975, 1.224653, 1.196869, 1.202705, 1.22934, 1.190407, 1.257618], "mix_storage": [0.056864, 0.059192, 0.061793, 0.065796, 0.066841, 0.067777, 0.065518, 0.061979, 0.060408, 0.058326, 0.056273, 0.054093], "mix_s_tot": 0.07171}}, "nldas": null}, "pdf": "figures/409.pdf"}