{"id": 41, "name": "Estonia", "country": "Estonia", "level": "admin0", "continent": "Europe", "metrics": {"solar_cf": 0.1179, "wind_cf": 0.3126, "solar_f_adj": 1.3978, "wind_f_adj": 1.4517, "mix_alpha": 0.2, "mix_f_adj": 1.3352, "solar_s_tot_pct": 40.9014, "wind_s_tot_pct": 16.1895, "mix_s_tot_pct": 7.4631, "solar_s_seasonal_pct": 40.1043, "solar_s_diurnal_pct": 0.7971, "wind_s_seasonal_pct": 15.7351, "wind_s_diurnal_pct": 0.4545, "solar_flaute_days": 15.875, "wind_flaute_days": 11.5, "solar_gap30d_max": 0.9438, "wind_gap30d_max": 0.6817, "solar_trend_pct_decade": 0.2343, "wind_trend_pct_decade": -10.9007}, "colocation": {"k": [0, 17, 35, 50], "storage_pct_cons": [7.4631, 6.1479, 5.9125, 5.9125], "pick": ["base", "wind", "wind", "wind"]}, "datasets": {"gldas": {"series_norm": {"months": [1, 2, 3, 4, 5, 6, 7, 8, 9, 10, 11, 12], "demand": [1.0, 1.0, 1.0, 1.0, 1.0, 1.0, 1.0, 1.0, 1.0, 1.0, 1.0, 1.0], "solar_supply": [0.212408, 0.528635, 1.168035, 1.938508, 2.7046, 2.888894, 2.782404, 2.175665, 1.349265, 0.604483, 0.236037, 0.133399], "wind_supply": [1.831246, 1.586871, 1.489612, 1.30653, 1.157839, 1.182091, 1.033594, 1.133583, 1.363299, 1.659326, 1.763463, 1.919354], "mix_supply": [1.387971, 1.268579, 1.319173, 1.331661, 1.368616, 1.421668, 1.292063, 1.249718, 1.260858, 1.33638, 1.342612, 1.437705], "mix_storage": [0.064498, 0.061151, 0.059228, 0.061045, 0.063731, 0.067541, 0.068417, 0.067447, 0.063867, 0.063411, 0.065021, 0.065501], "mix_s_tot": 0.074631}}, "nldas": null}, "pdf": "figures/41.pdf"}