{"id": 410, "name": "Saratov", "country": "Russia", "level": "admin1", "continent": "Europe", "metrics": {"solar_cf": 0.1383, "wind_cf": 0.3412, "solar_f_adj": 1.3301, "wind_f_adj": 1.4152, "mix_alpha": 0.3, "mix_f_adj": 1.2929, "solar_s_tot_pct": 32.7957, "wind_s_tot_pct": 17.6863, "mix_s_tot_pct": 8.0991, "solar_s_seasonal_pct": 31.9871, "solar_s_diurnal_pct": 0.8085, "wind_s_seasonal_pct": 17.3074, "wind_s_diurnal_pct": 0.3789, "solar_flaute_days": 2.875, "wind_flaute_days": 9.125, "solar_gap30d_max": 0.837, "wind_gap30d_max": 0.6615, "solar_trend_pct_decade": 0.2608, "wind_trend_pct_decade": 13.4394}, "colocation": {"k": [0, 17, 35, 50], "storage_pct_cons": [8.0991, 4.1335, 3.5151, 3.4463], "pick": ["base", "wind", "wind", "solar"]}, "datasets": {"gldas": {"series_norm": {"months": [1, 2, 3, 4, 5, 6, 7, 8, 9, 10, 11, 12], "demand": [1.0, 1.0, 1.0, 1.0, 1.0, 1.0, 1.0, 1.0, 1.0, 1.0, 1.0, 1.0], "solar_supply": [0.397326, 0.751881, 1.2532, 1.679766, 2.193197, 2.408338, 2.393145, 2.06879, 1.373424, 0.746627, 0.377473, 0.283007], "wind_supply": [1.713832, 1.657252, 1.588479, 1.514642, 1.357285, 1.156546, 1.00547, 1.07238, 1.207468, 1.47666, 1.567136, 1.679341], "mix_supply": [1.211899, 1.279107, 1.381314, 1.458485, 1.507573, 1.441933, 1.340886, 1.289092, 1.172708, 1.162082, 1.112294, 1.156505], "mix_storage": [0.053367, 0.0577, 0.061751, 0.066404, 0.070421, 0.074875, 0.076055, 0.074605, 0.071014, 0.065893, 0.059575, 0.053092], "mix_s_tot": 0.080991}}, "nldas": null}, "pdf": "figures/410.pdf"}