{"id": 411, "name": "Astrakhan'", "country": "Russia", "level": "admin1", "continent": "Europe", "metrics": {"solar_cf": 0.1546, "wind_cf": 0.4516, "solar_f_adj": 1.3217, "wind_f_adj": 1.3473, "mix_alpha": 0.15, "mix_f_adj": 1.2964, "solar_s_tot_pct": 30.4762, "wind_s_tot_pct": 10.0536, "mix_s_tot_pct": 5.7686, "solar_s_seasonal_pct": 29.9632, "solar_s_diurnal_pct": 0.513, "wind_s_seasonal_pct": 9.7878, "wind_s_diurnal_pct": 0.2658, "solar_flaute_days": 3.75, "wind_flaute_days": 9.0, "solar_gap30d_max": 0.8077, "wind_gap30d_max": 0.6259, "solar_trend_pct_decade": 0.2924, "wind_trend_pct_decade": 9.4981}, "colocation": {"k": [0, 17, 35, 50], "storage_pct_cons": [5.7686, 3.3138, 3.0259, 2.7986], "pick": ["base", "solar", "solar", "solar"]}, "datasets": {"gldas": {"series_norm": {"months": [1, 2, 3, 4, 5, 6, 7, 8, 9, 10, 11, 12], "demand": [1.0, 1.0, 1.0, 1.0, 1.0, 1.0, 1.0, 1.0, 1.0, 1.0, 1.0, 1.0], "solar_supply": [0.434443, 0.718298, 1.161977, 1.669295, 2.069679, 2.273978, 2.264378, 2.027948, 1.490369, 0.9016, 0.474707, 0.339785], "wind_supply": [1.460081, 1.489791, 1.53304, 1.428788, 1.313273, 1.237763, 1.07327, 1.114269, 1.286173, 1.338316, 1.379122, 1.525018], "mix_supply": [1.258032, 1.324093, 1.424741, 1.414119, 1.378553, 1.346855, 1.210914, 1.209659, 1.271157, 1.227179, 1.197744, 1.297213], "mix_storage": [0.044408, 0.047351, 0.052495, 0.053524, 0.053787, 0.054872, 0.052168, 0.047688, 0.04669, 0.046621, 0.04404, 0.044224], "mix_s_tot": 0.057686}}, "nldas": null}, "pdf": "figures/411.pdf"}