{"id": 412, "name": "Volgograd", "country": "Russia", "level": "admin1", "continent": "Europe", "metrics": {"solar_cf": 0.1419, "wind_cf": 0.4068, "solar_f_adj": 1.3419, "wind_f_adj": 1.3401, "mix_alpha": 0.3, "mix_f_adj": 1.2406, "solar_s_tot_pct": 31.7103, "wind_s_tot_pct": 15.0818, "mix_s_tot_pct": 8.131, "solar_s_seasonal_pct": 31.262, "solar_s_diurnal_pct": 0.4483, "wind_s_seasonal_pct": 14.7719, "wind_s_diurnal_pct": 0.3099, "solar_flaute_days": 2.875, "wind_flaute_days": 5.875, "solar_gap30d_max": 0.8256, "wind_gap30d_max": 0.6341, "solar_trend_pct_decade": -0.967, "wind_trend_pct_decade": 7.0463}, "colocation": {"k": [0, 17, 35, 50], "storage_pct_cons": [8.131, 4.0782, 2.4778, 2.4778], "pick": ["base", "wind", "wind", "wind"]}, "datasets": {"gldas": {"series_norm": {"months": [1, 2, 3, 4, 5, 6, 7, 8, 9, 10, 11, 12], "demand": [1.0, 1.0, 1.0, 1.0, 1.0, 1.0, 1.0, 1.0, 1.0, 1.0, 1.0, 1.0], "solar_supply": [0.424903, 0.750602, 1.192042, 1.680749, 2.180019, 2.375283, 2.35175, 2.095536, 1.460441, 0.825323, 0.421229, 0.311029], "wind_supply": [1.598211, 1.58815, 1.54721, 1.376922, 1.199318, 1.11287, 0.993634, 1.035689, 1.203548, 1.355271, 1.457899, 1.628213], "mix_supply": [1.153469, 1.237278, 1.333177, 1.358368, 1.381749, 1.379885, 1.296094, 1.252288, 1.184924, 1.107097, 1.061529, 1.141328], "mix_storage": [0.05772, 0.060383, 0.066429, 0.069818, 0.072735, 0.076547, 0.077417, 0.076424, 0.074312, 0.070034, 0.063491, 0.058862], "mix_s_tot": 0.08131}}, "nldas": null}, "pdf": "figures/412.pdf"}