{"id": 413, "name": "Atyrau", "country": "Kazakhstan", "level": "admin1", "continent": "Asia", "metrics": {"solar_cf": 0.1597, "wind_cf": 0.4813, "solar_f_adj": 1.3062, "wind_f_adj": 1.4287, "mix_alpha": 0.1, "mix_f_adj": 1.3806, "solar_s_tot_pct": 28.8418, "wind_s_tot_pct": 9.3121, "mix_s_tot_pct": 8.2133, "solar_s_seasonal_pct": 28.0827, "solar_s_diurnal_pct": 0.7591, "wind_s_seasonal_pct": 8.6986, "wind_s_diurnal_pct": 0.6135, "solar_flaute_days": 1.875, "wind_flaute_days": 5.5, "solar_gap30d_max": 0.7894, "wind_gap30d_max": 0.5598, "solar_trend_pct_decade": 1.5282, "wind_trend_pct_decade": 13.2186}, "colocation": {"k": [0, 17, 35, 50], "storage_pct_cons": [8.2133, 3.4749, 2.2729, 2.0846], "pick": ["base", "solar", "solar", "solar"]}, "datasets": {"gldas": {"series_norm": {"months": [1, 2, 3, 4, 5, 6, 7, 8, 9, 10, 11, 12], "demand": [1.0, 1.0, 1.0, 1.0, 1.0, 1.0, 1.0, 1.0, 1.0, 1.0, 1.0, 1.0], "solar_supply": [0.448954, 0.754121, 1.167254, 1.636365, 2.016988, 2.231808, 2.217226, 1.982943, 1.461593, 0.891477, 0.482389, 0.353046], "wind_supply": [1.525603, 1.500457, 1.617038, 1.604633, 1.491884, 1.37209, 1.224122, 1.19512, 1.323478, 1.391619, 1.377908, 1.525678], "mix_supply": [1.374274, 1.38466, 1.529718, 1.568512, 1.510684, 1.429204, 1.298974, 1.248989, 1.305518, 1.304521, 1.249358, 1.364203], "mix_storage": [0.064986, 0.067985, 0.072742, 0.075828, 0.077358, 0.078081, 0.076419, 0.072938, 0.070038, 0.069078, 0.066211, 0.064826], "mix_s_tot": 0.082133}}, "nldas": null}, "pdf": "figures/413.pdf"}