{"id": 414, "name": "Al Hudud ash Shamaliyah", "country": "Saudi Arabia", "level": "admin1", "continent": "Asia", "metrics": {"solar_cf": 0.2381, "wind_cf": 0.299, "solar_f_adj": 1.2366, "wind_f_adj": 1.6888, "mix_alpha": 0.2, "mix_f_adj": 1.5049, "solar_s_tot_pct": 18.2837, "wind_s_tot_pct": 11.8407, "mix_s_tot_pct": 11.3427, "solar_s_seasonal_pct": 17.3853, "solar_s_diurnal_pct": 0.8984, "wind_s_seasonal_pct": 11.4205, "wind_s_diurnal_pct": 0.4202, "solar_flaute_days": 0.75, "wind_flaute_days": 9.0, "solar_gap30d_max": 0.6743, "wind_gap30d_max": 0.7366, "solar_trend_pct_decade": 1.3364, "wind_trend_pct_decade": 24.0264}, "colocation": {"k": [0, 17, 35, 50], "storage_pct_cons": [11.3427, 5.3048, 2.725, 2.0154], "pick": ["base", "wind", "solar", "solar"]}, "datasets": {"gldas": {"series_norm": {"months": [1, 2, 3, 4, 5, 6, 7, 8, 9, 10, 11, 12], "demand": [1.0, 1.0, 1.0, 1.0, 1.0, 1.0, 1.0, 1.0, 1.0, 1.0, 1.0, 1.0], "solar_supply": [0.761093, 0.96463, 1.220496, 1.4087, 1.583943, 1.711421, 1.674557, 1.557724, 1.38048, 1.070947, 0.802919, 0.689959], "wind_supply": [1.557511, 1.814304, 2.061107, 2.03896, 1.963882, 1.872833, 1.865347, 1.547469, 1.311636, 1.444851, 1.383796, 1.410422], "mix_supply": [1.295556, 1.528156, 1.766371, 1.79639, 1.78552, 1.75164, 1.737331, 1.482287, 1.271028, 1.290658, 1.181898, 1.173386], "mix_storage": [0.077326, 0.078464, 0.086932, 0.098435, 0.1079, 0.112595, 0.112589, 0.111187, 0.106418, 0.10042, 0.093276, 0.082322], "mix_s_tot": 0.113427}}, "nldas": null}, "pdf": "figures/414.pdf"}