{"id": 415, "name": "Al Jawf", "country": "Saudi Arabia", "level": "admin1", "continent": "Asia", "metrics": {"solar_cf": 0.2444, "wind_cf": 0.283, "solar_f_adj": 1.2346, "wind_f_adj": 1.6124, "mix_alpha": 0.55, "mix_f_adj": 1.3039, "solar_s_tot_pct": 16.3936, "wind_s_tot_pct": 16.2434, "mix_s_tot_pct": 13.6454, "solar_s_seasonal_pct": 15.217, "solar_s_diurnal_pct": 1.1766, "wind_s_seasonal_pct": 16.0756, "wind_s_diurnal_pct": 0.1678, "solar_flaute_days": 0.75, "wind_flaute_days": 5.625, "solar_gap30d_max": 0.6674, "wind_gap30d_max": 0.7158, "solar_trend_pct_decade": 1.234, "wind_trend_pct_decade": 21.7942}, "colocation": {"k": [0, 17, 35, 50], "storage_pct_cons": [13.6454, 7.5921, 4.2124, 1.9798], "pick": ["base", "wind", "wind", "wind"]}, "datasets": {"gldas": {"series_norm": {"months": [1, 2, 3, 4, 5, 6, 7, 8, 9, 10, 11, 12], "demand": [1.0, 1.0, 1.0, 1.0, 1.0, 1.0, 1.0, 1.0, 1.0, 1.0, 1.0, 1.0], "solar_supply": [0.776634, 0.978086, 1.227018, 1.415127, 1.57065, 1.683561, 1.650455, 1.533967, 1.364208, 1.068726, 0.821861, 0.713515], "wind_supply": [1.426093, 1.710308, 1.95409, 1.982111, 1.928684, 1.874188, 1.816251, 1.591243, 1.295944, 1.21941, 1.313469, 1.245886], "mix_supply": [0.970061, 1.190501, 1.423805, 1.543265, 1.614158, 1.659911, 1.619598, 1.470056, 1.263993, 1.064511, 0.955348, 0.867822], "mix_storage": [0.0673, 0.061594, 0.072758, 0.088768, 0.099646, 0.112085, 0.12258, 0.127857, 0.128798, 0.122978, 0.109662, 0.087339], "mix_s_tot": 0.136454}}, "nldas": null}, "pdf": "figures/415.pdf"}