{"id": 416, "name": "Najran", "country": "Saudi Arabia", "level": "admin1", "continent": "Asia", "metrics": {"solar_cf": 0.2739, "wind_cf": 0.2993, "solar_f_adj": 1.2189, "wind_f_adj": 1.329, "mix_alpha": 0.8, "mix_f_adj": 1.2214, "solar_s_tot_pct": 7.5981, "wind_s_tot_pct": 13.1208, "mix_s_tot_pct": 6.5769, "solar_s_seasonal_pct": 6.6809, "solar_s_diurnal_pct": 0.9172, "wind_s_seasonal_pct": 11.6741, "wind_s_diurnal_pct": 1.4467, "solar_flaute_days": 0.75, "wind_flaute_days": 3.375, "solar_gap30d_max": 0.6102, "wind_gap30d_max": 0.6101, "solar_trend_pct_decade": 1.0258, "wind_trend_pct_decade": 9.14}, "colocation": {"k": [0, 17, 35, 50], "storage_pct_cons": [6.5769, 1.4204, 0.6688, 0.5284], "pick": ["base", "solar", "wind", "wind"]}, "datasets": {"gldas": {"series_norm": {"months": [1, 2, 3, 4, 5, 6, 7, 8, 9, 10, 11, 12], "demand": [1.0, 1.0, 1.0, 1.0, 1.0, 1.0, 1.0, 1.0, 1.0, 1.0, 1.0, 1.0], "solar_supply": [0.991362, 1.134473, 1.262683, 1.339135, 1.396872, 1.408295, 1.314969, 1.297732, 1.2957, 1.19103, 1.037155, 0.956812], "wind_supply": [1.22708, 1.410323, 1.549666, 1.515833, 1.323264, 1.264009, 1.682468, 1.497059, 1.137351, 1.054621, 1.186712, 1.100002], "mix_supply": [1.020207, 1.168604, 1.296988, 1.352053, 1.362941, 1.361206, 1.36331, 1.315414, 1.247671, 1.148562, 1.049495, 0.969155], "mix_storage": [0.027016, 0.021398, 0.027202, 0.039456, 0.050003, 0.057287, 0.061601, 0.063705, 0.063961, 0.062118, 0.054348, 0.040554], "mix_s_tot": 0.065769}}, "nldas": null}, "pdf": "figures/416.pdf"}