{"id": 417, "name": "`Asir", "country": "Saudi Arabia", "level": "admin1", "continent": "Asia", "metrics": {"solar_cf": 0.2571, "wind_cf": 0.2419, "solar_f_adj": 1.2297, "wind_f_adj": 1.6155, "mix_alpha": 0.85, "mix_f_adj": 1.2581, "solar_s_tot_pct": 8.4906, "wind_s_tot_pct": 14.5219, "mix_s_tot_pct": 7.8207, "solar_s_seasonal_pct": 7.7037, "solar_s_diurnal_pct": 0.7868, "wind_s_seasonal_pct": 11.5323, "wind_s_diurnal_pct": 2.9896, "solar_flaute_days": 0.75, "wind_flaute_days": 2.875, "solar_gap30d_max": 0.6165, "wind_gap30d_max": 0.6838, "solar_trend_pct_decade": 1.9677, "wind_trend_pct_decade": 20.316}, "colocation": {"k": [0, 17, 35, 50], "storage_pct_cons": [7.8207, 2.2237, 0.5076, 0.3658], "pick": ["base", "wind", "wind", "wind"]}, "datasets": {"gldas": {"series_norm": {"months": [1, 2, 3, 4, 5, 6, 7, 8, 9, 10, 11, 12], "demand": [1.0, 1.0, 1.0, 1.0, 1.0, 1.0, 1.0, 1.0, 1.0, 1.0, 1.0, 1.0], "solar_supply": [0.995818, 1.151708, 1.279141, 1.347298, 1.408328, 1.434834, 1.332077, 1.297451, 1.308542, 1.214941, 1.028424, 0.957598], "wind_supply": [1.390186, 1.686422, 1.938566, 1.659966, 1.371431, 1.587335, 2.108084, 1.737861, 1.465816, 1.640493, 1.521801, 1.276321], "mix_supply": [1.028396, 1.198569, 1.338845, 1.36557, 1.384936, 1.433209, 1.404683, 1.331321, 1.309185, 1.248193, 1.072127, 0.981858], "mix_storage": [0.035595, 0.029382, 0.035979, 0.046861, 0.054452, 0.061474, 0.065998, 0.068277, 0.069388, 0.070707, 0.065701, 0.051048], "mix_s_tot": 0.078207}}, "nldas": null}, "pdf": "figures/417.pdf"}