{"id": 418, "name": "Jizan", "country": "Saudi Arabia", "level": "admin1", "continent": "Asia", "metrics": {"solar_cf": 0.259, "wind_cf": 0.2182, "solar_f_adj": 1.2456, "wind_f_adj": 1.4968, "mix_alpha": 0.7, "mix_f_adj": 1.2656, "solar_s_tot_pct": 8.0722, "wind_s_tot_pct": 13.5031, "mix_s_tot_pct": 7.191, "solar_s_seasonal_pct": 7.3934, "solar_s_diurnal_pct": 0.6787, "wind_s_seasonal_pct": 11.5199, "wind_s_diurnal_pct": 1.9832, "solar_flaute_days": 0.75, "wind_flaute_days": 1.875, "solar_gap30d_max": 0.6132, "wind_gap30d_max": 0.6793, "solar_trend_pct_decade": 2.271, "wind_trend_pct_decade": -12.642}, "colocation": {"k": [0, 17, 35, 50], "storage_pct_cons": [7.191, 2.4062, 0.8287, 0.7135], "pick": ["base", "solar", "solar", "wind"]}, "datasets": {"gldas": {"series_norm": {"months": [1, 2, 3, 4, 5, 6, 7, 8, 9, 10, 11, 12], "demand": [1.0, 1.0, 1.0, 1.0, 1.0, 1.0, 1.0, 1.0, 1.0, 1.0, 1.0, 1.0], "solar_supply": [1.020727, 1.166339, 1.320489, 1.414377, 1.431495, 1.389221, 1.310055, 1.277023, 1.310838, 1.239017, 1.066013, 1.000461], "wind_supply": [1.295098, 1.407434, 1.518911, 1.499432, 1.518229, 1.66249, 1.982848, 1.601811, 1.475197, 1.497399, 1.308851, 1.184889], "mix_supply": [1.054473, 1.186531, 1.324443, 1.386278, 1.403221, 1.409746, 1.434698, 1.314556, 1.306491, 1.261041, 1.09017, 1.012105], "mix_storage": [0.033847, 0.027455, 0.029815, 0.037422, 0.045833, 0.054934, 0.063701, 0.06784, 0.068815, 0.068564, 0.061134, 0.046612], "mix_s_tot": 0.07191}}, "nldas": null}, "pdf": "figures/418.pdf"}