{"id": 419, "name": "Al Kufrah", "country": "Libya", "level": "admin1", "continent": "Africa", "metrics": {"solar_cf": 0.2698, "wind_cf": 0.3264, "solar_f_adj": 1.2428, "wind_f_adj": 1.4601, "mix_alpha": 0.9, "mix_f_adj": 1.2427, "solar_s_tot_pct": 11.164, "wind_s_tot_pct": 11.6321, "mix_s_tot_pct": 11.023, "solar_s_seasonal_pct": 9.9211, "solar_s_diurnal_pct": 1.2429, "wind_s_seasonal_pct": 11.4569, "wind_s_diurnal_pct": 0.1752, "solar_flaute_days": 0.625, "wind_flaute_days": 6.25, "solar_gap30d_max": 0.6285, "wind_gap30d_max": 0.6349, "solar_trend_pct_decade": 1.283, "wind_trend_pct_decade": 19.3358}, "colocation": {"k": [0, 17, 35, 50], "storage_pct_cons": [11.023, 5.5311, 2.42, 0.9875], "pick": ["base", "wind", "wind", "wind"]}, "datasets": {"gldas": {"series_norm": {"months": [1, 2, 3, 4, 5, 6, 7, 8, 9, 10, 11, 12], "demand": [1.0, 1.0, 1.0, 1.0, 1.0, 1.0, 1.0, 1.0, 1.0, 1.0, 1.0, 1.0], "solar_supply": [0.895404, 1.068438, 1.276276, 1.405114, 1.476944, 1.528303, 1.514909, 1.441653, 1.340042, 1.147666, 0.958075, 0.853565], "wind_supply": [1.201983, 1.413467, 1.65408, 1.753056, 1.76474, 1.688451, 1.524168, 1.510746, 1.498478, 1.374999, 1.044885, 1.091924], "mix_supply": [0.908071, 1.081782, 1.289293, 1.413657, 1.479291, 1.519017, 1.492981, 1.425916, 1.333433, 1.149805, 0.951097, 0.861053], "mix_storage": [0.033463, 0.016658, 0.015609, 0.028672, 0.049307, 0.072555, 0.088937, 0.097362, 0.101661, 0.099828, 0.085053, 0.058741], "mix_s_tot": 0.11023}}, "nldas": null}, "pdf": "figures/419.pdf"}