{"id": 42, "name": "Latvia", "country": "Latvia", "level": "admin0", "continent": "Europe", "metrics": {"solar_cf": 0.1211, "wind_cf": 0.3117, "solar_f_adj": 1.4185, "wind_f_adj": 1.5784, "mix_alpha": 0.2, "mix_f_adj": 1.4122, "solar_s_tot_pct": 37.8642, "wind_s_tot_pct": 14.9265, "mix_s_tot_pct": 6.6743, "solar_s_seasonal_pct": 37.4829, "solar_s_diurnal_pct": 0.3813, "wind_s_seasonal_pct": 14.4659, "wind_s_diurnal_pct": 0.4606, "solar_flaute_days": 27.875, "wind_flaute_days": 8.375, "solar_gap30d_max": 0.9269, "wind_gap30d_max": 0.6934, "solar_trend_pct_decade": 0.1658, "wind_trend_pct_decade": -13.6791}, "colocation": {"k": [0, 17, 35, 50], "storage_pct_cons": [6.6743, 5.1041, 4.8921, 4.8921], "pick": ["base", "wind", "wind", "wind"]}, "datasets": {"gldas": {"series_norm": {"months": [1, 2, 3, 4, 5, 6, 7, 8, 9, 10, 11, 12], "demand": [1.0, 1.0, 1.0, 1.0, 1.0, 1.0, 1.0, 1.0, 1.0, 1.0, 1.0, 1.0], "solar_supply": [0.272704, 0.596121, 1.209727, 1.944479, 2.636708, 2.84637, 2.718021, 2.187577, 1.42268, 0.674204, 0.283786, 0.183405], "wind_supply": [2.102478, 1.840081, 1.718262, 1.474137, 1.244605, 1.223621, 1.080669, 1.134717, 1.380319, 1.787143, 1.842649, 2.12257], "mix_supply": [1.559178, 1.435756, 1.470734, 1.442289, 1.415822, 1.442547, 1.314672, 1.247745, 1.271245, 1.413412, 1.375407, 1.555779], "mix_storage": [0.059109, 0.058392, 0.059303, 0.062704, 0.064226, 0.06396, 0.063011, 0.060369, 0.056359, 0.057365, 0.057823, 0.05699], "mix_s_tot": 0.066743}}, "nldas": null}, "pdf": "figures/42.pdf"}