{"id": 420, "name": "Murzuq", "country": "Libya", "level": "admin1", "continent": "Africa", "metrics": {"solar_cf": 0.2607, "wind_cf": 0.3487, "solar_f_adj": 1.2459, "wind_f_adj": 1.6899, "mix_alpha": 0.1, "mix_f_adj": 1.5851, "solar_s_tot_pct": 12.6584, "wind_s_tot_pct": 10.7817, "mix_s_tot_pct": 10.568, "solar_s_seasonal_pct": 11.5037, "solar_s_diurnal_pct": 1.1547, "wind_s_seasonal_pct": 10.7556, "wind_s_diurnal_pct": 0.0261, "solar_flaute_days": 0.625, "wind_flaute_days": 8.625, "solar_gap30d_max": 0.6271, "wind_gap30d_max": 0.7197, "solar_trend_pct_decade": 1.41, "wind_trend_pct_decade": 23.1952}, "colocation": {"k": [0, 17, 35, 50], "storage_pct_cons": [10.568, 6.57, 3.2981, 1.932], "pick": ["base", "solar", "solar", "solar"]}, "datasets": {"gldas": {"series_norm": {"months": [1, 2, 3, 4, 5, 6, 7, 8, 9, 10, 11, 12], "demand": [1.0, 1.0, 1.0, 1.0, 1.0, 1.0, 1.0, 1.0, 1.0, 1.0, 1.0, 1.0], "solar_supply": [0.879827, 1.064, 1.287776, 1.397162, 1.477652, 1.546589, 1.557899, 1.475253, 1.352177, 1.140677, 0.938264, 0.82481], "wind_supply": [1.322112, 1.564896, 1.871793, 2.014286, 2.108813, 1.95252, 1.859978, 1.752427, 1.705781, 1.582852, 1.248551, 1.288223], "mix_supply": [1.228043, 1.456429, 1.743977, 1.878184, 1.968223, 1.845054, 1.76837, 1.667062, 1.612026, 1.481342, 1.173379, 1.192435], "mix_storage": [0.081239, 0.081013, 0.085555, 0.094755, 0.10322, 0.105305, 0.105142, 0.105061, 0.103969, 0.102092, 0.097974, 0.088151], "mix_s_tot": 0.10568}}, "nldas": null}, "pdf": "figures/420.pdf"}