{"id": 421, "name": "Tamanghasset", "country": "Algeria", "level": "admin1", "continent": "Africa", "metrics": {"solar_cf": 0.2532, "wind_cf": 0.3089, "solar_f_adj": 1.2564, "wind_f_adj": 1.5688, "mix_alpha": 0.5, "mix_f_adj": 1.3226, "solar_s_tot_pct": 11.7671, "wind_s_tot_pct": 13.5036, "mix_s_tot_pct": 10.7497, "solar_s_seasonal_pct": 10.8683, "solar_s_diurnal_pct": 0.8988, "wind_s_seasonal_pct": 13.3058, "wind_s_diurnal_pct": 0.1978, "solar_flaute_days": 0.75, "wind_flaute_days": 6.625, "solar_gap30d_max": 0.6279, "wind_gap30d_max": 0.7319, "solar_trend_pct_decade": 1.2277, "wind_trend_pct_decade": 20.3265}, "colocation": {"k": [0, 17, 35, 50], "storage_pct_cons": [10.7497, 5.5704, 2.1515, 0.7293], "pick": ["base", "solar", "solar", "solar"]}, "datasets": {"gldas": {"series_norm": {"months": [1, 2, 3, 4, 5, 6, 7, 8, 9, 10, 11, 12], "demand": [1.0, 1.0, 1.0, 1.0, 1.0, 1.0, 1.0, 1.0, 1.0, 1.0, 1.0, 1.0], "solar_supply": [0.922809, 1.102085, 1.314269, 1.451706, 1.485768, 1.515179, 1.535572, 1.447977, 1.340941, 1.137758, 0.956276, 0.860288], "wind_supply": [1.430281, 1.644464, 1.774203, 1.756108, 1.804334, 1.666062, 1.831262, 1.603352, 1.412947, 1.392032, 1.177612, 1.330571], "mix_supply": [1.088648, 1.273297, 1.439671, 1.504383, 1.542641, 1.499833, 1.580207, 1.438027, 1.301424, 1.185662, 0.999752, 1.013708], "mix_storage": [0.070204, 0.070589, 0.076746, 0.083493, 0.091241, 0.098552, 0.104276, 0.105706, 0.104927, 0.101604, 0.092149, 0.077763], "mix_s_tot": 0.107497}}, "nldas": null}, "pdf": "figures/421.pdf"}