{"id": 422, "name": "Tindouf", "country": "Algeria", "level": "admin1", "continent": "Africa", "metrics": {"solar_cf": 0.2428, "wind_cf": 0.3842, "solar_f_adj": 1.2292, "wind_f_adj": 1.5654, "mix_alpha": 0.55, "mix_f_adj": 1.2786, "solar_s_tot_pct": 15.1012, "wind_s_tot_pct": 14.4801, "mix_s_tot_pct": 10.971, "solar_s_seasonal_pct": 14.2506, "solar_s_diurnal_pct": 0.8506, "wind_s_seasonal_pct": 13.6622, "wind_s_diurnal_pct": 0.818, "solar_flaute_days": 0.75, "wind_flaute_days": 8.5, "solar_gap30d_max": 0.6548, "wind_gap30d_max": 0.7442, "solar_trend_pct_decade": 1.3164, "wind_trend_pct_decade": 16.2371}, "colocation": {"k": [0, 17, 35, 50], "storage_pct_cons": [10.971, 6.2339, 2.5392, 1.8604], "pick": ["base", "solar", "solar", "solar"]}, "datasets": {"gldas": {"series_norm": {"months": [1, 2, 3, 4, 5, 6, 7, 8, 9, 10, 11, 12], "demand": [1.0, 1.0, 1.0, 1.0, 1.0, 1.0, 1.0, 1.0, 1.0, 1.0, 1.0, 1.0], "solar_supply": [0.85007, 1.038526, 1.295245, 1.46523, 1.558576, 1.59497, 1.546345, 1.440198, 1.257288, 1.047336, 0.875135, 0.773309], "wind_supply": [1.339498, 1.548339, 1.755541, 1.944854, 1.965002, 1.906646, 1.525284, 1.459602, 1.411017, 1.303739, 1.256082, 1.375254], "mix_supply": [0.97872, 1.163307, 1.386346, 1.553186, 1.613998, 1.613369, 1.445368, 1.360496, 1.237989, 1.078437, 0.962398, 0.947946], "mix_storage": [0.056223, 0.049571, 0.059758, 0.079203, 0.093918, 0.102817, 0.105982, 0.106899, 0.105655, 0.100305, 0.086935, 0.070123], "mix_s_tot": 0.10971}}, "nldas": null}, "pdf": "figures/422.pdf"}