{"id": 423, "name": "Northern", "country": "Sudan", "level": "admin1", "continent": "Africa", "metrics": {"solar_cf": 0.2747, "wind_cf": 0.3862, "solar_f_adj": 1.228, "wind_f_adj": 1.8812, "mix_alpha": 0.15, "mix_f_adj": 1.6774, "solar_s_tot_pct": 10.252, "wind_s_tot_pct": 7.1474, "mix_s_tot_pct": 5.4882, "solar_s_seasonal_pct": 7.7564, "solar_s_diurnal_pct": 2.4957, "wind_s_seasonal_pct": 6.8008, "wind_s_diurnal_pct": 0.3466, "solar_flaute_days": 0.625, "wind_flaute_days": 6.625, "solar_gap30d_max": 0.6155, "wind_gap30d_max": 0.6725, "solar_trend_pct_decade": 1.7347, "wind_trend_pct_decade": 28.8598}, "colocation": {"k": [0, 17, 35, 50], "storage_pct_cons": [5.4882, 1.6883, 1.1308, 0.6811], "pick": ["base", "solar", "solar", "solar"]}, "datasets": {"gldas": {"series_norm": {"months": [1, 2, 3, 4, 5, 6, 7, 8, 9, 10, 11, 12], "demand": [1.0, 1.0, 1.0, 1.0, 1.0, 1.0, 1.0, 1.0, 1.0, 1.0, 1.0, 1.0], "solar_supply": [0.977265, 1.121975, 1.291407, 1.394394, 1.416103, 1.431166, 1.381817, 1.315804, 1.280716, 1.163043, 1.029326, 0.931122], "wind_supply": [1.838891, 2.046387, 2.072475, 2.045442, 2.030795, 1.864829, 1.361908, 1.505465, 1.988291, 2.167423, 1.836876, 1.836355], "mix_supply": [1.594034, 1.780958, 1.835446, 1.836059, 1.829405, 1.706696, 1.315392, 1.410677, 1.769448, 1.881112, 1.603174, 1.582658], "mix_storage": [0.048996, 0.048344, 0.050956, 0.053269, 0.054271, 0.053893, 0.04964, 0.043802, 0.045847, 0.051176, 0.052651, 0.050976], "mix_s_tot": 0.054882}}, "nldas": null}, "pdf": "figures/423.pdf"}