{"id": 424, "name": "River Nile", "country": "Sudan", "level": "admin1", "continent": "Africa", "metrics": {"solar_cf": 0.262, "wind_cf": 0.3184, "solar_f_adj": 1.2249, "wind_f_adj": 4.2154, "mix_alpha": 0.55, "mix_f_adj": 1.653, "solar_s_tot_pct": 10.6173, "wind_s_tot_pct": 13.6603, "mix_s_tot_pct": 8.5436, "solar_s_seasonal_pct": 5.7011, "solar_s_diurnal_pct": 4.9163, "wind_s_seasonal_pct": 12.7519, "wind_s_diurnal_pct": 0.9084, "solar_flaute_days": 0.625, "wind_flaute_days": 16.875, "solar_gap30d_max": 0.6048, "wind_gap30d_max": 0.8935, "solar_trend_pct_decade": 2.1427, "wind_trend_pct_decade": 54.1356}, "colocation": {"k": [0, 17, 35, 50], "storage_pct_cons": [8.5436, 2.0451, 0.3264, 0.3046], "pick": ["base", "solar", "solar", "wind"]}, "datasets": {"gldas": {"series_norm": {"months": [1, 2, 3, 4, 5, 6, 7, 8, 9, 10, 11, 12], "demand": [1.0, 1.0, 1.0, 1.0, 1.0, 1.0, 1.0, 1.0, 1.0, 1.0, 1.0, 1.0], "solar_supply": [1.011967, 1.15262, 1.31565, 1.396745, 1.39056, 1.387648, 1.320137, 1.265856, 1.266089, 1.170054, 1.055382, 0.965838], "wind_supply": [4.606921, 5.058061, 4.912847, 4.644329, 4.146287, 3.819532, 4.279541, 4.183464, 3.290281, 3.452551, 3.904421, 4.322624], "mix_supply": [1.5641, 1.748112, 1.843498, 1.856308, 1.763831, 1.704009, 1.735073, 1.677828, 1.520387, 1.477738, 1.47236, 1.479692], "mix_storage": [0.066324, 0.066265, 0.071304, 0.078072, 0.081767, 0.083087, 0.0831, 0.083016, 0.081042, 0.077493, 0.074931, 0.070395], "mix_s_tot": 0.085436}}, "nldas": null}, "pdf": "figures/424.pdf"}