{"id": 425, "name": "B\u00e9char", "country": "Algeria", "level": "admin1", "continent": "Africa", "metrics": {"solar_cf": 0.2378, "wind_cf": 0.3171, "solar_f_adj": 1.2407, "wind_f_adj": 1.8053, "mix_alpha": 0.1, "mix_f_adj": 1.6787, "solar_s_tot_pct": 15.6752, "wind_s_tot_pct": 14.5215, "mix_s_tot_pct": 12.9892, "solar_s_seasonal_pct": 14.8415, "solar_s_diurnal_pct": 0.8337, "wind_s_seasonal_pct": 13.2742, "wind_s_diurnal_pct": 1.2473, "solar_flaute_days": 0.75, "wind_flaute_days": 9.875, "solar_gap30d_max": 0.6655, "wind_gap30d_max": 0.7599, "solar_trend_pct_decade": 1.3817, "wind_trend_pct_decade": 23.4497}, "colocation": {"k": [0, 17, 35, 50], "storage_pct_cons": [12.9892, 7.2936, 3.2237, 2.5519], "pick": ["base", "solar", "solar", "solar"]}, "datasets": {"gldas": {"series_norm": {"months": [1, 2, 3, 4, 5, 6, 7, 8, 9, 10, 11, 12], "demand": [1.0, 1.0, 1.0, 1.0, 1.0, 1.0, 1.0, 1.0, 1.0, 1.0, 1.0, 1.0], "solar_supply": [0.814558, 1.019997, 1.280355, 1.500747, 1.604584, 1.665561, 1.618921, 1.500013, 1.268581, 1.035141, 0.835319, 0.734932], "wind_supply": [1.307823, 1.683492, 2.049535, 2.426069, 2.450184, 2.252214, 1.821158, 1.659627, 1.738147, 1.529118, 1.389602, 1.364127], "mix_supply": [1.204708, 1.546895, 1.888458, 2.233393, 2.267624, 2.110195, 1.74314, 1.59187, 1.626269, 1.419752, 1.275957, 1.241055], "mix_storage": [0.096912, 0.097923, 0.106402, 0.118272, 0.126408, 0.12851, 0.128561, 0.127531, 0.12623, 0.122777, 0.114206, 0.105547], "mix_s_tot": 0.129892}}, "nldas": null}, "pdf": "figures/425.pdf"}