{"id": 426, "name": "El Tarf", "country": "Algeria", "level": "admin1", "continent": "Africa", "metrics": {"solar_cf": 0.1901, "wind_cf": 0.2566, "solar_f_adj": 1.318, "wind_f_adj": 1.6913, "mix_alpha": 0.4, "mix_f_adj": 1.369, "solar_s_tot_pct": 23.0643, "wind_s_tot_pct": 25.1099, "mix_s_tot_pct": 8.1505, "solar_s_seasonal_pct": 22.2823, "solar_s_diurnal_pct": 0.782, "wind_s_seasonal_pct": 24.6149, "wind_s_diurnal_pct": 0.495, "solar_flaute_days": 2.75, "wind_flaute_days": 8.375, "solar_gap30d_max": 0.7439, "wind_gap30d_max": 0.7891, "solar_trend_pct_decade": 1.9248, "wind_trend_pct_decade": -16.6057}, "colocation": {"k": [0, 17, 35, 50], "storage_pct_cons": [8.1505, 4.0589, 3.0485, 2.4271], "pick": ["base", "solar", "wind", "solar"]}, "datasets": {"gldas": {"series_norm": {"months": [1, 2, 3, 4, 5, 6, 7, 8, 9, 10, 11, 12], "demand": [1.0, 1.0, 1.0, 1.0, 1.0, 1.0, 1.0, 1.0, 1.0, 1.0, 1.0, 1.0], "solar_supply": [0.640416, 0.872246, 1.216152, 1.532117, 1.815531, 2.067706, 2.087228, 1.841986, 1.397613, 1.037666, 0.71072, 0.570836], "wind_supply": [2.450057, 2.324897, 2.135575, 1.740063, 1.5036, 1.185281, 1.178079, 1.059231, 1.154565, 1.324605, 1.981555, 2.29184], "mix_supply": [1.455961, 1.491497, 1.542437, 1.48163, 1.484543, 1.434723, 1.439336, 1.279725, 1.141397, 1.074428, 1.257641, 1.350214], "mix_storage": [0.061602, 0.068061, 0.072439, 0.077182, 0.079152, 0.079667, 0.079659, 0.078545, 0.07308, 0.062233, 0.05459, 0.057619], "mix_s_tot": 0.081505}}, "nldas": null}, "pdf": "figures/426.pdf"}