{"id": 427, "name": "El Oued", "country": "Algeria", "level": "admin1", "continent": "Africa", "metrics": {"solar_cf": 0.2271, "wind_cf": 0.3418, "solar_f_adj": 1.2479, "wind_f_adj": 1.7887, "mix_alpha": 0.1, "mix_f_adj": 1.6631, "solar_s_tot_pct": 19.6148, "wind_s_tot_pct": 15.2596, "mix_s_tot_pct": 15.219, "solar_s_seasonal_pct": 18.9153, "solar_s_diurnal_pct": 0.6996, "wind_s_seasonal_pct": 15.213, "wind_s_diurnal_pct": 0.0466, "solar_flaute_days": 1.625, "wind_flaute_days": 12.875, "solar_gap30d_max": 0.6844, "wind_gap30d_max": 0.8649, "solar_trend_pct_decade": 1.5627, "wind_trend_pct_decade": 19.7521}, "colocation": {"k": [0, 17, 35, 50], "storage_pct_cons": [15.219, 10.1097, 6.2394, 3.9334], "pick": ["base", "solar", "solar", "solar"]}, "datasets": {"gldas": {"series_norm": {"months": [1, 2, 3, 4, 5, 6, 7, 8, 9, 10, 11, 12], "demand": [1.0, 1.0, 1.0, 1.0, 1.0, 1.0, 1.0, 1.0, 1.0, 1.0, 1.0, 1.0], "solar_supply": [0.73441, 0.956405, 1.238969, 1.505573, 1.638485, 1.772314, 1.751149, 1.609031, 1.319416, 1.012582, 0.77555, 0.646848], "wind_supply": [1.424208, 1.73841, 2.044667, 2.354574, 2.347473, 2.274303, 1.860757, 1.674396, 1.619404, 1.333745, 1.427406, 1.376875], "mix_supply": [1.289673, 1.582187, 1.876126, 2.170991, 2.182763, 2.139369, 1.790487, 1.615598, 1.530982, 1.251046, 1.297832, 1.238394], "mix_storage": [0.119438, 0.119801, 0.128719, 0.141081, 0.150042, 0.151208, 0.151233, 0.15078, 0.148425, 0.143448, 0.134079, 0.126799], "mix_s_tot": 0.15219}}, "nldas": null}, "pdf": "figures/427.pdf"}