{"id": 428, "name": "T\u00e9bessa", "country": "Algeria", "level": "admin1", "continent": "Africa", "metrics": {"solar_cf": 0.2027, "wind_cf": 0.2589, "solar_f_adj": 1.2737, "wind_f_adj": 2.3092, "mix_alpha": 0.3, "mix_f_adj": 1.7422, "solar_s_tot_pct": 21.3252, "wind_s_tot_pct": 21.1956, "mix_s_tot_pct": 18.11, "solar_s_seasonal_pct": 20.2521, "solar_s_diurnal_pct": 1.073, "wind_s_seasonal_pct": 20.8295, "wind_s_diurnal_pct": 0.3662, "solar_flaute_days": 1.625, "wind_flaute_days": 8.75, "solar_gap30d_max": 0.6922, "wind_gap30d_max": 0.8588, "solar_trend_pct_decade": 2.1866, "wind_trend_pct_decade": 33.7983}, "colocation": {"k": [0, 17, 35, 50], "storage_pct_cons": [18.11, 11.8895, 7.9266, 5.024], "pick": ["base", "wind", "solar", "solar"]}, "datasets": {"gldas": {"series_norm": {"months": [1, 2, 3, 4, 5, 6, 7, 8, 9, 10, 11, 12], "demand": [1.0, 1.0, 1.0, 1.0, 1.0, 1.0, 1.0, 1.0, 1.0, 1.0, 1.0, 1.0], "solar_supply": [0.695273, 0.919806, 1.215783, 1.505874, 1.724367, 1.891177, 1.903072, 1.699309, 1.335434, 1.012976, 0.741983, 0.620074], "wind_supply": [2.251371, 2.494198, 2.940578, 2.953452, 2.872099, 2.511926, 2.084735, 1.824504, 1.808541, 1.750162, 2.068239, 2.170524], "mix_supply": [1.474304, 1.694683, 2.05188, 2.177718, 2.224412, 2.102647, 1.881919, 1.660871, 1.503125, 1.339974, 1.396755, 1.400749], "mix_storage": [0.142925, 0.142691, 0.149182, 0.159257, 0.168057, 0.175401, 0.177999, 0.178104, 0.175581, 0.168236, 0.158996, 0.150767], "mix_s_tot": 0.1811}}, "nldas": null}, "pdf": "figures/428.pdf"}