{"id": 429, "name": "Souk Ahras", "country": "Algeria", "level": "admin1", "continent": "Africa", "metrics": {"solar_cf": 0.1928, "wind_cf": 0.2003, "solar_f_adj": 1.2966, "wind_f_adj": 2.0475, "mix_alpha": 0.3, "mix_f_adj": 1.6306, "solar_s_tot_pct": 22.4822, "wind_s_tot_pct": 20.2405, "mix_s_tot_pct": 12.6575, "solar_s_seasonal_pct": 21.7032, "solar_s_diurnal_pct": 0.7791, "wind_s_seasonal_pct": 19.2107, "wind_s_diurnal_pct": 1.0298, "solar_flaute_days": 3.75, "wind_flaute_days": 8.75, "solar_gap30d_max": 0.732, "wind_gap30d_max": 0.8532, "solar_trend_pct_decade": 2.7282, "wind_trend_pct_decade": 22.1944}, "colocation": {"k": [0, 17, 35, 50], "storage_pct_cons": [12.6575, 6.1711, 4.2072, 3.2625], "pick": ["base", "solar", "solar", "solar"]}, "datasets": {"gldas": {"series_norm": {"months": [1, 2, 3, 4, 5, 6, 7, 8, 9, 10, 11, 12], "demand": [1.0, 1.0, 1.0, 1.0, 1.0, 1.0, 1.0, 1.0, 1.0, 1.0, 1.0, 1.0], "solar_supply": [0.661907, 0.877342, 1.20363, 1.513713, 1.759882, 2.003289, 2.018208, 1.782873, 1.36549, 1.035385, 0.725762, 0.58799], "wind_supply": [2.612175, 2.575235, 2.617919, 2.165925, 1.927247, 1.75696, 1.691114, 1.468818, 1.387086, 1.594909, 2.318304, 2.48346], "mix_supply": [1.705961, 1.766649, 1.913549, 1.778563, 1.738382, 1.735285, 1.704206, 1.491492, 1.288454, 1.279766, 1.566226, 1.606317], "mix_storage": [0.107127, 0.109405, 0.114529, 0.118022, 0.119064, 0.121663, 0.123711, 0.123184, 0.118163, 0.109198, 0.106938, 0.108651], "mix_s_tot": 0.126575}}, "nldas": null}, "pdf": "figures/429.pdf"}