{"id": 43, "name": "Norway", "country": "Norway", "level": "admin0", "continent": "Europe", "metrics": {"solar_cf": 0.0956, "wind_cf": 0.3209, "solar_f_adj": 1.4106, "wind_f_adj": 1.654, "mix_alpha": 0.15, "mix_f_adj": 1.5041, "solar_s_tot_pct": 44.5673, "wind_s_tot_pct": 15.5236, "mix_s_tot_pct": 10.8367, "solar_s_seasonal_pct": 43.7698, "solar_s_diurnal_pct": 0.7975, "wind_s_seasonal_pct": 15.2077, "wind_s_diurnal_pct": 0.3159, "solar_flaute_days": 75.875, "wind_flaute_days": 9.625, "solar_gap30d_max": 0.9664, "wind_gap30d_max": 0.7494, "solar_trend_pct_decade": 3.7859, "wind_trend_pct_decade": -32.1341}, "colocation": {"k": [0, 17, 35, 50], "storage_pct_cons": [10.8367, 6.8653, 6.8653, 6.8653], "pick": ["base", "wind", "wind", "wind"]}, "datasets": {"gldas": {"series_norm": {"months": [1, 2, 3, 4, 5, 6, 7, 8, 9, 10, 11, 12], "demand": [1.0, 1.0, 1.0, 1.0, 1.0, 1.0, 1.0, 1.0, 1.0, 1.0, 1.0, 1.0], "solar_supply": [0.106539, 0.394264, 1.111024, 2.130267, 2.935789, 3.180782, 2.946326, 2.160379, 1.207495, 0.49432, 0.146711, 0.056154], "wind_supply": [2.307453, 2.104704, 1.910386, 1.483152, 1.324358, 1.187898, 0.981644, 1.062201, 1.56295, 1.77271, 2.030987, 2.148338], "mix_supply": [1.800644, 1.689943, 1.65438, 1.487157, 1.49325, 1.426954, 1.230026, 1.166589, 1.40125, 1.449323, 1.593367, 1.669593], "mix_storage": [0.094737, 0.097891, 0.101456, 0.101272, 0.101782, 0.104269, 0.102513, 0.095448, 0.092096, 0.092728, 0.091951, 0.09165], "mix_s_tot": 0.108367}}, "nldas": null}, "pdf": "figures/43.pdf"}