{"id": 430, "name": "Ouargla", "country": "Algeria", "level": "admin1", "continent": "Africa", "metrics": {"solar_cf": 0.2389, "wind_cf": 0.3632, "solar_f_adj": 1.2504, "wind_f_adj": 1.6072, "mix_alpha": 0.0, "mix_f_adj": 1.6072, "solar_s_tot_pct": 17.9367, "wind_s_tot_pct": 10.4561, "mix_s_tot_pct": 10.4561, "solar_s_seasonal_pct": 17.2629, "solar_s_diurnal_pct": 0.6738, "wind_s_seasonal_pct": 9.9249, "wind_s_diurnal_pct": 0.5312, "solar_flaute_days": 0.875, "wind_flaute_days": 8.625, "solar_gap30d_max": 0.6696, "wind_gap30d_max": 0.7603, "solar_trend_pct_decade": 1.7767, "wind_trend_pct_decade": 16.5474}, "colocation": {"k": [0, 17, 35, 50], "storage_pct_cons": [10.4561, 4.9957, 3.8175, 3.0034], "pick": ["base", "solar", "solar", "solar"]}, "datasets": {"gldas": {"series_norm": {"months": [1, 2, 3, 4, 5, 6, 7, 8, 9, 10, 11, 12], "demand": [1.0, 1.0, 1.0, 1.0, 1.0, 1.0, 1.0, 1.0, 1.0, 1.0, 1.0, 1.0], "solar_supply": [0.792434, 0.9996, 1.264906, 1.500495, 1.575687, 1.691507, 1.685923, 1.574848, 1.329888, 1.044497, 0.823737, 0.709646], "wind_supply": [1.210835, 1.572164, 1.758759, 1.992369, 2.087407, 2.03102, 1.690218, 1.595521, 1.556752, 1.350697, 1.211405, 1.237312], "mix_supply": [1.210835, 1.572164, 1.758759, 1.992369, 2.087407, 2.03102, 1.690218, 1.595521, 1.556752, 1.350697, 1.211405, 1.237312], "mix_storage": [0.079733, 0.084586, 0.087823, 0.095206, 0.10202, 0.103461, 0.103462, 0.102998, 0.102135, 0.099673, 0.092559, 0.085063], "mix_s_tot": 0.104561}}, "nldas": null}, "pdf": "figures/430.pdf"}