{"id": 431, "name": "North Darfur", "country": "Sudan", "level": "admin1", "continent": "Africa", "metrics": {"solar_cf": 0.2758, "wind_cf": 0.3574, "solar_f_adj": 1.2373, "wind_f_adj": 1.4868, "mix_alpha": 1.0, "mix_f_adj": 1.2373, "solar_s_tot_pct": 8.4911, "wind_s_tot_pct": 11.2122, "mix_s_tot_pct": 8.4911, "solar_s_seasonal_pct": 5.2105, "solar_s_diurnal_pct": 3.2807, "wind_s_seasonal_pct": 10.4973, "wind_s_diurnal_pct": 0.715, "solar_flaute_days": 0.625, "wind_flaute_days": 4.75, "solar_gap30d_max": 0.6075, "wind_gap30d_max": 0.645, "solar_trend_pct_decade": 1.9455, "wind_trend_pct_decade": 20.8714}, "colocation": {"k": [0, 17, 35, 50], "storage_pct_cons": [8.4911, 1.2875, 0.384, 0.2616], "pick": ["base", "wind", "wind", "wind"]}, "datasets": {"gldas": {"series_norm": {"months": [1, 2, 3, 4, 5, 6, 7, 8, 9, 10, 11, 12], "demand": [1.0, 1.0, 1.0, 1.0, 1.0, 1.0, 1.0, 1.0, 1.0, 1.0, 1.0, 1.0], "solar_supply": [1.060646, 1.184535, 1.323914, 1.403841, 1.403386, 1.377119, 1.290476, 1.228511, 1.258308, 1.195737, 1.104907, 1.017471], "wind_supply": [1.595298, 1.756957, 1.783197, 1.65309, 1.500787, 1.301155, 1.190061, 1.193805, 1.347581, 1.612032, 1.440955, 1.484553], "mix_supply": [1.060646, 1.184535, 1.323914, 1.403841, 1.403386, 1.377119, 1.290476, 1.228511, 1.258308, 1.195737, 1.104907, 1.017471], "mix_storage": [0.024623, 0.016368, 0.018652, 0.03037, 0.04496, 0.056256, 0.061688, 0.06177, 0.061664, 0.060509, 0.053585, 0.03908], "mix_s_tot": 0.084911}}, "nldas": null}, "pdf": "figures/431.pdf"}