{"id": 432, "name": "Western Darfur", "country": "Sudan", "level": "admin1", "continent": "Africa", "metrics": {"solar_cf": 0.2655, "wind_cf": 0.3126, "solar_f_adj": 1.2458, "wind_f_adj": 2.3563, "mix_alpha": 1.0, "mix_f_adj": 1.2458, "solar_s_tot_pct": 7.7163, "wind_s_tot_pct": 31.1479, "mix_s_tot_pct": 7.7163, "solar_s_seasonal_pct": 3.6288, "solar_s_diurnal_pct": 4.0874, "wind_s_seasonal_pct": 30.3904, "wind_s_diurnal_pct": 0.7575, "solar_flaute_days": 0.75, "wind_flaute_days": 17.875, "solar_gap30d_max": 0.6057, "wind_gap30d_max": 0.9147, "solar_trend_pct_decade": 1.7815, "wind_trend_pct_decade": 37.5408}, "colocation": {"k": [0, 17, 35, 50], "storage_pct_cons": [7.7163, 1.0751, 0.5823, 0.4795], "pick": ["base", "wind", "wind", "wind"]}, "datasets": {"gldas": {"series_norm": {"months": [1, 2, 3, 4, 5, 6, 7, 8, 9, 10, 11, 12], "demand": [1.0, 1.0, 1.0, 1.0, 1.0, 1.0, 1.0, 1.0, 1.0, 1.0, 1.0, 1.0], "solar_supply": [1.135999, 1.25248, 1.367055, 1.414518, 1.387402, 1.324305, 1.215152, 1.144646, 1.230045, 1.225614, 1.166907, 1.091291], "wind_supply": [3.075307, 3.222805, 3.127539, 2.600385, 2.093382, 1.728299, 1.978, 1.501108, 1.345464, 2.157939, 2.575582, 2.908986], "mix_supply": [1.135999, 1.25248, 1.367055, 1.414518, 1.387402, 1.324305, 1.215152, 1.144646, 1.230045, 1.225614, 1.166907, 1.091291], "mix_storage": [0.032169, 0.028984, 0.034974, 0.04753, 0.057711, 0.063522, 0.064195, 0.05821, 0.054177, 0.053682, 0.050572, 0.041241], "mix_s_tot": 0.077163}}, "nldas": null}, "pdf": "figures/432.pdf"}