{"id": 433, "name": "Al Butnan", "country": "Libya", "level": "admin1", "continent": "Africa", "metrics": {"solar_cf": 0.2453, "wind_cf": 0.3712, "solar_f_adj": 1.2454, "wind_f_adj": 1.5886, "mix_alpha": 0.0, "mix_f_adj": 1.5886, "solar_s_tot_pct": 16.5393, "wind_s_tot_pct": 11.3871, "mix_s_tot_pct": 11.3871, "solar_s_seasonal_pct": 15.1574, "solar_s_diurnal_pct": 1.3819, "wind_s_seasonal_pct": 11.1726, "wind_s_diurnal_pct": 0.2145, "solar_flaute_days": 1.625, "wind_flaute_days": 6.75, "solar_gap30d_max": 0.658, "wind_gap30d_max": 0.657, "solar_trend_pct_decade": 2.0686, "wind_trend_pct_decade": 16.0326}, "colocation": {"k": [0, 17, 35, 50], "storage_pct_cons": [11.3871, 4.6698, 2.482, 1.6892], "pick": ["base", "solar", "solar", "solar"]}, "datasets": {"gldas": {"series_norm": {"months": [1, 2, 3, 4, 5, 6, 7, 8, 9, 10, 11, 12], "demand": [1.0, 1.0, 1.0, 1.0, 1.0, 1.0, 1.0, 1.0, 1.0, 1.0, 1.0, 1.0], "solar_supply": [0.774119, 0.97117, 1.233647, 1.443557, 1.579686, 1.682562, 1.675077, 1.555433, 1.366948, 1.084307, 0.84388, 0.720994], "wind_supply": [1.584138, 1.671959, 1.828009, 1.914255, 1.804485, 1.762516, 1.790586, 1.581236, 1.441753, 1.168492, 1.107965, 1.410654], "mix_supply": [1.584138, 1.671959, 1.828009, 1.914255, 1.804485, 1.762516, 1.790586, 1.581236, 1.441753, 1.168492, 1.107965, 1.410654], "mix_storage": [0.09521, 0.096491, 0.100562, 0.106297, 0.108937, 0.110393, 0.111519, 0.111675, 0.109731, 0.103531, 0.092534, 0.091178], "mix_s_tot": 0.113871}}, "nldas": null}, "pdf": "figures/433.pdf"}