{"id": 434, "name": "Ajdabiya", "country": "Libya", "level": "admin1", "continent": "Africa", "metrics": {"solar_cf": 0.2483, "wind_cf": 0.3679, "solar_f_adj": 1.2496, "wind_f_adj": 1.5238, "mix_alpha": 0.15, "mix_f_adj": 1.4205, "solar_s_tot_pct": 15.8769, "wind_s_tot_pct": 14.3669, "mix_s_tot_pct": 14.2127, "solar_s_seasonal_pct": 14.6998, "solar_s_diurnal_pct": 1.1771, "wind_s_seasonal_pct": 14.0836, "wind_s_diurnal_pct": 0.2833, "solar_flaute_days": 0.75, "wind_flaute_days": 6.5, "solar_gap30d_max": 0.6439, "wind_gap30d_max": 0.6964, "solar_trend_pct_decade": 1.9069, "wind_trend_pct_decade": 14.4861}, "colocation": {"k": [0, 17, 35, 50], "storage_pct_cons": [14.2127, 8.247, 4.2806, 2.3837], "pick": ["base", "solar", "solar", "solar"]}, "datasets": {"gldas": {"series_norm": {"months": [1, 2, 3, 4, 5, 6, 7, 8, 9, 10, 11, 12], "demand": [1.0, 1.0, 1.0, 1.0, 1.0, 1.0, 1.0, 1.0, 1.0, 1.0, 1.0, 1.0], "solar_supply": [0.803683, 0.998666, 1.259818, 1.435829, 1.555633, 1.654118, 1.651725, 1.546611, 1.36419, 1.095147, 0.869897, 0.748209], "wind_supply": [1.375687, 1.521383, 1.722798, 1.912126, 1.829436, 1.729352, 1.786949, 1.597347, 1.384931, 1.158812, 1.038694, 1.227152], "mix_supply": [1.227091, 1.375784, 1.579909, 1.759939, 1.714846, 1.652336, 1.697566, 1.529407, 1.329991, 1.104945, 0.971359, 1.099938], "mix_storage": [0.103638, 0.104884, 0.111718, 0.1218, 0.132454, 0.137281, 0.13916, 0.140215, 0.138866, 0.133483, 0.119113, 0.107688], "mix_s_tot": 0.142127}}, "nldas": null}, "pdf": "figures/434.pdf"}