{"id": 435, "name": "Kasa\u00ef-Occidental", "country": "Democratic Republic of the Congo", "level": "admin1", "continent": "Africa", "metrics": {"solar_cf": 0.2079, "wind_cf": 0.0057, "solar_f_adj": 1.2544, "wind_f_adj": 3.8806, "mix_alpha": 1.0, "mix_f_adj": 1.2544, "solar_s_tot_pct": 5.6347, "wind_s_tot_pct": 64.1902, "mix_s_tot_pct": 5.6347, "solar_s_seasonal_pct": 3.6765, "solar_s_diurnal_pct": 1.9582, "wind_s_seasonal_pct": 63.3858, "wind_s_diurnal_pct": 0.8045, "solar_flaute_days": 1.625, "wind_flaute_days": 53.75, "solar_gap30d_max": 0.6017, "wind_gap30d_max": 1.0, "solar_trend_pct_decade": 0.8271, "wind_trend_pct_decade": -33.1497}, "colocation": {"k": [0, 17, 35, 50], "storage_pct_cons": [5.6347, 1.0872, 0.65, 0.5334], "pick": ["base", "wind", "wind", "wind"]}, "datasets": {"gldas": {"series_norm": {"months": [1, 2, 3, 4, 5, 6, 7, 8, 9, 10, 11, 12], "demand": [1.0, 1.0, 1.0, 1.0, 1.0, 1.0, 1.0, 1.0, 1.0, 1.0, 1.0, 1.0], "solar_supply": [1.190637, 1.235292, 1.247823, 1.218375, 1.270183, 1.293239, 1.318078, 1.281638, 1.328704, 1.286866, 1.21819, 1.16289], "wind_supply": [1.796816, 1.497086, 1.39808, 3.565813, 6.314029, 9.336476, 10.89952, 3.801286, 3.032259, 2.287246, 1.507843, 0.980456], "mix_supply": [1.190637, 1.235292, 1.247823, 1.218375, 1.270183, 1.293239, 1.318078, 1.281638, 1.328704, 1.286866, 1.21819, 1.16289], "mix_storage": [0.035654, 0.033286, 0.032654, 0.031418, 0.031532, 0.03467, 0.039045, 0.041626, 0.044108, 0.046553, 0.045581, 0.040816], "mix_s_tot": 0.056347}}, "nldas": null}, "pdf": "figures/435.pdf"}