{"id": 436, "name": "Illizi", "country": "Algeria", "level": "admin1", "continent": "Africa", "metrics": {"solar_cf": 0.2469, "wind_cf": 0.3081, "solar_f_adj": 1.2453, "wind_f_adj": 1.459, "mix_alpha": 0.65, "mix_f_adj": 1.2491, "solar_s_tot_pct": 15.0901, "wind_s_tot_pct": 18.1061, "mix_s_tot_pct": 14.4873, "solar_s_seasonal_pct": 14.2521, "solar_s_diurnal_pct": 0.838, "wind_s_seasonal_pct": 17.5656, "wind_s_diurnal_pct": 0.5405, "solar_flaute_days": 0.75, "wind_flaute_days": 7.25, "solar_gap30d_max": 0.6382, "wind_gap30d_max": 0.7223, "solar_trend_pct_decade": 1.3866, "wind_trend_pct_decade": 16.5787}, "colocation": {"k": [0, 17, 35, 50], "storage_pct_cons": [14.4873, 8.9546, 4.1339, 3.4616], "pick": ["base", "wind", "solar", "wind"]}, "datasets": {"gldas": {"series_norm": {"months": [1, 2, 3, 4, 5, 6, 7, 8, 9, 10, 11, 12], "demand": [1.0, 1.0, 1.0, 1.0, 1.0, 1.0, 1.0, 1.0, 1.0, 1.0, 1.0, 1.0], "solar_supply": [0.872958, 1.055069, 1.288865, 1.447808, 1.490569, 1.564027, 1.60305, 1.504548, 1.331374, 1.085194, 0.89279, 0.798081], "wind_supply": [1.115798, 1.398781, 1.630626, 1.721736, 1.83345, 1.732817, 1.773349, 1.563112, 1.420332, 1.244402, 1.030317, 1.039987], "mix_supply": [0.903538, 1.107074, 1.328987, 1.459922, 1.521279, 1.53902, 1.576609, 1.449386, 1.293688, 1.080457, 0.890854, 0.832], "mix_storage": [0.062846, 0.049512, 0.054464, 0.074145, 0.097995, 0.116217, 0.130247, 0.137702, 0.13953, 0.13362, 0.115485, 0.087702], "mix_s_tot": 0.144873}}, "nldas": null}, "pdf": "figures/436.pdf"}