{"id": 437, "name": "Ash Shati'", "country": "Libya", "level": "admin1", "continent": "Africa", "metrics": {"solar_cf": 0.244, "wind_cf": 0.3566, "solar_f_adj": 1.2548, "wind_f_adj": 1.5214, "mix_alpha": 0.15, "mix_f_adj": 1.4172, "solar_s_tot_pct": 16.9606, "wind_s_tot_pct": 12.9846, "mix_s_tot_pct": 12.7508, "solar_s_seasonal_pct": 16.2131, "solar_s_diurnal_pct": 0.7475, "wind_s_seasonal_pct": 12.5856, "wind_s_diurnal_pct": 0.399, "solar_flaute_days": 0.75, "wind_flaute_days": 8.75, "solar_gap30d_max": 0.6477, "wind_gap30d_max": 0.6988, "solar_trend_pct_decade": 2.0664, "wind_trend_pct_decade": 18.5139}, "colocation": {"k": [0, 17, 35, 50], "storage_pct_cons": [12.7508, 8.3339, 5.169, 2.6109], "pick": ["base", "solar", "solar", "solar"]}, "datasets": {"gldas": {"series_norm": {"months": [1, 2, 3, 4, 5, 6, 7, 8, 9, 10, 11, 12], "demand": [1.0, 1.0, 1.0, 1.0, 1.0, 1.0, 1.0, 1.0, 1.0, 1.0, 1.0, 1.0], "solar_supply": [0.835542, 1.036002, 1.290013, 1.458814, 1.525134, 1.624754, 1.650098, 1.539596, 1.360297, 1.09831, 0.870518, 0.75895], "wind_supply": [1.229293, 1.458371, 1.682561, 1.888686, 1.945231, 1.812718, 1.641881, 1.536853, 1.419469, 1.329797, 1.127295, 1.183685], "mix_supply": [1.114917, 1.330264, 1.550812, 1.742621, 1.798629, 1.71058, 1.579603, 1.477721, 1.354399, 1.239013, 1.040079, 1.065829], "mix_storage": [0.085545, 0.086551, 0.091275, 0.099637, 0.112783, 0.123002, 0.125392, 0.125336, 0.123532, 0.119607, 0.108307, 0.096139], "mix_s_tot": 0.127508}}, "nldas": null}, "pdf": "figures/437.pdf"}