{"id": 438, "name": "Ghat", "country": "Libya", "level": "admin1", "continent": "Africa", "metrics": {"solar_cf": 0.2452, "wind_cf": 0.3136, "solar_f_adj": 1.2431, "wind_f_adj": 1.3705, "mix_alpha": 0.8, "mix_f_adj": 1.2262, "solar_s_tot_pct": 14.3103, "wind_s_tot_pct": 20.4879, "mix_s_tot_pct": 13.2574, "solar_s_seasonal_pct": 13.3567, "solar_s_diurnal_pct": 0.9536, "wind_s_seasonal_pct": 19.8515, "wind_s_diurnal_pct": 0.6365, "solar_flaute_days": 0.75, "wind_flaute_days": 5.625, "solar_gap30d_max": 0.6325, "wind_gap30d_max": 0.7315, "solar_trend_pct_decade": 1.6834, "wind_trend_pct_decade": 12.444}, "colocation": {"k": [0, 17, 35, 50], "storage_pct_cons": [13.2574, 7.6066, 4.9008, 2.8915], "pick": ["base", "solar", "wind", "wind"]}, "datasets": {"gldas": {"series_norm": {"months": [1, 2, 3, 4, 5, 6, 7, 8, 9, 10, 11, 12], "demand": [1.0, 1.0, 1.0, 1.0, 1.0, 1.0, 1.0, 1.0, 1.0, 1.0, 1.0, 1.0], "solar_supply": [0.87721, 1.062529, 1.291044, 1.432398, 1.474029, 1.544006, 1.585856, 1.490627, 1.341396, 1.10389, 0.899633, 0.806514], "wind_supply": [1.086531, 1.373989, 1.59922, 1.643198, 1.728223, 1.552877, 1.546899, 1.34768, 1.289153, 1.207251, 1.015217, 1.056248], "mix_supply": [0.886617, 1.084288, 1.304908, 1.424318, 1.472383, 1.496224, 1.528179, 1.417386, 1.289157, 1.087089, 0.89155, 0.825413], "mix_storage": [0.045018, 0.028802, 0.030443, 0.046277, 0.06828, 0.090881, 0.110213, 0.120556, 0.123975, 0.119104, 0.100639, 0.071618], "mix_s_tot": 0.132574}}, "nldas": null}, "pdf": "figures/438.pdf"}