{"id": 439, "name": "Red Sea", "country": "Sudan", "level": "admin1", "continent": "Africa", "metrics": {"solar_cf": 0.26, "wind_cf": 0.29, "solar_f_adj": 1.2304, "wind_f_adj": 1.7183, "mix_alpha": 0.85, "mix_f_adj": 1.259, "solar_s_tot_pct": 11.7451, "wind_s_tot_pct": 25.4056, "mix_s_tot_pct": 8.0667, "solar_s_seasonal_pct": 7.2657, "solar_s_diurnal_pct": 4.4794, "wind_s_seasonal_pct": 23.6953, "wind_s_diurnal_pct": 1.7103, "solar_flaute_days": 0.75, "wind_flaute_days": 6.875, "solar_gap30d_max": 0.617, "wind_gap30d_max": 0.8215, "solar_trend_pct_decade": 2.4686, "wind_trend_pct_decade": 28.8343}, "colocation": {"k": [0, 17, 35, 50], "storage_pct_cons": [8.0667, 2.4759, 0.7009, 0.302], "pick": ["base", "solar", "wind", "wind"]}, "datasets": {"gldas": {"series_norm": {"months": [1, 2, 3, 4, 5, 6, 7, 8, 9, 10, 11, 12], "demand": [1.0, 1.0, 1.0, 1.0, 1.0, 1.0, 1.0, 1.0, 1.0, 1.0, 1.0, 1.0], "solar_supply": [0.988603, 1.138354, 1.311613, 1.411209, 1.42228, 1.41635, 1.36206, 1.302369, 1.288927, 1.169065, 1.020249, 0.932683], "wind_supply": [1.811863, 2.017669, 1.992646, 1.928503, 1.637414, 1.335023, 1.781474, 1.631546, 1.13785, 1.737326, 1.750447, 1.861257], "mix_supply": [1.058952, 1.211815, 1.359753, 1.439326, 1.416963, 1.378572, 1.38042, 1.312028, 1.246077, 1.207714, 1.079726, 1.015745], "mix_storage": [0.039996, 0.035663, 0.041847, 0.052416, 0.062085, 0.06739, 0.070193, 0.07191, 0.071175, 0.070047, 0.064546, 0.052472], "mix_s_tot": 0.080667}}, "nldas": null}, "pdf": "figures/439.pdf"}