{"id": 44, "name": "Sweden", "country": "Sweden", "level": "admin0", "continent": "Europe", "metrics": {"solar_cf": 0.1066, "wind_cf": 0.2509, "solar_f_adj": 1.34, "wind_f_adj": 1.3842, "mix_alpha": 0.1, "mix_f_adj": 1.3374, "solar_s_tot_pct": 44.3441, "wind_s_tot_pct": 14.0891, "mix_s_tot_pct": 11.5482, "solar_s_seasonal_pct": 43.4247, "solar_s_diurnal_pct": 0.9194, "wind_s_seasonal_pct": 12.804, "wind_s_diurnal_pct": 1.2851, "solar_flaute_days": 62.875, "wind_flaute_days": 10.5, "solar_gap30d_max": 0.9631, "wind_gap30d_max": 0.7034, "solar_trend_pct_decade": 1.4218, "wind_trend_pct_decade": -14.965}, "colocation": {"k": [0, 17, 35, 50], "storage_pct_cons": [11.5482, 7.8826, 6.8114, 6.2289], "pick": ["base", "wind", "solar", "solar"]}, "datasets": {"gldas": {"series_norm": {"months": [1, 2, 3, 4, 5, 6, 7, 8, 9, 10, 11, 12], "demand": [1.0, 1.0, 1.0, 1.0, 1.0, 1.0, 1.0, 1.0, 1.0, 1.0, 1.0, 1.0], "solar_supply": [0.125396, 0.424705, 1.106982, 1.974006, 2.652948, 2.939817, 2.727683, 2.08142, 1.235949, 0.522927, 0.168635, 0.068756], "wind_supply": [1.80619, 1.620419, 1.512507, 1.216703, 1.222008, 1.209445, 0.997948, 1.02674, 1.338214, 1.46685, 1.5371, 1.669978], "mix_supply": [1.583064, 1.451402, 1.425663, 1.254984, 1.327358, 1.345065, 1.139989, 1.100524, 1.28698, 1.327671, 1.353396, 1.45897], "mix_storage": [0.096565, 0.096666, 0.099176, 0.098405, 0.096941, 0.101045, 0.099447, 0.090329, 0.089682, 0.093676, 0.095761, 0.093464], "mix_s_tot": 0.115482}}, "nldas": null}, "pdf": "figures/44.pdf"}