{"id": 440, "name": "Kassala", "country": "Sudan", "level": "admin1", "continent": "Africa", "metrics": {"solar_cf": 0.2636, "wind_cf": 0.3689, "solar_f_adj": 1.2273, "wind_f_adj": 1.8725, "mix_alpha": 0.8, "mix_f_adj": 1.2702, "solar_s_tot_pct": 8.8859, "wind_s_tot_pct": 18.158, "mix_s_tot_pct": 7.8662, "solar_s_seasonal_pct": 3.9964, "solar_s_diurnal_pct": 4.8896, "wind_s_seasonal_pct": 18.1713, "wind_s_diurnal_pct": -0.0133, "solar_flaute_days": 0.875, "wind_flaute_days": 14.75, "solar_gap30d_max": 0.591, "wind_gap30d_max": 0.8408, "solar_trend_pct_decade": 2.4791, "wind_trend_pct_decade": 27.3969}, "colocation": {"k": [0, 17, 35, 50], "storage_pct_cons": [7.8662, 0.7165, 0.5871, 0.5834], "pick": ["base", "solar", "solar", "wind"]}, "datasets": {"gldas": {"series_norm": {"months": [1, 2, 3, 4, 5, 6, 7, 8, 9, 10, 11, 12], "demand": [1.0, 1.0, 1.0, 1.0, 1.0, 1.0, 1.0, 1.0, 1.0, 1.0, 1.0, 1.0], "solar_supply": [1.086891, 1.214904, 1.33088, 1.38621, 1.351362, 1.33725, 1.233781, 1.183503, 1.260939, 1.198325, 1.110104, 1.038182], "wind_supply": [1.98012, 2.159331, 2.046065, 1.82845, 1.505702, 1.902808, 2.80678, 2.29273, 1.385653, 1.180281, 1.57495, 1.806287], "mix_supply": [1.168552, 1.298856, 1.379513, 1.3958, 1.32316, 1.365352, 1.402325, 1.290955, 1.232006, 1.1523, 1.132802, 1.104639], "mix_storage": [0.041382, 0.040745, 0.043278, 0.047706, 0.051197, 0.053951, 0.058475, 0.061333, 0.060474, 0.056411, 0.051383, 0.045645], "mix_s_tot": 0.078662}}, "nldas": null}, "pdf": "figures/440.pdf"}