{"id": 441, "name": "Punjab", "country": "India", "level": "admin1", "continent": "Asia", "metrics": {"solar_cf": 0.2249, "wind_cf": 0.0919, "solar_f_adj": 1.2756, "wind_f_adj": 1.699, "mix_alpha": 0.9, "mix_f_adj": 1.2705, "solar_s_tot_pct": 13.7081, "wind_s_tot_pct": 28.7369, "mix_s_tot_pct": 13.5196, "solar_s_seasonal_pct": 12.834, "solar_s_diurnal_pct": 0.8741, "wind_s_seasonal_pct": 28.0342, "wind_s_diurnal_pct": 0.7027, "solar_flaute_days": 0.875, "wind_flaute_days": 11.0, "solar_gap30d_max": 0.6698, "wind_gap30d_max": 0.9361, "solar_trend_pct_decade": -0.0448, "wind_trend_pct_decade": 23.4706}, "colocation": {"k": [0, 17, 35, 50], "storage_pct_cons": [13.5196, 9.8475, 6.623, 4.5431], "pick": ["base", "wind", "wind", "wind"]}, "datasets": {"gldas": {"series_norm": {"months": [1, 2, 3, 4, 5, 6, 7, 8, 9, 10, 11, 12], "demand": [1.0, 1.0, 1.0, 1.0, 1.0, 1.0, 1.0, 1.0, 1.0, 1.0, 1.0, 1.0], "solar_supply": [0.771971, 1.041627, 1.333601, 1.582327, 1.716315, 1.663177, 1.465191, 1.405276, 1.367425, 1.223227, 0.948326, 0.78266], "wind_supply": [1.495908, 2.18192, 2.25631, 2.680893, 2.66359, 2.333029, 2.023993, 1.245091, 0.815028, 0.6633, 0.912649, 1.157274], "mix_supply": [0.803835, 1.096845, 1.364127, 1.618827, 1.737637, 1.665287, 1.464709, 1.352759, 1.286672, 1.146071, 0.918301, 0.788094], "mix_storage": [0.041329, 0.021526, 0.024725, 0.047357, 0.083638, 0.117331, 0.127126, 0.126777, 0.125244, 0.121376, 0.104065, 0.073311], "mix_s_tot": 0.135196}}, "nldas": null}, "pdf": "figures/441.pdf"}