{"id": 442, "name": "Rajasthan", "country": "India", "level": "admin1", "continent": "Asia", "metrics": {"solar_cf": 0.221, "wind_cf": 0.198, "solar_f_adj": 1.2508, "wind_f_adj": 2.0686, "mix_alpha": 1.0, "mix_f_adj": 1.2508, "solar_s_tot_pct": 11.3383, "wind_s_tot_pct": 31.6782, "mix_s_tot_pct": 11.3383, "solar_s_seasonal_pct": 9.0368, "solar_s_diurnal_pct": 2.3014, "wind_s_seasonal_pct": 30.8873, "wind_s_diurnal_pct": 0.7909, "solar_flaute_days": 0.75, "wind_flaute_days": 15.125, "solar_gap30d_max": 0.6186, "wind_gap30d_max": 0.9389, "solar_trend_pct_decade": 1.4219, "wind_trend_pct_decade": 31.6228}, "colocation": {"k": [0, 17, 35, 50], "storage_pct_cons": [11.3383, 5.481, 2.2721, 1.3537], "pick": ["base", "wind", "wind", "wind"]}, "datasets": {"gldas": {"series_norm": {"months": [1, 2, 3, 4, 5, 6, 7, 8, 9, 10, 11, 12], "demand": [1.0, 1.0, 1.0, 1.0, 1.0, 1.0, 1.0, 1.0, 1.0, 1.0, 1.0, 1.0], "solar_supply": [0.942289, 1.136226, 1.355044, 1.532927, 1.620795, 1.503948, 1.284655, 1.249688, 1.298942, 1.200865, 0.999883, 0.884293], "wind_supply": [1.155919, 1.511235, 1.658174, 2.194264, 3.530139, 3.965258, 3.480028, 3.006367, 1.941757, 0.822456, 0.623208, 0.898407], "mix_supply": [0.942289, 1.136226, 1.355044, 1.532927, 1.620795, 1.503948, 1.284655, 1.249688, 1.298942, 1.200865, 0.999883, 0.884293], "mix_storage": [0.034683, 0.019651, 0.021468, 0.039626, 0.067316, 0.092692, 0.098123, 0.096056, 0.096573, 0.096048, 0.083961, 0.059103], "mix_s_tot": 0.113383}}, "nldas": null}, "pdf": "figures/442.pdf"}