{"id": 443, "name": "Gujarat", "country": "India", "level": "admin1", "continent": "Asia", "metrics": {"solar_cf": 0.2277, "wind_cf": 0.3045, "solar_f_adj": 1.2375, "wind_f_adj": 1.7279, "mix_alpha": 0.85, "mix_f_adj": 1.2636, "solar_s_tot_pct": 11.8995, "wind_s_tot_pct": 26.3451, "mix_s_tot_pct": 11.4763, "solar_s_seasonal_pct": 8.5043, "solar_s_diurnal_pct": 3.3953, "wind_s_seasonal_pct": 25.7568, "wind_s_diurnal_pct": 0.5883, "solar_flaute_days": 0.75, "wind_flaute_days": 15.25, "solar_gap30d_max": 0.6121, "wind_gap30d_max": 0.8863, "solar_trend_pct_decade": 1.0113, "wind_trend_pct_decade": 18.6738}, "colocation": {"k": [0, 17, 35, 50], "storage_pct_cons": [11.4763, 2.2782, 0.9693, 0.5883], "pick": ["base", "solar", "wind", "wind"]}, "datasets": {"gldas": {"series_norm": {"months": [1, 2, 3, 4, 5, 6, 7, 8, 9, 10, 11, 12], "demand": [1.0, 1.0, 1.0, 1.0, 1.0, 1.0, 1.0, 1.0, 1.0, 1.0, 1.0, 1.0], "solar_supply": [1.069761, 1.238763, 1.434095, 1.568342, 1.597581, 1.32057, 1.047605, 1.065495, 1.215477, 1.235882, 1.075815, 0.987669], "wind_supply": [1.311293, 1.250361, 1.408726, 1.880942, 2.804045, 2.937015, 2.740132, 2.325404, 1.41143, 0.668864, 0.777397, 1.180216], "mix_supply": [1.072333, 1.212334, 1.399243, 1.56756, 1.694194, 1.468348, 1.209833, 1.179868, 1.20979, 1.146049, 1.019024, 0.986703], "mix_storage": [0.044444, 0.039153, 0.046502, 0.068074, 0.091752, 0.101989, 0.10044, 0.094961, 0.091349, 0.086971, 0.07499, 0.057166], "mix_s_tot": 0.114763}}, "nldas": null}, "pdf": "figures/443.pdf"}