{"id": 444, "name": "Alaska", "country": "United States of America", "level": "admin1", "continent": "North America", "metrics": {"solar_cf": 0.1058, "wind_cf": 0.224, "solar_f_adj": 1.4139, "wind_f_adj": 1.7252, "mix_alpha": 0.1, "mix_f_adj": 1.6241, "solar_s_tot_pct": 42.8219, "wind_s_tot_pct": 10.3699, "mix_s_tot_pct": 5.5748, "solar_s_seasonal_pct": 42.0521, "solar_s_diurnal_pct": 0.7698, "wind_s_seasonal_pct": 9.452, "wind_s_diurnal_pct": 0.9179, "solar_flaute_days": 75.875, "wind_flaute_days": 9.75, "solar_gap30d_max": 0.9644, "wind_gap30d_max": 0.7685, "solar_trend_pct_decade": 0.6282, "wind_trend_pct_decade": -31.7702}, "colocation": {"k": [0, 17, 35, 50], "storage_pct_cons": [5.5748, 4.7256, 4.7256, 4.725], "pick": ["base", "wind", "wind", "solar"], "usa_feasible": {"1pct": [true, true, true, true], "oilgas2x": [true, true, true, true], "oilgas_all": [true, true, true, true]}}, "datasets": {"gldas": {"series_norm": {"months": [1, 2, 3, 4, 5, 6, 7, 8, 9, 10, 11, 12], "demand": [1.0, 1.0, 1.0, 1.0, 1.0, 1.0, 1.0, 1.0, 1.0, 1.0, 1.0, 1.0], "solar_supply": [0.115523, 0.430998, 1.210118, 2.218691, 2.970959, 3.182555, 2.740522, 2.031943, 1.236026, 0.552487, 0.168014, 0.058247], "wind_supply": [2.252272, 2.117692, 1.93938, 1.547854, 1.331512, 1.255217, 1.273251, 1.377029, 1.569208, 1.869643, 2.024288, 2.163962], "mix_supply": [1.921549, 1.843763, 1.782184, 1.566312, 1.469427, 1.429091, 1.393593, 1.400125, 1.471525, 1.647554, 1.734415, 1.840148], "mix_storage": [0.052229, 0.051329, 0.051392, 0.051218, 0.050196, 0.053977, 0.052991, 0.050583, 0.049148, 0.049068, 0.049113, 0.049732], "mix_s_tot": 0.055748}, "series_real": {"months": [1, 2, 3, 4, 5, 6, 7, 8, 9, 10, 11, 12], "demand_TWh": [0.592268, 0.493419, 0.531258, 0.479736, 0.470517, 0.44247, 0.472501, 0.482414, 0.461391, 0.496427, 0.513896, 0.579812], "supply_TWh_nocap": [1.059685, 0.917877, 0.946066, 0.767351, 0.714111, 0.662712, 0.679839, 0.707174, 0.748517, 0.893688, 0.9237, 1.016704], "supply_TWh_1pct": [1.059685, 0.917877, 0.946066, 0.767351, 0.714111, 0.662712, 0.679839, 0.707174, 0.748517, 0.893688, 0.9237, 1.016704], "supply_TWh_oilgas2x": [1.059685, 0.917877, 0.946066, 0.767351, 0.714111, 0.662712, 0.679839, 0.707174, 0.748517, 0.893688, 0.9237, 1.016704], "supply_TWh_oilgas_all": [1.059685, 0.917877, 0.946066, 0.767351, 0.714111, 0.662712, 0.679839, 0.707174, 0.748517, 0.893688, 0.9237, 1.016704]}, "consumption_TWh": 6.012783}, "nldas": null}, "usa": {"annual_consumption_TWh": 6.012783, "state_land_km2": 1505330.437415, "mix_solar_nameplate_GW": 0.541198, "mix_wind_nameplate_GW": 4.856766, "mix_capacity_TWh": 47.286161, "mix_land_km2": 66.607581, "mix_land_pct": 0.004425, "solar_land_pct": 0.020493, "wind_land_pct": 0.003503, "mix_storage_TWh": 0.4157, "caps": {"1pct": {"label": "1% of land (NREL)", "cap_pct": 1.0, "feasible": true, "storage_TWh": 0.4157, "supply_capped_TWh": null, "shortfall_TWh": 0.0}, "oilgas2x": {"label": "1.88% (2\u00d7 onshore oil & gas)", "cap_pct": 1.8800000000000001, "feasible": true, "storage_TWh": 0.4157, "supply_capped_TWh": null, "shortfall_TWh": 0.0}, "oilgas_all": {"label": "5% (all onshore oil & gas land)", "cap_pct": 5.0, "feasible": true, "storage_TWh": 0.4157, "supply_capped_TWh": null, "shortfall_TWh": 0.0}}}, "pdf": "figures/444.pdf"}