{"id": 445, "name": "Yukon", "country": "Canada", "level": "admin1", "continent": "North America", "metrics": {"solar_cf": 0.1136, "wind_cf": 0.0954, "solar_f_adj": 1.4522, "wind_f_adj": 4.1237, "mix_alpha": 0.2, "mix_f_adj": 2.7136, "solar_s_tot_pct": 42.6796, "wind_s_tot_pct": 40.5967, "mix_s_tot_pct": 38.9919, "solar_s_seasonal_pct": 41.5812, "solar_s_diurnal_pct": 1.0984, "wind_s_seasonal_pct": 40.2687, "wind_s_diurnal_pct": 0.328, "solar_flaute_days": 82.0, "wind_flaute_days": 43.0, "solar_gap30d_max": 0.9697, "wind_gap30d_max": 0.9894, "solar_trend_pct_decade": 0.6559, "wind_trend_pct_decade": -61.6315}, "colocation": {"k": [0, 17, 35, 50], "storage_pct_cons": [38.9919, 35.6445, 33.6074, 31.8955], "pick": ["base", "wind", "solar", "solar"]}, "datasets": {"gldas": {"series_norm": {"months": [1, 2, 3, 4, 5, 6, 7, 8, 9, 10, 11, 12], "demand": [1.0, 1.0, 1.0, 1.0, 1.0, 1.0, 1.0, 1.0, 1.0, 1.0, 1.0, 1.0], "solar_supply": [0.117521, 0.460383, 1.248479, 2.25637, 2.99722, 3.218811, 2.866718, 2.134596, 1.265402, 0.576812, 0.176241, 0.054733], "wind_supply": [4.593782, 3.723519, 4.113307, 3.698084, 4.111046, 4.182024, 3.913596, 4.193792, 4.598417, 4.324054, 3.785145, 4.204489], "mix_supply": [2.462253, 2.132253, 2.631984, 2.790072, 3.284346, 3.404526, 3.13163, 3.005521, 2.893688, 2.491908, 2.058503, 2.23385], "mix_storage": [0.314778, 0.295162, 0.2896, 0.301755, 0.320235, 0.349628, 0.373683, 0.383088, 0.383436, 0.377992, 0.355496, 0.32784], "mix_s_tot": 0.389919}}, "nldas": null}, "pdf": "figures/445.pdf"}