{"id": 446, "name": "White Nile", "country": "Sudan", "level": "admin1", "continent": "Africa", "metrics": {"solar_cf": 0.2586, "wind_cf": 0.2756, "solar_f_adj": 1.2534, "wind_f_adj": 45.7458, "mix_alpha": 0.25, "mix_f_adj": 4.133, "solar_s_tot_pct": 6.7708, "wind_s_tot_pct": 16.8363, "mix_s_tot_pct": 3.1164, "solar_s_seasonal_pct": 4.2098, "solar_s_diurnal_pct": 2.561, "wind_s_seasonal_pct": 16.231, "wind_s_diurnal_pct": 0.6053, "solar_flaute_days": 1.75, "wind_flaute_days": 107.125, "solar_gap30d_max": 0.5897, "wind_gap30d_max": 0.9969, "solar_trend_pct_decade": 4.0716, "wind_trend_pct_decade": 79.5019}, "colocation": {"k": [0, 17, 35, 50], "storage_pct_cons": [3.1164, 0.8672, 0.5463, 0.4775], "pick": ["base", "solar", "solar", "solar"]}, "datasets": {"gldas": {"series_norm": {"months": [1, 2, 3, 4, 5, 6, 7, 8, 9, 10, 11, 12], "demand": [1.0, 1.0, 1.0, 1.0, 1.0, 1.0, 1.0, 1.0, 1.0, 1.0, 1.0, 1.0], "solar_supply": [1.186827, 1.30069, 1.404984, 1.434945, 1.361044, 1.279549, 1.151503, 1.119603, 1.213236, 1.247317, 1.20743, 1.141294], "wind_supply": [54.758002, 56.842606, 51.550388, 41.519464, 35.497414, 48.237419, 57.603778, 43.936849, 34.041136, 26.777955, 45.778353, 52.956411], "mix_supply": [4.688806, 4.923926, 4.651302, 3.996305, 3.527328, 4.323409, 4.852517, 3.900145, 3.3068, 2.842742, 4.097329, 4.529194], "mix_storage": [0.029025, 0.030708, 0.030917, 0.030696, 0.030678, 0.030844, 0.03065, 0.030101, 0.029612, 0.026775, 0.024655, 0.026321], "mix_s_tot": 0.031164}}, "nldas": null}, "pdf": "figures/446.pdf"}