{"id": 447, "name": "South Kordufan", "country": "Sudan", "level": "admin1", "continent": "Africa", "metrics": {"solar_cf": 0.2526, "wind_cf": 0.1479, "solar_f_adj": 1.2521, "wind_f_adj": 3.0325, "mix_alpha": 0.85, "mix_f_adj": 1.3313, "solar_s_tot_pct": 12.5324, "wind_s_tot_pct": 39.9445, "mix_s_tot_pct": 11.3086, "solar_s_seasonal_pct": 5.9848, "solar_s_diurnal_pct": 6.5476, "wind_s_seasonal_pct": 39.4022, "wind_s_diurnal_pct": 0.5424, "solar_flaute_days": 1.75, "wind_flaute_days": 33.375, "solar_gap30d_max": 0.6034, "wind_gap30d_max": 0.9878, "solar_trend_pct_decade": 3.4165, "wind_trend_pct_decade": 59.1117}, "colocation": {"k": [0, 17, 35, 50], "storage_pct_cons": [11.3086, 3.0014, 2.0865, 1.2948], "pick": ["base", "solar", "wind", "wind"]}, "datasets": {"gldas": {"series_norm": {"months": [1, 2, 3, 4, 5, 6, 7, 8, 9, 10, 11, 12], "demand": [1.0, 1.0, 1.0, 1.0, 1.0, 1.0, 1.0, 1.0, 1.0, 1.0, 1.0, 1.0], "solar_supply": [1.280524, 1.374692, 1.440073, 1.420939, 1.285305, 1.162544, 1.077692, 1.077585, 1.171898, 1.226085, 1.280998, 1.238779], "wind_supply": [5.544211, 5.656183, 4.481397, 2.639543, 2.250475, 2.76834, 2.377755, 1.327135, 0.806135, 0.786947, 2.998251, 4.892224], "mix_supply": [1.522392, 1.614872, 1.5966, 1.458017, 1.309815, 1.23297, 1.130562, 1.06128, 1.112208, 1.159917, 1.355165, 1.441731], "mix_storage": [0.068275, 0.075661, 0.083199, 0.089557, 0.092098, 0.089829, 0.083725, 0.071756, 0.059894, 0.052555, 0.053238, 0.059508], "mix_s_tot": 0.113086}}, "nldas": null}, "pdf": "figures/447.pdf"}