{"id": 448, "name": "Guangdong", "country": "China", "level": "admin1", "continent": "Asia", "metrics": {"solar_cf": 0.1564, "wind_cf": 0.0753, "solar_f_adj": 1.3159, "wind_f_adj": 2.0017, "mix_alpha": 0.5, "mix_f_adj": 1.4617, "solar_s_tot_pct": 12.8516, "wind_s_tot_pct": 33.229, "mix_s_tot_pct": 7.5192, "solar_s_seasonal_pct": 12.1944, "solar_s_diurnal_pct": 0.6572, "wind_s_seasonal_pct": 32.3939, "wind_s_diurnal_pct": 0.835, "solar_flaute_days": 1.75, "wind_flaute_days": 22.625, "solar_gap30d_max": 0.6655, "wind_gap30d_max": 0.9844, "solar_trend_pct_decade": -0.0693, "wind_trend_pct_decade": -20.2023}, "colocation": {"k": [0, 17, 35, 50], "storage_pct_cons": [7.5192, 3.1316, 1.9571, 1.5], "pick": ["base", "solar", "solar", "solar"]}, "datasets": {"gldas": {"series_norm": {"months": [1, 2, 3, 4, 5, 6, 7, 8, 9, 10, 11, 12], "demand": [1.0, 1.0, 1.0, 1.0, 1.0, 1.0, 1.0, 1.0, 1.0, 1.0, 1.0, 1.0], "solar_supply": [0.970299, 1.048162, 1.171762, 1.334577, 1.46598, 1.47372, 1.690569, 1.573825, 1.510884, 1.361843, 1.141539, 1.03023], "wind_supply": [2.802284, 2.569942, 2.221001, 1.898408, 1.199988, 1.350488, 1.572849, 1.084191, 1.501487, 2.214307, 2.492329, 3.138842], "mix_supply": [1.562082, 1.520494, 1.461736, 1.434377, 1.25235, 1.3116, 1.513228, 1.269967, 1.387374, 1.564863, 1.544017, 1.718252], "mix_storage": [0.062976, 0.062112, 0.063234, 0.063918, 0.06078, 0.054513, 0.060092, 0.059662, 0.056454, 0.06238, 0.062053, 0.062921], "mix_s_tot": 0.075192}}, "nldas": null}, "pdf": "figures/448.pdf"}