{"id": 449, "name": "Eastern Darfur", "country": "Sudan", "level": "admin1", "continent": "Africa", "metrics": {"solar_cf": 0.2568, "wind_cf": 0.1963, "solar_f_adj": 1.2502, "wind_f_adj": 3.4517, "mix_alpha": 1.0, "mix_f_adj": 1.2502, "solar_s_tot_pct": 9.4367, "wind_s_tot_pct": 33.294, "mix_s_tot_pct": 9.4367, "solar_s_seasonal_pct": 4.6261, "solar_s_diurnal_pct": 4.8106, "wind_s_seasonal_pct": 32.5404, "wind_s_diurnal_pct": 0.7536, "solar_flaute_days": 1.625, "wind_flaute_days": 24.375, "solar_gap30d_max": 0.6027, "wind_gap30d_max": 0.9643, "solar_trend_pct_decade": 2.9735, "wind_trend_pct_decade": 61.7828}, "colocation": {"k": [0, 17, 35, 50], "storage_pct_cons": [9.4367, 1.7061, 0.9199, 0.684], "pick": ["base", "wind", "wind", "wind"]}, "datasets": {"gldas": {"series_norm": {"months": [1, 2, 3, 4, 5, 6, 7, 8, 9, 10, 11, 12], "demand": [1.0, 1.0, 1.0, 1.0, 1.0, 1.0, 1.0, 1.0, 1.0, 1.0, 1.0, 1.0], "solar_supply": [1.250227, 1.341975, 1.408058, 1.402559, 1.306136, 1.198123, 1.106067, 1.105116, 1.195497, 1.2288, 1.257876, 1.212124], "wind_supply": [5.546455, 5.618652, 4.760143, 3.240675, 2.461468, 2.885178, 2.987606, 2.081376, 1.289943, 1.537043, 3.899252, 5.224973], "mix_supply": [1.250227, 1.341975, 1.408058, 1.402559, 1.306136, 1.198123, 1.106067, 1.105116, 1.195497, 1.2288, 1.257876, 1.212124], "mix_storage": [0.042166, 0.046128, 0.054225, 0.062749, 0.067051, 0.066054, 0.058943, 0.048108, 0.041368, 0.039778, 0.04115, 0.04064], "mix_s_tot": 0.094367}}, "nldas": null}, "pdf": "figures/449.pdf"}