{"id": 45, "name": "Finland", "country": "Finland", "level": "admin0", "continent": "Europe", "metrics": {"solar_cf": 0.107, "wind_cf": 0.2467, "solar_f_adj": 1.4228, "wind_f_adj": 1.4509, "mix_alpha": 0.1, "mix_f_adj": 1.4002, "solar_s_tot_pct": 45.1527, "wind_s_tot_pct": 11.8258, "mix_s_tot_pct": 8.688, "solar_s_seasonal_pct": 44.3045, "solar_s_diurnal_pct": 0.8482, "wind_s_seasonal_pct": 11.4088, "wind_s_diurnal_pct": 0.417, "solar_flaute_days": 77.875, "wind_flaute_days": 9.375, "solar_gap30d_max": 0.9822, "wind_gap30d_max": 0.7444, "solar_trend_pct_decade": 1.2387, "wind_trend_pct_decade": 0.0366}, "colocation": {"k": [0, 17, 35, 50], "storage_pct_cons": [8.688, 6.3262, 6.3262, 6.3262], "pick": ["base", "wind", "wind", "wind"]}, "datasets": {"gldas": {"series_norm": {"months": [1, 2, 3, 4, 5, 6, 7, 8, 9, 10, 11, 12], "demand": [1.0, 1.0, 1.0, 1.0, 1.0, 1.0, 1.0, 1.0, 1.0, 1.0, 1.0, 1.0], "solar_supply": [0.095523, 0.412124, 1.165729, 2.108503, 2.87234, 3.174205, 3.02519, 2.247251, 1.247133, 0.491525, 0.135921, 0.039941], "wind_supply": [1.783134, 1.676835, 1.579172, 1.249503, 1.290108, 1.200993, 0.992687, 1.077563, 1.431955, 1.619039, 1.718263, 1.805217], "mix_supply": [1.558095, 1.496927, 1.486264, 1.292715, 1.403148, 1.355455, 1.159873, 1.157035, 1.366414, 1.454543, 1.505728, 1.571804], "mix_storage": [0.077364, 0.077947, 0.078921, 0.078095, 0.077863, 0.079744, 0.076593, 0.069906, 0.071522, 0.0768, 0.078268, 0.078251], "mix_s_tot": 0.08688}}, "nldas": null}, "pdf": "figures/45.pdf"}