{"id": 450, "name": "Na\u00e2ma", "country": "Algeria", "level": "admin1", "continent": "Africa", "metrics": {"solar_cf": 0.2165, "wind_cf": 0.2586, "solar_f_adj": 1.256, "wind_f_adj": 2.3533, "mix_alpha": 0.85, "mix_f_adj": 1.3121, "solar_s_tot_pct": 19.1701, "wind_s_tot_pct": 23.0417, "mix_s_tot_pct": 19.002, "solar_s_seasonal_pct": 18.3354, "solar_s_diurnal_pct": 0.8347, "wind_s_seasonal_pct": 21.8443, "wind_s_diurnal_pct": 1.1974, "solar_flaute_days": 1.75, "wind_flaute_days": 14.0, "solar_gap30d_max": 0.6842, "wind_gap30d_max": 0.9184, "solar_trend_pct_decade": 0.2079, "wind_trend_pct_decade": 36.6071}, "colocation": {"k": [0, 17, 35, 50], "storage_pct_cons": [19.002, 13.3345, 8.0211, 4.8181], "pick": ["base", "wind", "wind", "wind"]}, "datasets": {"gldas": {"series_norm": {"months": [1, 2, 3, 4, 5, 6, 7, 8, 9, 10, 11, 12], "demand": [1.0, 1.0, 1.0, 1.0, 1.0, 1.0, 1.0, 1.0, 1.0, 1.0, 1.0, 1.0], "solar_supply": [0.73563, 0.965398, 1.223841, 1.51534, 1.702311, 1.81119, 1.766653, 1.603918, 1.29438, 1.020932, 0.761449, 0.656511], "wind_supply": [1.942242, 2.424319, 2.866015, 3.143566, 2.9373, 2.688209, 2.362344, 2.060079, 2.112052, 1.822246, 2.098597, 1.809226], "mix_supply": [0.815657, 1.060003, 1.326435, 1.608491, 1.757266, 1.833115, 1.766314, 1.59653, 1.326015, 1.058963, 0.85166, 0.734277], "mix_storage": [0.073583, 0.052496, 0.052942, 0.075034, 0.112018, 0.144648, 0.161815, 0.173363, 0.176334, 0.169522, 0.146146, 0.109796], "mix_s_tot": 0.19002}}, "nldas": null}, "pdf": "figures/450.pdf"}