{"id": 451, "name": "Tlemcen", "country": "Algeria", "level": "admin1", "continent": "Africa", "metrics": {"solar_cf": 0.2085, "wind_cf": 0.185, "solar_f_adj": 1.2742, "wind_f_adj": 2.1898, "mix_alpha": 0.5, "mix_f_adj": 1.52, "solar_s_tot_pct": 20.2657, "wind_s_tot_pct": 29.9005, "mix_s_tot_pct": 18.1167, "solar_s_seasonal_pct": 19.1616, "solar_s_diurnal_pct": 1.1041, "wind_s_seasonal_pct": 27.7056, "wind_s_diurnal_pct": 2.1949, "solar_flaute_days": 1.75, "wind_flaute_days": 9.375, "solar_gap30d_max": 0.7217, "wind_gap30d_max": 0.8439, "solar_trend_pct_decade": 1.1006, "wind_trend_pct_decade": 23.5257}, "colocation": {"k": [0, 17, 35, 50], "storage_pct_cons": [18.1167, 10.4124, 4.6289, 3.0417], "pick": ["base", "wind", "wind", "solar"]}, "datasets": {"gldas": {"series_norm": {"months": [1, 2, 3, 4, 5, 6, 7, 8, 9, 10, 11, 12], "demand": [1.0, 1.0, 1.0, 1.0, 1.0, 1.0, 1.0, 1.0, 1.0, 1.0, 1.0, 1.0], "solar_supply": [0.703689, 0.925026, 1.193354, 1.503515, 1.728777, 1.901946, 1.881372, 1.696694, 1.351649, 1.024251, 0.732654, 0.628413], "wind_supply": [2.362056, 2.679568, 2.849774, 2.682582, 2.267325, 2.005474, 1.85696, 1.74717, 1.615069, 1.67812, 2.388977, 2.18553], "mix_supply": [1.239533, 1.481755, 1.700881, 1.827858, 1.8181, 1.830511, 1.766694, 1.618433, 1.366772, 1.193369, 1.266154, 1.133367], "mix_storage": [0.126374, 0.132344, 0.142343, 0.15127, 0.156486, 0.162065, 0.167726, 0.171526, 0.170922, 0.162526, 0.152794, 0.140068], "mix_s_tot": 0.181167}}, "nldas": null}, "pdf": "figures/451.pdf"}