{"id": 452, "name": "Himachal Pradesh", "country": "India", "level": "admin1", "continent": "Asia", "metrics": {"solar_cf": 0.2158, "wind_cf": 0.1526, "solar_f_adj": 1.2762, "wind_f_adj": 4.4127, "mix_alpha": 1.0, "mix_f_adj": 1.2762, "solar_s_tot_pct": 13.0333, "wind_s_tot_pct": 23.9792, "mix_s_tot_pct": 13.0333, "solar_s_seasonal_pct": 11.7638, "solar_s_diurnal_pct": 1.2696, "wind_s_seasonal_pct": 22.0323, "wind_s_diurnal_pct": 1.947, "solar_flaute_days": 2.625, "wind_flaute_days": 17.875, "solar_gap30d_max": 0.6708, "wind_gap30d_max": 0.9398, "solar_trend_pct_decade": -0.7831, "wind_trend_pct_decade": -68.0808}, "colocation": {"k": [0, 17, 35, 50], "storage_pct_cons": [13.0333, 7.874, 3.4162, 0.8591], "pick": ["base", "wind", "wind", "wind"]}, "datasets": {"gldas": {"series_norm": {"months": [1, 2, 3, 4, 5, 6, 7, 8, 9, 10, 11, 12], "demand": [1.0, 1.0, 1.0, 1.0, 1.0, 1.0, 1.0, 1.0, 1.0, 1.0, 1.0, 1.0], "solar_supply": [0.810918, 1.008449, 1.319451, 1.566786, 1.745032, 1.694191, 1.441275, 1.335231, 1.352359, 1.265603, 0.966565, 0.80037], "wind_supply": [5.646001, 6.668402, 6.066041, 5.856067, 5.290721, 3.774918, 2.32211, 1.946797, 2.716287, 3.768551, 4.216061, 4.844956], "mix_supply": [0.810918, 1.008449, 1.319451, 1.566786, 1.745032, 1.694191, 1.441275, 1.335231, 1.352359, 1.265603, 0.966565, 0.80037], "mix_storage": [0.047578, 0.022383, 0.018236, 0.03659, 0.070568, 0.106898, 0.122227, 0.122988, 0.123025, 0.124636, 0.11247, 0.081992], "mix_s_tot": 0.130333}}, "nldas": null}, "pdf": "figures/452.pdf"}