{"id": 453, "name": "Jammu and Kashmir", "country": "India", "level": "admin1", "continent": "Asia", "metrics": {"solar_cf": 0.2077, "wind_cf": 0.1123, "solar_f_adj": 1.2933, "wind_f_adj": 6.3924, "mix_alpha": 0.3, "mix_f_adj": 2.6101, "solar_s_tot_pct": 16.0533, "wind_s_tot_pct": 20.6209, "mix_s_tot_pct": 10.0703, "solar_s_seasonal_pct": 14.7617, "solar_s_diurnal_pct": 1.2916, "wind_s_seasonal_pct": 18.6022, "wind_s_diurnal_pct": 2.0187, "solar_flaute_days": 2.625, "wind_flaute_days": 16.875, "solar_gap30d_max": 0.6981, "wind_gap30d_max": 0.9325, "solar_trend_pct_decade": -2.3872, "wind_trend_pct_decade": -80.4806}, "colocation": {"k": [0, 17, 35, 50], "storage_pct_cons": [10.0703, 4.733, 2.0466, 1.5719], "pick": ["base", "solar", "solar", "solar"]}, "datasets": {"gldas": {"series_norm": {"months": [1, 2, 3, 4, 5, 6, 7, 8, 9, 10, 11, 12], "demand": [1.0, 1.0, 1.0, 1.0, 1.0, 1.0, 1.0, 1.0, 1.0, 1.0, 1.0, 1.0], "solar_supply": [0.752534, 0.936899, 1.241878, 1.513732, 1.764381, 1.822879, 1.636638, 1.50821, 1.43733, 1.245355, 0.906171, 0.73875], "wind_supply": [8.017353, 8.771285, 7.918103, 7.92157, 7.562225, 5.652069, 4.022798, 3.212665, 4.192129, 5.352732, 6.703251, 7.557387], "mix_supply": [2.747085, 3.074189, 3.014977, 3.180553, 3.229594, 2.719057, 2.140631, 1.83133, 2.068364, 2.283858, 2.464509, 2.607276], "mix_storage": [0.088867, 0.090014, 0.092777, 0.096043, 0.09782, 0.098769, 0.098528, 0.095614, 0.093503, 0.091316, 0.090416, 0.08974], "mix_s_tot": 0.100703}}, "nldas": null}, "pdf": "figures/453.pdf"}