{"id": 454, "name": "Crimea", "country": "Russia", "level": "admin1", "continent": "Europe", "metrics": {"solar_cf": 0.1553, "wind_cf": 0.3897, "solar_f_adj": 1.3463, "wind_f_adj": 1.2862, "mix_alpha": 0.25, "mix_f_adj": 1.2283, "solar_s_tot_pct": 30.5195, "wind_s_tot_pct": 15.2129, "mix_s_tot_pct": 7.8446, "solar_s_seasonal_pct": 29.9165, "solar_s_diurnal_pct": 0.603, "wind_s_seasonal_pct": 14.834, "wind_s_diurnal_pct": 0.3789, "solar_flaute_days": 1.875, "wind_flaute_days": 6.75, "solar_gap30d_max": 0.7974, "wind_gap30d_max": 0.655, "solar_trend_pct_decade": -2.6838, "wind_trend_pct_decade": -4.0359}, "colocation": {"k": [0, 17, 35, 50], "storage_pct_cons": [7.8446, 4.5567, 3.0895, 2.9231], "pick": ["base", "wind", "wind", "solar"]}, "datasets": {"gldas": {"series_norm": {"months": [1, 2, 3, 4, 5, 6, 7, 8, 9, 10, 11, 12], "demand": [1.0, 1.0, 1.0, 1.0, 1.0, 1.0, 1.0, 1.0, 1.0, 1.0, 1.0, 1.0], "solar_supply": [0.429553, 0.697314, 1.120586, 1.669811, 2.138775, 2.29885, 2.378472, 2.077657, 1.502681, 0.928777, 0.520121, 0.354903], "wind_supply": [1.625225, 1.704973, 1.55148, 1.233367, 0.97476, 0.963463, 0.957531, 1.007069, 1.183432, 1.277702, 1.389808, 1.590487], "mix_supply": [1.26206, 1.380255, 1.366858, 1.264279, 1.186016, 1.214436, 1.228348, 1.195217, 1.190392, 1.127012, 1.114098, 1.220152], "mix_storage": [0.059797, 0.065773, 0.070455, 0.071264, 0.069965, 0.068696, 0.069492, 0.067642, 0.065886, 0.062545, 0.055821, 0.055918], "mix_s_tot": 0.078446}}, "nldas": null}, "pdf": "figures/454.pdf"}