{"id": 455, "name": "Bihar", "country": "India", "level": "admin1", "continent": "Asia", "metrics": {"solar_cf": 0.2133, "wind_cf": 0.1348, "solar_f_adj": 1.2517, "wind_f_adj": 2.8935, "mix_alpha": 1.0, "mix_f_adj": 1.2517, "solar_s_tot_pct": 11.5629, "wind_s_tot_pct": 36.434, "mix_s_tot_pct": 11.5629, "solar_s_seasonal_pct": 10.0737, "solar_s_diurnal_pct": 1.4893, "wind_s_seasonal_pct": 35.7575, "wind_s_diurnal_pct": 0.6765, "solar_flaute_days": 1.5, "wind_flaute_days": 27.375, "solar_gap30d_max": 0.6428, "wind_gap30d_max": 0.9875, "solar_trend_pct_decade": 1.3554, "wind_trend_pct_decade": 38.8055}, "colocation": {"k": [0, 17, 35, 50], "storage_pct_cons": [11.5629, 4.32, 1.8081, 1.422], "pick": ["base", "wind", "wind", "wind"]}, "datasets": {"gldas": {"series_norm": {"months": [1, 2, 3, 4, 5, 6, 7, 8, 9, 10, 11, 12], "demand": [1.0, 1.0, 1.0, 1.0, 1.0, 1.0, 1.0, 1.0, 1.0, 1.0, 1.0, 1.0], "solar_supply": [0.935438, 1.207024, 1.458969, 1.610563, 1.584661, 1.385274, 1.231704, 1.235809, 1.192025, 1.183334, 1.074686, 0.924934], "wind_supply": [2.055353, 2.685015, 3.166274, 4.260109, 4.730959, 4.684809, 4.433689, 3.279187, 2.546883, 1.016748, 0.690766, 1.172306], "mix_supply": [0.935438, 1.207024, 1.458969, 1.610563, 1.584661, 1.385274, 1.231704, 1.235809, 1.192025, 1.183334, 1.074686, 0.924934], "mix_storage": [0.041764, 0.029835, 0.039091, 0.063393, 0.089444, 0.104186, 0.103635, 0.099463, 0.095966, 0.090607, 0.082769, 0.063766], "mix_s_tot": 0.115629}}, "nldas": null}, "pdf": "figures/455.pdf"}