{"id": 456, "name": "Uttar Pradesh", "country": "India", "level": "admin1", "continent": "Asia", "metrics": {"solar_cf": 0.2162, "wind_cf": 0.1181, "solar_f_adj": 1.2576, "wind_f_adj": 2.4599, "mix_alpha": 1.0, "mix_f_adj": 1.2576, "solar_s_tot_pct": 12.2918, "wind_s_tot_pct": 38.4598, "mix_s_tot_pct": 12.2918, "solar_s_seasonal_pct": 11.1071, "solar_s_diurnal_pct": 1.1848, "wind_s_seasonal_pct": 37.5112, "wind_s_diurnal_pct": 0.9486, "solar_flaute_days": 0.75, "wind_flaute_days": 17.125, "solar_gap30d_max": 0.6445, "wind_gap30d_max": 0.977, "solar_trend_pct_decade": 0.3125, "wind_trend_pct_decade": 37.6666}, "colocation": {"k": [0, 17, 35, 50], "storage_pct_cons": [12.2918, 5.4388, 2.7343, 1.6056], "pick": ["base", "wind", "wind", "wind"]}, "datasets": {"gldas": {"series_norm": {"months": [1, 2, 3, 4, 5, 6, 7, 8, 9, 10, 11, 12], "demand": [1.0, 1.0, 1.0, 1.0, 1.0, 1.0, 1.0, 1.0, 1.0, 1.0, 1.0, 1.0], "solar_supply": [0.884713, 1.167032, 1.432058, 1.611174, 1.651584, 1.461631, 1.244579, 1.228322, 1.256524, 1.227547, 1.043246, 0.885503], "wind_supply": [1.904841, 2.716037, 3.014714, 3.557146, 3.63434, 3.848672, 3.430975, 2.660942, 2.022021, 0.663607, 0.771411, 1.326993], "mix_supply": [0.884713, 1.167032, 1.432058, 1.611174, 1.651584, 1.461631, 1.244579, 1.228322, 1.256524, 1.227547, 1.043246, 0.885503], "mix_storage": [0.04937, 0.033433, 0.039709, 0.063407, 0.093185, 0.113582, 0.11418, 0.109939, 0.10777, 0.106862, 0.098031, 0.075451], "mix_s_tot": 0.122918}}, "nldas": null}, "pdf": "figures/456.pdf"}