{"id": 457, "name": "Buenos Aires", "country": "Argentina", "level": "admin1", "continent": "South America", "metrics": {"solar_cf": 0.1958, "wind_cf": 0.3782, "solar_f_adj": 1.273, "wind_f_adj": 1.2019, "mix_alpha": 0.15, "mix_f_adj": 1.1781, "solar_s_tot_pct": 23.2257, "wind_s_tot_pct": 8.4818, "mix_s_tot_pct": 6.7044, "solar_s_seasonal_pct": 21.6723, "solar_s_diurnal_pct": 1.5534, "wind_s_seasonal_pct": 8.3884, "wind_s_diurnal_pct": 0.0933, "solar_flaute_days": 2.75, "wind_flaute_days": 4.625, "solar_gap30d_max": 0.7155, "wind_gap30d_max": 0.4692, "solar_trend_pct_decade": 0.9119, "wind_trend_pct_decade": 1.7581}, "colocation": {"k": [0, 17, 35, 50], "storage_pct_cons": [6.7044, 3.0144, 2.0534, 1.3312], "pick": ["base", "wind", "solar", "solar"]}, "datasets": {"gldas": {"series_norm": {"months": [1, 2, 3, 4, 5, 6, 7, 8, 9, 10, 11, 12], "demand": [1.0, 1.0, 1.0, 1.0, 1.0, 1.0, 1.0, 1.0, 1.0, 1.0, 1.0, 1.0], "solar_supply": [1.954029, 1.717454, 1.377559, 0.994027, 0.67962, 0.562665, 0.609242, 0.854108, 1.187011, 1.513239, 1.839341, 2.010925], "wind_supply": [1.198771, 1.069334, 1.071719, 1.06624, 1.074665, 1.214231, 1.272349, 1.333143, 1.305763, 1.281591, 1.282922, 1.241845], "mix_supply": [1.270044, 1.129359, 1.084163, 1.026359, 0.989734, 1.089782, 1.144671, 1.229315, 1.252714, 1.277859, 1.324237, 1.31383], "mix_storage": [0.064808, 0.062802, 0.057048, 0.049905, 0.04037, 0.034859, 0.035291, 0.039865, 0.046839, 0.053267, 0.060821, 0.064306], "mix_s_tot": 0.067044}}, "nldas": null}, "pdf": "figures/457.pdf"}