{"id": 458, "name": "Maranh\u00e3o", "country": "Brazil", "level": "admin1", "continent": "South America", "metrics": {"solar_cf": 0.2257, "wind_cf": 0.0422, "solar_f_adj": 1.2535, "wind_f_adj": 3.6295, "mix_alpha": 1.0, "mix_f_adj": 1.2535, "solar_s_tot_pct": 7.1744, "wind_s_tot_pct": 45.8866, "mix_s_tot_pct": 7.1744, "solar_s_seasonal_pct": 4.8164, "solar_s_diurnal_pct": 2.358, "wind_s_seasonal_pct": 45.3378, "wind_s_diurnal_pct": 0.5488, "solar_flaute_days": 0.75, "wind_flaute_days": 54.875, "solar_gap30d_max": 0.5793, "wind_gap30d_max": 1.0, "solar_trend_pct_decade": 2.9434, "wind_trend_pct_decade": -2.4109}, "colocation": {"k": [0, 17, 35, 50], "storage_pct_cons": [7.1744, 1.8277, 1.0905, 0.7329], "pick": ["base", "wind", "wind", "wind"]}, "datasets": {"gldas": {"series_norm": {"months": [1, 2, 3, 4, 5, 6, 7, 8, 9, 10, 11, 12], "demand": [1.0, 1.0, 1.0, 1.0, 1.0, 1.0, 1.0, 1.0, 1.0, 1.0, 1.0, 1.0], "solar_supply": [1.156343, 1.151168, 1.150044, 1.154644, 1.198221, 1.250356, 1.312716, 1.425453, 1.454988, 1.357183, 1.245127, 1.17998], "wind_supply": [1.371484, 1.077519, 0.646234, 0.888847, 2.481277, 4.847707, 6.300404, 7.167536, 6.967262, 5.361326, 3.666938, 2.611261], "mix_supply": [1.156343, 1.151168, 1.150044, 1.154644, 1.198221, 1.250356, 1.312716, 1.425453, 1.454988, 1.357183, 1.245127, 1.17998], "mix_storage": [0.054667, 0.049049, 0.043553, 0.037758, 0.033749, 0.034428, 0.038736, 0.048819, 0.058815, 0.06288, 0.062738, 0.059741], "mix_s_tot": 0.071744}}, "nldas": null}, "pdf": "figures/458.pdf"}