{"id": 459, "name": "Piau\u00ed", "country": "Brazil", "level": "admin1", "continent": "South America", "metrics": {"solar_cf": 0.2459, "wind_cf": 0.1665, "solar_f_adj": 1.2448, "wind_f_adj": 2.5131, "mix_alpha": 1.0, "mix_f_adj": 1.2448, "solar_s_tot_pct": 6.2635, "wind_s_tot_pct": 41.9967, "mix_s_tot_pct": 6.2635, "solar_s_seasonal_pct": 5.4822, "solar_s_diurnal_pct": 0.7813, "wind_s_seasonal_pct": 38.5947, "wind_s_diurnal_pct": 3.4021, "solar_flaute_days": 0.75, "wind_flaute_days": 24.0, "solar_gap30d_max": 0.5809, "wind_gap30d_max": 0.9732, "solar_trend_pct_decade": 2.8063, "wind_trend_pct_decade": -11.5317}, "colocation": {"k": [0, 17, 35, 50], "storage_pct_cons": [6.2635, 2.54, 1.8656, 1.4162], "pick": ["base", "wind", "wind", "wind"]}, "datasets": {"gldas": {"series_norm": {"months": [1, 2, 3, 4, 5, 6, 7, 8, 9, 10, 11, 12], "demand": [1.0, 1.0, 1.0, 1.0, 1.0, 1.0, 1.0, 1.0, 1.0, 1.0, 1.0, 1.0], "solar_supply": [1.16736, 1.150194, 1.149913, 1.15223, 1.158152, 1.172208, 1.239411, 1.383957, 1.478109, 1.409358, 1.270056, 1.201676], "wind_supply": [1.054694, 0.988349, 0.748248, 1.117937, 2.249245, 3.720681, 4.407046, 4.618408, 4.25019, 3.275276, 2.042675, 1.584256], "mix_supply": [1.16736, 1.150194, 1.149913, 1.15223, 1.158152, 1.172208, 1.239411, 1.383957, 1.478109, 1.409358, 1.270056, 1.201676], "mix_storage": [0.048888, 0.044025, 0.03857, 0.032835, 0.027694, 0.024245, 0.023233, 0.0304, 0.044289, 0.054095, 0.055278, 0.05295], "mix_s_tot": 0.062635}}, "nldas": null}, "pdf": "figures/459.pdf"}