{"id": 46, "name": "Vietnam", "country": "Vietnam", "level": "admin0", "continent": "Asia", "metrics": {"solar_cf": 0.1895, "wind_cf": 0.0492, "solar_f_adj": 1.2863, "wind_f_adj": 2.7791, "mix_alpha": 0.55, "mix_f_adj": 1.5711, "solar_s_tot_pct": 9.8893, "wind_s_tot_pct": 36.0783, "mix_s_tot_pct": 8.6013, "solar_s_seasonal_pct": 8.5092, "solar_s_diurnal_pct": 1.3801, "wind_s_seasonal_pct": 35.5513, "wind_s_diurnal_pct": 0.5271, "solar_flaute_days": 0.75, "wind_flaute_days": 28.875, "solar_gap30d_max": 0.6236, "wind_gap30d_max": 0.9945, "solar_trend_pct_decade": 3.5908, "wind_trend_pct_decade": -38.839}, "colocation": {"k": [0, 17, 35, 50], "storage_pct_cons": [8.6013, 2.8878, 1.8351, 1.4773], "pick": ["base", "solar", "solar", "solar"]}, "datasets": {"gldas": {"series_norm": {"months": [1, 2, 3, 4, 5, 6, 7, 8, 9, 10, 11, 12], "demand": [1.0, 1.0, 1.0, 1.0, 1.0, 1.0, 1.0, 1.0, 1.0, 1.0, 1.0, 1.0], "solar_supply": [1.105321, 1.311965, 1.465389, 1.544708, 1.459441, 1.35854, 1.32363, 1.311722, 1.254587, 1.179046, 1.107124, 1.020398], "wind_supply": [4.187977, 4.344982, 3.889072, 2.380593, 1.478801, 1.989627, 2.456045, 2.271446, 1.521308, 1.544596, 3.116463, 4.239556], "mix_supply": [1.807886, 1.986641, 1.973725, 1.643265, 1.356579, 1.418747, 1.513949, 1.45899, 1.22978, 1.18496, 1.536514, 1.763959], "mix_storage": [0.069442, 0.074997, 0.081952, 0.084281, 0.082868, 0.080033, 0.078758, 0.078501, 0.070916, 0.062787, 0.058635, 0.062702], "mix_s_tot": 0.086013}}, "nldas": null}, "pdf": "figures/46.pdf"}