{"id": 460, "name": "Cear\u00e1", "country": "Brazil", "level": "admin1", "continent": "South America", "metrics": {"solar_cf": 0.246, "wind_cf": 0.2922, "solar_f_adj": 1.2495, "wind_f_adj": 3.1458, "mix_alpha": 1.0, "mix_f_adj": 1.2495, "solar_s_tot_pct": 8.072, "wind_s_tot_pct": 35.8635, "mix_s_tot_pct": 8.072, "solar_s_seasonal_pct": 5.8403, "solar_s_diurnal_pct": 2.2317, "wind_s_seasonal_pct": 34.1127, "wind_s_diurnal_pct": 1.7508, "solar_flaute_days": 0.75, "wind_flaute_days": 23.0, "solar_gap30d_max": 0.5825, "wind_gap30d_max": 0.9765, "solar_trend_pct_decade": 3.0427, "wind_trend_pct_decade": -32.3601}, "colocation": {"k": [0, 17, 35, 50], "storage_pct_cons": [8.072, 1.802, 0.946, 0.7307], "pick": ["base", "wind", "wind", "wind"]}, "datasets": {"gldas": {"series_norm": {"months": [1, 2, 3, 4, 5, 6, 7, 8, 9, 10, 11, 12], "demand": [1.0, 1.0, 1.0, 1.0, 1.0, 1.0, 1.0, 1.0, 1.0, 1.0, 1.0, 1.0], "solar_supply": [1.173252, 1.167825, 1.163744, 1.133444, 1.133941, 1.121242, 1.188326, 1.353421, 1.47146, 1.467741, 1.366293, 1.249317], "wind_supply": [2.529171, 2.106071, 1.680835, 1.482712, 2.033631, 2.942705, 3.622165, 4.14007, 4.491022, 4.589947, 4.291024, 3.768975], "mix_supply": [1.173252, 1.167825, 1.163744, 1.133444, 1.133941, 1.121242, 1.188326, 1.353421, 1.47146, 1.467741, 1.366293, 1.249317], "mix_storage": [0.065141, 0.060552, 0.05576, 0.049216, 0.041369, 0.03447, 0.028645, 0.03306, 0.046492, 0.06011, 0.067074, 0.068356], "mix_s_tot": 0.08072}}, "nldas": null}, "pdf": "figures/460.pdf"}