{"id": 461, "name": "Rio Grande do Norte", "country": "Brazil", "level": "admin1", "continent": "South America", "metrics": {"solar_cf": 0.2545, "wind_cf": 0.4713, "solar_f_adj": 1.3032, "wind_f_adj": 1.4376, "mix_alpha": 0.95, "mix_f_adj": 1.3033, "solar_s_tot_pct": 6.9202, "wind_s_tot_pct": 22.0579, "mix_s_tot_pct": 6.7331, "solar_s_seasonal_pct": 6.3008, "solar_s_diurnal_pct": 0.6194, "wind_s_seasonal_pct": 21.799, "wind_s_diurnal_pct": 0.2589, "solar_flaute_days": 0.75, "wind_flaute_days": 14.75, "solar_gap30d_max": 0.6076, "wind_gap30d_max": 0.8537, "solar_trend_pct_decade": 5.8565, "wind_trend_pct_decade": 0.9233}, "colocation": {"k": [0, 17, 35, 50], "storage_pct_cons": [6.7331, 1.804, 1.2276, 0.8627], "pick": ["base", "wind", "wind", "wind"]}, "datasets": {"gldas": {"series_norm": {"months": [1, 2, 3, 4, 5, 6, 7, 8, 9, 10, 11, 12], "demand": [1.0, 1.0, 1.0, 1.0, 1.0, 1.0, 1.0, 1.0, 1.0, 1.0, 1.0, 1.0], "solar_supply": [1.308282, 1.305665, 1.289303, 1.223698, 1.169152, 1.08577, 1.140634, 1.318838, 1.460734, 1.501123, 1.468482, 1.367253], "wind_supply": [1.296724, 1.130833, 0.922931, 0.877808, 1.061837, 1.338103, 1.602832, 1.827764, 1.943993, 1.895178, 1.739374, 1.591344], "mix_supply": [1.301814, 1.291807, 1.266838, 1.202459, 1.158975, 1.092275, 1.156403, 1.335915, 1.476004, 1.512166, 1.47409, 1.371199], "mix_storage": [0.063155, 0.062259, 0.061956, 0.059149, 0.054147, 0.04644, 0.038213, 0.040079, 0.048926, 0.056746, 0.062138, 0.063588], "mix_s_tot": 0.067331}}, "nldas": null}, "pdf": "figures/461.pdf"}