{"id": 462, "name": "Para\u00edba", "country": "Brazil", "level": "admin1", "continent": "South America", "metrics": {"solar_cf": 0.2536, "wind_cf": 0.3493, "solar_f_adj": 1.2947, "wind_f_adj": 1.4937, "mix_alpha": 0.85, "mix_f_adj": 1.2929, "solar_s_tot_pct": 7.9473, "wind_s_tot_pct": 22.166, "mix_s_tot_pct": 7.5778, "solar_s_seasonal_pct": 7.3414, "solar_s_diurnal_pct": 0.6059, "wind_s_seasonal_pct": 21.5552, "wind_s_diurnal_pct": 0.6107, "solar_flaute_days": 0.75, "wind_flaute_days": 7.875, "solar_gap30d_max": 0.6187, "wind_gap30d_max": 0.857, "solar_trend_pct_decade": 5.6957, "wind_trend_pct_decade": 1.8166}, "colocation": {"k": [0, 17, 35, 50], "storage_pct_cons": [7.5778, 1.8728, 1.8728, 1.1844], "pick": ["base", "solar", "solar", "wind"]}, "datasets": {"gldas": {"series_norm": {"months": [1, 2, 3, 4, 5, 6, 7, 8, 9, 10, 11, 12], "demand": [1.0, 1.0, 1.0, 1.0, 1.0, 1.0, 1.0, 1.0, 1.0, 1.0, 1.0, 1.0], "solar_supply": [1.325549, 1.320571, 1.307175, 1.233405, 1.135934, 1.048722, 1.094906, 1.277028, 1.438069, 1.496759, 1.479042, 1.381819], "wind_supply": [1.269244, 1.099792, 0.905432, 0.853748, 1.086396, 1.4666, 1.763187, 1.953191, 2.049174, 1.997144, 1.817171, 1.634966], "mix_supply": [1.290024, 1.263797, 1.227189, 1.157857, 1.105324, 1.080659, 1.158373, 1.337642, 1.486807, 1.529873, 1.491465, 1.385277], "mix_storage": [0.071929, 0.070807, 0.069151, 0.064399, 0.05653, 0.047276, 0.040514, 0.043345, 0.053274, 0.063534, 0.070204, 0.072686], "mix_s_tot": 0.075778}}, "nldas": null}, "pdf": "figures/462.pdf"}