{"id": 463, "name": "Pernambuco", "country": "Brazil", "level": "admin1", "continent": "South America", "metrics": {"solar_cf": 0.2458, "wind_cf": 0.3165, "solar_f_adj": 1.2921, "wind_f_adj": 1.4875, "mix_alpha": 0.85, "mix_f_adj": 1.2809, "solar_s_tot_pct": 8.3189, "wind_s_tot_pct": 24.0933, "mix_s_tot_pct": 7.7553, "solar_s_seasonal_pct": 7.3845, "solar_s_diurnal_pct": 0.9344, "wind_s_seasonal_pct": 23.6807, "wind_s_diurnal_pct": 0.4125, "solar_flaute_days": 0.75, "wind_flaute_days": 10.875, "solar_gap30d_max": 0.6267, "wind_gap30d_max": 0.8632, "solar_trend_pct_decade": 5.0462, "wind_trend_pct_decade": 1.9274}, "colocation": {"k": [0, 17, 35, 50], "storage_pct_cons": [7.7553, 2.3653, 1.7123, 1.1967], "pick": ["base", "solar", "wind", "wind"]}, "datasets": {"gldas": {"series_norm": {"months": [1, 2, 3, 4, 5, 6, 7, 8, 9, 10, 11, 12], "demand": [1.0, 1.0, 1.0, 1.0, 1.0, 1.0, 1.0, 1.0, 1.0, 1.0, 1.0, 1.0], "solar_supply": [1.344737, 1.323579, 1.311069, 1.231551, 1.098419, 1.008558, 1.057747, 1.254724, 1.452278, 1.524332, 1.489235, 1.411899], "wind_supply": [1.127576, 1.012736, 0.878798, 0.912661, 1.215021, 1.632223, 1.897794, 2.043476, 2.103199, 1.951124, 1.629689, 1.41419], "mix_supply": [1.278758, 1.246096, 1.218255, 1.155624, 1.082497, 1.060665, 1.136414, 1.32121, 1.495389, 1.536462, 1.46537, 1.37237], "mix_storage": [0.072256, 0.071153, 0.069042, 0.064054, 0.055462, 0.044902, 0.037063, 0.039312, 0.050633, 0.062797, 0.069913, 0.072939], "mix_s_tot": 0.077553}}, "nldas": null}, "pdf": "figures/463.pdf"}