{"id": 464, "name": "Alagoas", "country": "Brazil", "level": "admin1", "continent": "South America", "metrics": {"solar_cf": 0.2409, "wind_cf": 0.2272, "solar_f_adj": 1.3166, "wind_f_adj": 1.4512, "mix_alpha": 1.0, "mix_f_adj": 1.3166, "solar_s_tot_pct": 9.9871, "wind_s_tot_pct": 20.1559, "mix_s_tot_pct": 9.9871, "solar_s_seasonal_pct": 9.5035, "solar_s_diurnal_pct": 0.4837, "wind_s_seasonal_pct": 18.9493, "wind_s_diurnal_pct": 1.2066, "solar_flaute_days": 1.75, "wind_flaute_days": 5.0, "solar_gap30d_max": 0.6501, "wind_gap30d_max": 0.7724, "solar_trend_pct_decade": 6.6978, "wind_trend_pct_decade": 1.721}, "colocation": {"k": [0, 17, 35, 50], "storage_pct_cons": [9.9871, 6.4929, 2.5557, 0.9561], "pick": ["base", "wind", "wind", "wind"]}, "datasets": {"gldas": {"series_norm": {"months": [1, 2, 3, 4, 5, 6, 7, 8, 9, 10, 11, 12], "demand": [1.0, 1.0, 1.0, 1.0, 1.0, 1.0, 1.0, 1.0, 1.0, 1.0, 1.0, 1.0], "solar_supply": [1.443698, 1.429945, 1.399346, 1.26972, 1.10431, 0.987239, 1.025216, 1.186589, 1.389498, 1.518672, 1.55442, 1.498886], "wind_supply": [1.588777, 1.420442, 1.246922, 0.975977, 0.904049, 1.065882, 1.206024, 1.390239, 1.666349, 1.971916, 2.067922, 1.906937], "mix_supply": [1.443698, 1.429945, 1.399346, 1.26972, 1.10431, 0.987239, 1.025216, 1.186589, 1.389498, 1.518672, 1.55442, 1.498886], "mix_storage": [0.09059, 0.093668, 0.095427, 0.09458, 0.08766, 0.071907, 0.052783, 0.042655, 0.046875, 0.062539, 0.075768, 0.085035], "mix_s_tot": 0.099871}}, "nldas": null}, "pdf": "figures/464.pdf"}