{"id": 465, "name": "Sergipe", "country": "Brazil", "level": "admin1", "continent": "South America", "metrics": {"solar_cf": 0.2345, "wind_cf": 0.2436, "solar_f_adj": 1.318, "wind_f_adj": 1.4817, "mix_alpha": 1.0, "mix_f_adj": 1.318, "solar_s_tot_pct": 8.4022, "wind_s_tot_pct": 18.7096, "mix_s_tot_pct": 8.4022, "solar_s_seasonal_pct": 7.9577, "solar_s_diurnal_pct": 0.4445, "wind_s_seasonal_pct": 17.6414, "wind_s_diurnal_pct": 1.0682, "solar_flaute_days": 2.75, "wind_flaute_days": 4.75, "solar_gap30d_max": 0.6537, "wind_gap30d_max": 0.7143, "solar_trend_pct_decade": 7.0787, "wind_trend_pct_decade": 1.8146}, "colocation": {"k": [0, 17, 35, 50], "storage_pct_cons": [8.4022, 5.0305, 1.9991, 1.2144], "pick": ["base", "wind", "wind", "wind"]}, "datasets": {"gldas": {"series_norm": {"months": [1, 2, 3, 4, 5, 6, 7, 8, 9, 10, 11, 12], "demand": [1.0, 1.0, 1.0, 1.0, 1.0, 1.0, 1.0, 1.0, 1.0, 1.0, 1.0, 1.0], "solar_supply": [1.45354, 1.433545, 1.396324, 1.266721, 1.105907, 1.011139, 1.045868, 1.19651, 1.387224, 1.50731, 1.523818, 1.495252], "wind_supply": [1.612377, 1.484175, 1.331399, 1.073801, 1.008603, 1.178519, 1.314412, 1.444367, 1.667963, 1.871407, 1.938806, 1.852762], "mix_supply": [1.45354, 1.433545, 1.396324, 1.266721, 1.105907, 1.011139, 1.045868, 1.19651, 1.387224, 1.50731, 1.523818, 1.495252], "mix_storage": [0.076622, 0.07958, 0.081138, 0.080401, 0.073737, 0.059381, 0.04241, 0.034023, 0.038803, 0.052737, 0.06316, 0.071032], "mix_s_tot": 0.084022}}, "nldas": null}, "pdf": "figures/465.pdf"}