{"id": 466, "name": "Bahia", "country": "Brazil", "level": "admin1", "continent": "South America", "metrics": {"solar_cf": 0.2404, "wind_cf": 0.1707, "solar_f_adj": 1.2674, "wind_f_adj": 1.6106, "mix_alpha": 1.0, "mix_f_adj": 1.2674, "solar_s_tot_pct": 6.2187, "wind_s_tot_pct": 29.2116, "mix_s_tot_pct": 6.2187, "solar_s_seasonal_pct": 5.2776, "solar_s_diurnal_pct": 0.9411, "wind_s_seasonal_pct": 28.4737, "wind_s_diurnal_pct": 0.7379, "solar_flaute_days": 0.75, "wind_flaute_days": 19.625, "solar_gap30d_max": 0.601, "wind_gap30d_max": 0.8935, "solar_trend_pct_decade": 4.3183, "wind_trend_pct_decade": -6.079}, "colocation": {"k": [0, 17, 35, 50], "storage_pct_cons": [6.2187, 2.0376, 0.9029, 0.6456], "pick": ["base", "wind", "wind", "wind"]}, "datasets": {"gldas": {"series_norm": {"months": [1, 2, 3, 4, 5, 6, 7, 8, 9, 10, 11, 12], "demand": [1.0, 1.0, 1.0, 1.0, 1.0, 1.0, 1.0, 1.0, 1.0, 1.0, 1.0, 1.0], "solar_supply": [1.37056, 1.344281, 1.295446, 1.204393, 1.093167, 1.043078, 1.094929, 1.248374, 1.408069, 1.429875, 1.321931, 1.358755], "wind_supply": [1.092554, 0.975489, 0.87559, 1.015592, 1.375076, 1.864585, 2.158605, 2.364574, 2.514885, 2.282076, 1.555935, 1.212607], "mix_supply": [1.37056, 1.344281, 1.295446, 1.204393, 1.093167, 1.043078, 1.094929, 1.248374, 1.408069, 1.429875, 1.321931, 1.358755], "mix_storage": [0.053447, 0.055791, 0.056058, 0.054212, 0.047281, 0.035107, 0.023134, 0.019906, 0.028698, 0.042624, 0.048057, 0.050642], "mix_s_tot": 0.062187}}, "nldas": null}, "pdf": "figures/466.pdf"}