{"id": 467, "name": "Esp\u00edrito Santo", "country": "Brazil", "level": "admin1", "continent": "South America", "metrics": {"solar_cf": 0.2001, "wind_cf": 0.0785, "solar_f_adj": 1.2852, "wind_f_adj": 2.1052, "mix_alpha": 1.0, "mix_f_adj": 1.2852, "solar_s_tot_pct": 8.3936, "wind_s_tot_pct": 32.9772, "mix_s_tot_pct": 8.3936, "solar_s_seasonal_pct": 7.3385, "solar_s_diurnal_pct": 1.0551, "wind_s_seasonal_pct": 30.5389, "wind_s_diurnal_pct": 2.4383, "solar_flaute_days": 1.75, "wind_flaute_days": 12.375, "solar_gap30d_max": 0.6281, "wind_gap30d_max": 0.9488, "solar_trend_pct_decade": 2.6376, "wind_trend_pct_decade": -28.3949}, "colocation": {"k": [0, 17, 35, 50], "storage_pct_cons": [8.3936, 3.3414, 1.0525, 0.7634], "pick": ["base", "wind", "wind", "wind"]}, "datasets": {"gldas": {"series_norm": {"months": [1, 2, 3, 4, 5, 6, 7, 8, 9, 10, 11, 12], "demand": [1.0, 1.0, 1.0, 1.0, 1.0, 1.0, 1.0, 1.0, 1.0, 1.0, 1.0, 1.0], "solar_supply": [1.545447, 1.543966, 1.414744, 1.224566, 1.055471, 0.983989, 1.017099, 1.168262, 1.301075, 1.385324, 1.342882, 1.452697], "wind_supply": [2.184318, 1.58136, 1.120022, 1.076165, 1.278464, 1.179337, 1.845513, 2.631308, 3.507921, 3.679282, 2.924118, 2.216751], "mix_supply": [1.545447, 1.543966, 1.414744, 1.224566, 1.055471, 0.983989, 1.017099, 1.168262, 1.301075, 1.385324, 1.342882, 1.452697], "mix_storage": [0.066744, 0.075551, 0.07876, 0.078319, 0.070316, 0.052266, 0.034146, 0.023922, 0.02564, 0.034571, 0.044333, 0.053373], "mix_s_tot": 0.083936}}, "nldas": null}, "pdf": "figures/467.pdf"}