{"id": 468, "name": "Rio de Janeiro", "country": "Brazil", "level": "admin1", "continent": "South America", "metrics": {"solar_cf": 0.1963, "wind_cf": 0.0627, "solar_f_adj": 1.2839, "wind_f_adj": 5.0178, "mix_alpha": 0.65, "mix_f_adj": 1.5899, "solar_s_tot_pct": 9.5416, "wind_s_tot_pct": 20.1789, "mix_s_tot_pct": 8.8365, "solar_s_seasonal_pct": 8.1748, "solar_s_diurnal_pct": 1.3669, "wind_s_seasonal_pct": 18.8104, "wind_s_diurnal_pct": 1.3684, "solar_flaute_days": 2.75, "wind_flaute_days": 14.625, "solar_gap30d_max": 0.6627, "wind_gap30d_max": 0.9535, "solar_trend_pct_decade": 1.5294, "wind_trend_pct_decade": -58.6291}, "colocation": {"k": [0, 17, 35, 50], "storage_pct_cons": [8.8365, 3.2195, 0.9799, 0.8296], "pick": ["base", "solar", "wind", "wind"]}, "datasets": {"gldas": {"series_norm": {"months": [1, 2, 3, 4, 5, 6, 7, 8, 9, 10, 11, 12], "demand": [1.0, 1.0, 1.0, 1.0, 1.0, 1.0, 1.0, 1.0, 1.0, 1.0, 1.0, 1.0], "solar_supply": [1.517922, 1.540855, 1.383952, 1.226309, 1.028878, 0.969551, 1.009757, 1.188036, 1.319632, 1.377276, 1.382542, 1.477636], "wind_supply": [4.583948, 3.547538, 2.638465, 2.355985, 3.271754, 3.49664, 5.110436, 7.001025, 9.135743, 7.7577, 6.386421, 4.840528], "mix_supply": [1.730137, 1.633659, 1.406552, 1.248338, 1.190982, 1.168169, 1.379499, 1.73266, 2.075319, 1.968894, 1.82106, 1.726164], "mix_storage": [0.08578, 0.086322, 0.08539, 0.081861, 0.074058, 0.062417, 0.054811, 0.059194, 0.072286, 0.080547, 0.084772, 0.085811], "mix_s_tot": 0.088365}}, "nldas": null}, "pdf": "figures/468.pdf"}