{"id": 469, "name": "S\u00e3o Paulo", "country": "Brazil", "level": "admin1", "continent": "South America", "metrics": {"solar_cf": 0.2146, "wind_cf": 0.0775, "solar_f_adj": 1.276, "wind_f_adj": 2.3871, "mix_alpha": 0.8, "mix_f_adj": 1.3411, "solar_s_tot_pct": 9.6676, "wind_s_tot_pct": 26.472, "mix_s_tot_pct": 8.2896, "solar_s_seasonal_pct": 8.8154, "solar_s_diurnal_pct": 0.8522, "wind_s_seasonal_pct": 26.2187, "wind_s_diurnal_pct": 0.2533, "solar_flaute_days": 1.625, "wind_flaute_days": 12.875, "solar_gap30d_max": 0.6392, "wind_gap30d_max": 0.9795, "solar_trend_pct_decade": 2.0879, "wind_trend_pct_decade": 14.7832}, "colocation": {"k": [0, 17, 35, 50], "storage_pct_cons": [8.2896, 2.8573, 1.6559, 1.2773], "pick": ["base", "wind", "wind", "wind"]}, "datasets": {"gldas": {"series_norm": {"months": [1, 2, 3, 4, 5, 6, 7, 8, 9, 10, 11, 12], "demand": [1.0, 1.0, 1.0, 1.0, 1.0, 1.0, 1.0, 1.0, 1.0, 1.0, 1.0, 1.0], "solar_supply": [1.410465, 1.434907, 1.3556, 1.22749, 1.015936, 0.941208, 1.009108, 1.201681, 1.354636, 1.403656, 1.474625, 1.493315], "wind_supply": [1.644853, 1.243385, 1.292753, 1.496844, 1.791636, 1.860335, 2.56261, 3.427115, 4.102087, 3.657168, 3.286791, 2.21736], "mix_supply": [1.370791, 1.346232, 1.285095, 1.200308, 1.05555, 1.000436, 1.136439, 1.3955, 1.599952, 1.591177, 1.609233, 1.504784], "mix_storage": [0.077701, 0.07755, 0.077267, 0.074493, 0.066997, 0.051582, 0.041178, 0.047561, 0.062471, 0.071768, 0.076956, 0.07801], "mix_s_tot": 0.082896}}, "nldas": null}, "pdf": "figures/469.pdf"}