{"id": 47, "name": "Cambodia", "country": "Cambodia", "level": "admin0", "continent": "Asia", "metrics": {"solar_cf": 0.2158, "wind_cf": 0.0516, "solar_f_adj": 1.2714, "wind_f_adj": 2.2233, "mix_alpha": 1.0, "mix_f_adj": 1.2714, "solar_s_tot_pct": 8.1286, "wind_s_tot_pct": 48.5152, "mix_s_tot_pct": 8.1286, "solar_s_seasonal_pct": 7.0783, "solar_s_diurnal_pct": 1.0503, "wind_s_seasonal_pct": 47.1758, "wind_s_diurnal_pct": 1.3394, "solar_flaute_days": 1.625, "wind_flaute_days": 27.75, "solar_gap30d_max": 0.6186, "wind_gap30d_max": 0.9867, "solar_trend_pct_decade": 3.6765, "wind_trend_pct_decade": -4.8568}, "colocation": {"k": [0, 17, 35, 50], "storage_pct_cons": [8.1286, 2.3229, 1.8534, 1.3025], "pick": ["base", "wind", "wind", "wind"]}, "datasets": {"gldas": {"series_norm": {"months": [1, 2, 3, 4, 5, 6, 7, 8, 9, 10, 11, 12], "demand": [1.0, 1.0, 1.0, 1.0, 1.0, 1.0, 1.0, 1.0, 1.0, 1.0, 1.0, 1.0], "solar_supply": [1.290661, 1.43269, 1.479575, 1.456751, 1.32511, 1.254874, 1.179649, 1.173228, 1.11538, 1.173959, 1.190377, 1.197092], "wind_supply": [3.724805, 2.722402, 1.845355, 0.931066, 0.99121, 1.898141, 2.744153, 2.651401, 1.197383, 0.816569, 2.639902, 4.489919], "mix_supply": [1.290661, 1.43269, 1.479575, 1.456751, 1.32511, 1.254874, 1.179649, 1.173228, 1.11538, 1.173959, 1.190377, 1.197092], "mix_storage": [0.036707, 0.04494, 0.055999, 0.063581, 0.067229, 0.067578, 0.064373, 0.057585, 0.050594, 0.042326, 0.038904, 0.035266], "mix_s_tot": 0.081286}}, "nldas": null}, "pdf": "figures/47.pdf"}