{"id": 470, "name": "Ciudad de Buenos Aires", "country": "Argentina", "level": "admin1", "continent": "South America", "metrics": {"solar_cf": 0.1928, "wind_cf": 0.3859, "solar_f_adj": 1.3338, "wind_f_adj": 1.5221, "mix_alpha": 0.0, "mix_f_adj": 1.5221, "solar_s_tot_pct": 20.2192, "wind_s_tot_pct": 9.4213, "mix_s_tot_pct": 9.4213, "solar_s_seasonal_pct": 19.3175, "solar_s_diurnal_pct": 0.9017, "wind_s_seasonal_pct": 9.4056, "wind_s_diurnal_pct": 0.0156, "solar_flaute_days": 3.75, "wind_flaute_days": 7.5, "solar_gap30d_max": 0.7303, "wind_gap30d_max": 0.662, "solar_trend_pct_decade": 1.727, "wind_trend_pct_decade": -2.4678}, "colocation": {"k": [0, 17, 35, 50], "storage_pct_cons": [9.4213, 6.3238, 4.3194, 3.0897], "pick": ["base", "solar", "solar", "solar"]}, "datasets": {"gldas": {"series_norm": {"months": [1, 2, 3, 4, 5, 6, 7, 8, 9, 10, 11, 12], "demand": [1.0, 1.0, 1.0, 1.0, 1.0, 1.0, 1.0, 1.0, 1.0, 1.0, 1.0, 1.0], "solar_supply": [1.986764, 1.746945, 1.441695, 1.067205, 0.763551, 0.633784, 0.678721, 0.939404, 1.269744, 1.58267, 1.887616, 2.029128], "wind_supply": [1.455874, 1.360452, 1.330206, 1.403378, 1.45505, 1.556414, 1.654903, 1.64668, 1.70749, 1.647265, 1.606097, 1.433367], "mix_supply": [1.455874, 1.360452, 1.330206, 1.403378, 1.45505, 1.556414, 1.654903, 1.64668, 1.70749, 1.647265, 1.606097, 1.433367], "mix_storage": [0.090171, 0.088418, 0.084875, 0.082727, 0.083702, 0.082446, 0.080253, 0.079988, 0.081206, 0.084816, 0.089039, 0.090204], "mix_s_tot": 0.094213}}, "nldas": null}, "pdf": "figures/470.pdf"}