{"id": 471, "name": "Western Australia", "country": "Australia", "level": "admin1", "continent": "Oceania", "metrics": {"solar_cf": 0.2416, "wind_cf": 0.4382, "solar_f_adj": 1.2528, "wind_f_adj": 1.4441, "mix_alpha": 0.0, "mix_f_adj": 1.4441, "solar_s_tot_pct": 12.9883, "wind_s_tot_pct": 6.8374, "mix_s_tot_pct": 6.8374, "solar_s_seasonal_pct": 11.8012, "solar_s_diurnal_pct": 1.1871, "wind_s_seasonal_pct": 6.4818, "wind_s_diurnal_pct": 0.3556, "solar_flaute_days": 0.75, "wind_flaute_days": 6.375, "solar_gap30d_max": 0.631, "wind_gap30d_max": 0.5605, "solar_trend_pct_decade": 2.7957, "wind_trend_pct_decade": 23.1446}, "colocation": {"k": [0, 17, 35, 50], "storage_pct_cons": [6.8374, 3.3994, 1.2196, 0.5884], "pick": ["base", "solar", "solar", "solar"]}, "datasets": {"gldas": {"series_norm": {"months": [1, 2, 3, 4, 5, 6, 7, 8, 9, 10, 11, 12], "demand": [1.0, 1.0, 1.0, 1.0, 1.0, 1.0, 1.0, 1.0, 1.0, 1.0, 1.0, 1.0], "solar_supply": [1.551709, 1.449666, 1.278789, 1.085154, 0.899535, 0.798025, 0.86065, 1.071006, 1.314173, 1.49928, 1.605637, 1.631139], "wind_supply": [1.59424, 1.519452, 1.413203, 1.23717, 1.251014, 1.322805, 1.295995, 1.38442, 1.507926, 1.57352, 1.61124, 1.622318], "mix_supply": [1.59424, 1.519452, 1.413203, 1.23717, 1.251014, 1.322805, 1.295995, 1.38442, 1.507926, 1.57352, 1.61124, 1.622318], "mix_storage": [0.066175, 0.066668, 0.066142, 0.061543, 0.053597, 0.050142, 0.048613, 0.047087, 0.048674, 0.054532, 0.061511, 0.065292], "mix_s_tot": 0.068374}}, "nldas": null}, "pdf": "figures/471.pdf"}