{"id": 472, "name": "Northern Territory", "country": "Australia", "level": "admin1", "continent": "Oceania", "metrics": {"solar_cf": 0.2508, "wind_cf": 0.3456, "solar_f_adj": 1.2636, "wind_f_adj": 1.7275, "mix_alpha": 0.35, "mix_f_adj": 1.4333, "solar_s_tot_pct": 9.6287, "wind_s_tot_pct": 7.1637, "mix_s_tot_pct": 5.1786, "solar_s_seasonal_pct": 8.0376, "solar_s_diurnal_pct": 1.5911, "wind_s_seasonal_pct": 6.7793, "wind_s_diurnal_pct": 0.3844, "solar_flaute_days": 0.875, "wind_flaute_days": 8.0, "solar_gap30d_max": 0.6207, "wind_gap30d_max": 0.6246, "solar_trend_pct_decade": 2.8387, "wind_trend_pct_decade": 30.5859}, "colocation": {"k": [0, 17, 35, 50], "storage_pct_cons": [5.1786, 2.3307, 0.9865, 0.5788], "pick": ["base", "wind", "solar", "solar"]}, "datasets": {"gldas": {"series_norm": {"months": [1, 2, 3, 4, 5, 6, 7, 8, 9, 10, 11, 12], "demand": [1.0, 1.0, 1.0, 1.0, 1.0, 1.0, 1.0, 1.0, 1.0, 1.0, 1.0, 1.0], "solar_supply": [1.387969, 1.362949, 1.28275, 1.197043, 1.035011, 0.954269, 1.015352, 1.201181, 1.361342, 1.472314, 1.477318, 1.422872], "wind_supply": [1.644988, 1.601446, 1.537131, 1.705332, 1.914354, 1.921089, 1.813299, 1.810132, 1.821645, 1.761194, 1.598926, 1.594237], "mix_supply": [1.438094, 1.404681, 1.33816, 1.394842, 1.443237, 1.414816, 1.380937, 1.453, 1.52279, 1.534244, 1.448724, 1.424581], "mix_storage": [0.046106, 0.045125, 0.043776, 0.042371, 0.041771, 0.04113, 0.040458, 0.041496, 0.043321, 0.046323, 0.047961, 0.04709], "mix_s_tot": 0.051786}}, "nldas": null}, "pdf": "figures/472.pdf"}