{"id": 473, "name": "South Australia", "country": "Australia", "level": "admin1", "continent": "Oceania", "metrics": {"solar_cf": 0.2234, "wind_cf": 0.4417, "solar_f_adj": 1.2724, "wind_f_adj": 1.4669, "mix_alpha": 0.0, "mix_f_adj": 1.4669, "solar_s_tot_pct": 16.2411, "wind_s_tot_pct": 11.0029, "mix_s_tot_pct": 11.0029, "solar_s_seasonal_pct": 15.1083, "solar_s_diurnal_pct": 1.1328, "wind_s_seasonal_pct": 11.0741, "wind_s_diurnal_pct": -0.0713, "solar_flaute_days": 0.75, "wind_flaute_days": 6.375, "solar_gap30d_max": 0.6701, "wind_gap30d_max": 0.6394, "solar_trend_pct_decade": 2.0148, "wind_trend_pct_decade": 18.4952}, "colocation": {"k": [0, 17, 35, 50], "storage_pct_cons": [11.0029, 7.0039, 4.197, 2.7709], "pick": ["base", "solar", "solar", "solar"]}, "datasets": {"gldas": {"series_norm": {"months": [1, 2, 3, 4, 5, 6, 7, 8, 9, 10, 11, 12], "demand": [1.0, 1.0, 1.0, 1.0, 1.0, 1.0, 1.0, 1.0, 1.0, 1.0, 1.0, 1.0], "solar_supply": [1.753148, 1.620111, 1.361548, 1.058271, 0.822474, 0.706821, 0.77019, 0.990784, 1.280285, 1.511117, 1.659588, 1.752765], "wind_supply": [1.708466, 1.604797, 1.455436, 1.21174, 1.128901, 1.159953, 1.259723, 1.417378, 1.589918, 1.681652, 1.688408, 1.701573], "mix_supply": [1.708466, 1.604797, 1.455436, 1.21174, 1.128901, 1.159953, 1.259723, 1.417378, 1.589918, 1.681652, 1.688408, 1.701573], "mix_storage": [0.107875, 0.108154, 0.108259, 0.104628, 0.09623, 0.087517, 0.084728, 0.084199, 0.089958, 0.097293, 0.103384, 0.106614], "mix_s_tot": 0.110029}}, "nldas": null}, "pdf": "figures/473.pdf"}