{"id": 474, "name": "Queensland", "country": "Australia", "level": "admin1", "continent": "Oceania", "metrics": {"solar_cf": 0.2399, "wind_cf": 0.3026, "solar_f_adj": 1.3074, "wind_f_adj": 1.7016, "mix_alpha": 0.7, "mix_f_adj": 1.3368, "solar_s_tot_pct": 10.9933, "wind_s_tot_pct": 11.4097, "mix_s_tot_pct": 8.8538, "solar_s_seasonal_pct": 9.0751, "solar_s_diurnal_pct": 1.9182, "wind_s_seasonal_pct": 10.9411, "wind_s_diurnal_pct": 0.4686, "solar_flaute_days": 1.75, "wind_flaute_days": 6.0, "solar_gap30d_max": 0.645, "wind_gap30d_max": 0.6385, "solar_trend_pct_decade": 1.8689, "wind_trend_pct_decade": 31.6282}, "colocation": {"k": [0, 17, 35, 50], "storage_pct_cons": [8.8538, 3.824, 1.6671, 0.7657], "pick": ["base", "solar", "solar", "wind"]}, "datasets": {"gldas": {"series_norm": {"months": [1, 2, 3, 4, 5, 6, 7, 8, 9, 10, 11, 12], "demand": [1.0, 1.0, 1.0, 1.0, 1.0, 1.0, 1.0, 1.0, 1.0, 1.0, 1.0, 1.0], "solar_supply": [1.515058, 1.454791, 1.340394, 1.190797, 0.997611, 0.888375, 0.970049, 1.179349, 1.399984, 1.561774, 1.605099, 1.594057], "wind_supply": [1.69205, 1.621729, 1.559352, 1.567305, 1.634716, 1.621002, 1.616389, 1.651677, 1.845016, 1.941898, 1.888168, 1.776079], "mix_supply": [1.48322, 1.423509, 1.326927, 1.221726, 1.099341, 1.017922, 1.075294, 1.233418, 1.436908, 1.575545, 1.593891, 1.559569], "mix_storage": [0.083694, 0.085612, 0.085607, 0.083404, 0.076444, 0.065097, 0.054858, 0.052513, 0.057144, 0.065883, 0.074822, 0.081168], "mix_s_tot": 0.088538}}, "nldas": null}, "pdf": "figures/474.pdf"}