{"id": 475, "name": "New South Wales", "country": "Australia", "level": "admin1", "continent": "Oceania", "metrics": {"solar_cf": 0.2129, "wind_cf": 0.241, "solar_f_adj": 1.2753, "wind_f_adj": 1.8035, "mix_alpha": 0.05, "mix_f_adj": 1.7455, "solar_s_tot_pct": 17.7736, "wind_s_tot_pct": 12.5227, "mix_s_tot_pct": 12.4908, "solar_s_seasonal_pct": 16.5459, "solar_s_diurnal_pct": 1.2277, "wind_s_seasonal_pct": 12.1992, "wind_s_diurnal_pct": 0.3235, "solar_flaute_days": 0.875, "wind_flaute_days": 8.875, "solar_gap30d_max": 0.6809, "wind_gap30d_max": 0.7372, "solar_trend_pct_decade": 1.2084, "wind_trend_pct_decade": 32.1089}, "colocation": {"k": [0, 17, 35, 50], "storage_pct_cons": [12.4908, 6.6864, 3.2192, 2.3606], "pick": ["base", "solar", "solar", "solar"]}, "datasets": {"gldas": {"series_norm": {"months": [1, 2, 3, 4, 5, 6, 7, 8, 9, 10, 11, 12], "demand": [1.0, 1.0, 1.0, 1.0, 1.0, 1.0, 1.0, 1.0, 1.0, 1.0, 1.0, 1.0], "solar_supply": [1.78888, 1.609676, 1.354387, 1.071493, 0.812927, 0.661283, 0.735795, 0.965802, 1.285505, 1.534839, 1.684328, 1.815712], "wind_supply": [2.043898, 1.850996, 1.633896, 1.32934, 1.361293, 1.508157, 1.676807, 1.840724, 2.043764, 2.127115, 2.130064, 2.093827], "mix_supply": [2.001705, 1.812075, 1.59499, 1.295602, 1.307287, 1.431945, 1.592111, 1.758566, 1.967133, 2.060834, 2.073776, 2.049449], "mix_storage": [0.122485, 0.120734, 0.117919, 0.109799, 0.098265, 0.095939, 0.100744, 0.105989, 0.113503, 0.117537, 0.120099, 0.121247], "mix_s_tot": 0.124908}}, "nldas": null}, "pdf": "figures/475.pdf"}