{"id": 476, "name": "Jervis Bay Territory", "country": "Australia", "level": "admin1", "continent": "Oceania", "metrics": {"solar_cf": 0.18, "wind_cf": 0.3417, "solar_f_adj": 1.2986, "wind_f_adj": 1.6455, "mix_alpha": 0.0, "mix_f_adj": 1.6455, "solar_s_tot_pct": 19.3547, "wind_s_tot_pct": 9.4671, "mix_s_tot_pct": 9.4671, "solar_s_seasonal_pct": 18.0376, "solar_s_diurnal_pct": 1.317, "wind_s_seasonal_pct": 9.1371, "wind_s_diurnal_pct": 0.33, "solar_flaute_days": 2.75, "wind_flaute_days": 5.375, "solar_gap30d_max": 0.7489, "wind_gap30d_max": 0.7062, "solar_trend_pct_decade": 1.2222, "wind_trend_pct_decade": -13.4258}, "colocation": {"k": [0, 17, 35, 50], "storage_pct_cons": [9.4671, 5.5187, 3.6538, 2.1468], "pick": ["base", "solar", "solar", "solar"]}, "datasets": {"gldas": {"series_norm": {"months": [1, 2, 3, 4, 5, 6, 7, 8, 9, 10, 11, 12], "demand": [1.0, 1.0, 1.0, 1.0, 1.0, 1.0, 1.0, 1.0, 1.0, 1.0, 1.0, 1.0], "solar_supply": [1.812502, 1.564345, 1.336544, 1.059892, 0.827599, 0.654772, 0.762853, 1.005212, 1.359056, 1.614738, 1.741654, 1.855413], "wind_supply": [1.70325, 1.611053, 1.542638, 1.407968, 1.585219, 1.767081, 1.808241, 1.79603, 1.698919, 1.621683, 1.611995, 1.58557], "mix_supply": [1.70325, 1.611053, 1.542638, 1.407968, 1.585219, 1.767081, 1.808241, 1.79603, 1.698919, 1.621683, 1.611995, 1.58557], "mix_storage": [0.088848, 0.089774, 0.087638, 0.083844, 0.078958, 0.080154, 0.081435, 0.081482, 0.082555, 0.082778, 0.084658, 0.086744], "mix_s_tot": 0.094671}}, "nldas": null}, "pdf": "figures/476.pdf"}