{"id": 477, "name": "Victoria", "country": "Australia", "level": "admin1", "continent": "Oceania", "metrics": {"solar_cf": 0.185, "wind_cf": 0.1951, "solar_f_adj": 1.3001, "wind_f_adj": 1.6585, "mix_alpha": 0.5, "mix_f_adj": 1.3526, "solar_s_tot_pct": 21.4808, "wind_s_tot_pct": 18.5619, "mix_s_tot_pct": 15.3749, "solar_s_seasonal_pct": 20.1541, "solar_s_diurnal_pct": 1.3267, "wind_s_seasonal_pct": 18.0933, "wind_s_diurnal_pct": 0.4686, "solar_flaute_days": 1.75, "wind_flaute_days": 10.875, "solar_gap30d_max": 0.7166, "wind_gap30d_max": 0.8712, "solar_trend_pct_decade": 0.5941, "wind_trend_pct_decade": 9.5738}, "colocation": {"k": [0, 17, 35, 50], "storage_pct_cons": [15.3749, 12.1201, 9.0456, 6.4744], "pick": ["base", "solar", "solar", "solar"]}, "datasets": {"gldas": {"series_norm": {"months": [1, 2, 3, 4, 5, 6, 7, 8, 9, 10, 11, 12], "demand": [1.0, 1.0, 1.0, 1.0, 1.0, 1.0, 1.0, 1.0, 1.0, 1.0, 1.0, 1.0], "solar_supply": [2.01283, 1.796336, 1.43942, 1.020444, 0.718062, 0.563918, 0.620227, 0.860604, 1.208585, 1.55895, 1.811628, 2.01473], "wind_supply": [1.687086, 1.551729, 1.346498, 1.161252, 1.355556, 1.568713, 1.84885, 1.947668, 2.053362, 1.850276, 1.71661, 1.800339], "mix_supply": [1.735025, 1.56721, 1.297854, 1.004364, 0.926299, 0.933035, 1.07656, 1.241899, 1.466018, 1.565462, 1.642399, 1.782195], "mix_storage": [0.14384, 0.148497, 0.147422, 0.136597, 0.116015, 0.09399, 0.081613, 0.080057, 0.091897, 0.10925, 0.122364, 0.134113], "mix_s_tot": 0.153749}}, "nldas": null}, "pdf": "figures/477.pdf"}