{"id": 478, "name": "Jawa Timur", "country": "Indonesia", "level": "admin1", "continent": "Asia", "metrics": {"solar_cf": 0.2245, "wind_cf": 0.08, "solar_f_adj": 1.3025, "wind_f_adj": 3.0208, "mix_alpha": 0.95, "mix_f_adj": 1.3129, "solar_s_tot_pct": 6.7477, "wind_s_tot_pct": 45.4495, "mix_s_tot_pct": 6.7223, "solar_s_seasonal_pct": 6.2119, "solar_s_diurnal_pct": 0.5358, "wind_s_seasonal_pct": 44.306, "wind_s_diurnal_pct": 1.1435, "solar_flaute_days": 0.875, "wind_flaute_days": 25.875, "solar_gap30d_max": 0.6019, "wind_gap30d_max": 0.9966, "solar_trend_pct_decade": 2.7605, "wind_trend_pct_decade": -14.9126}, "colocation": {"k": [0, 17, 35, 50], "storage_pct_cons": [6.7223, 1.9559, 1.0599, 0.8135], "pick": ["base", "wind", "wind", "wind"]}, "datasets": {"gldas": {"series_norm": {"months": [1, 2, 3, 4, 5, 6, 7, 8, 9, 10, 11, 12], "demand": [1.0, 1.0, 1.0, 1.0, 1.0, 1.0, 1.0, 1.0, 1.0, 1.0, 1.0, 1.0], "solar_supply": [1.20089, 1.221343, 1.264865, 1.277941, 1.242329, 1.186814, 1.261964, 1.40917, 1.521727, 1.501151, 1.33639, 1.20145], "wind_supply": [2.608246, 2.803752, 1.174479, 0.846656, 2.054815, 3.407938, 5.129918, 6.024299, 5.518602, 3.463484, 1.491465, 1.679504], "mix_supply": [1.206629, 1.230462, 1.236734, 1.242132, 1.234284, 1.210528, 1.319908, 1.480305, 1.577099, 1.512738, 1.312114, 1.186984], "mix_storage": [0.052996, 0.050097, 0.049091, 0.047731, 0.047569, 0.045158, 0.045616, 0.053281, 0.061268, 0.063097, 0.061621, 0.05666], "mix_s_tot": 0.067223}}, "nldas": null}, "pdf": "figures/478.pdf"}