{"id": 479, "name": "Maluku", "country": "Indonesia", "level": "admin1", "continent": "Asia", "metrics": {"solar_cf": 0.2251, "wind_cf": 0.1334, "solar_f_adj": 1.376, "wind_f_adj": 4.8526, "mix_alpha": 0.7, "mix_f_adj": 1.5616, "solar_s_tot_pct": 5.839, "wind_s_tot_pct": 55.6026, "mix_s_tot_pct": 3.7612, "solar_s_seasonal_pct": 5.2625, "solar_s_diurnal_pct": 0.5765, "wind_s_seasonal_pct": 53.4997, "wind_s_diurnal_pct": 2.1029, "solar_flaute_days": 0.75, "wind_flaute_days": 53.75, "solar_gap30d_max": 0.6165, "wind_gap30d_max": 0.9996, "solar_trend_pct_decade": -0.8015, "wind_trend_pct_decade": -51.6802}, "colocation": {"k": [0, 17, 35, 50], "storage_pct_cons": [3.7612, 0.9437, 0.5172, 0.4172], "pick": ["base", "wind", "solar", "wind"]}, "datasets": {"gldas": {"series_norm": {"months": [1, 2, 3, 4, 5, 6, 7, 8, 9, 10, 11, 12], "demand": [1.0, 1.0, 1.0, 1.0, 1.0, 1.0, 1.0, 1.0, 1.0, 1.0, 1.0, 1.0], "solar_supply": [1.338926, 1.362093, 1.385773, 1.376989, 1.296376, 1.159517, 1.206831, 1.378737, 1.490484, 1.610421, 1.544421, 1.361845], "wind_supply": [5.047563, 5.497592, 3.144637, 2.184105, 5.06202, 7.496601, 9.460516, 8.563949, 5.637544, 2.544851, 1.025179, 2.522785], "mix_supply": [1.551055, 1.612909, 1.404556, 1.304842, 1.518646, 1.644962, 1.872157, 1.922173, 1.728423, 1.525126, 1.325974, 1.325509], "mix_storage": [0.031233, 0.033042, 0.032952, 0.029835, 0.02909, 0.031143, 0.032991, 0.034924, 0.035316, 0.034876, 0.033898, 0.030247], "mix_s_tot": 0.037612}}, "nldas": null}, "pdf": "figures/479.pdf"}