{"id": 48, "name": "Luxembourg", "country": "Luxembourg", "level": "admin0", "continent": "Europe", "metrics": {"solar_cf": 0.1233, "wind_cf": 0.2811, "solar_f_adj": 1.3545, "wind_f_adj": 1.5225, "mix_alpha": 0.3, "mix_f_adj": 1.3559, "solar_s_tot_pct": 34.4823, "wind_s_tot_pct": 26.5109, "mix_s_tot_pct": 13.9088, "solar_s_seasonal_pct": 33.8465, "solar_s_diurnal_pct": 0.6359, "wind_s_seasonal_pct": 25.664, "wind_s_diurnal_pct": 0.8469, "solar_flaute_days": 4.75, "wind_flaute_days": 7.25, "solar_gap30d_max": 0.8554, "wind_gap30d_max": 0.7715, "solar_trend_pct_decade": 0.7549, "wind_trend_pct_decade": -8.0843}, "colocation": {"k": [0, 17, 35, 50], "storage_pct_cons": [13.9088, 9.3631, 6.3991, 5.0956], "pick": ["base", "solar", "solar", "solar"]}, "datasets": {"gldas": {"series_norm": {"months": [1, 2, 3, 4, 5, 6, 7, 8, 9, 10, 11, 12], "demand": [1.0, 1.0, 1.0, 1.0, 1.0, 1.0, 1.0, 1.0, 1.0, 1.0, 1.0, 1.0], "solar_supply": [0.371355, 0.66399, 1.188687, 1.821126, 2.244448, 2.541743, 2.428777, 2.028053, 1.464434, 0.777733, 0.392785, 0.294745], "wind_supply": [2.254141, 2.231505, 1.883887, 1.447285, 1.242729, 0.961151, 1.013796, 0.86771, 1.05535, 1.491163, 1.731107, 2.124681], "mix_supply": [1.516768, 1.590543, 1.531416, 1.449175, 1.448789, 1.362538, 1.36143, 1.150012, 1.097717, 1.163171, 1.197142, 1.413054], "mix_storage": [0.1106, 0.117054, 0.123137, 0.128405, 0.131309, 0.133295, 0.134607, 0.129788, 0.1202, 0.110307, 0.103821, 0.101929], "mix_s_tot": 0.139088}}, "nldas": null}, "pdf": "figures/48.pdf"}