{"id": 480, "name": "Nusa Tenggara Barat", "country": "Indonesia", "level": "admin1", "continent": "Asia", "metrics": {"solar_cf": 0.2289, "wind_cf": 0.1192, "solar_f_adj": 1.2919, "wind_f_adj": 4.0003, "mix_alpha": 1.0, "mix_f_adj": 1.2919, "solar_s_tot_pct": 7.4877, "wind_s_tot_pct": 47.4914, "mix_s_tot_pct": 7.4877, "solar_s_seasonal_pct": 6.6032, "solar_s_diurnal_pct": 0.8845, "wind_s_seasonal_pct": 45.1346, "wind_s_diurnal_pct": 2.3568, "solar_flaute_days": 1.625, "wind_flaute_days": 30.875, "solar_gap30d_max": 0.5988, "wind_gap30d_max": 0.9893, "solar_trend_pct_decade": 0.6691, "wind_trend_pct_decade": -52.3459}, "colocation": {"k": [0, 17, 35, 50], "storage_pct_cons": [7.4877, 1.6202, 0.7135, 0.4443], "pick": ["base", "wind", "wind", "wind"]}, "datasets": {"gldas": {"series_norm": {"months": [1, 2, 3, 4, 5, 6, 7, 8, 9, 10, 11, 12], "demand": [1.0, 1.0, 1.0, 1.0, 1.0, 1.0, 1.0, 1.0, 1.0, 1.0, 1.0, 1.0], "solar_supply": [1.184919, 1.204493, 1.244863, 1.280364, 1.236111, 1.161419, 1.217717, 1.36641, 1.494684, 1.523533, 1.383638, 1.201688], "wind_supply": [3.484186, 4.129583, 2.350835, 2.019157, 4.087824, 5.983305, 6.929625, 6.347616, 5.390085, 3.414031, 1.765248, 2.084465], "mix_supply": [1.184919, 1.204493, 1.244863, 1.280364, 1.236111, 1.161419, 1.217717, 1.36641, 1.494684, 1.523533, 1.383638, 1.201688], "mix_storage": [0.058892, 0.052985, 0.050654, 0.050668, 0.052143, 0.047867, 0.04324, 0.046411, 0.057433, 0.066134, 0.068907, 0.064886], "mix_s_tot": 0.074877}}, "nldas": null}, "pdf": "figures/480.pdf"}