{"id": 481, "name": "Sulawesi Selatan", "country": "Indonesia", "level": "admin1", "continent": "Asia", "metrics": {"solar_cf": 0.2241, "wind_cf": 0.0143, "solar_f_adj": 1.2851, "wind_f_adj": 7.1864, "mix_alpha": 0.75, "mix_f_adj": 1.5831, "solar_s_tot_pct": 7.5683, "wind_s_tot_pct": 39.9201, "mix_s_tot_pct": 6.7895, "solar_s_seasonal_pct": 6.5666, "solar_s_diurnal_pct": 1.0017, "wind_s_seasonal_pct": 39.5372, "wind_s_diurnal_pct": 0.3829, "solar_flaute_days": 1.625, "wind_flaute_days": 51.75, "solar_gap30d_max": 0.6053, "wind_gap30d_max": 1.0, "solar_trend_pct_decade": 4.2484, "wind_trend_pct_decade": -42.0908}, "colocation": {"k": [0, 17, 35, 50], "storage_pct_cons": [6.7895, 1.4665, 1.0851, 0.8815], "pick": ["base", "solar", "wind", "wind"]}, "datasets": {"gldas": {"series_norm": {"months": [1, 2, 3, 4, 5, 6, 7, 8, 9, 10, 11, 12], "demand": [1.0, 1.0, 1.0, 1.0, 1.0, 1.0, 1.0, 1.0, 1.0, 1.0, 1.0, 1.0], "solar_supply": [1.177143, 1.215794, 1.258719, 1.267092, 1.223243, 1.142584, 1.210072, 1.374984, 1.497657, 1.507915, 1.367192, 1.177382], "wind_supply": [10.740013, 9.701291, 4.182177, 1.562008, 2.32305, 4.30678, 9.880232, 13.684012, 13.061339, 7.204554, 2.346005, 7.22482], "mix_supply": [1.679083, 1.657587, 1.393284, 1.256716, 1.258117, 1.292847, 1.662156, 2.024011, 2.103058, 1.789977, 1.392378, 1.485707], "mix_storage": [0.062523, 0.062208, 0.061329, 0.058221, 0.056193, 0.053873, 0.054548, 0.060486, 0.064008, 0.064769, 0.064015, 0.061095], "mix_s_tot": 0.067895}}, "nldas": null}, "pdf": "figures/481.pdf"}