{"id": 482, "name": "Jawa Tengah", "country": "Indonesia", "level": "admin1", "continent": "Asia", "metrics": {"solar_cf": 0.2112, "wind_cf": 0.0584, "solar_f_adj": 1.3056, "wind_f_adj": 4.0804, "mix_alpha": 1.0, "mix_f_adj": 1.3056, "solar_s_tot_pct": 6.6459, "wind_s_tot_pct": 35.5865, "mix_s_tot_pct": 6.6459, "solar_s_seasonal_pct": 5.8797, "solar_s_diurnal_pct": 0.7662, "wind_s_seasonal_pct": 34.7846, "wind_s_diurnal_pct": 0.8019, "solar_flaute_days": 1.625, "wind_flaute_days": 25.625, "solar_gap30d_max": 0.6106, "wind_gap30d_max": 0.9893, "solar_trend_pct_decade": 3.6452, "wind_trend_pct_decade": -9.346}, "colocation": {"k": [0, 17, 35, 50], "storage_pct_cons": [6.6459, 2.7698, 1.0579, 0.6193], "pick": ["base", "wind", "wind", "wind"]}, "datasets": {"gldas": {"series_norm": {"months": [1, 2, 3, 4, 5, 6, 7, 8, 9, 10, 11, 12], "demand": [1.0, 1.0, 1.0, 1.0, 1.0, 1.0, 1.0, 1.0, 1.0, 1.0, 1.0, 1.0], "solar_supply": [1.199193, 1.2153, 1.26953, 1.284007, 1.262205, 1.21579, 1.299474, 1.435851, 1.527161, 1.461496, 1.293979, 1.198614], "wind_supply": [3.99828, 4.727778, 2.127763, 1.081015, 2.168377, 3.640456, 6.065733, 7.57143, 7.489797, 4.941537, 2.375949, 2.776602], "mix_supply": [1.199193, 1.2153, 1.26953, 1.284007, 1.262205, 1.21579, 1.299474, 1.435851, 1.527161, 1.461496, 1.293979, 1.198614], "mix_storage": [0.051246, 0.046569, 0.045487, 0.046515, 0.047409, 0.045688, 0.045223, 0.051303, 0.059733, 0.061895, 0.059989, 0.055677], "mix_s_tot": 0.066459}}, "nldas": null}, "pdf": "figures/482.pdf"}