{"id": 483, "name": "Jawa Barat", "country": "Indonesia", "level": "admin1", "continent": "Asia", "metrics": {"solar_cf": 0.2055, "wind_cf": 0.0577, "solar_f_adj": 1.3388, "wind_f_adj": 2.9567, "mix_alpha": 0.95, "mix_f_adj": 1.3612, "solar_s_tot_pct": 7.3465, "wind_s_tot_pct": 27.2374, "mix_s_tot_pct": 6.1005, "solar_s_seasonal_pct": 6.6444, "solar_s_diurnal_pct": 0.7021, "wind_s_seasonal_pct": 27.1464, "wind_s_diurnal_pct": 0.0909, "solar_flaute_days": 0.875, "wind_flaute_days": 16.625, "solar_gap30d_max": 0.6175, "wind_gap30d_max": 0.9708, "solar_trend_pct_decade": 3.2293, "wind_trend_pct_decade": -22.5178}, "colocation": {"k": [0, 17, 35, 50], "storage_pct_cons": [6.1005, 2.1122, 1.0763, 0.9029], "pick": ["base", "wind", "wind", "wind"]}, "datasets": {"gldas": {"series_norm": {"months": [1, 2, 3, 4, 5, 6, 7, 8, 9, 10, 11, 12], "demand": [1.0, 1.0, 1.0, 1.0, 1.0, 1.0, 1.0, 1.0, 1.0, 1.0, 1.0, 1.0], "solar_supply": [1.247851, 1.22312, 1.301709, 1.31898, 1.30766, 1.250175, 1.340412, 1.492744, 1.565123, 1.468543, 1.305788, 1.235407], "wind_supply": [3.417271, 3.443248, 1.903834, 1.205274, 1.74647, 2.434643, 4.005259, 5.236926, 5.045387, 3.166625, 1.692922, 2.178102], "mix_supply": [1.283953, 1.260663, 1.301137, 1.30174, 1.303263, 1.263579, 1.386891, 1.562379, 1.627881, 1.491349, 1.300223, 1.24341], "mix_storage": [0.05152, 0.050051, 0.049774, 0.050263, 0.051055, 0.04939, 0.050222, 0.055415, 0.057895, 0.057367, 0.055199, 0.052996], "mix_s_tot": 0.061005}}, "nldas": null}, "pdf": "figures/483.pdf"}