{"id": 484, "name": "Jakarta Raya", "country": "Indonesia", "level": "admin1", "continent": "Asia", "metrics": {"solar_cf": 0.2035, "wind_cf": 0.2277, "solar_f_adj": 1.5046, "wind_f_adj": 2.9856, "mix_alpha": 0.85, "mix_f_adj": 1.4191, "solar_s_tot_pct": 9.4566, "wind_s_tot_pct": 19.0385, "mix_s_tot_pct": 4.6013, "solar_s_seasonal_pct": 9.0958, "solar_s_diurnal_pct": 0.3609, "wind_s_seasonal_pct": 19.8224, "wind_s_diurnal_pct": -0.7839, "solar_flaute_days": 1.625, "wind_flaute_days": 7.5, "solar_gap30d_max": 0.6108, "wind_gap30d_max": 0.8771, "solar_trend_pct_decade": -0.9252, "wind_trend_pct_decade": 25.5533}, "colocation": {"k": [0, 17, 35, 50], "storage_pct_cons": [4.6013, 1.3075, 0.451, 0.3969], "pick": ["base", "wind", "wind", "wind"]}, "datasets": {"gldas": {"series_norm": {"months": [1, 2, 3, 4, 5, 6, 7, 8, 9, 10, 11, 12], "demand": [1.0, 1.0, 1.0, 1.0, 1.0, 1.0, 1.0, 1.0, 1.0, 1.0, 1.0, 1.0], "solar_supply": [1.343635, 1.327832, 1.463728, 1.491943, 1.476746, 1.434145, 1.533072, 1.709681, 1.779327, 1.67272, 1.463125, 1.348192], "wind_supply": [4.444274, 3.660911, 3.027721, 2.390933, 2.375172, 2.602854, 2.901437, 2.935042, 2.647416, 2.281258, 2.496237, 4.06555], "mix_supply": [1.394058, 1.325538, 1.389341, 1.36656, 1.353253, 1.335333, 1.435931, 1.579914, 1.615243, 1.50367, 1.350965, 1.37071], "mix_storage": [0.04304, 0.042623, 0.04239, 0.042968, 0.042827, 0.042457, 0.042933, 0.044614, 0.044969, 0.044072, 0.042551, 0.042191], "mix_s_tot": 0.046013}}, "nldas": null}, "pdf": "figures/484.pdf"}