{"id": 485, "name": "Banten", "country": "Indonesia", "level": "admin1", "continent": "Asia", "metrics": {"solar_cf": 0.2058, "wind_cf": 0.1082, "solar_f_adj": 1.4089, "wind_f_adj": 1.8479, "mix_alpha": 0.9, "mix_f_adj": 1.3711, "solar_s_tot_pct": 7.8116, "wind_s_tot_pct": 30.6519, "mix_s_tot_pct": 3.2202, "solar_s_seasonal_pct": 7.2658, "solar_s_diurnal_pct": 0.5459, "wind_s_seasonal_pct": 29.2169, "wind_s_diurnal_pct": 1.435, "solar_flaute_days": 1.625, "wind_flaute_days": 8.375, "solar_gap30d_max": 0.6103, "wind_gap30d_max": 0.9066, "solar_trend_pct_decade": 0.3803, "wind_trend_pct_decade": -10.8905}, "colocation": {"k": [0, 17, 35, 50], "storage_pct_cons": [3.2202, 1.2439, 1.2439, 1.073], "pick": ["base", "solar", "solar", "wind"]}, "datasets": {"gldas": {"series_norm": {"months": [1, 2, 3, 4, 5, 6, 7, 8, 9, 10, 11, 12], "demand": [1.0, 1.0, 1.0, 1.0, 1.0, 1.0, 1.0, 1.0, 1.0, 1.0, 1.0, 1.0], "solar_supply": [1.305209, 1.279953, 1.36468, 1.388085, 1.383146, 1.330884, 1.420734, 1.586272, 1.656031, 1.546951, 1.368443, 1.267879], "wind_supply": [2.736607, 2.311626, 1.901046, 1.345697, 0.965872, 1.112636, 1.495244, 1.767306, 2.193583, 1.958131, 1.84823, 2.551448], "mix_supply": [1.34625, 1.292597, 1.336344, 1.315639, 1.283131, 1.248245, 1.355331, 1.520508, 1.613237, 1.500227, 1.335721, 1.299816], "mix_storage": [0.027881, 0.027344, 0.027602, 0.029129, 0.028847, 0.027219, 0.026515, 0.029002, 0.030154, 0.029874, 0.028627, 0.027745], "mix_s_tot": 0.032202}}, "nldas": null}, "pdf": "figures/485.pdf"}