{"id": 486, "name": "Yogyakarta", "country": "Indonesia", "level": "admin1", "continent": "Asia", "metrics": {"solar_cf": 0.2144, "wind_cf": 0.1747, "solar_f_adj": 1.3548, "wind_f_adj": 2.2879, "mix_alpha": 0.9, "mix_f_adj": 1.3624, "solar_s_tot_pct": 5.8219, "wind_s_tot_pct": 27.7223, "mix_s_tot_pct": 5.3976, "solar_s_seasonal_pct": 5.288, "solar_s_diurnal_pct": 0.534, "wind_s_seasonal_pct": 24.4014, "wind_s_diurnal_pct": 3.321, "solar_flaute_days": 1.75, "wind_flaute_days": 8.75, "solar_gap30d_max": 0.6205, "wind_gap30d_max": 0.9168, "solar_trend_pct_decade": 3.0556, "wind_trend_pct_decade": -33.9199}, "colocation": {"k": [0, 17, 35, 50], "storage_pct_cons": [5.3976, 1.6677, 1.112, 0.9639], "pick": ["base", "wind", "wind", "wind"]}, "datasets": {"gldas": {"series_norm": {"months": [1, 2, 3, 4, 5, 6, 7, 8, 9, 10, 11, 12], "demand": [1.0, 1.0, 1.0, 1.0, 1.0, 1.0, 1.0, 1.0, 1.0, 1.0, 1.0, 1.0], "solar_supply": [1.265148, 1.281161, 1.316898, 1.328963, 1.296878, 1.247528, 1.329878, 1.478861, 1.575556, 1.52239, 1.346411, 1.263774], "wind_supply": [1.802734, 1.71326, 1.244028, 1.223516, 1.947443, 2.642045, 3.529201, 4.011086, 3.561093, 2.553602, 1.551351, 1.618001], "mix_supply": [1.252343, 1.261507, 1.265909, 1.275607, 1.289676, 1.286375, 1.413731, 1.577261, 1.637976, 1.529867, 1.310919, 1.240099], "mix_storage": [0.044339, 0.042439, 0.041904, 0.041398, 0.042333, 0.041854, 0.044105, 0.049309, 0.052034, 0.051646, 0.048922, 0.045696], "mix_s_tot": 0.053976}}, "nldas": null}, "pdf": "figures/486.pdf"}