{"id": 487, "name": "Sulawesi Tenggara", "country": "Indonesia", "level": "admin1", "continent": "Asia", "metrics": {"solar_cf": 0.2267, "wind_cf": 0.0419, "solar_f_adj": 1.3221, "wind_f_adj": 6.8523, "mix_alpha": 0.65, "mix_f_adj": 1.744, "solar_s_tot_pct": 8.8518, "wind_s_tot_pct": 41.2117, "mix_s_tot_pct": 6.454, "solar_s_seasonal_pct": 8.1067, "solar_s_diurnal_pct": 0.7451, "wind_s_seasonal_pct": 40.7022, "wind_s_diurnal_pct": 0.5095, "solar_flaute_days": 1.625, "wind_flaute_days": 62.75, "solar_gap30d_max": 0.62, "wind_gap30d_max": 1.0, "solar_trend_pct_decade": 1.74, "wind_trend_pct_decade": -67.3765}, "colocation": {"k": [0, 17, 35, 50], "storage_pct_cons": [6.454, 2.3486, 1.7246, 1.6067], "pick": ["base", "solar", "solar", "wind"]}, "datasets": {"gldas": {"series_norm": {"months": [1, 2, 3, 4, 5, 6, 7, 8, 9, 10, 11, 12], "demand": [1.0, 1.0, 1.0, 1.0, 1.0, 1.0, 1.0, 1.0, 1.0, 1.0, 1.0, 1.0], "solar_supply": [1.244192, 1.274677, 1.3028, 1.286518, 1.209407, 1.106021, 1.204683, 1.39124, 1.541831, 1.596298, 1.466524, 1.240311], "wind_supply": [5.778702, 4.349474, 2.574182, 2.859421, 5.431646, 8.460402, 12.997529, 13.789688, 10.697443, 6.45969, 3.369654, 5.1723], "mix_supply": [1.581534, 1.480361, 1.346336, 1.357784, 1.520794, 1.701942, 2.190689, 2.421209, 2.27488, 1.944094, 1.557573, 1.52419], "mix_storage": [0.05936, 0.057821, 0.05581, 0.053412, 0.052462, 0.053401, 0.054544, 0.05901, 0.06095, 0.061436, 0.061089, 0.059118], "mix_s_tot": 0.06454}}, "nldas": null}, "pdf": "figures/487.pdf"}