{"id": 488, "name": "Papua Barat", "country": "Indonesia", "level": "admin1", "continent": "Asia", "metrics": {"solar_cf": 0.2142, "wind_cf": 0.0152, "solar_f_adj": 1.3032, "wind_f_adj": 2081.9862, "mix_alpha": 0.05, "mix_f_adj": 59.0971, "solar_s_tot_pct": 6.9893, "wind_s_tot_pct": 20.1199, "mix_s_tot_pct": 0.4295, "solar_s_seasonal_pct": 5.212, "solar_s_diurnal_pct": 1.7773, "wind_s_seasonal_pct": 19.863, "wind_s_diurnal_pct": 0.2568, "solar_flaute_days": 1.625, "wind_flaute_days": 81.75, "solar_gap30d_max": 0.6024, "wind_gap30d_max": 1.0, "solar_trend_pct_decade": 3.4331, "wind_trend_pct_decade": -63.8995}, "colocation": {"k": [0, 17, 35, 50], "storage_pct_cons": [0.4295, 0.2765, 0.2765, 0.2765], "pick": ["base", "wind", "wind", "wind"]}, "datasets": {"gldas": {"series_norm": {"months": [1, 2, 3, 4, 5, 6, 7, 8, 9, 10, 11, 12], "demand": [1.0, 1.0, 1.0, 1.0, 1.0, 1.0, 1.0, 1.0, 1.0, 1.0, 1.0, 1.0], "solar_supply": [1.312867, 1.324439, 1.34084, 1.332019, 1.317369, 1.183414, 1.169925, 1.26233, 1.317994, 1.415448, 1.363325, 1.299314], "wind_supply": [1924.505435, 2107.447999, 1601.190713, 895.198659, 1269.225783, 2572.452165, 3746.851453, 4923.407956, 1843.648161, 1523.457969, 908.100663, 1602.139582], "mix_supply": [54.872531, 59.831947, 46.217547, 27.159967, 37.212656, 72.051345, 103.689274, 135.625481, 52.703781, 44.290599, 27.578863, 46.148975], "mix_storage": [0.003724, 0.003733, 0.003702, 0.003671, 0.003691, 0.003693, 0.003775, 0.003811, 0.003728, 0.00371, 0.00368, 0.003701], "mix_s_tot": 0.004295}}, "nldas": null}, "pdf": "figures/488.pdf"}