{"id": 489, "name": "Sulawesi Tengah", "country": "Indonesia", "level": "admin1", "continent": "Asia", "metrics": {"solar_cf": 0.2258, "wind_cf": 0.007, "solar_f_adj": 1.3284, "wind_f_adj": 2979.5879, "mix_alpha": 0.05, "mix_f_adj": 143.8484, "solar_s_tot_pct": 4.5298, "wind_s_tot_pct": 35.5736, "mix_s_tot_pct": 0.2195, "solar_s_seasonal_pct": 4.1137, "solar_s_diurnal_pct": 0.4161, "wind_s_seasonal_pct": 35.274, "wind_s_diurnal_pct": 0.2997, "solar_flaute_days": 2.625, "wind_flaute_days": 121.875, "solar_gap30d_max": 0.6169, "wind_gap30d_max": 1.0, "solar_trend_pct_decade": 6.231, "wind_trend_pct_decade": -93.187}, "colocation": {"k": [0, 17, 35, 50], "storage_pct_cons": [0.2195, 0.189, 0.189, 0.189], "pick": ["base", "wind", "wind", "wind"]}, "datasets": {"gldas": {"series_norm": {"months": [1, 2, 3, 4, 5, 6, 7, 8, 9, 10, 11, 12], "demand": [1.0, 1.0, 1.0, 1.0, 1.0, 1.0, 1.0, 1.0, 1.0, 1.0, 1.0, 1.0], "solar_supply": [1.251253, 1.312541, 1.327321, 1.338717, 1.294936, 1.207355, 1.244924, 1.373242, 1.476927, 1.486178, 1.376742, 1.252171], "wind_supply": [5114.949858, 4601.653798, 2252.535772, 699.784299, 1081.540477, 1879.742067, 4693.73728, 6124.671784, 3695.962802, 1917.886354, 982.484101, 2702.661846], "mix_supply": [241.366955, 218.156952, 110.496913, 39.343148, 56.614989, 92.749553, 222.014175, 288.337371, 177.50833, 96.008633, 52.514783, 130.734631], "mix_storage": [0.001753, 0.001752, 0.001714, 0.00168, 0.00168, 0.001692, 0.00176, 0.001809, 0.00178, 0.001737, 0.001712, 0.001721], "mix_s_tot": 0.002195}}, "nldas": null}, "pdf": "figures/489.pdf"}