{"id": 49, "name": "United Arab Emirates", "country": "United Arab Emirates", "level": "admin0", "continent": "Asia", "metrics": {"solar_cf": 0.2521, "wind_cf": 0.3023, "solar_f_adj": 1.2277, "wind_f_adj": 1.4672, "mix_alpha": 0.55, "mix_f_adj": 1.2556, "solar_s_tot_pct": 13.736, "wind_s_tot_pct": 14.525, "mix_s_tot_pct": 10.2207, "solar_s_seasonal_pct": 12.7648, "solar_s_diurnal_pct": 0.9712, "wind_s_seasonal_pct": 14.1491, "wind_s_diurnal_pct": 0.3759, "solar_flaute_days": 0.875, "wind_flaute_days": 5.25, "solar_gap30d_max": 0.6529, "wind_gap30d_max": 0.6299, "solar_trend_pct_decade": 1.1557, "wind_trend_pct_decade": 15.8307}, "colocation": {"k": [0, 17, 35, 50], "storage_pct_cons": [10.2207, 3.9724, 1.7525, 0.9854], "pick": ["base", "wind", "solar", "solar"]}, "datasets": {"gldas": {"series_norm": {"months": [1, 2, 3, 4, 5, 6, 7, 8, 9, 10, 11, 12], "demand": [1.0, 1.0, 1.0, 1.0, 1.0, 1.0, 1.0, 1.0, 1.0, 1.0, 1.0, 1.0], "solar_supply": [0.885338, 1.049171, 1.227641, 1.385161, 1.506581, 1.533342, 1.4445, 1.417579, 1.341917, 1.150123, 0.950736, 0.833443], "wind_supply": [1.427364, 1.716573, 1.804179, 1.671435, 1.713482, 1.70053, 1.550826, 1.364099, 1.186084, 1.054048, 1.167466, 1.267974], "mix_supply": [1.047692, 1.251225, 1.385355, 1.422845, 1.507338, 1.517404, 1.409779, 1.322727, 1.211613, 1.052879, 0.984395, 0.95712], "mix_storage": [0.046899, 0.047294, 0.056209, 0.068166, 0.077777, 0.086623, 0.092247, 0.094037, 0.093589, 0.087617, 0.073347, 0.058194], "mix_s_tot": 0.102207}}, "nldas": null}, "pdf": "figures/49.pdf"}