{"id": 490, "name": "Maluku Utara", "country": "Indonesia", "level": "admin1", "continent": "Asia", "metrics": {"solar_cf": 0.2348, "wind_cf": 0.0885, "solar_f_adj": 1.4046, "wind_f_adj": 105.0385, "mix_alpha": 0.2, "mix_f_adj": 5.6971, "solar_s_tot_pct": 4.389, "wind_s_tot_pct": 13.9501, "mix_s_tot_pct": 2.2725, "solar_s_seasonal_pct": 4.0935, "solar_s_diurnal_pct": 0.2956, "wind_s_seasonal_pct": 13.4139, "wind_s_diurnal_pct": 0.5362, "solar_flaute_days": 0.875, "wind_flaute_days": 64.625, "solar_gap30d_max": 0.6005, "wind_gap30d_max": 1.0, "solar_trend_pct_decade": -1.1509, "wind_trend_pct_decade": -59.1169}, "colocation": {"k": [0, 17, 35, 50], "storage_pct_cons": [2.2725, 0.683, 0.5874, 0.501], "pick": ["base", "wind", "solar", "solar"]}, "datasets": {"gldas": {"series_norm": {"months": [1, 2, 3, 4, 5, 6, 7, 8, 9, 10, 11, 12], "demand": [1.0, 1.0, 1.0, 1.0, 1.0, 1.0, 1.0, 1.0, 1.0, 1.0, 1.0, 1.0], "solar_supply": [1.342491, 1.395374, 1.443133, 1.459828, 1.413269, 1.285427, 1.304154, 1.411256, 1.470808, 1.533359, 1.443557, 1.353444], "wind_supply": [144.990801, 152.26677, 103.108089, 58.873421, 79.314517, 100.46391, 148.279199, 159.065714, 100.50377, 68.726991, 52.91482, 92.645638], "mix_supply": [7.380256, 7.738863, 5.644578, 3.738751, 4.587934, 5.401916, 7.491843, 8.046757, 5.554025, 4.225951, 3.467004, 5.117851], "mix_storage": [0.021847, 0.022018, 0.022072, 0.021876, 0.021095, 0.020169, 0.020384, 0.021704, 0.021572, 0.021691, 0.021388, 0.021382], "mix_s_tot": 0.022725}}, "nldas": null}, "pdf": "figures/490.pdf"}