{"id": 491, "name": "Kepulauan Riau", "country": "Indonesia", "level": "admin1", "continent": "Asia", "metrics": {"solar_cf": 0.1975, "wind_cf": 0.2467, "solar_f_adj": 1.4332, "wind_f_adj": 2.7221, "mix_alpha": 1.0, "mix_f_adj": 1.4332, "solar_s_tot_pct": 6.904, "wind_s_tot_pct": 36.4179, "mix_s_tot_pct": 6.904, "solar_s_seasonal_pct": 6.171, "solar_s_diurnal_pct": 0.7331, "wind_s_seasonal_pct": 34.8259, "wind_s_diurnal_pct": 1.592, "solar_flaute_days": 0.75, "wind_flaute_days": 21.5, "solar_gap30d_max": 0.6009, "wind_gap30d_max": 0.9801, "solar_trend_pct_decade": -3.8024, "wind_trend_pct_decade": -44.3191}, "colocation": {"k": [0, 17, 35, 50], "storage_pct_cons": [6.904, 1.1346, 0.4642, 0.3641], "pick": ["base", "wind", "wind", "wind"]}, "datasets": {"gldas": {"series_norm": {"months": [1, 2, 3, 4, 5, 6, 7, 8, 9, 10, 11, 12], "demand": [1.0, 1.0, 1.0, 1.0, 1.0, 1.0, 1.0, 1.0, 1.0, 1.0, 1.0, 1.0], "solar_supply": [1.26629, 1.505759, 1.607628, 1.604217, 1.537231, 1.421841, 1.462956, 1.507541, 1.442958, 1.378878, 1.283914, 1.185888], "wind_supply": [5.54727, 4.847102, 2.726214, 0.955936, 1.18756, 2.009279, 2.938166, 3.057329, 2.412761, 1.576617, 1.488684, 3.976067], "mix_supply": [1.26629, 1.505759, 1.607628, 1.604217, 1.537231, 1.421841, 1.462956, 1.507541, 1.442958, 1.378878, 1.283914, 1.185888], "mix_storage": [0.052928, 0.05646, 0.061261, 0.063712, 0.065689, 0.065583, 0.065827, 0.066248, 0.065504, 0.064328, 0.06213, 0.057337], "mix_s_tot": 0.06904}}, "nldas": null}, "pdf": "figures/491.pdf"}