{"id": 492, "name": "Riau", "country": "Indonesia", "level": "admin1", "continent": "Asia", "metrics": {"solar_cf": 0.1876, "wind_cf": 0.0014, "solar_f_adj": 1.3427, "wind_f_adj": 19.703, "mix_alpha": 0.95, "mix_f_adj": 1.3178, "solar_s_tot_pct": 7.9238, "wind_s_tot_pct": 46.9606, "mix_s_tot_pct": 5.34, "solar_s_seasonal_pct": 7.1343, "solar_s_diurnal_pct": 0.7894, "wind_s_seasonal_pct": 46.5753, "wind_s_diurnal_pct": 0.3853, "solar_flaute_days": 0.75, "wind_flaute_days": 137.125, "solar_gap30d_max": 0.6036, "wind_gap30d_max": 1.0, "solar_trend_pct_decade": -2.831, "wind_trend_pct_decade": 68.0717}, "colocation": {"k": [0, 17, 35, 50], "storage_pct_cons": [5.34, 2.0029, 0.6599, 0.5137], "pick": ["base", "wind", "wind", "wind"]}, "datasets": {"gldas": {"series_norm": {"months": [1, 2, 3, 4, 5, 6, 7, 8, 9, 10, 11, 12], "demand": [1.0, 1.0, 1.0, 1.0, 1.0, 1.0, 1.0, 1.0, 1.0, 1.0, 1.0, 1.0], "solar_supply": [1.216489, 1.38047, 1.438259, 1.392882, 1.387245, 1.358646, 1.385593, 1.406691, 1.373491, 1.354807, 1.253059, 1.168026], "wind_supply": [37.081492, 45.626295, 13.428089, 4.789063, 3.522307, 13.349881, 23.76304, 29.47936, 22.105582, 8.777605, 9.019612, 26.824608], "mix_supply": [1.25829, 1.439765, 1.385971, 1.314769, 1.305276, 1.311476, 1.371426, 1.410215, 1.354599, 1.292606, 1.198543, 1.178801], "mix_storage": [0.03551, 0.040883, 0.046709, 0.04787, 0.047966, 0.047929, 0.048109, 0.049413, 0.048946, 0.047856, 0.04474, 0.039132], "mix_s_tot": 0.0534}}, "nldas": null}, "pdf": "figures/492.pdf"}