{"id": 493, "name": "Gorontalo", "country": "Indonesia", "level": "admin1", "continent": "Asia", "metrics": {"solar_cf": 0.2302, "wind_cf": 0.0297, "solar_f_adj": 1.3933, "wind_f_adj": 22001.2369, "mix_alpha": 0.05, "mix_f_adj": 176.7846, "solar_s_tot_pct": 3.9814, "wind_s_tot_pct": 26.3271, "mix_s_tot_pct": 0.3718, "solar_s_seasonal_pct": 2.2719, "solar_s_diurnal_pct": 1.7095, "wind_s_seasonal_pct": 26.0274, "wind_s_diurnal_pct": 0.2997, "solar_flaute_days": 2.75, "wind_flaute_days": 124.625, "solar_gap30d_max": 0.6312, "wind_gap30d_max": 1.0, "solar_trend_pct_decade": 6.4155, "wind_trend_pct_decade": -48.0891}, "colocation": {"k": [0, 17, 35, 50], "storage_pct_cons": [0.3718, 0.3266, 0.3266, 0.3266], "pick": ["base", "wind", "wind", "wind"]}, "datasets": {"gldas": {"series_norm": {"months": [1, 2, 3, 4, 5, 6, 7, 8, 9, 10, 11, 12], "demand": [1.0, 1.0, 1.0, 1.0, 1.0, 1.0, 1.0, 1.0, 1.0, 1.0, 1.0, 1.0], "solar_supply": [1.300145, 1.377373, 1.42523, 1.427146, 1.388106, 1.29507, 1.331522, 1.453659, 1.519901, 1.501112, 1.389833, 1.311498], "wind_supply": [32001.049438, 26911.184855, 17117.629917, 6157.431188, 12255.599254, 20059.685126, 41650.819365, 50893.117665, 20347.610831, 8466.662827, 9965.343593, 17605.405892], "mix_supply": [252.526362, 214.163062, 139.708058, 56.056093, 102.358482, 161.340368, 326.386445, 397.711885, 164.964536, 74.152723, 84.886887, 142.709968], "mix_storage": [0.003372, 0.003381, 0.003345, 0.003294, 0.003297, 0.003308, 0.00339, 0.003439, 0.00338, 0.003315, 0.003292, 0.003311], "mix_s_tot": 0.003718}}, "nldas": null}, "pdf": "figures/493.pdf"}