{"id": 494, "name": "Sulawesi Utara", "country": "Indonesia", "level": "admin1", "continent": "Asia", "metrics": {"solar_cf": 0.2343, "wind_cf": 0.0312, "solar_f_adj": 1.3318, "wind_f_adj": 248.1594, "mix_alpha": 0.05, "mix_f_adj": 34.7782, "solar_s_tot_pct": 5.7953, "wind_s_tot_pct": 13.9983, "mix_s_tot_pct": 0.7223, "solar_s_seasonal_pct": 2.868, "solar_s_diurnal_pct": 2.9274, "wind_s_seasonal_pct": 13.6986, "wind_s_diurnal_pct": 0.2997, "solar_flaute_days": 1.75, "wind_flaute_days": 46.875, "solar_gap30d_max": 0.6344, "wind_gap30d_max": 1.0, "solar_trend_pct_decade": 5.0729, "wind_trend_pct_decade": -71.2932}, "colocation": {"k": [0, 17, 35, 50], "storage_pct_cons": [0.7223, 0.6448, 0.6448, 0.5886], "pick": ["base", "wind", "wind", "solar"]}, "datasets": {"gldas": {"series_norm": {"months": [1, 2, 3, 4, 5, 6, 7, 8, 9, 10, 11, 12], "demand": [1.0, 1.0, 1.0, 1.0, 1.0, 1.0, 1.0, 1.0, 1.0, 1.0, 1.0, 1.0], "solar_supply": [1.231248, 1.307783, 1.366961, 1.381003, 1.337682, 1.228698, 1.260045, 1.368742, 1.448924, 1.445297, 1.35311, 1.252518], "wind_supply": [435.977834, 380.915383, 248.884027, 104.159054, 97.900389, 193.680326, 396.27394, 522.243172, 214.653677, 87.013467, 84.882705, 210.292843], "mix_supply": [59.65255, 52.421616, 34.920585, 15.670628, 14.780801, 27.390384, 54.404082, 71.31721, 30.470268, 13.471859, 13.067807, 29.633231], "mix_storage": [0.006684, 0.006686, 0.00658, 0.006474, 0.006492, 0.006496, 0.006732, 0.006846, 0.006763, 0.006564, 0.006525, 0.006566], "mix_s_tot": 0.007223}}, "nldas": null}, "pdf": "figures/494.pdf"}