{"id": 495, "name": "Sulawesi Barat", "country": "Indonesia", "level": "admin1", "continent": "Asia", "metrics": {"solar_cf": 0.2428, "wind_cf": 0.0167, "solar_f_adj": 1.3983, "wind_f_adj": 30.4648, "mix_alpha": 0.4, "mix_f_adj": 2.8514, "solar_s_tot_pct": 9.7705, "wind_s_tot_pct": 18.1781, "mix_s_tot_pct": 3.3319, "solar_s_seasonal_pct": 8.9918, "solar_s_diurnal_pct": 0.7787, "wind_s_seasonal_pct": 17.913, "wind_s_diurnal_pct": 0.2651, "solar_flaute_days": 1.75, "wind_flaute_days": 29.875, "solar_gap30d_max": 0.6493, "wind_gap30d_max": 0.9972, "solar_trend_pct_decade": 8.0919, "wind_trend_pct_decade": -88.0315}, "colocation": {"k": [0, 17, 35, 50], "storage_pct_cons": [3.3319, 2.0173, 1.5465, 1.3635], "pick": ["base", "wind", "wind", "solar"]}, "datasets": {"gldas": {"series_norm": {"months": [1, 2, 3, 4, 5, 6, 7, 8, 9, 10, 11, 12], "demand": [1.0, 1.0, 1.0, 1.0, 1.0, 1.0, 1.0, 1.0, 1.0, 1.0, 1.0, 1.0], "solar_supply": [1.289748, 1.338907, 1.380959, 1.409769, 1.362274, 1.296668, 1.383121, 1.516496, 1.569911, 1.535045, 1.410475, 1.283939], "wind_supply": [45.407104, 47.743394, 29.61777, 16.525793, 16.512784, 24.054048, 33.715642, 45.549049, 39.620099, 29.124604, 13.478856, 24.839457], "mix_supply": [3.60198, 3.773278, 2.789684, 2.077967, 2.038496, 2.408483, 3.021575, 3.794904, 3.505516, 2.887673, 1.907433, 2.442208], "mix_storage": [0.031273, 0.031823, 0.031789, 0.03169, 0.030673, 0.028987, 0.028721, 0.031013, 0.031649, 0.03206, 0.030946, 0.029851], "mix_s_tot": 0.033319}}, "nldas": null}, "pdf": "figures/495.pdf"}