{"id": 496, "name": "Jambi", "country": "Indonesia", "level": "admin1", "continent": "Asia", "metrics": {"solar_cf": 0.1896, "wind_cf": 0.0011, "solar_f_adj": 1.32, "wind_f_adj": 17.1493, "mix_alpha": 0.95, "mix_f_adj": 1.3361, "solar_s_tot_pct": 8.234, "wind_s_tot_pct": 51.6625, "mix_s_tot_pct": 7.3688, "solar_s_seasonal_pct": 7.4625, "solar_s_diurnal_pct": 0.7715, "wind_s_seasonal_pct": 51.8539, "wind_s_diurnal_pct": -0.1914, "solar_flaute_days": 1.625, "wind_flaute_days": 116.875, "solar_gap30d_max": 0.6046, "wind_gap30d_max": 1.0, "solar_trend_pct_decade": -0.3599, "wind_trend_pct_decade": 41.1735}, "colocation": {"k": [0, 17, 35, 50], "storage_pct_cons": [7.3688, 2.2501, 0.7633, 0.7092], "pick": ["base", "wind", "wind", "wind"]}, "datasets": {"gldas": {"series_norm": {"months": [1, 2, 3, 4, 5, 6, 7, 8, 9, 10, 11, 12], "demand": [1.0, 1.0, 1.0, 1.0, 1.0, 1.0, 1.0, 1.0, 1.0, 1.0, 1.0, 1.0], "solar_supply": [1.189205, 1.309708, 1.379027, 1.349637, 1.356954, 1.313629, 1.346203, 1.396162, 1.401425, 1.355327, 1.27124, 1.17214], "wind_supply": [43.075443, 41.714972, 16.964159, 1.826677, 1.900601, 5.029524, 11.305764, 24.002287, 24.642516, 12.068133, 3.43208, 20.911272], "mix_supply": [1.311381, 1.42196, 1.392199, 1.304967, 1.312292, 1.282817, 1.338592, 1.436094, 1.44365, 1.350336, 1.235832, 1.208627], "mix_storage": [0.056493, 0.059921, 0.063854, 0.064857, 0.065749, 0.06564, 0.065495, 0.067491, 0.068493, 0.067489, 0.065143, 0.05989], "mix_s_tot": 0.073688}}, "nldas": null}, "pdf": "figures/496.pdf"}