{"id": 497, "name": "Sumatera Selatan", "country": "Indonesia", "level": "admin1", "continent": "Asia", "metrics": {"solar_cf": 0.1987, "wind_cf": 0.0053, "solar_f_adj": 1.3372, "wind_f_adj": 17.4777, "mix_alpha": 0.9, "mix_f_adj": 1.4186, "solar_s_tot_pct": 8.2728, "wind_s_tot_pct": 32.2331, "mix_s_tot_pct": 7.4386, "solar_s_seasonal_pct": 7.5286, "solar_s_diurnal_pct": 0.7442, "wind_s_seasonal_pct": 32.3548, "wind_s_diurnal_pct": -0.1218, "solar_flaute_days": 0.75, "wind_flaute_days": 83.625, "solar_gap30d_max": 0.599, "wind_gap30d_max": 1.0, "solar_trend_pct_decade": -0.0988, "wind_trend_pct_decade": 44.6219}, "colocation": {"k": [0, 17, 35, 50], "storage_pct_cons": [7.4386, 1.8576, 0.6299, 0.5234], "pick": ["base", "wind", "wind", "wind"]}, "datasets": {"gldas": {"series_norm": {"months": [1, 2, 3, 4, 5, 6, 7, 8, 9, 10, 11, 12], "demand": [1.0, 1.0, 1.0, 1.0, 1.0, 1.0, 1.0, 1.0, 1.0, 1.0, 1.0, 1.0], "solar_supply": [1.207023, 1.298831, 1.366042, 1.361617, 1.353962, 1.300981, 1.342516, 1.445636, 1.477234, 1.407703, 1.300867, 1.183592], "wind_supply": [31.57658, 29.086658, 10.739434, 1.566629, 3.980806, 7.727057, 16.915098, 36.02125, 38.160811, 21.208788, 1.991386, 11.117322], "mix_supply": [1.40878, 1.476229, 1.39148, 1.312801, 1.325088, 1.304908, 1.419145, 1.672686, 1.720223, 1.516237, 1.258245, 1.220343], "mix_storage": [0.063241, 0.06615, 0.068268, 0.068106, 0.068119, 0.067972, 0.067303, 0.070304, 0.072631, 0.071585, 0.06883, 0.064444], "mix_s_tot": 0.074386}}, "nldas": null}, "pdf": "figures/497.pdf"}