{"id": 498, "name": "Lampung", "country": "Indonesia", "level": "admin1", "continent": "Asia", "metrics": {"solar_cf": 0.201, "wind_cf": 0.0286, "solar_f_adj": 1.3782, "wind_f_adj": 12.8677, "mix_alpha": 0.55, "mix_f_adj": 2.1545, "solar_s_tot_pct": 7.8359, "wind_s_tot_pct": 24.7326, "mix_s_tot_pct": 3.712, "solar_s_seasonal_pct": 7.1809, "solar_s_diurnal_pct": 0.655, "wind_s_seasonal_pct": 24.4569, "wind_s_diurnal_pct": 0.2757, "solar_flaute_days": 0.875, "wind_flaute_days": 27.125, "solar_gap30d_max": 0.6094, "wind_gap30d_max": 0.9968, "solar_trend_pct_decade": 0.5121, "wind_trend_pct_decade": 59.1486}, "colocation": {"k": [0, 17, 35, 50], "storage_pct_cons": [3.712, 0.8078, 0.5501, 0.4613], "pick": ["base", "solar", "solar", "solar"]}, "datasets": {"gldas": {"series_norm": {"months": [1, 2, 3, 4, 5, 6, 7, 8, 9, 10, 11, 12], "demand": [1.0, 1.0, 1.0, 1.0, 1.0, 1.0, 1.0, 1.0, 1.0, 1.0, 1.0, 1.0], "solar_supply": [1.291999, 1.333367, 1.397905, 1.385802, 1.368814, 1.285167, 1.35258, 1.496014, 1.562773, 1.475523, 1.342286, 1.24369], "wind_supply": [14.599122, 15.007503, 6.483738, 3.84194, 6.073514, 7.534059, 13.625428, 20.656012, 25.664167, 21.839359, 10.183977, 8.951908], "mix_supply": [2.210874, 2.277213, 1.690475, 1.481021, 1.634554, 1.672678, 2.189599, 2.842651, 3.277395, 2.914193, 1.92145, 1.743843], "mix_storage": [0.03435, 0.035686, 0.035247, 0.034262, 0.033318, 0.033296, 0.033741, 0.035531, 0.036237, 0.035997, 0.034867, 0.033686], "mix_s_tot": 0.03712}}, "nldas": null}, "pdf": "figures/498.pdf"}