{"id": 499, "name": "Bengkulu", "country": "Indonesia", "level": "admin1", "continent": "Asia", "metrics": {"solar_cf": 0.2116, "wind_cf": 0.0108, "solar_f_adj": 1.316, "wind_f_adj": 5.8141, "mix_alpha": 0.85, "mix_f_adj": 1.3667, "solar_s_tot_pct": 7.5807, "wind_s_tot_pct": 59.6798, "mix_s_tot_pct": 7.3852, "solar_s_seasonal_pct": 6.772, "solar_s_diurnal_pct": 0.8087, "wind_s_seasonal_pct": 61.8617, "wind_s_diurnal_pct": -2.1818, "solar_flaute_days": 3.625, "wind_flaute_days": 81.875, "solar_gap30d_max": 0.6473, "wind_gap30d_max": 1.0, "solar_trend_pct_decade": 4.1712, "wind_trend_pct_decade": -50.1654}, "colocation": {"k": [0, 17, 35, 50], "storage_pct_cons": [7.3852, 2.7896, 1.6564, 1.4704], "pick": ["base", "solar", "wind", "wind"]}, "datasets": {"gldas": {"series_norm": {"months": [1, 2, 3, 4, 5, 6, 7, 8, 9, 10, 11, 12], "demand": [1.0, 1.0, 1.0, 1.0, 1.0, 1.0, 1.0, 1.0, 1.0, 1.0, 1.0, 1.0], "solar_supply": [1.252091, 1.336197, 1.367339, 1.323674, 1.331776, 1.269522, 1.314081, 1.395207, 1.409871, 1.339356, 1.262853, 1.191822], "wind_supply": [9.603759, 8.064594, 7.781961, 3.259223, 2.210746, 3.348042, 3.577526, 5.774261, 6.478684, 5.086672, 5.781394, 8.861172], "mix_supply": [1.443855, 1.463828, 1.481352, 1.283343, 1.253527, 1.238674, 1.286098, 1.435163, 1.472944, 1.361619, 1.318584, 1.364472], "mix_storage": [0.063499, 0.064852, 0.065235, 0.064939, 0.061966, 0.058568, 0.055768, 0.058236, 0.059765, 0.05996, 0.058579, 0.059944], "mix_s_tot": 0.073852}}, "nldas": null}, "pdf": "figures/499.pdf"}