{"id": 5, "name": "Cyprus", "country": "Cyprus", "level": "admin0", "continent": "Asia", "metrics": {"solar_cf": 0.2255, "wind_cf": 0.2, "solar_f_adj": 1.2582, "wind_f_adj": 2.7702, "mix_alpha": 0.15, "mix_f_adj": 2.2214, "solar_s_tot_pct": 21.6926, "wind_s_tot_pct": 12.059, "mix_s_tot_pct": 8.4647, "solar_s_seasonal_pct": 20.8736, "solar_s_diurnal_pct": 0.819, "wind_s_seasonal_pct": 11.1466, "wind_s_diurnal_pct": 0.9124, "solar_flaute_days": 1.75, "wind_flaute_days": 14.625, "solar_gap30d_max": 0.7145, "wind_gap30d_max": 0.8701, "solar_trend_pct_decade": 0.681, "wind_trend_pct_decade": -44.4726}, "colocation": {"k": [0, 17, 35, 50], "storage_pct_cons": [8.4647, 4.8603, 3.4591, 2.8417], "pick": ["base", "solar", "solar", "solar"]}, "datasets": {"gldas": {"series_norm": {"months": [1, 2, 3, 4, 5, 6, 7, 8, 9, 10, 11, 12], "demand": [1.0, 1.0, 1.0, 1.0, 1.0, 1.0, 1.0, 1.0, 1.0, 1.0, 1.0, 1.0], "solar_supply": [0.611632, 0.826195, 1.148208, 1.452187, 1.742412, 1.919054, 1.894759, 1.710627, 1.431057, 1.043911, 0.731374, 0.564364], "wind_supply": [4.106728, 4.02111, 3.598362, 3.025586, 2.519594, 2.338378, 2.091094, 1.931815, 1.996983, 1.796603, 2.448685, 3.437759], "mix_supply": [2.96115, 2.959617, 2.756751, 2.446849, 2.178825, 2.102089, 1.927105, 1.769775, 1.740152, 1.501041, 1.862732, 2.492659], "mix_storage": [0.075661, 0.077267, 0.080289, 0.081873, 0.082881, 0.083466, 0.083557, 0.081945, 0.080078, 0.074017, 0.067514, 0.069694], "mix_s_tot": 0.084647}}, "nldas": null}, "pdf": "figures/5.pdf"}