{"id": 50, "name": "Belgium", "country": "Belgium", "level": "admin0", "continent": "Europe", "metrics": {"solar_cf": 0.12, "wind_cf": 0.3331, "solar_f_adj": 1.3869, "wind_f_adj": 1.4032, "mix_alpha": 0.3, "mix_f_adj": 1.2846, "solar_s_tot_pct": 33.5091, "wind_s_tot_pct": 22.6609, "mix_s_tot_pct": 8.4117, "solar_s_seasonal_pct": 32.9611, "solar_s_diurnal_pct": 0.548, "wind_s_seasonal_pct": 22.122, "wind_s_diurnal_pct": 0.5389, "solar_flaute_days": 2.875, "wind_flaute_days": 11.5, "solar_gap30d_max": 0.8449, "wind_gap30d_max": 0.7785, "solar_trend_pct_decade": 1.1925, "wind_trend_pct_decade": 0.4148}, "colocation": {"k": [0, 17, 35, 50], "storage_pct_cons": [8.4117, 4.164, 3.4566, 3.1961], "pick": ["base", "solar", "wind", "solar"]}, "datasets": {"gldas": {"series_norm": {"months": [1, 2, 3, 4, 5, 6, 7, 8, 9, 10, 11, 12], "demand": [1.0, 1.0, 1.0, 1.0, 1.0, 1.0, 1.0, 1.0, 1.0, 1.0, 1.0, 1.0], "solar_supply": [0.387652, 0.693325, 1.237534, 1.887224, 2.305781, 2.558383, 2.428823, 2.061743, 1.500455, 0.817383, 0.426075, 0.303067], "wind_supply": [2.034001, 1.983789, 1.592971, 1.236265, 1.122677, 0.921042, 0.948983, 0.86229, 1.017959, 1.478184, 1.671992, 1.995289], "mix_supply": [1.41116, 1.463921, 1.364695, 1.31664, 1.360155, 1.301133, 1.283037, 1.12548, 1.06927, 1.174388, 1.189852, 1.362849], "mix_storage": [0.066992, 0.070544, 0.075365, 0.075077, 0.07714, 0.079026, 0.079858, 0.074477, 0.065708, 0.059015, 0.058135, 0.059123], "mix_s_tot": 0.084117}}, "nldas": null}, "pdf": "figures/50.pdf"}