{"id": 500, "name": "Sumatera Barat", "country": "Indonesia", "level": "admin1", "continent": "Asia", "metrics": {"solar_cf": 0.2006, "wind_cf": 0.0085, "solar_f_adj": 1.2986, "wind_f_adj": 18.6556, "mix_alpha": 0.65, "mix_f_adj": 1.7167, "solar_s_tot_pct": 9.5424, "wind_s_tot_pct": 62.6556, "mix_s_tot_pct": 5.8016, "solar_s_seasonal_pct": 8.3453, "solar_s_diurnal_pct": 1.1971, "wind_s_seasonal_pct": 63.1084, "wind_s_diurnal_pct": -0.4528, "solar_flaute_days": 1.625, "wind_flaute_days": 96.875, "solar_gap30d_max": 0.6069, "wind_gap30d_max": 1.0, "solar_trend_pct_decade": 1.217, "wind_trend_pct_decade": -71.8787}, "colocation": {"k": [0, 17, 35, 50], "storage_pct_cons": [5.8016, 1.4277, 0.8978, 0.807], "pick": ["base", "solar", "solar", "wind"]}, "datasets": {"gldas": {"series_norm": {"months": [1, 2, 3, 4, 5, 6, 7, 8, 9, 10, 11, 12], "demand": [1.0, 1.0, 1.0, 1.0, 1.0, 1.0, 1.0, 1.0, 1.0, 1.0, 1.0, 1.0], "solar_supply": [1.225794, 1.354299, 1.371019, 1.325006, 1.356732, 1.31097, 1.327162, 1.348238, 1.304765, 1.273173, 1.213919, 1.176046], "wind_supply": [26.335852, 17.624263, 21.921847, 11.281622, 13.066327, 16.775767, 12.367444, 18.794069, 16.316807, 17.150448, 26.127288, 25.887063], "mix_supply": [1.901502, 1.731342, 1.884124, 1.501889, 1.586632, 1.666783, 1.538714, 1.76381, 1.646669, 1.646372, 1.884582, 1.844301], "mix_storage": [0.048851, 0.049641, 0.049735, 0.050106, 0.050285, 0.050063, 0.05007, 0.051894, 0.050556, 0.049327, 0.048295, 0.049143], "mix_s_tot": 0.058016}}, "nldas": null}, "pdf": "figures/500.pdf"}