{"id": 501, "name": "Sumatera Utara", "country": "Indonesia", "level": "admin1", "continent": "Asia", "metrics": {"solar_cf": 0.1919, "wind_cf": 0.0021, "solar_f_adj": 1.3024, "wind_f_adj": 12.6833, "mix_alpha": 0.8, "mix_f_adj": 1.4771, "solar_s_tot_pct": 9.3055, "wind_s_tot_pct": 44.3734, "mix_s_tot_pct": 6.5341, "solar_s_seasonal_pct": 8.1535, "solar_s_diurnal_pct": 1.1519, "wind_s_seasonal_pct": 44.1309, "wind_s_diurnal_pct": 0.2425, "solar_flaute_days": 0.75, "wind_flaute_days": 122.875, "solar_gap30d_max": 0.615, "wind_gap30d_max": 1.0, "solar_trend_pct_decade": -0.0745, "wind_trend_pct_decade": -23.884}, "colocation": {"k": [0, 17, 35, 50], "storage_pct_cons": [6.5341, 1.7382, 0.7964, 0.7162], "pick": ["base", "solar", "wind", "wind"]}, "datasets": {"gldas": {"series_norm": {"months": [1, 2, 3, 4, 5, 6, 7, 8, 9, 10, 11, 12], "demand": [1.0, 1.0, 1.0, 1.0, 1.0, 1.0, 1.0, 1.0, 1.0, 1.0, 1.0, 1.0], "solar_supply": [1.250153, 1.414425, 1.426352, 1.340424, 1.362182, 1.340815, 1.344195, 1.339772, 1.266281, 1.232645, 1.154522, 1.163339], "wind_supply": [13.709457, 10.083308, 9.658472, 3.761641, 15.116729, 19.174919, 22.108988, 17.209395, 9.354082, 13.607931, 11.325265, 6.629866], "mix_supply": [1.453572, 1.518157, 1.519083, 1.303774, 1.587993, 1.663128, 1.734534, 1.616402, 1.366762, 1.435323, 1.311275, 1.209911], "mix_storage": [0.041386, 0.046755, 0.053421, 0.054683, 0.054446, 0.05669, 0.061107, 0.062645, 0.05953, 0.05685, 0.05031, 0.044007], "mix_s_tot": 0.065341}}, "nldas": null}, "pdf": "figures/501.pdf"}