{"id": 502, "name": "Aceh", "country": "Indonesia", "level": "admin1", "continent": "Asia", "metrics": {"solar_cf": 0.2056, "wind_cf": 0.0097, "solar_f_adj": 1.3383, "wind_f_adj": 21.4255, "mix_alpha": 0.95, "mix_f_adj": 1.3625, "solar_s_tot_pct": 6.5752, "wind_s_tot_pct": 28.7254, "mix_s_tot_pct": 6.5022, "solar_s_seasonal_pct": 5.9117, "solar_s_diurnal_pct": 0.6635, "wind_s_seasonal_pct": 28.7711, "wind_s_diurnal_pct": -0.0456, "solar_flaute_days": 1.875, "wind_flaute_days": 79.875, "solar_gap30d_max": 0.6397, "wind_gap30d_max": 1.0, "solar_trend_pct_decade": 3.4117, "wind_trend_pct_decade": -66.4204}, "colocation": {"k": [0, 17, 35, 50], "storage_pct_cons": [6.5022, 2.0648, 1.2169, 1.049], "pick": ["base", "wind", "wind", "wind"]}, "datasets": {"gldas": {"series_norm": {"months": [1, 2, 3, 4, 5, 6, 7, 8, 9, 10, 11, 12], "demand": [1.0, 1.0, 1.0, 1.0, 1.0, 1.0, 1.0, 1.0, 1.0, 1.0, 1.0, 1.0], "solar_supply": [1.327674, 1.498952, 1.508003, 1.409794, 1.373434, 1.359336, 1.35716, 1.346807, 1.289332, 1.23589, 1.159899, 1.203543], "wind_supply": [19.415765, 16.506089, 15.145515, 10.231576, 26.995294, 31.659804, 37.536591, 31.756994, 20.839893, 23.262615, 12.324359, 10.649441], "mix_supply": [1.345768, 1.502166, 1.506593, 1.395988, 1.414125, 1.415321, 1.431902, 1.403513, 1.313215, 1.269233, 1.160961, 1.197845], "mix_storage": [0.046937, 0.053104, 0.057627, 0.058921, 0.059468, 0.059499, 0.059918, 0.060963, 0.060352, 0.059402, 0.053569, 0.046652], "mix_s_tot": 0.065022}}, "nldas": null}, "pdf": "figures/502.pdf"}