{"id": 503, "name": "Kalimantan Tengah", "country": "Indonesia", "level": "admin1", "continent": "Asia", "metrics": {"solar_cf": 0.2021, "wind_cf": 0.0008, "solar_f_adj": 1.333, "wind_f_adj": 33.8557, "mix_alpha": 0.8, "mix_f_adj": 1.5384, "solar_s_tot_pct": 6.3632, "wind_s_tot_pct": 66.3955, "mix_s_tot_pct": 4.4542, "solar_s_seasonal_pct": 5.318, "solar_s_diurnal_pct": 1.0452, "wind_s_seasonal_pct": 66.0959, "wind_s_diurnal_pct": 0.2997, "solar_flaute_days": 0.75, "wind_flaute_days": 193.875, "solar_gap30d_max": 0.6131, "wind_gap30d_max": 1.0, "solar_trend_pct_decade": 2.06, "wind_trend_pct_decade": -29.1048}, "colocation": {"k": [0, 17, 35, 50], "storage_pct_cons": [4.4542, 1.2457, 0.642, 0.5264], "pick": ["base", "solar", "wind", "wind"]}, "datasets": {"gldas": {"series_norm": {"months": [1, 2, 3, 4, 5, 6, 7, 8, 9, 10, 11, 12], "demand": [1.0, 1.0, 1.0, 1.0, 1.0, 1.0, 1.0, 1.0, 1.0, 1.0, 1.0, 1.0], "solar_supply": [1.22454, 1.303855, 1.338636, 1.3465, 1.352521, 1.300873, 1.3497, 1.426762, 1.447435, 1.374754, 1.305337, 1.224371], "wind_supply": [91.016357, 48.806906, 14.968459, 5.734987, 3.610696, 8.378122, 19.577366, 34.882175, 42.858725, 21.68758, 8.869878, 104.971274], "mix_supply": [1.957804, 1.647428, 1.372011, 1.295356, 1.281609, 1.27725, 1.424113, 1.634358, 1.725939, 1.466424, 1.28584, 2.084473], "mix_storage": [0.038956, 0.038386, 0.03751, 0.037555, 0.037188, 0.035982, 0.03556, 0.038741, 0.040555, 0.040465, 0.038622, 0.038891], "mix_s_tot": 0.044542}}, "nldas": null}, "pdf": "figures/503.pdf"}