{"id": 504, "name": "Kalimantan Selatan", "country": "Indonesia", "level": "admin1", "continent": "Asia", "metrics": {"solar_cf": 0.1991, "wind_cf": 0.0149, "solar_f_adj": 1.3839, "wind_f_adj": 47.8762, "mix_alpha": 0.5, "mix_f_adj": 2.6202, "solar_s_tot_pct": 6.1948, "wind_s_tot_pct": 30.9239, "mix_s_tot_pct": 2.0406, "solar_s_seasonal_pct": 5.3498, "solar_s_diurnal_pct": 0.845, "wind_s_seasonal_pct": 30.8356, "wind_s_diurnal_pct": 0.0883, "solar_flaute_days": 1.625, "wind_flaute_days": 61.0, "solar_gap30d_max": 0.6231, "wind_gap30d_max": 1.0, "solar_trend_pct_decade": 0.648, "wind_trend_pct_decade": -63.5182}, "colocation": {"k": [0, 17, 35, 50], "storage_pct_cons": [2.0406, 0.7152, 0.6381, 0.6014], "pick": ["base", "wind", "wind", "wind"]}, "datasets": {"gldas": {"series_norm": {"months": [1, 2, 3, 4, 5, 6, 7, 8, 9, 10, 11, 12], "demand": [1.0, 1.0, 1.0, 1.0, 1.0, 1.0, 1.0, 1.0, 1.0, 1.0, 1.0, 1.0], "solar_supply": [1.251933, 1.314253, 1.36276, 1.395516, 1.402413, 1.314156, 1.385249, 1.523841, 1.564584, 1.489339, 1.360848, 1.238675], "wind_supply": [58.123346, 34.032, 16.389119, 9.060172, 13.296587, 28.117257, 56.663324, 98.44348, 106.073866, 64.395079, 25.202188, 62.748254], "mix_supply": [2.775686, 2.175442, 1.738578, 1.569037, 1.691492, 2.013497, 2.861942, 4.136426, 4.383797, 3.172055, 1.977931, 2.889691], "mix_storage": [0.018662, 0.018324, 0.018701, 0.018987, 0.019091, 0.018473, 0.018738, 0.019511, 0.019317, 0.019234, 0.018773, 0.018754], "mix_s_tot": 0.020406}}, "nldas": null}, "pdf": "figures/504.pdf"}