{"id": 505, "name": "Andhra Pradesh", "country": "India", "level": "admin1", "continent": "Asia", "metrics": {"solar_cf": 0.2261, "wind_cf": 0.1923, "solar_f_adj": 1.2711, "wind_f_adj": 1.8185, "mix_alpha": 0.85, "mix_f_adj": 1.3021, "solar_s_tot_pct": 10.0098, "wind_s_tot_pct": 30.8433, "mix_s_tot_pct": 9.096, "solar_s_seasonal_pct": 8.748, "solar_s_diurnal_pct": 1.2618, "wind_s_seasonal_pct": 29.3999, "wind_s_diurnal_pct": 1.4434, "solar_flaute_days": 0.875, "wind_flaute_days": 17.5, "solar_gap30d_max": 0.5874, "wind_gap30d_max": 0.903, "solar_trend_pct_decade": 2.8019, "wind_trend_pct_decade": 24.0562}, "colocation": {"k": [0, 17, 35, 50], "storage_pct_cons": [9.096, 3.4898, 2.3382, 1.7485], "pick": ["base", "solar", "wind", "wind"]}, "datasets": {"gldas": {"series_norm": {"months": [1, 2, 3, 4, 5, 6, 7, 8, 9, 10, 11, 12], "demand": [1.0, 1.0, 1.0, 1.0, 1.0, 1.0, 1.0, 1.0, 1.0, 1.0, 1.0, 1.0], "solar_supply": [1.251571, 1.419161, 1.549543, 1.593648, 1.455295, 1.172902, 1.081575, 1.133561, 1.180079, 1.176585, 1.121703, 1.129675], "wind_supply": [1.02142, 1.289696, 1.479175, 1.666573, 2.130438, 3.236042, 3.744696, 2.94579, 1.656033, 0.732642, 0.890009, 0.987447], "mix_supply": [1.199496, 1.374237, 1.508116, 1.566648, 1.496, 1.368856, 1.343966, 1.303426, 1.205405, 1.103187, 1.072301, 1.089707], "mix_storage": [0.045816, 0.050586, 0.064822, 0.076271, 0.082284, 0.083712, 0.08306, 0.082465, 0.080114, 0.072849, 0.061619, 0.050335], "mix_s_tot": 0.09096}}, "nldas": null}, "pdf": "figures/505.pdf"}