{"id": 506, "name": "Surt", "country": "Libya", "level": "admin1", "continent": "Africa", "metrics": {"solar_cf": 0.2369, "wind_cf": 0.4233, "solar_f_adj": 1.2632, "wind_f_adj": 1.4283, "mix_alpha": 0.0, "mix_f_adj": 1.4283, "solar_s_tot_pct": 18.1004, "wind_s_tot_pct": 12.4788, "mix_s_tot_pct": 12.4788, "solar_s_seasonal_pct": 17.0888, "solar_s_diurnal_pct": 1.0116, "wind_s_seasonal_pct": 12.5231, "wind_s_diurnal_pct": -0.0442, "solar_flaute_days": 0.875, "wind_flaute_days": 5.0, "solar_gap30d_max": 0.6577, "wind_gap30d_max": 0.6915, "solar_trend_pct_decade": 3.0733, "wind_trend_pct_decade": 9.4369}, "colocation": {"k": [0, 17, 35, 50], "storage_pct_cons": [12.4788, 8.4794, 5.4966, 3.7735], "pick": ["base", "solar", "solar", "solar"]}, "datasets": {"gldas": {"series_norm": {"months": [1, 2, 3, 4, 5, 6, 7, 8, 9, 10, 11, 12], "demand": [1.0, 1.0, 1.0, 1.0, 1.0, 1.0, 1.0, 1.0, 1.0, 1.0, 1.0, 1.0], "solar_supply": [0.788689, 0.988088, 1.26632, 1.466625, 1.594569, 1.716111, 1.718702, 1.601302, 1.373699, 1.071088, 0.841082, 0.718553], "wind_supply": [1.460475, 1.475001, 1.604235, 1.75997, 1.669395, 1.481024, 1.430913, 1.307831, 1.284625, 1.163655, 1.156212, 1.349305], "mix_supply": [1.460475, 1.475001, 1.604235, 1.75997, 1.669395, 1.481024, 1.430913, 1.307831, 1.284625, 1.163655, 1.156212, 1.349305], "mix_storage": [0.109346, 0.110323, 0.11338, 0.117615, 0.122244, 0.122493, 0.121489, 0.121406, 0.120002, 0.116017, 0.10946, 0.109491], "mix_s_tot": 0.124788}}, "nldas": null}, "pdf": "figures/506.pdf"}