{"id": 507, "name": "Misratah", "country": "Libya", "level": "admin1", "continent": "Africa", "metrics": {"solar_cf": 0.2337, "wind_cf": 0.3835, "solar_f_adj": 1.2586, "wind_f_adj": 1.5325, "mix_alpha": 0.1, "mix_f_adj": 1.4632, "solar_s_tot_pct": 19.42, "wind_s_tot_pct": 13.1448, "mix_s_tot_pct": 12.3769, "solar_s_seasonal_pct": 18.6332, "solar_s_diurnal_pct": 0.7868, "wind_s_seasonal_pct": 12.4158, "wind_s_diurnal_pct": 0.729, "solar_flaute_days": 1.75, "wind_flaute_days": 6.625, "solar_gap30d_max": 0.6637, "wind_gap30d_max": 0.7331, "solar_trend_pct_decade": 2.5672, "wind_trend_pct_decade": 11.251}, "colocation": {"k": [0, 17, 35, 50], "storage_pct_cons": [12.3769, 8.401, 5.6045, 3.9475], "pick": ["base", "solar", "solar", "solar"]}, "datasets": {"gldas": {"series_norm": {"months": [1, 2, 3, 4, 5, 6, 7, 8, 9, 10, 11, 12], "demand": [1.0, 1.0, 1.0, 1.0, 1.0, 1.0, 1.0, 1.0, 1.0, 1.0, 1.0, 1.0], "solar_supply": [0.770331, 0.979058, 1.260289, 1.468443, 1.608082, 1.727464, 1.744314, 1.611579, 1.356199, 1.052297, 0.817579, 0.693758], "wind_supply": [1.607201, 1.603948, 1.730544, 1.933083, 1.862346, 1.618731, 1.418536, 1.325491, 1.398392, 1.23135, 1.218983, 1.449356], "mix_supply": [1.470631, 1.492101, 1.633581, 1.831823, 1.787272, 1.591811, 1.421742, 1.326357, 1.359311, 1.180441, 1.142526, 1.326092], "mix_storage": [0.106149, 0.108262, 0.112525, 0.117502, 0.121747, 0.122458, 0.121406, 0.12051, 0.118995, 0.114946, 0.106954, 0.104915], "mix_s_tot": 0.123769}}, "nldas": null}, "pdf": "figures/507.pdf"}