{"id": 508, "name": "Al Marqab", "country": "Libya", "level": "admin1", "continent": "Africa", "metrics": {"solar_cf": 0.2093, "wind_cf": 0.4273, "solar_f_adj": 1.2638, "wind_f_adj": 1.4386, "mix_alpha": 0.2, "mix_f_adj": 1.3495, "solar_s_tot_pct": 21.1826, "wind_s_tot_pct": 12.348, "mix_s_tot_pct": 8.8064, "solar_s_seasonal_pct": 20.3772, "solar_s_diurnal_pct": 0.8054, "wind_s_seasonal_pct": 11.1855, "wind_s_diurnal_pct": 1.1624, "solar_flaute_days": 1.875, "wind_flaute_days": 4.75, "solar_gap30d_max": 0.6877, "wind_gap30d_max": 0.6319, "solar_trend_pct_decade": 3.2204, "wind_trend_pct_decade": 11.1186}, "colocation": {"k": [0, 17, 35, 50], "storage_pct_cons": [8.8064, 4.3477, 3.1691, 1.8096], "pick": ["base", "wind", "solar", "solar"]}, "datasets": {"gldas": {"series_norm": {"months": [1, 2, 3, 4, 5, 6, 7, 8, 9, 10, 11, 12], "demand": [1.0, 1.0, 1.0, 1.0, 1.0, 1.0, 1.0, 1.0, 1.0, 1.0, 1.0, 1.0], "solar_supply": [0.732105, 0.941186, 1.231559, 1.485583, 1.658817, 1.80318, 1.81588, 1.653825, 1.359817, 1.027783, 0.783077, 0.655613], "wind_supply": [1.688757, 1.616201, 1.636633, 1.710084, 1.645839, 1.377117, 1.191197, 1.102074, 1.261536, 1.172528, 1.299888, 1.573558], "mix_supply": [1.42366, 1.413863, 1.491209, 1.60058, 1.589365, 1.418536, 1.281727, 1.180236, 1.237113, 1.099408, 1.142723, 1.320874], "mix_storage": [0.071457, 0.074082, 0.078618, 0.082517, 0.08638, 0.086676, 0.08465, 0.081956, 0.079184, 0.073559, 0.066348, 0.068449], "mix_s_tot": 0.088064}}, "nldas": null}, "pdf": "figures/508.pdf"}