{"id": 509, "name": "Tajura' wa an Nawahi al Arba", "country": "Libya", "level": "admin1", "continent": "Africa", "metrics": {"solar_cf": 0.2171, "wind_cf": 0.474, "solar_f_adj": 1.258, "wind_f_adj": 1.2899, "mix_alpha": 0.35, "mix_f_adj": 1.2099, "solar_s_tot_pct": 23.4797, "wind_s_tot_pct": 13.1547, "mix_s_tot_pct": 11.7067, "solar_s_seasonal_pct": 22.5516, "solar_s_diurnal_pct": 0.9281, "wind_s_seasonal_pct": 12.7465, "wind_s_diurnal_pct": 0.4082, "solar_flaute_days": 1.75, "wind_flaute_days": 5.125, "solar_gap30d_max": 0.7012, "wind_gap30d_max": 0.557, "solar_trend_pct_decade": 1.3524, "wind_trend_pct_decade": 5.1889}, "colocation": {"k": [0, 17, 35, 50], "storage_pct_cons": [11.7067, 4.045, 2.0643, 1.5255], "pick": ["base", "wind", "wind", "solar"]}, "datasets": {"gldas": {"series_norm": {"months": [1, 2, 3, 4, 5, 6, 7, 8, 9, 10, 11, 12], "demand": [1.0, 1.0, 1.0, 1.0, 1.0, 1.0, 1.0, 1.0, 1.0, 1.0, 1.0, 1.0], "solar_supply": [0.687524, 0.894308, 1.204594, 1.489298, 1.687657, 1.842858, 1.849905, 1.683996, 1.366493, 1.007747, 0.749311, 0.612689], "wind_supply": [1.514761, 1.409709, 1.4096, 1.456813, 1.414095, 1.256424, 1.055577, 1.020991, 1.191992, 1.084968, 1.231526, 1.442184], "mix_supply": [1.154974, 1.160535, 1.264921, 1.389545, 1.430274, 1.38639, 1.266308, 1.189371, 1.186747, 1.000731, 1.003088, 1.085533], "mix_storage": [0.080739, 0.082053, 0.085813, 0.092863, 0.101856, 0.108234, 0.109952, 0.1092, 0.108025, 0.100529, 0.087331, 0.082111], "mix_s_tot": 0.117067}}, "nldas": null}, "pdf": "figures/509.pdf"}