{"id": 51, "name": "Georgia", "country": "Georgia", "level": "admin0", "continent": "Asia", "metrics": {"solar_cf": 0.1575, "wind_cf": 0.1023, "solar_f_adj": 1.3221, "wind_f_adj": 2.4615, "mix_alpha": 0.0, "mix_f_adj": 2.4615, "solar_s_tot_pct": 24.1999, "wind_s_tot_pct": 15.0855, "mix_s_tot_pct": 15.0855, "solar_s_seasonal_pct": 23.1505, "solar_s_diurnal_pct": 1.0494, "wind_s_seasonal_pct": 15.1111, "wind_s_diurnal_pct": -0.0256, "solar_flaute_days": 1.75, "wind_flaute_days": 10.75, "solar_gap30d_max": 0.741, "wind_gap30d_max": 0.8956, "solar_trend_pct_decade": 0.8599, "wind_trend_pct_decade": -47.5766}, "colocation": {"k": [0, 17, 35, 50], "storage_pct_cons": [15.0855, 11.1496, 7.7324, 5.5225], "pick": ["base", "solar", "solar", "solar"]}, "datasets": {"gldas": {"series_norm": {"months": [1, 2, 3, 4, 5, 6, 7, 8, 9, 10, 11, 12], "demand": [1.0, 1.0, 1.0, 1.0, 1.0, 1.0, 1.0, 1.0, 1.0, 1.0, 1.0, 1.0], "solar_supply": [0.589883, 0.845929, 1.149361, 1.50397, 1.852887, 2.123069, 2.159146, 1.963325, 1.484125, 0.990862, 0.666516, 0.508959], "wind_supply": [3.117192, 3.315238, 3.281958, 2.516557, 2.088584, 2.096528, 1.857811, 1.873769, 1.820635, 2.071311, 2.471604, 3.072361], "mix_supply": [3.117192, 3.315238, 3.281958, 2.516557, 2.088584, 2.096528, 1.857811, 1.873769, 1.820635, 2.071311, 2.471604, 3.072361], "mix_storage": [0.136217, 0.137186, 0.141157, 0.143676, 0.142988, 0.145964, 0.146418, 0.145713, 0.143191, 0.139326, 0.130235, 0.131982], "mix_s_tot": 0.150855}}, "nldas": null}, "pdf": "figures/51.pdf"}