{"id": 510, "name": "Az Zawiyah", "country": "Libya", "level": "admin1", "continent": "Africa", "metrics": {"solar_cf": 0.2272, "wind_cf": 0.3709, "solar_f_adj": 1.2485, "wind_f_adj": 1.4312, "mix_alpha": 0.05, "mix_f_adj": 1.4064, "solar_s_tot_pct": 21.0334, "wind_s_tot_pct": 9.963, "mix_s_tot_pct": 9.8511, "solar_s_seasonal_pct": 20.3175, "solar_s_diurnal_pct": 0.7159, "wind_s_seasonal_pct": 9.3857, "wind_s_diurnal_pct": 0.5773, "solar_flaute_days": 2.75, "wind_flaute_days": 7.125, "solar_gap30d_max": 0.6934, "wind_gap30d_max": 0.6645, "solar_trend_pct_decade": 1.9678, "wind_trend_pct_decade": 4.9804}, "colocation": {"k": [0, 17, 35, 50], "storage_pct_cons": [9.8511, 5.6461, 3.3017, 2.5364], "pick": ["base", "solar", "solar", "solar"]}, "datasets": {"gldas": {"series_norm": {"months": [1, 2, 3, 4, 5, 6, 7, 8, 9, 10, 11, 12], "demand": [1.0, 1.0, 1.0, 1.0, 1.0, 1.0, 1.0, 1.0, 1.0, 1.0, 1.0, 1.0], "solar_supply": [0.711105, 0.918376, 1.219997, 1.478956, 1.639586, 1.787442, 1.801075, 1.646421, 1.352812, 1.012059, 0.767398, 0.629664], "wind_supply": [1.533564, 1.514754, 1.565986, 1.666404, 1.67601, 1.513931, 1.348311, 1.27536, 1.304495, 1.109078, 1.255214, 1.419032], "mix_supply": [1.471743, 1.465856, 1.530675, 1.639008, 1.657024, 1.514039, 1.36019, 1.283373, 1.294036, 1.092407, 1.215054, 1.360231], "mix_storage": [0.082668, 0.082224, 0.087112, 0.09241, 0.095948, 0.097303, 0.096552, 0.094724, 0.094519, 0.088563, 0.08088, 0.08278], "mix_s_tot": 0.098511}}, "nldas": null}, "pdf": "figures/510.pdf"}