{"id": 511, "name": "Annaba", "country": "Algeria", "level": "admin1", "continent": "Africa", "metrics": {"solar_cf": 0.1926, "wind_cf": 0.2223, "solar_f_adj": 1.3307, "wind_f_adj": 2.1299, "mix_alpha": 0.25, "mix_f_adj": 1.6576, "solar_s_tot_pct": 23.2889, "wind_s_tot_pct": 17.9761, "mix_s_tot_pct": 9.2771, "solar_s_seasonal_pct": 22.5228, "solar_s_diurnal_pct": 0.7662, "wind_s_seasonal_pct": 16.9465, "wind_s_diurnal_pct": 1.0296, "solar_flaute_days": 2.75, "wind_flaute_days": 12.25, "solar_gap30d_max": 0.7532, "wind_gap30d_max": 0.8543, "solar_trend_pct_decade": 1.911, "wind_trend_pct_decade": -32.735}, "colocation": {"k": [0, 17, 35, 50], "storage_pct_cons": [9.2771, 5.8518, 4.735, 3.7542], "pick": ["base", "wind", "solar", "solar"]}, "datasets": {"gldas": {"series_norm": {"months": [1, 2, 3, 4, 5, 6, 7, 8, 9, 10, 11, 12], "demand": [1.0, 1.0, 1.0, 1.0, 1.0, 1.0, 1.0, 1.0, 1.0, 1.0, 1.0, 1.0], "solar_supply": [0.644226, 0.887481, 1.23216, 1.555917, 1.832254, 2.079958, 2.090655, 1.854316, 1.412243, 1.058257, 0.717656, 0.577649], "wind_supply": [3.121529, 2.97757, 2.738259, 2.226835, 1.92985, 1.446038, 1.405702, 1.282808, 1.435993, 1.623976, 2.559452, 2.858807], "mix_supply": [2.022638, 2.014366, 1.982024, 1.784336, 1.697047, 1.491791, 1.471579, 1.326245, 1.277985, 1.277469, 1.717426, 1.848556], "mix_storage": [0.081525, 0.08079, 0.081752, 0.083867, 0.085667, 0.087014, 0.087275, 0.086902, 0.081632, 0.072271, 0.070628, 0.078207], "mix_s_tot": 0.092771}}, "nldas": null}, "pdf": "figures/511.pdf"}