{"id": 512, "name": "Skikda", "country": "Algeria", "level": "admin1", "continent": "Africa", "metrics": {"solar_cf": 0.1906, "wind_cf": 0.176, "solar_f_adj": 1.3059, "wind_f_adj": 2.7107, "mix_alpha": 0.2, "mix_f_adj": 2.0693, "solar_s_tot_pct": 23.2077, "wind_s_tot_pct": 16.6793, "mix_s_tot_pct": 8.821, "solar_s_seasonal_pct": 22.4048, "solar_s_diurnal_pct": 0.8028, "wind_s_seasonal_pct": 14.2622, "wind_s_diurnal_pct": 2.4171, "solar_flaute_days": 2.75, "wind_flaute_days": 9.375, "solar_gap30d_max": 0.7396, "wind_gap30d_max": 0.9094, "solar_trend_pct_decade": 1.5426, "wind_trend_pct_decade": -8.8128}, "colocation": {"k": [0, 17, 35, 50], "storage_pct_cons": [8.821, 5.8655, 4.6447, 3.6391], "pick": ["base", "solar", "solar", "solar"]}, "datasets": {"gldas": {"series_norm": {"months": [1, 2, 3, 4, 5, 6, 7, 8, 9, 10, 11, 12], "demand": [1.0, 1.0, 1.0, 1.0, 1.0, 1.0, 1.0, 1.0, 1.0, 1.0, 1.0, 1.0], "solar_supply": [0.642702, 0.877453, 1.210215, 1.527509, 1.790398, 2.035393, 2.053897, 1.82431, 1.375099, 1.035791, 0.700989, 0.57274], "wind_supply": [3.930068, 3.612495, 3.387961, 2.778054, 2.409982, 1.88936, 1.926953, 1.787486, 1.821471, 2.034586, 3.366261, 3.632533], "mix_supply": [2.603787, 2.484238, 2.45257, 2.180649, 2.039178, 1.798873, 1.827695, 1.669764, 1.54816, 1.570781, 2.27794, 2.39991], "mix_storage": [0.081403, 0.084376, 0.086088, 0.085937, 0.086485, 0.086254, 0.086448, 0.086161, 0.082708, 0.076804, 0.076297, 0.077989], "mix_s_tot": 0.08821}}, "nldas": null}, "pdf": "figures/512.pdf"}