{"id": 513, "name": "Jijel", "country": "Algeria", "level": "admin1", "continent": "Africa", "metrics": {"solar_cf": 0.1916, "wind_cf": 0.1346, "solar_f_adj": 1.3054, "wind_f_adj": 4.0894, "mix_alpha": 0.25, "mix_f_adj": 2.4392, "solar_s_tot_pct": 22.6038, "wind_s_tot_pct": 20.348, "mix_s_tot_pct": 12.8118, "solar_s_seasonal_pct": 21.7905, "solar_s_diurnal_pct": 0.8134, "wind_s_seasonal_pct": 18.6951, "wind_s_diurnal_pct": 1.6529, "solar_flaute_days": 2.75, "wind_flaute_days": 16.375, "solar_gap30d_max": 0.7357, "wind_gap30d_max": 0.9416, "solar_trend_pct_decade": 1.5244, "wind_trend_pct_decade": -28.3449}, "colocation": {"k": [0, 17, 35, 50], "storage_pct_cons": [12.8118, 7.5929, 5.8663, 4.4495], "pick": ["base", "wind", "solar", "solar"]}, "datasets": {"gldas": {"series_norm": {"months": [1, 2, 3, 4, 5, 6, 7, 8, 9, 10, 11, 12], "demand": [1.0, 1.0, 1.0, 1.0, 1.0, 1.0, 1.0, 1.0, 1.0, 1.0, 1.0, 1.0], "solar_supply": [0.649122, 0.881834, 1.200454, 1.523174, 1.78545, 2.035051, 2.049129, 1.829945, 1.380307, 1.036557, 0.695445, 0.574393], "wind_supply": [5.617406, 5.158846, 4.922842, 4.177609, 3.567967, 3.105084, 3.233164, 2.969126, 2.823156, 3.01285, 5.102652, 5.44027], "mix_supply": [2.816147, 2.719715, 2.762971, 2.58034, 2.430131, 2.339653, 2.403525, 2.183024, 1.907693, 1.831982, 2.607512, 2.701999], "mix_storage": [0.115266, 0.118781, 0.122035, 0.123493, 0.124153, 0.125146, 0.126807, 0.12741, 0.125909, 0.122053, 0.120492, 0.117148], "mix_s_tot": 0.128118}}, "nldas": null}, "pdf": "figures/513.pdf"}