{"id": 514, "name": "B\u00e9ja\u00efa", "country": "Algeria", "level": "admin1", "continent": "Africa", "metrics": {"solar_cf": 0.1884, "wind_cf": 0.1518, "solar_f_adj": 1.3212, "wind_f_adj": 2.3405, "mix_alpha": 0.3, "mix_f_adj": 1.756, "solar_s_tot_pct": 22.2624, "wind_s_tot_pct": 19.7984, "mix_s_tot_pct": 12.7933, "solar_s_seasonal_pct": 21.3574, "solar_s_diurnal_pct": 0.905, "wind_s_seasonal_pct": 17.2496, "wind_s_diurnal_pct": 2.5488, "solar_flaute_days": 2.75, "wind_flaute_days": 11.5, "solar_gap30d_max": 0.7444, "wind_gap30d_max": 0.8357, "solar_trend_pct_decade": 0.7874, "wind_trend_pct_decade": -21.6754}, "colocation": {"k": [0, 17, 35, 50], "storage_pct_cons": [12.7933, 7.6574, 4.8345, 3.1111], "pick": ["base", "wind", "solar", "solar"]}, "datasets": {"gldas": {"series_norm": {"months": [1, 2, 3, 4, 5, 6, 7, 8, 9, 10, 11, 12], "demand": [1.0, 1.0, 1.0, 1.0, 1.0, 1.0, 1.0, 1.0, 1.0, 1.0, 1.0, 1.0], "solar_supply": [0.659863, 0.886752, 1.204398, 1.528941, 1.809212, 2.063719, 2.064047, 1.851215, 1.41281, 1.056855, 0.705521, 0.586518], "wind_supply": [3.093216, 2.902739, 2.749292, 2.385754, 2.020846, 1.817137, 1.861828, 1.7031, 1.67165, 1.825582, 3.064925, 3.026106], "mix_supply": [1.887616, 1.878044, 1.924104, 1.862578, 1.78268, 1.77717, 1.800771, 1.632551, 1.441236, 1.380156, 1.890963, 1.823127], "mix_storage": [0.106637, 0.106876, 0.112964, 0.1179, 0.119271, 0.120455, 0.122212, 0.123348, 0.121136, 0.112448, 0.110151, 0.110157], "mix_s_tot": 0.127933}}, "nldas": null}, "pdf": "figures/514.pdf"}