{"id": 515, "name": "Tizi Ouzou", "country": "Algeria", "level": "admin1", "continent": "Africa", "metrics": {"solar_cf": 0.1888, "wind_cf": 0.2109, "solar_f_adj": 1.3372, "wind_f_adj": 2.5835, "mix_alpha": 0.3, "mix_f_adj": 1.8404, "solar_s_tot_pct": 21.1676, "wind_s_tot_pct": 18.178, "mix_s_tot_pct": 13.5751, "solar_s_seasonal_pct": 20.4077, "solar_s_diurnal_pct": 0.7598, "wind_s_seasonal_pct": 17.3603, "wind_s_diurnal_pct": 0.8177, "solar_flaute_days": 2.75, "wind_flaute_days": 17.25, "solar_gap30d_max": 0.7349, "wind_gap30d_max": 0.8507, "solar_trend_pct_decade": 0.311, "wind_trend_pct_decade": -20.3562}, "colocation": {"k": [0, 17, 35, 50], "storage_pct_cons": [13.5751, 8.2918, 5.259, 3.0767], "pick": ["base", "wind", "solar", "solar"]}, "datasets": {"gldas": {"series_norm": {"months": [1, 2, 3, 4, 5, 6, 7, 8, 9, 10, 11, 12], "demand": [1.0, 1.0, 1.0, 1.0, 1.0, 1.0, 1.0, 1.0, 1.0, 1.0, 1.0, 1.0], "solar_supply": [0.666475, 0.897424, 1.224741, 1.560615, 1.831311, 2.082161, 2.068232, 1.869025, 1.435253, 1.076881, 0.712586, 0.597029], "wind_supply": [3.231773, 3.152353, 2.966674, 2.635331, 2.267537, 2.08493, 2.171916, 2.043683, 1.949643, 2.107086, 3.283464, 3.145682], "mix_supply": [1.88679, 1.942543, 1.985097, 1.958545, 1.886904, 1.899417, 1.937044, 1.790846, 1.564848, 1.495391, 1.931606, 1.815184], "mix_storage": [0.118431, 0.119695, 0.123348, 0.126421, 0.127194, 0.127946, 0.1295, 0.130948, 0.130392, 0.126701, 0.124253, 0.121106], "mix_s_tot": 0.135751}}, "nldas": null}, "pdf": "figures/515.pdf"}