{"id": 516, "name": "Boumerd\u00e8s", "country": "Algeria", "level": "admin1", "continent": "Africa", "metrics": {"solar_cf": 0.1978, "wind_cf": 0.363, "solar_f_adj": 1.3106, "wind_f_adj": 1.4614, "mix_alpha": 0.3, "mix_f_adj": 1.3399, "solar_s_tot_pct": 21.3671, "wind_s_tot_pct": 19.5372, "mix_s_tot_pct": 12.1298, "solar_s_seasonal_pct": 20.3589, "solar_s_diurnal_pct": 1.0082, "wind_s_seasonal_pct": 18.2682, "wind_s_diurnal_pct": 1.269, "solar_flaute_days": 1.875, "wind_flaute_days": 6.0, "solar_gap30d_max": 0.7267, "wind_gap30d_max": 0.7266, "solar_trend_pct_decade": 0.0768, "wind_trend_pct_decade": -2.6576}, "colocation": {"k": [0, 17, 35, 50], "storage_pct_cons": [12.1298, 8.003, 4.9214, 3.0829], "pick": ["base", "solar", "solar", "solar"]}, "datasets": {"gldas": {"series_norm": {"months": [1, 2, 3, 4, 5, 6, 7, 8, 9, 10, 11, 12], "demand": [1.0, 1.0, 1.0, 1.0, 1.0, 1.0, 1.0, 1.0, 1.0, 1.0, 1.0, 1.0], "solar_supply": [0.656706, 0.884225, 1.21141, 1.550334, 1.797621, 2.032448, 2.005305, 1.823578, 1.408795, 1.05416, 0.694447, 0.584193], "wind_supply": [1.718144, 1.708684, 1.586533, 1.512705, 1.34442, 1.239954, 1.300111, 1.265413, 1.240839, 1.229837, 1.738154, 1.670679], "mix_supply": [1.304106, 1.367817, 1.389773, 1.446343, 1.414185, 1.419164, 1.449448, 1.371441, 1.228451, 1.112619, 1.328523, 1.251402], "mix_storage": [0.086987, 0.086137, 0.090657, 0.098352, 0.101314, 0.1038, 0.107436, 0.109219, 0.106853, 0.098859, 0.094721, 0.091471], "mix_s_tot": 0.121298}}, "nldas": null}, "pdf": "figures/516.pdf"}