{"id": 517, "name": "Alger", "country": "Algeria", "level": "admin1", "continent": "Africa", "metrics": {"solar_cf": 0.2013, "wind_cf": 0.2426, "solar_f_adj": 1.2778, "wind_f_adj": 1.6462, "mix_alpha": 0.35, "mix_f_adj": 1.4189, "solar_s_tot_pct": 21.3619, "wind_s_tot_pct": 19.2125, "mix_s_tot_pct": 10.8514, "solar_s_seasonal_pct": 20.1416, "solar_s_diurnal_pct": 1.2202, "wind_s_seasonal_pct": 17.9127, "wind_s_diurnal_pct": 1.2998, "solar_flaute_days": 1.75, "wind_flaute_days": 8.75, "solar_gap30d_max": 0.7085, "wind_gap30d_max": 0.7877, "solar_trend_pct_decade": 0.5484, "wind_trend_pct_decade": -25.4103}, "colocation": {"k": [0, 17, 35, 50], "storage_pct_cons": [10.8514, 7.3914, 4.8888, 3.4558], "pick": ["base", "solar", "solar", "solar"]}, "datasets": {"gldas": {"series_norm": {"months": [1, 2, 3, 4, 5, 6, 7, 8, 9, 10, 11, 12], "demand": [1.0, 1.0, 1.0, 1.0, 1.0, 1.0, 1.0, 1.0, 1.0, 1.0, 1.0, 1.0], "solar_supply": [0.653079, 0.876692, 1.184563, 1.499078, 1.745496, 1.965702, 1.938421, 1.761482, 1.376169, 1.037162, 0.691307, 0.582431], "wind_supply": [2.016163, 2.091816, 1.972205, 1.795385, 1.510852, 1.351946, 1.316003, 1.251482, 1.262846, 1.308045, 2.004724, 1.906977], "mix_supply": [1.383372, 1.512662, 1.565301, 1.588472, 1.52483, 1.521385, 1.490645, 1.385731, 1.242349, 1.135919, 1.39182, 1.294744], "mix_storage": [0.075527, 0.075373, 0.079486, 0.086781, 0.091756, 0.096768, 0.101471, 0.103327, 0.100903, 0.091118, 0.087251, 0.082844], "mix_s_tot": 0.108514}}, "nldas": null}, "pdf": "figures/517.pdf"}