{"id": 518, "name": "Tipaza", "country": "Algeria", "level": "admin1", "continent": "Africa", "metrics": {"solar_cf": 0.2046, "wind_cf": 0.3508, "solar_f_adj": 1.2711, "wind_f_adj": 1.413, "mix_alpha": 0.15, "mix_f_adj": 1.3465, "solar_s_tot_pct": 22.7194, "wind_s_tot_pct": 11.49, "mix_s_tot_pct": 8.9963, "solar_s_seasonal_pct": 21.6275, "solar_s_diurnal_pct": 1.0919, "wind_s_seasonal_pct": 10.911, "wind_s_diurnal_pct": 0.579, "solar_flaute_days": 1.75, "wind_flaute_days": 8.75, "solar_gap30d_max": 0.7094, "wind_gap30d_max": 0.6901, "solar_trend_pct_decade": 0.3017, "wind_trend_pct_decade": -9.8109}, "colocation": {"k": [0, 17, 35, 50], "storage_pct_cons": [8.9963, 5.726, 3.4949, 2.3947], "pick": ["base", "wind", "solar", "solar"]}, "datasets": {"gldas": {"series_norm": {"months": [1, 2, 3, 4, 5, 6, 7, 8, 9, 10, 11, 12], "demand": [1.0, 1.0, 1.0, 1.0, 1.0, 1.0, 1.0, 1.0, 1.0, 1.0, 1.0, 1.0], "solar_supply": [0.649524, 0.876883, 1.174626, 1.495481, 1.744574, 1.957681, 1.926605, 1.74874, 1.374568, 1.024922, 0.680277, 0.578087], "wind_supply": [1.619692, 1.70862, 1.635366, 1.54823, 1.340851, 1.186868, 1.154468, 1.158064, 1.224728, 1.192036, 1.649023, 1.562679], "mix_supply": [1.415145, 1.523302, 1.511276, 1.491678, 1.363281, 1.272416, 1.241235, 1.215886, 1.210431, 1.128395, 1.44379, 1.357615], "mix_storage": [0.070211, 0.071473, 0.076734, 0.083708, 0.084733, 0.084306, 0.0835, 0.081249, 0.080006, 0.073667, 0.073373, 0.073792], "mix_s_tot": 0.089963}}, "nldas": null}, "pdf": "figures/518.pdf"}