{"id": 519, "name": "Chlef", "country": "Algeria", "level": "admin1", "continent": "Africa", "metrics": {"solar_cf": 0.2071, "wind_cf": 0.1939, "solar_f_adj": 1.2787, "wind_f_adj": 2.3164, "mix_alpha": 0.35, "mix_f_adj": 1.6743, "solar_s_tot_pct": 22.2128, "wind_s_tot_pct": 22.3719, "mix_s_tot_pct": 16.8141, "solar_s_seasonal_pct": 21.1335, "solar_s_diurnal_pct": 1.0793, "wind_s_seasonal_pct": 21.7032, "wind_s_diurnal_pct": 0.6687, "solar_flaute_days": 2.875, "wind_flaute_days": 14.625, "solar_gap30d_max": 0.7124, "wind_gap30d_max": 0.9416, "solar_trend_pct_decade": 0.8408, "wind_trend_pct_decade": -1.8181}, "colocation": {"k": [0, 17, 35, 50], "storage_pct_cons": [16.8141, 12.2651, 8.5522, 5.6406], "pick": ["base", "solar", "solar", "solar"]}, "datasets": {"gldas": {"series_norm": {"months": [1, 2, 3, 4, 5, 6, 7, 8, 9, 10, 11, 12], "demand": [1.0, 1.0, 1.0, 1.0, 1.0, 1.0, 1.0, 1.0, 1.0, 1.0, 1.0, 1.0], "solar_supply": [0.661302, 0.88925, 1.185304, 1.507222, 1.755565, 1.947899, 1.929852, 1.757968, 1.381976, 1.03029, 0.688534, 0.587881], "wind_supply": [2.518439, 2.684891, 2.905629, 2.806118, 2.405513, 2.190417, 1.90274, 1.818745, 1.821979, 1.827041, 2.606649, 2.346736], "mix_supply": [1.486293, 1.668962, 1.908348, 2.009125, 1.934722, 1.921808, 1.77838, 1.660145, 1.489352, 1.330558, 1.540217, 1.371975], "mix_storage": [0.131942, 0.135989, 0.146497, 0.152278, 0.15532, 0.158143, 0.161775, 0.164797, 0.163933, 0.15714, 0.149832, 0.14301], "mix_s_tot": 0.168141}}, "nldas": null}, "pdf": "figures/519.pdf"}