{"id": 52, "name": "North Macedonia", "country": "North Macedonia", "level": "admin0", "continent": "Europe", "metrics": {"solar_cf": 0.1648, "wind_cf": 0.095, "solar_f_adj": 1.3263, "wind_f_adj": 2.2853, "mix_alpha": 0.6, "mix_f_adj": 1.4978, "solar_s_tot_pct": 26.9345, "wind_s_tot_pct": 21.3824, "mix_s_tot_pct": 18.811, "solar_s_seasonal_pct": 26.0208, "solar_s_diurnal_pct": 0.9137, "wind_s_seasonal_pct": 21.2053, "wind_s_diurnal_pct": 0.1771, "solar_flaute_days": 2.75, "wind_flaute_days": 18.875, "solar_gap30d_max": 0.7724, "wind_gap30d_max": 0.9459, "solar_trend_pct_decade": 1.0835, "wind_trend_pct_decade": -35.3974}, "colocation": {"k": [0, 17, 35, 50], "storage_pct_cons": [18.811, 13.4508, 8.7084, 6.1289], "pick": ["base", "wind", "wind", "wind"]}, "datasets": {"gldas": {"series_norm": {"months": [1, 2, 3, 4, 5, 6, 7, 8, 9, 10, 11, 12], "demand": [1.0, 1.0, 1.0, 1.0, 1.0, 1.0, 1.0, 1.0, 1.0, 1.0, 1.0, 1.0], "solar_supply": [0.553619, 0.809336, 1.163307, 1.511468, 1.896171, 2.205044, 2.283356, 1.991955, 1.425484, 0.963035, 0.611756, 0.469309], "wind_supply": [3.067743, 3.292014, 3.15136, 2.488919, 1.940755, 1.546729, 1.851352, 1.49231, 1.723555, 1.772708, 2.27983, 2.869664], "mix_supply": [1.179374, 1.41144, 1.61441, 1.67665, 1.79361, 1.899599, 2.032523, 1.740946, 1.417738, 1.117277, 1.012205, 1.070318], "mix_storage": [0.111885, 0.104306, 0.104905, 0.118155, 0.136642, 0.157622, 0.177812, 0.185143, 0.184464, 0.173446, 0.151454, 0.12618], "mix_s_tot": 0.18811}}, "nldas": null}, "pdf": "figures/52.pdf"}