{"id": 520, "name": "Mostaganem", "country": "Algeria", "level": "admin1", "continent": "Africa", "metrics": {"solar_cf": 0.2039, "wind_cf": 0.2816, "solar_f_adj": 1.278, "wind_f_adj": 2.0485, "mix_alpha": 0.3, "mix_f_adj": 1.6289, "solar_s_tot_pct": 21.8539, "wind_s_tot_pct": 20.1903, "mix_s_tot_pct": 16.4377, "solar_s_seasonal_pct": 20.7508, "solar_s_diurnal_pct": 1.103, "wind_s_seasonal_pct": 18.8079, "wind_s_diurnal_pct": 1.3824, "solar_flaute_days": 2.5, "wind_flaute_days": 11.75, "solar_gap30d_max": 0.7098, "wind_gap30d_max": 0.909, "solar_trend_pct_decade": 0.2505, "wind_trend_pct_decade": -20.0248}, "colocation": {"k": [0, 17, 35, 50], "storage_pct_cons": [16.4377, 11.4966, 7.1612, 4.4203], "pick": ["base", "wind", "solar", "solar"]}, "datasets": {"gldas": {"series_norm": {"months": [1, 2, 3, 4, 5, 6, 7, 8, 9, 10, 11, 12], "demand": [1.0, 1.0, 1.0, 1.0, 1.0, 1.0, 1.0, 1.0, 1.0, 1.0, 1.0, 1.0], "solar_supply": [0.669363, 0.899214, 1.199508, 1.504461, 1.75677, 1.930487, 1.920467, 1.743346, 1.368115, 1.029051, 0.697826, 0.596148], "wind_supply": [2.263853, 2.490369, 2.548787, 2.394528, 2.144275, 1.911361, 1.603799, 1.540831, 1.646283, 1.6384, 2.304276, 2.136781], "mix_supply": [1.51606, 1.730034, 1.877377, 1.908121, 1.865302, 1.802083, 1.627056, 1.52428, 1.439496, 1.305457, 1.549444, 1.417334], "mix_storage": [0.135437, 0.139558, 0.148356, 0.154092, 0.156407, 0.15761, 0.158742, 0.158772, 0.157924, 0.152257, 0.147888, 0.143952], "mix_s_tot": 0.164377}}, "nldas": null}, "pdf": "figures/520.pdf"}