{"id": 521, "name": "Oran", "country": "Algeria", "level": "admin1", "continent": "Africa", "metrics": {"solar_cf": 0.1942, "wind_cf": 0.3198, "solar_f_adj": 1.2786, "wind_f_adj": 1.5087, "mix_alpha": 0.2, "mix_f_adj": 1.4009, "solar_s_tot_pct": 21.1181, "wind_s_tot_pct": 13.6565, "mix_s_tot_pct": 12.8935, "solar_s_seasonal_pct": 20.0036, "solar_s_diurnal_pct": 1.1144, "wind_s_seasonal_pct": 13.1955, "wind_s_diurnal_pct": 0.461, "solar_flaute_days": 1.75, "wind_flaute_days": 9.5, "solar_gap30d_max": 0.711, "wind_gap30d_max": 0.781, "solar_trend_pct_decade": 0.6799, "wind_trend_pct_decade": -11.0486}, "colocation": {"k": [0, 17, 35, 50], "storage_pct_cons": [12.8935, 9.1786, 5.6057, 3.579], "pick": ["base", "solar", "solar", "solar"]}, "datasets": {"gldas": {"series_norm": {"months": [1, 2, 3, 4, 5, 6, 7, 8, 9, 10, 11, 12], "demand": [1.0, 1.0, 1.0, 1.0, 1.0, 1.0, 1.0, 1.0, 1.0, 1.0, 1.0, 1.0], "solar_supply": [0.68756, 0.913806, 1.19929, 1.514325, 1.752692, 1.912814, 1.886094, 1.724768, 1.3669, 1.035775, 0.71429, 0.61468], "wind_supply": [1.697844, 1.83951, 1.866497, 1.761087, 1.588957, 1.412148, 1.177704, 1.131371, 1.225484, 1.213443, 1.673729, 1.547223], "mix_supply": [1.411839, 1.566647, 1.64925, 1.639984, 1.564357, 1.468109, 1.288106, 1.218338, 1.209827, 1.128324, 1.399783, 1.283986], "mix_storage": [0.092457, 0.096845, 0.109667, 0.121021, 0.12371, 0.125046, 0.123191, 0.117655, 0.112619, 0.102889, 0.100255, 0.099869], "mix_s_tot": 0.128935}}, "nldas": null}, "pdf": "figures/521.pdf"}