{"id": 522, "name": "A\u00efn T\u00e9mouchent", "country": "Algeria", "level": "admin1", "continent": "Africa", "metrics": {"solar_cf": 0.2065, "wind_cf": 0.2812, "solar_f_adj": 1.277, "wind_f_adj": 1.9298, "mix_alpha": 0.15, "mix_f_adj": 1.7311, "solar_s_tot_pct": 20.7818, "wind_s_tot_pct": 14.2271, "mix_s_tot_pct": 10.6662, "solar_s_seasonal_pct": 19.6523, "solar_s_diurnal_pct": 1.1295, "wind_s_seasonal_pct": 12.6695, "wind_s_diurnal_pct": 1.5576, "solar_flaute_days": 1.75, "wind_flaute_days": 5.0, "solar_gap30d_max": 0.711, "wind_gap30d_max": 0.8062, "solar_trend_pct_decade": 1.2373, "wind_trend_pct_decade": -7.9869}, "colocation": {"k": [0, 17, 35, 50], "storage_pct_cons": [10.6662, 7.1162, 4.0763, 3.2188], "pick": ["base", "solar", "solar", "solar"]}, "datasets": {"gldas": {"series_norm": {"months": [1, 2, 3, 4, 5, 6, 7, 8, 9, 10, 11, 12], "demand": [1.0, 1.0, 1.0, 1.0, 1.0, 1.0, 1.0, 1.0, 1.0, 1.0, 1.0, 1.0], "solar_supply": [0.692795, 0.913701, 1.195444, 1.512704, 1.743591, 1.900479, 1.881866, 1.714978, 1.370642, 1.035021, 0.722089, 0.621055], "wind_supply": [2.18316, 2.35331, 2.367446, 2.260849, 2.045851, 1.816622, 1.546319, 1.469824, 1.541514, 1.52486, 2.125179, 1.960392], "mix_supply": [1.805482, 1.980136, 2.048202, 2.031434, 1.91445, 1.771568, 1.561684, 1.469423, 1.454071, 1.373129, 1.767229, 1.621039], "mix_storage": [0.084388, 0.093349, 0.099226, 0.102783, 0.10448, 0.104658, 0.103054, 0.099176, 0.095085, 0.087244, 0.085608, 0.088146], "mix_s_tot": 0.106662}}, "nldas": null}, "pdf": "figures/522.pdf"}