{"id": 523, "name": "Colima", "country": "Mexico", "level": "admin1", "continent": "North America", "metrics": {"solar_cf": 0.2494, "wind_cf": 0.0584, "solar_f_adj": 1.2855, "wind_f_adj": 3.3648, "mix_alpha": 0.85, "mix_f_adj": 1.3985, "solar_s_tot_pct": 12.3179, "wind_s_tot_pct": 29.1158, "mix_s_tot_pct": 10.2095, "solar_s_seasonal_pct": 10.1384, "solar_s_diurnal_pct": 2.1795, "wind_s_seasonal_pct": 26.5411, "wind_s_diurnal_pct": 2.5747, "solar_flaute_days": 1.75, "wind_flaute_days": 6.25, "solar_gap30d_max": 0.624, "wind_gap30d_max": 0.9281, "solar_trend_pct_decade": 1.2685, "wind_trend_pct_decade": -55.175}, "colocation": {"k": [0, 17, 35, 50], "storage_pct_cons": [10.2095, 4.1695, 2.0959, 0.9436], "pick": ["base", "solar", "wind", "wind"]}, "datasets": {"gldas": {"series_norm": {"months": [1, 2, 3, 4, 5, 6, 7, 8, 9, 10, 11, 12], "demand": [1.0, 1.0, 1.0, 1.0, 1.0, 1.0, 1.0, 1.0, 1.0, 1.0, 1.0, 1.0], "solar_supply": [1.064847, 1.271865, 1.504905, 1.621189, 1.621801, 1.377147, 1.311007, 1.261326, 1.130768, 1.133226, 1.109242, 1.020718], "wind_supply": [3.293506, 4.339153, 5.226289, 5.807775, 5.598002, 3.287797, 1.941939, 1.935415, 2.233861, 1.929105, 2.327396, 2.549944], "mix_supply": [1.190034, 1.446662, 1.71747, 1.861255, 1.848742, 1.478471, 1.333402, 1.287054, 1.184929, 1.168202, 1.170855, 1.102869], "mix_storage": [0.063298, 0.062686, 0.07384, 0.087804, 0.095953, 0.09771, 0.09704, 0.097267, 0.092721, 0.08587, 0.079635, 0.070525], "mix_s_tot": 0.102095}}, "nldas": null}, "pdf": "figures/523.pdf"}