{"id": 524, "name": "Hainan", "country": "China", "level": "admin1", "continent": "Asia", "metrics": {"solar_cf": 0.1868, "wind_cf": 0.1218, "solar_f_adj": 1.2836, "wind_f_adj": 2.2204, "mix_alpha": 0.45, "mix_f_adj": 1.5534, "solar_s_tot_pct": 12.9345, "wind_s_tot_pct": 20.8423, "mix_s_tot_pct": 5.3767, "solar_s_seasonal_pct": 11.9551, "solar_s_diurnal_pct": 0.9793, "wind_s_seasonal_pct": 20.4697, "wind_s_diurnal_pct": 0.3726, "solar_flaute_days": 2.625, "wind_flaute_days": 24.625, "solar_gap30d_max": 0.6815, "wind_gap30d_max": 0.9469, "solar_trend_pct_decade": 3.1595, "wind_trend_pct_decade": 12.1898}, "colocation": {"k": [0, 17, 35, 50], "storage_pct_cons": [5.3767, 2.2656, 0.8321, 0.6939], "pick": ["base", "solar", "solar", "solar"]}, "datasets": {"gldas": {"series_norm": {"months": [1, 2, 3, 4, 5, 6, 7, 8, 9, 10, 11, 12], "demand": [1.0, 1.0, 1.0, 1.0, 1.0, 1.0, 1.0, 1.0, 1.0, 1.0, 1.0, 1.0], "solar_supply": [0.985719, 1.156684, 1.349764, 1.532076, 1.540996, 1.478385, 1.485169, 1.406161, 1.298814, 1.185058, 1.056527, 0.923726], "wind_supply": [2.65089, 2.364561, 2.239926, 2.073115, 1.457841, 1.809886, 1.820663, 1.374727, 1.689448, 2.96884, 2.976269, 3.221689], "mix_supply": [1.556783, 1.539718, 1.596911, 1.632012, 1.400132, 1.501491, 1.509332, 1.294723, 1.357359, 1.787677, 1.72054, 1.742648], "mix_storage": [0.050763, 0.049715, 0.049964, 0.049521, 0.048333, 0.046006, 0.048186, 0.045346, 0.038501, 0.046812, 0.049526, 0.049818], "mix_s_tot": 0.053767}}, "nldas": null}, "pdf": "figures/524.pdf"}