{"id": 525, "name": "Nayarit", "country": "Mexico", "level": "admin1", "continent": "North America", "metrics": {"solar_cf": 0.2567, "wind_cf": 0.0694, "solar_f_adj": 1.2481, "wind_f_adj": 2.8356, "mix_alpha": 0.95, "mix_f_adj": 1.2515, "solar_s_tot_pct": 12.1346, "wind_s_tot_pct": 31.7739, "mix_s_tot_pct": 11.6592, "solar_s_seasonal_pct": 9.0549, "solar_s_diurnal_pct": 3.0796, "wind_s_seasonal_pct": 31.1409, "wind_s_diurnal_pct": 0.6329, "solar_flaute_days": 1.625, "wind_flaute_days": 9.5, "solar_gap30d_max": 0.6278, "wind_gap30d_max": 0.9384, "solar_trend_pct_decade": 1.755, "wind_trend_pct_decade": -55.433}, "colocation": {"k": [0, 17, 35, 50], "storage_pct_cons": [11.6592, 7.142, 3.2225, 1.8742], "pick": ["base", "wind", "wind", "wind"]}, "datasets": {"gldas": {"series_norm": {"months": [1, 2, 3, 4, 5, 6, 7, 8, 9, 10, 11, 12], "demand": [1.0, 1.0, 1.0, 1.0, 1.0, 1.0, 1.0, 1.0, 1.0, 1.0, 1.0, 1.0], "solar_supply": [0.960423, 1.155997, 1.389381, 1.530478, 1.613463, 1.45391, 1.334475, 1.291424, 1.153871, 1.144995, 1.03319, 0.913493], "wind_supply": [2.468445, 3.22936, 4.13048, 4.684922, 4.849009, 3.457262, 1.866854, 1.557383, 1.619029, 1.920841, 2.223831, 2.075636], "mix_supply": [0.969311, 1.172394, 1.414587, 1.561222, 1.643889, 1.461197, 1.312335, 1.264499, 1.134834, 1.13304, 1.033227, 0.91594], "mix_storage": [0.036166, 0.0234, 0.029214, 0.049711, 0.07719, 0.096078, 0.100878, 0.103511, 0.097946, 0.089391, 0.077898, 0.056932], "mix_s_tot": 0.116592}}, "nldas": null}, "pdf": "figures/525.pdf"}