{"id": 526, "name": "Fujian", "country": "China", "level": "admin1", "continent": "Asia", "metrics": {"solar_cf": 0.1513, "wind_cf": 0.0401, "solar_f_adj": 1.3187, "wind_f_adj": 5.3656, "mix_alpha": 0.95, "mix_f_adj": 1.3207, "solar_s_tot_pct": 16.0428, "wind_s_tot_pct": 23.965, "mix_s_tot_pct": 13.7471, "solar_s_seasonal_pct": 15.688, "solar_s_diurnal_pct": 0.3549, "wind_s_seasonal_pct": 23.5405, "wind_s_diurnal_pct": 0.4245, "solar_flaute_days": 1.875, "wind_flaute_days": 27.75, "solar_gap30d_max": 0.6821, "wind_gap30d_max": 0.9975, "solar_trend_pct_decade": 0.5502, "wind_trend_pct_decade": -89.8398}, "colocation": {"k": [0, 17, 35, 50], "storage_pct_cons": [13.7471, 8.7102, 4.5076, 2.8992], "pick": ["base", "wind", "wind", "wind"]}, "datasets": {"gldas": {"series_norm": {"months": [1, 2, 3, 4, 5, 6, 7, 8, 9, 10, 11, 12], "demand": [1.0, 1.0, 1.0, 1.0, 1.0, 1.0, 1.0, 1.0, 1.0, 1.0, 1.0, 1.0], "solar_supply": [0.931018, 1.027648, 1.200362, 1.380552, 1.443205, 1.46262, 1.832207, 1.687507, 1.544745, 1.306089, 1.030302, 0.957147], "wind_supply": [6.639177, 6.779733, 5.919772, 5.140255, 3.041572, 3.573237, 4.87245, 4.076834, 5.193831, 5.934986, 6.474022, 6.831796], "mix_supply": [0.96752, 1.061187, 1.214931, 1.376777, 1.410559, 1.435574, 1.803204, 1.655739, 1.533656, 1.315711, 1.05995, 0.99475], "mix_storage": [0.078273, 0.060559, 0.054495, 0.059133, 0.0707, 0.078611, 0.099986, 0.119601, 0.128527, 0.129213, 0.118358, 0.099187], "mix_s_tot": 0.137471}}, "nldas": null}, "pdf": "figures/526.pdf"}