{"id": 527, "name": "Baja California Sur", "country": "Mexico", "level": "admin1", "continent": "North America", "metrics": {"solar_cf": 0.2463, "wind_cf": 0.2493, "solar_f_adj": 1.2439, "wind_f_adj": 1.2613, "mix_alpha": 0.7, "mix_f_adj": 1.2014, "solar_s_tot_pct": 14.0427, "wind_s_tot_pct": 23.4423, "mix_s_tot_pct": 12.6981, "solar_s_seasonal_pct": 12.7999, "solar_s_diurnal_pct": 1.2428, "wind_s_seasonal_pct": 22.6632, "wind_s_diurnal_pct": 0.7791, "solar_flaute_days": 1.75, "wind_flaute_days": 4.75, "solar_gap30d_max": 0.6335, "wind_gap30d_max": 0.7005, "solar_trend_pct_decade": 1.5892, "wind_trend_pct_decade": -3.2418}, "colocation": {"k": [0, 17, 35, 50], "storage_pct_cons": [12.6981, 6.9666, 3.3716, 2.5682], "pick": ["base", "wind", "wind", "wind"]}, "datasets": {"gldas": {"series_norm": {"months": [1, 2, 3, 4, 5, 6, 7, 8, 9, 10, 11, 12], "demand": [1.0, 1.0, 1.0, 1.0, 1.0, 1.0, 1.0, 1.0, 1.0, 1.0, 1.0, 1.0], "solar_supply": [0.865523, 1.03214, 1.273286, 1.478035, 1.604449, 1.606458, 1.511777, 1.418104, 1.27934, 1.120675, 0.921248, 0.80725], "wind_supply": [1.120242, 1.233051, 1.460015, 1.598671, 1.66702, 1.436454, 1.197152, 1.079298, 1.130993, 1.097308, 1.014396, 1.102756], "mix_supply": [0.905236, 1.050112, 1.277991, 1.456031, 1.561023, 1.496498, 1.36411, 1.267107, 1.188067, 1.071178, 0.912664, 0.860845], "mix_storage": [0.042001, 0.025979, 0.025998, 0.041924, 0.068496, 0.095135, 0.10822, 0.112632, 0.111814, 0.105386, 0.088219, 0.062864], "mix_s_tot": 0.126981}}, "nldas": null}, "pdf": "figures/527.pdf"}