{"id": 528, "name": "Tabuk", "country": "Saudi Arabia", "level": "admin1", "continent": "Asia", "metrics": {"solar_cf": 0.2578, "wind_cf": 0.2508, "solar_f_adj": 1.2318, "wind_f_adj": 1.4222, "mix_alpha": 0.9, "mix_f_adj": 1.2268, "solar_s_tot_pct": 13.9253, "wind_s_tot_pct": 21.506, "mix_s_tot_pct": 12.7295, "solar_s_seasonal_pct": 12.9966, "solar_s_diurnal_pct": 0.9287, "wind_s_seasonal_pct": 21.0905, "wind_s_diurnal_pct": 0.4155, "solar_flaute_days": 0.75, "wind_flaute_days": 5.625, "solar_gap30d_max": 0.6584, "wind_gap30d_max": 0.6492, "solar_trend_pct_decade": 1.5442, "wind_trend_pct_decade": -0.8322}, "colocation": {"k": [0, 17, 35, 50], "storage_pct_cons": [12.7295, 6.5725, 2.3471, 0.9341], "pick": ["base", "wind", "wind", "wind"]}, "datasets": {"gldas": {"series_norm": {"months": [1, 2, 3, 4, 5, 6, 7, 8, 9, 10, 11, 12], "demand": [1.0, 1.0, 1.0, 1.0, 1.0, 1.0, 1.0, 1.0, 1.0, 1.0, 1.0, 1.0], "solar_supply": [0.832798, 1.015162, 1.249328, 1.411966, 1.526541, 1.611197, 1.576537, 1.472216, 1.337244, 1.089327, 0.879606, 0.770546], "wind_supply": [1.310795, 1.589306, 1.772195, 1.78433, 1.719777, 1.59987, 1.335186, 1.295316, 1.232945, 1.071734, 1.195502, 1.178364], "mix_supply": [0.859518, 1.046999, 1.272662, 1.419484, 1.516612, 1.582148, 1.52825, 1.431307, 1.304948, 1.06883, 0.891528, 0.792298], "mix_storage": [0.024633, 0.005723, 0.003832, 0.01732, 0.038798, 0.0654, 0.089722, 0.102585, 0.107987, 0.103705, 0.084006, 0.053255], "mix_s_tot": 0.127295}}, "nldas": null}, "pdf": "figures/528.pdf"}