{"id": 529, "name": "Al Madinah", "country": "Saudi Arabia", "level": "admin1", "continent": "Asia", "metrics": {"solar_cf": 0.2597, "wind_cf": 0.2555, "solar_f_adj": 1.2372, "wind_f_adj": 1.532, "mix_alpha": 0.95, "mix_f_adj": 1.2398, "solar_s_tot_pct": 10.9295, "wind_s_tot_pct": 17.0752, "mix_s_tot_pct": 10.031, "solar_s_seasonal_pct": 10.138, "solar_s_diurnal_pct": 0.7915, "wind_s_seasonal_pct": 16.9885, "wind_s_diurnal_pct": 0.0866, "solar_flaute_days": 0.75, "wind_flaute_days": 4.75, "solar_gap30d_max": 0.6438, "wind_gap30d_max": 0.6873, "solar_trend_pct_decade": 1.5693, "wind_trend_pct_decade": 14.2162}, "colocation": {"k": [0, 17, 35, 50], "storage_pct_cons": [10.031, 4.4309, 1.2489, 0.6307], "pick": ["base", "wind", "wind", "wind"]}, "datasets": {"gldas": {"series_norm": {"months": [1, 2, 3, 4, 5, 6, 7, 8, 9, 10, 11, 12], "demand": [1.0, 1.0, 1.0, 1.0, 1.0, 1.0, 1.0, 1.0, 1.0, 1.0, 1.0, 1.0], "solar_supply": [0.895958, 1.071658, 1.271239, 1.3959, 1.485799, 1.564034, 1.524235, 1.412777, 1.317049, 1.135874, 0.929091, 0.836276], "wind_supply": [1.4731, 1.756397, 1.842414, 1.728245, 1.614911, 1.658451, 1.803728, 1.537054, 1.208018, 1.099876, 1.321412, 1.353103], "mix_supply": [0.912538, 1.091262, 1.28474, 1.398794, 1.47979, 1.55603, 1.524021, 1.407124, 1.30268, 1.12583, 0.937941, 0.850866], "mix_storage": [0.024497, 0.008924, 0.008651, 0.020662, 0.039227, 0.062292, 0.082527, 0.0917, 0.094288, 0.091962, 0.076365, 0.049425], "mix_s_tot": 0.10031}}, "nldas": null}, "pdf": "figures/529.pdf"}