{"id": 53, "name": "Albania", "country": "Albania", "level": "admin0", "continent": "Europe", "metrics": {"solar_cf": 0.1783, "wind_cf": 0.1458, "solar_f_adj": 1.3026, "wind_f_adj": 2.5744, "mix_alpha": 0.25, "mix_f_adj": 1.9001, "solar_s_tot_pct": 27.5602, "wind_s_tot_pct": 19.3018, "mix_s_tot_pct": 11.9122, "solar_s_seasonal_pct": 26.7, "solar_s_diurnal_pct": 0.8602, "wind_s_seasonal_pct": 18.4591, "wind_s_diurnal_pct": 0.8426, "solar_flaute_days": 2.625, "wind_flaute_days": 19.875, "solar_gap30d_max": 0.7662, "wind_gap30d_max": 0.8899, "solar_trend_pct_decade": -0.5185, "wind_trend_pct_decade": -47.1701}, "colocation": {"k": [0, 17, 35, 50], "storage_pct_cons": [11.9122, 6.7304, 5.0148, 3.5093], "pick": ["base", "wind", "solar", "solar"]}, "datasets": {"gldas": {"series_norm": {"months": [1, 2, 3, 4, 5, 6, 7, 8, 9, 10, 11, 12], "demand": [1.0, 1.0, 1.0, 1.0, 1.0, 1.0, 1.0, 1.0, 1.0, 1.0, 1.0, 1.0], "solar_supply": [0.551724, 0.784205, 1.138242, 1.478995, 1.864791, 2.167841, 2.245737, 1.935033, 1.392406, 0.964181, 0.601534, 0.473578], "wind_supply": [3.696141, 3.641221, 3.212943, 2.294684, 1.872986, 1.616982, 1.923295, 1.76214, 2.053067, 2.144323, 3.002684, 3.723881], "mix_supply": [2.247276, 2.301658, 2.193692, 1.809642, 1.716901, 1.685706, 1.883679, 1.681157, 1.644313, 1.538659, 1.881565, 2.234132], "mix_storage": [0.102294, 0.105222, 0.106281, 0.108452, 0.109588, 0.111142, 0.11413, 0.115752, 0.113313, 0.106579, 0.102179, 0.10098], "mix_s_tot": 0.119122}}, "nldas": null}, "pdf": "figures/53.pdf"}