{"id": 530, "name": "Makkah", "country": "Saudi Arabia", "level": "admin1", "continent": "Asia", "metrics": {"solar_cf": 0.2551, "wind_cf": 0.2826, "solar_f_adj": 1.2337, "wind_f_adj": 1.5092, "mix_alpha": 0.75, "mix_f_adj": 1.2627, "solar_s_tot_pct": 10.1554, "wind_s_tot_pct": 14.3362, "mix_s_tot_pct": 9.5913, "solar_s_seasonal_pct": 9.1302, "solar_s_diurnal_pct": 1.0252, "wind_s_seasonal_pct": 12.9823, "wind_s_diurnal_pct": 1.3539, "solar_flaute_days": 0.75, "wind_flaute_days": 2.75, "solar_gap30d_max": 0.6355, "wind_gap30d_max": 0.621, "solar_trend_pct_decade": 2.119, "wind_trend_pct_decade": 24.2628}, "colocation": {"k": [0, 17, 35, 50], "storage_pct_cons": [9.5913, 2.9814, 1.0752, 0.8282], "pick": ["base", "wind", "wind", "wind"]}, "datasets": {"gldas": {"series_norm": {"months": [1, 2, 3, 4, 5, 6, 7, 8, 9, 10, 11, 12], "demand": [1.0, 1.0, 1.0, 1.0, 1.0, 1.0, 1.0, 1.0, 1.0, 1.0, 1.0, 1.0], "solar_supply": [0.943215, 1.112726, 1.275555, 1.365885, 1.449912, 1.493291, 1.431128, 1.360454, 1.308927, 1.182395, 0.980757, 0.896385], "wind_supply": [1.416547, 1.628246, 1.695241, 1.513585, 1.306363, 1.621262, 2.140053, 1.695488, 1.162448, 1.231227, 1.356399, 1.342178], "mix_supply": [1.020282, 1.194676, 1.333674, 1.365017, 1.386174, 1.485334, 1.546125, 1.398894, 1.247855, 1.165115, 1.036519, 0.968781], "mix_storage": [0.045476, 0.040267, 0.0469, 0.056779, 0.064317, 0.0727, 0.080341, 0.085105, 0.085536, 0.083472, 0.075844, 0.0602], "mix_s_tot": 0.095913}}, "nldas": null}, "pdf": "figures/530.pdf"}