{"id": 531, "name": "Sinaloa", "country": "Mexico", "level": "admin1", "continent": "North America", "metrics": {"solar_cf": 0.2534, "wind_cf": 0.1438, "solar_f_adj": 1.2425, "wind_f_adj": 2.6612, "mix_alpha": 1.0, "mix_f_adj": 1.2425, "solar_s_tot_pct": 13.0193, "wind_s_tot_pct": 23.3558, "mix_s_tot_pct": 13.0193, "solar_s_seasonal_pct": 10.6798, "solar_s_diurnal_pct": 2.3395, "wind_s_seasonal_pct": 21.4617, "wind_s_diurnal_pct": 1.894, "solar_flaute_days": 0.875, "wind_flaute_days": 3.875, "solar_gap30d_max": 0.6273, "wind_gap30d_max": 0.8578, "solar_trend_pct_decade": 0.305, "wind_trend_pct_decade": -53.0957}, "colocation": {"k": [0, 17, 35, 50], "storage_pct_cons": [13.0193, 7.679, 3.4682, 1.3705], "pick": ["base", "wind", "wind", "wind"]}, "datasets": {"gldas": {"series_norm": {"months": [1, 2, 3, 4, 5, 6, 7, 8, 9, 10, 11, 12], "demand": [1.0, 1.0, 1.0, 1.0, 1.0, 1.0, 1.0, 1.0, 1.0, 1.0, 1.0, 1.0], "solar_supply": [0.895497, 1.07406, 1.315558, 1.511331, 1.643728, 1.565693, 1.395217, 1.32781, 1.21292, 1.146356, 0.969361, 0.847243], "wind_supply": [2.649397, 3.003149, 3.340231, 3.53801, 3.583578, 3.169706, 2.103105, 1.836685, 2.003222, 2.163669, 2.249218, 2.334908], "mix_supply": [0.895497, 1.07406, 1.315558, 1.511331, 1.643728, 1.565693, 1.395217, 1.32781, 1.21292, 1.146356, 0.969361, 0.847243], "mix_storage": [0.036254, 0.016497, 0.014329, 0.030329, 0.058669, 0.088754, 0.104339, 0.112539, 0.111526, 0.105857, 0.091118, 0.063021], "mix_s_tot": 0.130193}}, "nldas": null}, "pdf": "figures/531.pdf"}