{"id": 532, "name": "Louisiana", "country": "United States of America", "level": "admin1", "continent": "North America", "metrics": {"solar_cf": 0.1901, "wind_cf": 0.1867, "solar_f_adj": 1.2874, "wind_f_adj": 1.4227, "mix_alpha": 0.5, "mix_f_adj": 1.2491, "solar_s_tot_pct": 19.1424, "wind_s_tot_pct": 30.7701, "mix_s_tot_pct": 9.7229, "solar_s_seasonal_pct": 18.3575, "solar_s_diurnal_pct": 0.7849, "wind_s_seasonal_pct": 30.074, "wind_s_diurnal_pct": 0.6961, "solar_flaute_days": 1.875, "wind_flaute_days": 14.875, "solar_gap30d_max": 0.6829, "wind_gap30d_max": 0.8983, "solar_trend_pct_decade": -0.79, "wind_trend_pct_decade": -5.5875}, "colocation": {"k": [0, 17, 35, 50], "storage_pct_cons": [9.7229, 2.8249, 1.2856, 0.8611], "pick": ["base", "solar", "solar", "solar"], "usa_feasible": {"1pct": [false, false, true, true], "oilgas2x": [true, true, true, true], "oilgas_all": [true, true, true, true]}}, "datasets": {"gldas": {"series_norm": {"months": [1, 2, 3, 4, 5, 6, 7, 8, 9, 10, 11, 12], "demand": [1.0, 1.0, 1.0, 1.0, 1.0, 1.0, 1.0, 1.0, 1.0, 1.0, 1.0, 1.0], "solar_supply": [0.767528, 0.925255, 1.218548, 1.519393, 1.70688, 1.766583, 1.714122, 1.619698, 1.430869, 1.178118, 0.87585, 0.707402], "wind_supply": [2.01546, 2.0726, 1.946038, 1.957293, 1.430817, 0.822814, 0.539627, 0.595323, 0.936014, 1.287645, 1.633786, 1.881816], "mix_supply": [1.257108, 1.358711, 1.445441, 1.596333, 1.456177, 1.218239, 1.068474, 1.047115, 1.105064, 1.136804, 1.142111, 1.169271], "mix_storage": [0.064674, 0.069777, 0.077718, 0.086322, 0.090973, 0.089852, 0.083121, 0.072114, 0.06411, 0.060092, 0.058206, 0.058834], "mix_s_tot": 0.097229}, "series_real": {"months": [1, 2, 3, 4, 5, 6, 7, 8, 9, 10, 11, 12], "demand_TWh": [7.265112, 6.183278, 6.3555, 6.147836, 6.820935, 7.693627, 8.594036, 8.744576, 8.043377, 7.355253, 6.350711, 6.753176], "supply_TWh_nocap": [8.834145, 8.773167, 10.3981, 11.234287, 10.817751, 8.992588, 8.265839, 8.057827, 8.039075, 8.335378, 7.891071, 8.21354], "supply_TWh_1pct": [7.120158, 7.071011, 8.380677, 9.054628, 8.718908, 7.24786, 6.662114, 6.49446, 6.479347, 6.718161, 6.360058, 6.619962], "supply_TWh_oilgas2x": [8.834145, 8.773167, 10.3981, 11.234287, 10.817751, 8.992588, 8.265839, 8.057827, 8.039075, 8.335378, 7.891071, 8.21354], "supply_TWh_oilgas_all": [8.834145, 8.773167, 10.3981, 11.234287, 10.817751, 8.992588, 8.265839, 8.057827, 8.039075, 8.335378, 7.891071, 8.21354]}, "consumption_TWh": 86.259698}, "nldas": null}, "usa": {"annual_consumption_TWh": 86.259698, "state_land_km2": 119548.207801, "mix_solar_nameplate_GW": 35.600444, "mix_wind_nameplate_GW": 29.65808, "mix_capacity_TWh": 571.664673, "mix_land_km2": 1483.262269, "mix_land_pct": 1.240723, "solar_land_pct": 1.847693, "wind_land_pct": 0.635432, "mix_storage_TWh": null, "caps": {"1pct": {"label": "1% of land (NREL)", "cap_pct": 1.0, "feasible": false, "storage_TWh": null, "supply_capped_TWh": 86.87685, "shortfall_TWh": 0.0}, "oilgas2x": {"label": "1.88% (2\u00d7 onshore oil & gas)", "cap_pct": 1.8800000000000001, "feasible": true, "storage_TWh": 10.455624, "supply_capped_TWh": null, "shortfall_TWh": 0.0}, "oilgas_all": {"label": "5% (all onshore oil & gas land)", "cap_pct": 5.0, "feasible": true, "storage_TWh": 10.455624, "supply_capped_TWh": null, "shortfall_TWh": 0.0}}}, "pdf": "figures/532.pdf"}