{"id": 532, "name": "Louisiana", "country": "United States of America", "level": "admin1", "continent": "North America", "metrics": {"solar_cf": 0.1901, "wind_cf": 0.1867, "solar_f_adj": 1.2874, "wind_f_adj": 1.4227, "mix_alpha": 0.5, "mix_f_adj": 1.2491, "solar_s_tot_pct": 19.1424, "wind_s_tot_pct": 30.7701, "mix_s_tot_pct": 9.7229, "solar_s_seasonal_pct": 18.3575, "solar_s_diurnal_pct": 0.7849, "wind_s_seasonal_pct": 30.074, "wind_s_diurnal_pct": 0.6961, "solar_flaute_days": 1.875, "wind_flaute_days": 14.875, "solar_gap30d_max": 0.6829, "wind_gap30d_max": 0.8983, "solar_trend_pct_decade": -0.79, "wind_trend_pct_decade": -5.5875}, "colocation": {"k": [0, 17, 35, 50], "storage_pct_cons": [9.7229, 2.8249, 1.2856, 0.8611], "pick": ["base", "solar", "solar", "solar"], "usa_feasible": {"1pct": [false, false, true, true], "oilgas2x": [true, true, true, true], "oilgas_all": [true, true, true, true]}}, "datasets": {"gldas": {"series_norm": {"months": [1, 2, 3, 4, 5, 6, 7, 8, 9, 10, 11, 12], "demand": [1.0, 1.0, 1.0, 1.0, 1.0, 1.0, 1.0, 1.0, 1.0, 1.0, 1.0, 1.0], "solar_supply": [0.767528, 0.925255, 1.218548, 1.519393, 1.70688, 1.766583, 1.714122, 1.619698, 1.430869, 1.178118, 0.87585, 0.707402], "wind_supply": [2.01546, 2.0726, 1.946038, 1.957293, 1.430817, 0.822814, 0.539627, 0.595323, 0.936014, 1.287645, 1.633786, 1.881816], "mix_supply": [1.257108, 1.358711, 1.445441, 1.596333, 1.456177, 1.218239, 1.068474, 1.047115, 1.105064, 1.136804, 1.142111, 1.169271], "mix_storage": [0.064674, 0.069777, 0.077718, 0.086322, 0.090973, 0.089852, 0.083121, 0.072114, 0.06411, 0.060092, 0.058206, 0.058834], "mix_s_tot": 0.097229}, "series_real": {"months": [1, 2, 3, 4, 5, 6, 7, 8, 9, 10, 11, 12], "demand_TWh": [7.265112, 6.183278, 6.3555, 6.147836, 6.820935, 7.693627, 8.594036, 8.744576, 8.043377, 7.355253, 6.350711, 6.753176], "supply_TWh_nocap": [8.834145, 8.773167, 10.3981, 11.234287, 10.817751, 8.992588, 8.265839, 8.057827, 8.039075, 8.335378, 7.891071, 8.21354], "supply_TWh_1pct": [7.120158, 7.071011, 8.380677, 9.054628, 8.718908, 7.24786, 6.662114, 6.49446, 6.479347, 6.718161, 6.360058, 6.619962], "supply_TWh_oilgas2x": [8.834145, 8.773167, 10.3981, 11.234287, 10.817751, 8.992588, 8.265839, 8.057827, 8.039075, 8.335378, 7.891071, 8.21354], "supply_TWh_oilgas_all": [8.834145, 8.773167, 10.3981, 11.234287, 10.817751, 8.992588, 8.265839, 8.057827, 8.039075, 8.335378, 7.891071, 8.21354]}, "consumption_TWh": 86.259698}, "nldas": {"real": {"annual_consumption_TWh": 86.259698, "state_land_km2": 119548.207801, "mix_solar_nameplate_GW": 44.486154, "mix_wind_nameplate_GW": 11.012164, "mix_capacity_TWh": 486.165259, "mix_land_km2": 1592.993424, "mix_land_pct": 1.332511, "solar_land_pct": 1.698091, "wind_land_pct": 0.41879, "caps": {"1pct": {"label": "1% of land (NREL)", "cap_pct": 1.0, "feasible": false, "storage_TWh": null, "supply_capped_TWh": 81.877073, "shortfall_TWh": 4.382625}, "oilgas2x": {"label": "1.88% (2\u00d7 onshore oil & gas)", "cap_pct": 1.8800000000000001, "feasible": true, "storage_TWh": 9.229983, "supply_capped_TWh": null, "shortfall_TWh": 0.0}, "oilgas_all": {"label": "5% (all onshore oil & gas land)", "cap_pct": 5.0, "feasible": true, "storage_TWh": 9.229983, "supply_capped_TWh": null, "shortfall_TWh": 0.0}}}, "metrics": {"solar_cf": 0.209974, "wind_cf": 0.282746, "solar_f_adj": 1.298635, "wind_f_adj": 1.43758, "mix_alpha": 0.75, "mix_f_adj": 1.26481, "solar_s_tot_pct": 15.492848, "wind_s_tot_pct": 28.37169, "mix_s_tot_pct": 10.700226, "solar_s_seasonal_pct": 13.119446, "solar_s_diurnal_pct": 2.373402, "wind_s_seasonal_pct": 28.124248, "wind_s_diurnal_pct": 0.247441, "solar_flaute_days": 0.875, "wind_flaute_days": 9.583333, "solar_gap30d_max": 0.691378, "wind_gap30d_max": 0.862772, "solar_trend_pct_decade": 1.016873, "wind_trend_pct_decade": -2.13413}, "series_real": {"months": [1, 2, 3, 4, 5, 6, 7, 8, 9, 10, 11, 12], "demand_TWh": [7.26854, 6.183317, 6.357512, 6.14886, 6.822036, 7.693676, 8.595424, 8.745988, 8.043428, 7.356441, 6.352787, 6.755314], "supply_TWh_nocap": [6.947391, 7.341992, 9.705744, 10.821403, 11.759483, 11.058297, 10.74303, 9.891407, 8.674402, 8.601989, 6.920562, 6.716917], "supply_TWh_1pct": [5.213757, 5.509891, 7.283799, 8.121059, 8.825053, 8.298839, 8.062242, 7.423132, 6.509815, 6.455471, 5.193623, 5.040795], "supply_TWh_oilgas2x": [6.947391, 7.341992, 9.705744, 10.821403, 11.759483, 11.058297, 10.74303, 9.891407, 8.674402, 8.601989, 6.920562, 6.716917], "supply_TWh_oilgas_all": [6.947391, 7.341992, 9.705744, 10.821403, 11.759483, 11.058297, 10.74303, 9.891407, 8.674402, 8.601989, 6.920562, 6.716917]}, "series_norm": {"months": [1, 2, 3, 4, 5, 6, 7, 8, 9, 10, 11, 12], "demand": [0.992134, 0.925534, 0.867782, 0.867278, 0.931188, 1.085169, 1.17325, 1.193802, 1.134501, 1.004132, 0.896041, 0.92208], "solar_supply": [0.742088, 0.922302, 1.239208, 1.501343, 1.751749, 1.82683, 1.773867, 1.621774, 1.393768, 1.207067, 0.855317, 0.727501], "wind_supply": [1.846876, 1.933388, 1.907698, 1.953345, 1.480045, 1.024316, 0.775813, 0.75242, 0.933825, 1.329481, 1.59735, 1.752294], "mix_supply": [0.948298, 1.098968, 1.324805, 1.526326, 1.605135, 1.559739, 1.466392, 1.350148, 1.223498, 1.174146, 0.976124, 0.916839], "mix_storage": [0.052833, 0.043835, 0.056765, 0.084476, 0.103008, 0.105982, 0.104123, 0.098707, 0.08793, 0.080921, 0.076356, 0.065435], "mix_s_tot": 0.107002}, "consumption_TWh": 86.259698}}, "usa": {"annual_consumption_TWh": 86.259698, "state_land_km2": 119548.207801, "mix_solar_nameplate_GW": 35.600444, "mix_wind_nameplate_GW": 29.65808, "mix_capacity_TWh": 571.664673, "mix_land_km2": 1483.262269, "mix_land_pct": 1.240723, "solar_land_pct": 1.847693, "wind_land_pct": 0.635432, "mix_storage_TWh": null, "caps": {"1pct": {"label": "1% of land (NREL)", "cap_pct": 1.0, "feasible": false, "storage_TWh": null, "supply_capped_TWh": 86.87685, "shortfall_TWh": 0.0}, "oilgas2x": {"label": "1.88% (2\u00d7 onshore oil & gas)", "cap_pct": 1.8800000000000001, "feasible": true, "storage_TWh": 10.455624, "supply_capped_TWh": null, "shortfall_TWh": 0.0}, "oilgas_all": {"label": "5% (all onshore oil & gas land)", "cap_pct": 5.0, "feasible": true, "storage_TWh": 10.455624, "supply_capped_TWh": null, "shortfall_TWh": 0.0}}}, "siting": {"scenarios": [{"key": "today", "label": "1.00\u00d7 \u2014 today (EIA)", "land_pct": 0.2103, "solar_share": 0.0, "feasible": {"1pct": true, "oilgas2x": true, "oilgas_all": true}}, {"key": "2030ref", "label": "1.14\u00d7 \u2014 2030 reference (Goldman)", "land_pct": 0.2397, "solar_share": 0.0, "feasible": {"1pct": true, "oilgas2x": true, "oilgas_all": true}}, {"key": "2030hi", "label": "1.25\u00d7 \u2014 2030 high-AI (EPRI)", "land_pct": 0.2629, "solar_share": 0.0, "feasible": {"1pct": true, "oilgas2x": true, "oilgas_all": true}}], "land_pct_today": 0.2103}, "pdf": "figures/532.pdf"}