{"id": 533, "name": "Mississippi", "country": "United States of America", "level": "admin1", "continent": "North America", "metrics": {"solar_cf": 0.1889, "wind_cf": 0.1778, "solar_f_adj": 1.28, "wind_f_adj": 1.545, "mix_alpha": 0.6, "mix_f_adj": 1.2549, "solar_s_tot_pct": 19.6674, "wind_s_tot_pct": 32.1549, "mix_s_tot_pct": 11.2272, "solar_s_seasonal_pct": 18.8355, "solar_s_diurnal_pct": 0.8319, "wind_s_seasonal_pct": 31.6013, "wind_s_diurnal_pct": 0.5536, "solar_flaute_days": 1.875, "wind_flaute_days": 15.875, "solar_gap30d_max": 0.6954, "wind_gap30d_max": 0.9412, "solar_trend_pct_decade": -0.4649, "wind_trend_pct_decade": -9.0108}, "colocation": {"k": [0, 17, 35, 50], "storage_pct_cons": [11.2272, 2.9926, 1.5209, 1.2624], "pick": ["base", "wind", "solar", "solar"], "usa_feasible": {"1pct": [true, true, true, true], "oilgas2x": [true, true, true, true], "oilgas_all": [true, true, true, true]}}, "datasets": {"gldas": {"series_norm": {"months": [1, 2, 3, 4, 5, 6, 7, 8, 9, 10, 11, 12], "demand": [1.0, 1.0, 1.0, 1.0, 1.0, 1.0, 1.0, 1.0, 1.0, 1.0, 1.0, 1.0], "solar_supply": [0.734541, 0.91028, 1.201582, 1.524833, 1.709461, 1.802251, 1.753186, 1.633884, 1.426818, 1.141164, 0.839225, 0.665221], "wind_supply": [2.315261, 2.372376, 2.203371, 2.107682, 1.396144, 0.739842, 0.497042, 0.551741, 0.967066, 1.435572, 1.862094, 2.149074], "mix_supply": [1.184291, 1.306222, 1.422666, 1.581724, 1.459153, 1.300507, 1.192762, 1.140356, 1.15349, 1.137674, 1.098639, 1.089522], "mix_storage": [0.071309, 0.072786, 0.078851, 0.088549, 0.096544, 0.09895, 0.097845, 0.093105, 0.088016, 0.084126, 0.078665, 0.071657], "mix_s_tot": 0.112272}, "series_real": {"months": [1, 2, 3, 4, 5, 6, 7, 8, 9, 10, 11, 12], "demand_TWh": [4.088901, 3.458812, 3.621912, 3.342495, 3.712128, 4.173266, 4.830596, 4.924248, 4.465909, 4.016308, 3.432958, 3.779123], "supply_TWh_nocap": [5.112375, 5.098351, 5.981355, 6.344306, 5.895047, 4.949356, 4.639316, 4.456806, 4.473684, 4.692946, 4.513277, 4.709321], "supply_TWh_1pct": [5.112375, 5.098351, 5.981355, 6.344306, 5.895047, 4.949356, 4.639316, 4.456806, 4.473684, 4.692946, 4.513277, 4.709321], "supply_TWh_oilgas2x": [5.112375, 5.098351, 5.981355, 6.344306, 5.895047, 4.949356, 4.639316, 4.456806, 4.473684, 4.692946, 4.513277, 4.709321], "supply_TWh_oilgas_all": [5.112375, 5.098351, 5.981355, 6.344306, 5.895047, 4.949356, 4.639316, 4.456806, 4.473684, 4.692946, 4.513277, 4.709321]}, "consumption_TWh": 47.820202}, "nldas": {"real": {"annual_consumption_TWh": 47.820202, "state_land_km2": 123806.133289, "mix_solar_nameplate_GW": 20.311679, "mix_wind_nameplate_GW": 9.366646, "mix_capacity_TWh": 259.982127, "mix_land_km2": 770.722438, "mix_land_pct": 0.622524, "solar_land_pct": 0.938257, "wind_land_pct": 0.21299, "caps": {"1pct": {"label": "1% of land (NREL)", "cap_pct": 1.0, "feasible": true, "storage_TWh": 4.325541, "supply_capped_TWh": null, "shortfall_TWh": 0.0}, "oilgas2x": {"label": "1.88% (2\u00d7 onshore oil & gas)", "cap_pct": 1.8800000000000001, "feasible": true, "storage_TWh": 4.325541, "supply_capped_TWh": null, "shortfall_TWh": 0.0}, "oilgas_all": {"label": "5% (all onshore oil & gas land)", "cap_pct": 5.0, "feasible": true, "storage_TWh": 4.325541, "supply_capped_TWh": null, "shortfall_TWh": 0.0}}}, "metrics": {"solar_cf": 0.203983, "wind_cf": 0.294893, "solar_f_adj": 1.302182, "wind_f_adj": 1.424489, "mix_alpha": 0.6, "mix_f_adj": 1.264973, "solar_s_tot_pct": 16.428897, "wind_s_tot_pct": 24.179404, "mix_s_tot_pct": 9.045425, "solar_s_seasonal_pct": 15.124648, "solar_s_diurnal_pct": 1.304249, "wind_s_seasonal_pct": 24.062934, "wind_s_diurnal_pct": 0.11647, "solar_flaute_days": 0.833333, "wind_flaute_days": 8.125, "solar_gap30d_max": 0.698064, "wind_gap30d_max": 0.837627, "solar_trend_pct_decade": 1.485493, "wind_trend_pct_decade": 1.648602}, "series_real": {"months": [1, 2, 3, 4, 5, 6, 7, 8, 9, 10, 11, 12], "demand_TWh": [4.090827, 3.458832, 3.623056, 3.34305, 3.712725, 4.17329, 4.831373, 4.925039, 4.465934, 4.016953, 3.434078, 3.780317], "supply_TWh_nocap": [4.402911, 4.50211, 5.632641, 6.107074, 6.146366, 5.583364, 5.500223, 5.038213, 4.585291, 4.746623, 4.120068, 4.170998], "supply_TWh_1pct": [4.402911, 4.50211, 5.632641, 6.107074, 6.146366, 5.583364, 5.500223, 5.038213, 4.585291, 4.746623, 4.120068, 4.170998], "supply_TWh_oilgas2x": [4.402911, 4.50211, 5.632641, 6.107074, 6.146366, 5.583364, 5.500223, 5.038213, 4.585291, 4.746623, 4.120068, 4.170998], "supply_TWh_oilgas_all": [4.402911, 4.50211, 5.632641, 6.107074, 6.146366, 5.583364, 5.500223, 5.038213, 4.585291, 4.746623, 4.120068, 4.170998]}, "series_norm": {"months": [1, 2, 3, 4, 5, 6, 7, 8, 9, 10, 11, 12], "demand": [1.007235, 0.933893, 0.892062, 0.850556, 0.91414, 1.06179, 1.189571, 1.212633, 1.136246, 0.989046, 0.873716, 0.930782], "solar_supply": [0.7134, 0.88791, 1.216427, 1.513651, 1.765297, 1.862588, 1.855919, 1.669377, 1.413009, 1.199275, 0.827091, 0.678898], "wind_supply": [1.881343, 1.96521, 1.90834, 1.890598, 1.363804, 0.942913, 0.767218, 0.753063, 0.965729, 1.322326, 1.593928, 1.777202], "mix_supply": [1.084076, 1.21558, 1.386857, 1.553794, 1.513346, 1.420549, 1.354254, 1.240499, 1.166614, 1.168704, 1.048249, 1.026975], "mix_storage": [0.052573, 0.054526, 0.071059, 0.085308, 0.089334, 0.08907, 0.08408, 0.072319, 0.057679, 0.051752, 0.054147, 0.053554], "mix_s_tot": 0.090454}, "consumption_TWh": 47.820202}}, "usa": {"annual_consumption_TWh": 47.820202, "state_land_km2": 123806.133289, "mix_solar_nameplate_GW": 20.218982, "mix_wind_nameplate_GW": 17.575566, "mix_capacity_TWh": 331.080239, "mix_land_km2": 849.721726, "mix_land_pct": 0.686332, "solar_land_pct": 0.989223, "wind_land_pct": 0.387781, "mix_storage_TWh": 6.303277, "caps": {"1pct": {"label": "1% of land (NREL)", "cap_pct": 1.0, "feasible": true, "storage_TWh": 6.303277, "supply_capped_TWh": null, "shortfall_TWh": 0.0}, "oilgas2x": {"label": "1.88% (2\u00d7 onshore oil & gas)", "cap_pct": 1.8800000000000001, "feasible": true, "storage_TWh": 6.303277, "supply_capped_TWh": null, "shortfall_TWh": 0.0}, "oilgas_all": {"label": "5% (all onshore oil & gas land)", "cap_pct": 5.0, "feasible": true, "storage_TWh": 6.303277, "supply_capped_TWh": null, "shortfall_TWh": 0.0}}}, "siting": {"scenarios": [{"key": "today", "label": "1.00\u00d7 \u2014 today (EIA)", "land_pct": 0.1085, "solar_share": 0.0, "feasible": {"1pct": true, "oilgas2x": true, "oilgas_all": true}}, {"key": "2030ref", "label": "1.14\u00d7 \u2014 2030 reference (Goldman)", "land_pct": 0.1237, "solar_share": 0.0, "feasible": {"1pct": true, "oilgas2x": true, "oilgas_all": true}}, {"key": "2030hi", "label": "1.25\u00d7 \u2014 2030 high-AI (EPRI)", "land_pct": 0.1357, "solar_share": 0.0, "feasible": {"1pct": true, "oilgas2x": true, "oilgas_all": true}}], "land_pct_today": 0.1085}, "pdf": "figures/533.pdf"}