{"id": 533, "name": "Mississippi", "country": "United States of America", "level": "admin1", "continent": "North America", "metrics": {"solar_cf": 0.1889, "wind_cf": 0.1778, "solar_f_adj": 1.28, "wind_f_adj": 1.545, "mix_alpha": 0.6, "mix_f_adj": 1.2549, "solar_s_tot_pct": 19.6674, "wind_s_tot_pct": 32.1549, "mix_s_tot_pct": 11.2272, "solar_s_seasonal_pct": 18.8355, "solar_s_diurnal_pct": 0.8319, "wind_s_seasonal_pct": 31.6013, "wind_s_diurnal_pct": 0.5536, "solar_flaute_days": 1.875, "wind_flaute_days": 15.875, "solar_gap30d_max": 0.6954, "wind_gap30d_max": 0.9412, "solar_trend_pct_decade": -0.4649, "wind_trend_pct_decade": -9.0108}, "colocation": {"k": [0, 17, 35, 50], "storage_pct_cons": [11.2272, 2.9926, 1.5209, 1.2624], "pick": ["base", "wind", "solar", "solar"], "usa_feasible": {"1pct": [true, true, true, true], "oilgas2x": [true, true, true, true], "oilgas_all": [true, true, true, true]}}, "datasets": {"gldas": {"series_norm": {"months": [1, 2, 3, 4, 5, 6, 7, 8, 9, 10, 11, 12], "demand": [1.0, 1.0, 1.0, 1.0, 1.0, 1.0, 1.0, 1.0, 1.0, 1.0, 1.0, 1.0], "solar_supply": [0.734541, 0.91028, 1.201582, 1.524833, 1.709461, 1.802251, 1.753186, 1.633884, 1.426818, 1.141164, 0.839225, 0.665221], "wind_supply": [2.315261, 2.372376, 2.203371, 2.107682, 1.396144, 0.739842, 0.497042, 0.551741, 0.967066, 1.435572, 1.862094, 2.149074], "mix_supply": [1.184291, 1.306222, 1.422666, 1.581724, 1.459153, 1.300507, 1.192762, 1.140356, 1.15349, 1.137674, 1.098639, 1.089522], "mix_storage": [0.071309, 0.072786, 0.078851, 0.088549, 0.096544, 0.09895, 0.097845, 0.093105, 0.088016, 0.084126, 0.078665, 0.071657], "mix_s_tot": 0.112272}, "series_real": {"months": [1, 2, 3, 4, 5, 6, 7, 8, 9, 10, 11, 12], "demand_TWh": [4.088901, 3.458812, 3.621912, 3.342495, 3.712128, 4.173266, 4.830596, 4.924248, 4.465909, 4.016308, 3.432958, 3.779123], "supply_TWh_nocap": [5.112375, 5.098351, 5.981355, 6.344306, 5.895047, 4.949356, 4.639316, 4.456806, 4.473684, 4.692946, 4.513277, 4.709321], "supply_TWh_1pct": [5.112375, 5.098351, 5.981355, 6.344306, 5.895047, 4.949356, 4.639316, 4.456806, 4.473684, 4.692946, 4.513277, 4.709321], "supply_TWh_oilgas2x": [5.112375, 5.098351, 5.981355, 6.344306, 5.895047, 4.949356, 4.639316, 4.456806, 4.473684, 4.692946, 4.513277, 4.709321], "supply_TWh_oilgas_all": [5.112375, 5.098351, 5.981355, 6.344306, 5.895047, 4.949356, 4.639316, 4.456806, 4.473684, 4.692946, 4.513277, 4.709321]}, "consumption_TWh": 47.820202}, "nldas": null}, "usa": {"annual_consumption_TWh": 47.820202, "state_land_km2": 123806.133289, "mix_solar_nameplate_GW": 20.218982, "mix_wind_nameplate_GW": 17.575566, "mix_capacity_TWh": 331.080239, "mix_land_km2": 849.721726, "mix_land_pct": 0.686332, "solar_land_pct": 0.989223, "wind_land_pct": 0.387781, "mix_storage_TWh": 6.303277, "caps": {"1pct": {"label": "1% of land (NREL)", "cap_pct": 1.0, "feasible": true, "storage_TWh": 6.303277, "supply_capped_TWh": null, "shortfall_TWh": 0.0}, "oilgas2x": {"label": "1.88% (2\u00d7 onshore oil & gas)", "cap_pct": 1.8800000000000001, "feasible": true, "storage_TWh": 6.303277, "supply_capped_TWh": null, "shortfall_TWh": 0.0}, "oilgas_all": {"label": "5% (all onshore oil & gas land)", "cap_pct": 5.0, "feasible": true, "storage_TWh": 6.303277, "supply_capped_TWh": null, "shortfall_TWh": 0.0}}}, "pdf": "figures/533.pdf"}