{"id": 534, "name": "Alabama", "country": "United States of America", "level": "admin1", "continent": "North America", "metrics": {"solar_cf": 0.1911, "wind_cf": 0.1597, "solar_f_adj": 1.2832, "wind_f_adj": 2.0015, "mix_alpha": 0.5, "mix_f_adj": 1.4053, "solar_s_tot_pct": 19.2982, "wind_s_tot_pct": 29.4556, "mix_s_tot_pct": 8.5363, "solar_s_seasonal_pct": 18.5007, "solar_s_diurnal_pct": 0.7975, "wind_s_seasonal_pct": 28.4382, "wind_s_diurnal_pct": 1.0173, "solar_flaute_days": 1.875, "wind_flaute_days": 16.875, "solar_gap30d_max": 0.6875, "wind_gap30d_max": 0.9378, "solar_trend_pct_decade": 0.4442, "wind_trend_pct_decade": -14.5222}, "colocation": {"k": [0, 17, 35, 50], "storage_pct_cons": [8.5363, 3.2214, 1.3185, 1.1042], "pick": ["base", "solar", "solar", "solar"], "usa_feasible": {"1pct": [false, false, true, true], "oilgas2x": [true, true, true, true], "oilgas_all": [true, true, true, true]}}, "datasets": {"gldas": {"series_norm": {"months": [1, 2, 3, 4, 5, 6, 7, 8, 9, 10, 11, 12], "demand": [1.0, 1.0, 1.0, 1.0, 1.0, 1.0, 1.0, 1.0, 1.0, 1.0, 1.0, 1.0], "solar_supply": [0.748795, 0.927231, 1.222209, 1.554445, 1.733932, 1.773468, 1.745138, 1.60678, 1.413976, 1.137103, 0.848813, 0.66977], "wind_supply": [3.028275, 3.047595, 2.892862, 2.643317, 1.664598, 0.867551, 0.589129, 0.678339, 1.37308, 1.967143, 2.527356, 2.812083], "mix_supply": [1.473114, 1.577601, 1.684797, 1.77911, 1.5338, 1.275636, 1.162381, 1.11794, 1.256266, 1.313213, 1.352027, 1.353948], "mix_storage": [0.067587, 0.071022, 0.076129, 0.080666, 0.082875, 0.081901, 0.077914, 0.070813, 0.067405, 0.070063, 0.069461, 0.065754], "mix_s_tot": 0.085363}, "series_real": {"months": [1, 2, 3, 4, 5, 6, 7, 8, 9, 10, 11, 12], "demand_TWh": [7.745303, 6.272814, 6.710433, 6.180822, 7.09014, 7.687462, 8.743612, 8.788807, 7.656571, 6.856522, 6.28296, 7.170605], "supply_TWh_nocap": [8.9314, 8.989074, 11.056972, 11.887714, 11.49533, 9.990635, 9.702375, 9.166795, 9.099185, 9.043587, 8.293246, 8.167774], "supply_TWh_1pct": [6.685651, 6.728823, 8.27676, 8.898617, 8.604895, 7.478547, 7.262768, 6.861857, 6.811247, 6.769629, 6.207957, 6.114034], "supply_TWh_oilgas2x": [8.9314, 8.989074, 11.056972, 11.887714, 11.49533, 9.990635, 9.702375, 9.166795, 9.099185, 9.043587, 8.293246, 8.167774], "supply_TWh_oilgas_all": [8.9314, 8.989074, 11.056972, 11.887714, 11.49533, 9.990635, 9.702375, 9.166795, 9.099185, 9.043587, 8.293246, 8.167774]}, "consumption_TWh": 87.137844}, "nldas": {"real": {"annual_consumption_TWh": 87.137844, "state_land_km2": 133834.920862, "mix_solar_nameplate_GW": 39.531697, "mix_wind_nameplate_GW": 16.645779, "mix_capacity_TWh": 492.114686, "mix_land_km2": 1484.181008, "mix_land_pct": 1.108964, "solar_land_pct": 1.547524, "wind_land_pct": 0.403329, "caps": {"1pct": {"label": "1% of land (NREL)", "cap_pct": 1.0, "feasible": false, "storage_TWh": null, "supply_capped_TWh": 97.763511, "shortfall_TWh": 0.0}, "oilgas2x": {"label": "1.88% (2\u00d7 onshore oil & gas)", "cap_pct": 1.8800000000000001, "feasible": true, "storage_TWh": 7.940958, "supply_capped_TWh": null, "shortfall_TWh": 0.0}, "oilgas_all": {"label": "5% (all onshore oil & gas land)", "cap_pct": 5.0, "feasible": true, "storage_TWh": 7.940958, "supply_capped_TWh": null, "shortfall_TWh": 0.0}}}, "metrics": {"solar_cf": 0.203497, "wind_cf": 0.260228, "solar_f_adj": 1.271111, "wind_f_adj": 1.412148, "mix_alpha": 0.65, "mix_f_adj": 1.244192, "solar_s_tot_pct": 15.961545, "wind_s_tot_pct": 25.714849, "mix_s_tot_pct": 9.113099, "solar_s_seasonal_pct": 14.625914, "solar_s_diurnal_pct": 1.335631, "wind_s_seasonal_pct": 25.636528, "wind_s_diurnal_pct": 0.078322, "solar_flaute_days": 0.791667, "wind_flaute_days": 11.291667, "solar_gap30d_max": 0.691765, "wind_gap30d_max": 0.921338, "solar_trend_pct_decade": 1.52095, "wind_trend_pct_decade": 1.419316}, "series_real": {"months": [1, 2, 3, 4, 5, 6, 7, 8, 9, 10, 11, 12], "demand_TWh": [7.748932, 6.272834, 6.712536, 6.181832, 7.091261, 7.687485, 8.744995, 8.790197, 7.656595, 6.857606, 6.284994, 7.172852], "supply_TWh_nocap": [7.823686, 7.949933, 10.244775, 10.88111, 11.11887, 9.767267, 9.856551, 9.148838, 8.385868, 8.588226, 7.393559, 7.337479], "supply_TWh_1pct": [7.05495, 7.168793, 9.23815, 9.81196, 10.026358, 8.807561, 8.888072, 8.249897, 7.561894, 7.744369, 6.667087, 6.616517], "supply_TWh_oilgas2x": [7.823686, 7.949933, 10.244775, 10.88111, 11.11887, 9.767267, 9.856551, 9.148838, 8.385868, 8.588226, 7.393559, 7.337479], "supply_TWh_oilgas_all": [7.823686, 7.949933, 10.244775, 10.88111, 11.11887, 9.767267, 9.856551, 9.148838, 8.385868, 8.588226, 7.393559, 7.337479]}, "series_norm": {"months": [1, 2, 3, 4, 5, 6, 7, 8, 9, 10, 11, 12], "demand": [1.047047, 0.929471, 0.907008, 0.863142, 0.958182, 1.073369, 1.181637, 1.187744, 1.069056, 0.92661, 0.877546, 0.969206], "solar_supply": [0.727974, 0.899042, 1.238313, 1.501304, 1.743085, 1.729341, 1.754124, 1.605894, 1.358492, 1.165409, 0.828716, 0.679618], "wind_supply": [1.926198, 1.965068, 1.934129, 1.829281, 1.27569, 0.854465, 0.699796, 0.695521, 0.99413, 1.358685, 1.637865, 1.812923], "mix_supply": [1.057148, 1.177973, 1.384289, 1.519281, 1.502398, 1.36376, 1.331832, 1.236204, 1.170881, 1.160454, 1.03233, 0.991451], "mix_storage": [0.049423, 0.047091, 0.063692, 0.082903, 0.088922, 0.088955, 0.083225, 0.071301, 0.06053, 0.060552, 0.06317, 0.057874], "mix_s_tot": 0.091131}, "consumption_TWh": 87.137844}}, "usa": {"annual_consumption_TWh": 87.137844, "state_land_km2": 133834.920862, "mix_solar_nameplate_GW": 44.948679, "mix_wind_nameplate_GW": 28.961923, "mix_capacity_TWh": 647.456869, "mix_land_km2": 1787.90852, "mix_land_pct": 1.335906, "solar_land_pct": 1.654124, "wind_land_pct": 0.939973, "mix_storage_TWh": null, "caps": {"1pct": {"label": "1% of land (NREL)", "cap_pct": 1.0, "feasible": false, "storage_TWh": null, "supply_capped_TWh": 86.654779, "shortfall_TWh": 0.483064}, "oilgas2x": {"label": "1.88% (2\u00d7 onshore oil & gas)", "cap_pct": 1.8800000000000001, "feasible": true, "storage_TWh": 8.404706, "supply_capped_TWh": null, "shortfall_TWh": 0.0}, "oilgas_all": {"label": "5% (all onshore oil & gas land)", "cap_pct": 5.0, "feasible": true, "storage_TWh": 8.404706, "supply_capped_TWh": null, "shortfall_TWh": 0.0}}}, "pdf": "figures/534.pdf"}