{"id": 535, "name": "Florida", "country": "United States of America", "level": "admin1", "continent": "North America", "metrics": {"solar_cf": 0.2069, "wind_cf": 0.1582, "solar_f_adj": 1.2787, "wind_f_adj": 1.6533, "mix_alpha": 0.75, "mix_f_adj": 1.247, "solar_s_tot_pct": 15.3635, "wind_s_tot_pct": 34.7139, "mix_s_tot_pct": 8.7005, "solar_s_seasonal_pct": 14.4546, "solar_s_diurnal_pct": 0.9089, "wind_s_seasonal_pct": 32.1219, "wind_s_diurnal_pct": 2.592, "solar_flaute_days": 0.875, "wind_flaute_days": 21.875, "solar_gap30d_max": 0.6496, "wind_gap30d_max": 0.9778, "solar_trend_pct_decade": -0.5451, "wind_trend_pct_decade": 14.3723}, "colocation": {"k": [0, 17, 35, 50], "storage_pct_cons": [8.7005, 2.3442, 1.4891, 1.1242], "pick": ["base", "wind", "wind", "wind"], "usa_feasible": {"1pct": [false, false, false, false], "oilgas2x": [false, false, false, false], "oilgas_all": [true, true, true, true]}}, "datasets": {"gldas": {"series_norm": {"months": [1, 2, 3, 4, 5, 6, 7, 8, 9, 10, 11, 12], "demand": [1.0, 1.0, 1.0, 1.0, 1.0, 1.0, 1.0, 1.0, 1.0, 1.0, 1.0, 1.0], "solar_supply": [0.8599, 1.049195, 1.32649, 1.572565, 1.701749, 1.597952, 1.575882, 1.477537, 1.306975, 1.148136, 0.927749, 0.789004], "wind_supply": [2.21115, 2.053211, 2.249313, 2.11877, 1.616216, 1.009924, 0.675334, 0.813953, 1.253332, 1.832221, 2.02278, 2.011941], "mix_supply": [1.045856, 1.154524, 1.394311, 1.549672, 1.549395, 1.359156, 1.279924, 1.234133, 1.192236, 1.185218, 1.059961, 0.956441], "mix_storage": [0.040191, 0.034295, 0.041534, 0.059156, 0.075603, 0.082208, 0.082057, 0.080194, 0.076804, 0.073559, 0.067923, 0.052715], "mix_s_tot": 0.087005}, "series_real": {"months": [1, 2, 3, 4, 5, 6, 7, 8, 9, 10, 11, 12], "demand_TWh": [18.215294, 15.241717, 16.855132, 16.649371, 19.166984, 20.920486, 23.351604, 23.654854, 21.769455, 20.01917, 16.842141, 17.578516], "supply_TWh_nocap": [18.820154, 19.649515, 26.467672, 29.197415, 31.152749, 27.226419, 27.031879, 25.744741, 23.183472, 22.658878, 18.876435, 17.233777], "supply_TWh_1pct": [5.754577, 6.008168, 8.092934, 8.927599, 9.525475, 8.324934, 8.26545, 7.871886, 7.088735, 6.928332, 5.771786, 5.269516], "supply_TWh_oilgas2x": [10.818606, 11.295357, 15.214717, 16.783886, 17.907893, 15.650876, 15.539046, 14.799146, 13.326822, 13.025264, 10.850959, 9.90669], "supply_TWh_oilgas_all": [18.820154, 19.649515, 26.467672, 29.197415, 31.152749, 27.226419, 27.031879, 25.744741, 23.183472, 22.658878, 18.876435, 17.233777]}, "consumption_TWh": 230.137409}, "nldas": null}, "usa": {"annual_consumption_TWh": 230.137409, "state_land_km2": 146720.530876, "mix_solar_nameplate_GW": 134.631687, "mix_wind_nameplate_GW": 31.072317, "mix_capacity_TWh": 1451.567071, "mix_land_km2": 4798.446065, "mix_land_pct": 3.270467, "solar_land_pct": 3.672018, "wind_land_pct": 1.893119, "mix_storage_TWh": null, "caps": {"1pct": {"label": "1% of land (NREL)", "cap_pct": 1.0, "feasible": false, "storage_TWh": null, "supply_capped_TWh": 87.777505, "shortfall_TWh": 142.359904}, "oilgas2x": {"label": "1.88% (2\u00d7 onshore oil & gas)", "cap_pct": 1.8800000000000001, "feasible": false, "storage_TWh": null, "supply_capped_TWh": 165.021709, "shortfall_TWh": 65.1157}, "oilgas_all": {"label": "5% (all onshore oil & gas land)", "cap_pct": 5.0, "feasible": true, "storage_TWh": 21.988939, "supply_capped_TWh": null, "shortfall_TWh": 0.0}}}, "pdf": "figures/535.pdf"}