{"id": 536, "name": "Georgia", "country": "United States of America", "level": "admin1", "continent": "North America", "metrics": {"solar_cf": 0.192, "wind_cf": 0.165, "solar_f_adj": 1.2938, "wind_f_adj": 1.4809, "mix_alpha": 0.55, "mix_f_adj": 1.2598, "solar_s_tot_pct": 17.7392, "wind_s_tot_pct": 32.6561, "mix_s_tot_pct": 10.3702, "solar_s_seasonal_pct": 16.8802, "solar_s_diurnal_pct": 0.859, "wind_s_seasonal_pct": 31.6297, "wind_s_diurnal_pct": 1.0263, "solar_flaute_days": 1.875, "wind_flaute_days": 12.5, "solar_gap30d_max": 0.6746, "wind_gap30d_max": 0.9398, "solar_trend_pct_decade": -0.0236, "wind_trend_pct_decade": -4.5281}, "colocation": {"k": [0, 17, 35, 50], "storage_pct_cons": [10.3702, 3.7035, 1.9444, 1.5279], "pick": ["base", "wind", "solar", "solar"], "usa_feasible": {"1pct": [false, false, false, false], "oilgas2x": [true, true, true, true], "oilgas_all": [true, true, true, true]}}, "datasets": {"gldas": {"series_norm": {"months": [1, 2, 3, 4, 5, 6, 7, 8, 9, 10, 11, 12], "demand": [1.0, 1.0, 1.0, 1.0, 1.0, 1.0, 1.0, 1.0, 1.0, 1.0, 1.0, 1.0], "solar_supply": [0.778141, 0.961071, 1.25975, 1.579412, 1.747055, 1.767008, 1.749048, 1.588972, 1.382603, 1.134155, 0.867311, 0.694835], "wind_supply": [2.268592, 2.184584, 2.116002, 1.864191, 1.258345, 0.760093, 0.544151, 0.551285, 1.08059, 1.41763, 1.791339, 1.982632], "mix_supply": [1.285199, 1.351008, 1.484712, 1.559511, 1.417364, 1.237309, 1.145023, 1.062025, 1.154131, 1.150099, 1.150253, 1.131113], "mix_storage": [0.066861, 0.072178, 0.078486, 0.086769, 0.092225, 0.092694, 0.088093, 0.078256, 0.070355, 0.067791, 0.065922, 0.063658], "mix_s_tot": 0.103702}, "series_real": {"months": [1, 2, 3, 4, 5, 6, 7, 8, 9, 10, 11, 12], "demand_TWh": [11.891618, 9.568432, 10.236462, 9.387894, 10.835438, 12.004585, 13.912503, 13.964953, 11.875643, 10.629227, 9.609195, 10.996033], "supply_TWh_nocap": [13.294353, 13.071494, 16.249351, 17.130724, 16.856056, 14.819105, 14.449197, 13.319802, 13.18949, 12.979206, 11.923635, 11.726876], "supply_TWh_1pct": [7.825794, 7.694607, 9.565269, 10.084094, 9.922409, 8.723347, 8.505599, 7.840774, 7.764065, 7.64028, 7.018913, 6.90309], "supply_TWh_oilgas2x": [13.294353, 13.071494, 16.249351, 17.130724, 16.856056, 14.819105, 14.449197, 13.319802, 13.18949, 12.979206, 11.923635, 11.726876], "supply_TWh_oilgas_all": [13.294353, 13.071494, 16.249351, 17.130724, 16.856056, 14.819105, 14.449197, 13.319802, 13.18949, 12.979206, 11.923635, 11.726876]}, "consumption_TWh": 134.837388}, "nldas": {"real": {"annual_consumption_TWh": 134.837388, "state_land_km2": 152163.87792, "mix_solar_nameplate_GW": 45.715164, "mix_wind_nameplate_GW": 33.394245, "mix_capacity_TWh": 692.998419, "mix_land_km2": 1857.781236, "mix_land_pct": 1.220908, "solar_land_pct": 2.080366, "wind_land_pct": 0.473473, "caps": {"1pct": {"label": "1% of land (NREL)", "cap_pct": 1.0, "feasible": false, "storage_TWh": null, "supply_capped_TWh": 135.370573, "shortfall_TWh": 0.0}, "oilgas2x": {"label": "1.88% (2\u00d7 onshore oil & gas)", "cap_pct": 1.8800000000000001, "feasible": true, "storage_TWh": 13.745581, "supply_capped_TWh": null, "shortfall_TWh": 0.0}, "oilgas_all": {"label": "5% (all onshore oil & gas land)", "cap_pct": 5.0, "feasible": true, "storage_TWh": 13.745581, "supply_capped_TWh": null, "shortfall_TWh": 0.0}}}, "metrics": {"solar_cf": 0.206354, "wind_cf": 0.282489, "solar_f_adj": 1.273149, "wind_f_adj": 1.322216, "mix_alpha": 0.5, "mix_f_adj": 1.225736, "solar_s_tot_pct": 14.807792, "wind_s_tot_pct": 24.093738, "mix_s_tot_pct": 10.194191, "solar_s_seasonal_pct": 13.421171, "solar_s_diurnal_pct": 1.386621, "wind_s_seasonal_pct": 23.734216, "wind_s_diurnal_pct": 0.359521, "solar_flaute_days": 0.833333, "wind_flaute_days": 7.791667, "solar_gap30d_max": 0.67763, "wind_gap30d_max": 0.799462, "solar_trend_pct_decade": 1.536191, "wind_trend_pct_decade": 2.867793}, "series_real": {"months": [1, 2, 3, 4, 5, 6, 7, 8, 9, 10, 11, 12], "demand_TWh": [11.897198, 9.568467, 10.239676, 9.389434, 10.837159, 12.00463, 13.914713, 13.967171, 11.875687, 10.630915, 9.612311, 10.999485], "supply_TWh_nocap": [13.221452, 12.812196, 15.926715, 16.298207, 16.350696, 14.102531, 13.738207, 12.893506, 12.607999, 13.076678, 12.127845, 12.240925], "supply_TWh_1pct": [10.829194, 10.493988, 13.044973, 13.349249, 13.392241, 11.550853, 11.252449, 10.560586, 10.326738, 10.710615, 9.933462, 10.026081], "supply_TWh_oilgas2x": [13.221452, 12.812196, 15.926715, 16.298207, 16.350696, 14.102531, 13.738207, 12.893506, 12.607999, 13.076678, 12.127845, 12.240925], "supply_TWh_oilgas_all": [13.221452, 12.812196, 15.926715, 16.298207, 16.350696, 14.102531, 13.738207, 12.893506, 12.607999, 13.076678, 12.127845, 12.240925]}, "series_norm": {"months": [1, 2, 3, 4, 5, 6, 7, 8, 9, 10, 11, 12], "demand": [1.03888, 0.916244, 0.894143, 0.847229, 0.946316, 1.083203, 1.215053, 1.219633, 1.071569, 0.928307, 0.867339, 0.960491], "solar_supply": [0.770543, 0.946445, 1.245009, 1.511095, 1.76464, 1.739389, 1.724617, 1.582685, 1.309041, 1.127709, 0.83377, 0.703763], "wind_supply": [1.690541, 1.663918, 1.707432, 1.603423, 1.247648, 0.938901, 0.797048, 0.785317, 1.094895, 1.292336, 1.495012, 1.575174], "mix_supply": [1.154516, 1.226852, 1.390743, 1.470622, 1.427766, 1.272502, 1.19964, 1.125879, 1.137647, 1.141874, 1.094321, 1.068895], "mix_storage": [0.057418, 0.062914, 0.079809, 0.093563, 0.098404, 0.097091, 0.085354, 0.063547, 0.047301, 0.047294, 0.05461, 0.057236], "mix_s_tot": 0.101942}, "consumption_TWh": 134.837388}}, "usa": {"annual_consumption_TWh": 134.837388, "state_land_km2": 152163.87792, "mix_solar_nameplate_GW": 65.277788, "mix_wind_nameplate_GW": 40.901327, "mix_capacity_TWh": 930.12905, "mix_land_km2": 2584.93954, "mix_land_pct": 1.698787, "solar_land_pct": 2.257761, "wind_land_pct": 0.918319, "mix_storage_TWh": null, "caps": {"1pct": {"label": "1% of land (NREL)", "cap_pct": 1.0, "feasible": false, "storage_TWh": null, "supply_capped_TWh": 99.430262, "shortfall_TWh": 35.407125}, "oilgas2x": {"label": "1.88% (2\u00d7 onshore oil & gas)", "cap_pct": 1.8800000000000001, "feasible": true, "storage_TWh": 15.80065, "supply_capped_TWh": null, "shortfall_TWh": 0.0}, "oilgas_all": {"label": "5% (all onshore oil & gas land)", "cap_pct": 5.0, "feasible": true, "storage_TWh": 15.80065, "supply_capped_TWh": null, "shortfall_TWh": 0.0}}}, "siting": {"scenarios": [{"key": "today", "label": "1.00\u00d7 \u2014 today (EIA)", "land_pct": 0.2258, "solar_share": 0.0, "feasible": {"1pct": true, "oilgas2x": true, "oilgas_all": true}}, {"key": "2030ref", "label": "1.14\u00d7 \u2014 2030 reference (Goldman)", "land_pct": 0.2572, "solar_share": 0.0, "feasible": {"1pct": true, "oilgas2x": true, "oilgas_all": true}}, {"key": "2030hi", "label": "1.25\u00d7 \u2014 2030 high-AI (EPRI)", "land_pct": 0.2819, "solar_share": 0.0, "feasible": {"1pct": true, "oilgas2x": true, "oilgas_all": true}}], "land_pct_today": 0.2258}, "pdf": "figures/536.pdf"}