{"id": 537, "name": "South Carolina", "country": "United States of America", "level": "admin1", "continent": "North America", "metrics": {"solar_cf": 0.189, "wind_cf": 0.1873, "solar_f_adj": 1.3126, "wind_f_adj": 1.5526, "mix_alpha": 0.4, "mix_f_adj": 1.3318, "solar_s_tot_pct": 17.4542, "wind_s_tot_pct": 22.97, "mix_s_tot_pct": 10.1916, "solar_s_seasonal_pct": 16.3666, "solar_s_diurnal_pct": 1.0876, "wind_s_seasonal_pct": 21.818, "wind_s_diurnal_pct": 1.152, "solar_flaute_days": 1.875, "wind_flaute_days": 13.625, "solar_gap30d_max": 0.6788, "wind_gap30d_max": 0.8598, "solar_trend_pct_decade": -0.1905, "wind_trend_pct_decade": -7.6192}, "colocation": {"k": [0, 17, 35, 50], "storage_pct_cons": [10.1916, 3.9627, 2.0442, 1.4683], "pick": ["base", "solar", "solar", "solar"], "usa_feasible": {"1pct": [false, false, false, false], "oilgas2x": [true, true, true, true], "oilgas_all": [true, true, true, true]}}, "datasets": {"gldas": {"series_norm": {"months": [1, 2, 3, 4, 5, 6, 7, 8, 9, 10, 11, 12], "demand": [1.0, 1.0, 1.0, 1.0, 1.0, 1.0, 1.0, 1.0, 1.0, 1.0, 1.0, 1.0], "solar_supply": [0.775378, 0.97027, 1.266758, 1.625092, 1.769188, 1.837128, 1.7919, 1.620374, 1.395751, 1.130168, 0.858957, 0.694528], "wind_supply": [2.100152, 2.132669, 2.138808, 2.08863, 1.513924, 1.015512, 0.81991, 0.717485, 1.272498, 1.427254, 1.656648, 1.793193], "mix_supply": [1.39555, 1.491381, 1.614868, 1.73447, 1.497172, 1.268231, 1.149206, 1.026879, 1.221362, 1.193224, 1.201215, 1.204757], "mix_storage": [0.075087, 0.081658, 0.08608, 0.092086, 0.096331, 0.095676, 0.090669, 0.080177, 0.074014, 0.072827, 0.07236, 0.071935], "mix_s_tot": 0.101916}, "series_real": {"months": [1, 2, 3, 4, 5, 6, 7, 8, 9, 10, 11, 12], "demand_TWh": [7.120491, 5.810641, 6.158011, 5.648792, 6.467079, 7.067486, 8.145923, 8.10954, 6.929125, 6.293063, 5.774934, 6.553203], "supply_TWh_nocap": [8.618068, 8.548013, 10.390196, 11.089719, 10.304418, 8.817503, 8.3983, 7.525989, 8.08442, 7.897219, 7.388513, 7.469339], "supply_TWh_1pct": [5.042366, 5.001377, 6.079225, 6.48851, 6.029036, 5.159054, 4.913781, 4.403399, 4.730133, 4.620603, 4.322963, 4.370253], "supply_TWh_oilgas2x": [8.618068, 8.548013, 10.390196, 11.089719, 10.304418, 8.817503, 8.3983, 7.525989, 8.08442, 7.897219, 7.388513, 7.469339], "supply_TWh_oilgas_all": [8.618068, 8.548013, 10.390196, 11.089719, 10.304418, 8.817503, 8.3983, 7.525989, 8.08442, 7.897219, 7.388513, 7.469339]}, "consumption_TWh": 80.034012}, "nldas": {"real": {"annual_consumption_TWh": 80.034012, "state_land_km2": 80163.659082, "mix_solar_nameplate_GW": 21.266574, "mix_wind_nameplate_GW": 22.811232, "mix_capacity_TWh": 386.121583, "mix_land_km2": 936.99812, "mix_land_pct": 1.168856, "solar_land_pct": 2.356129, "wind_land_pct": 0.499109, "caps": {"1pct": {"label": "1% of land (NREL)", "cap_pct": 1.0, "feasible": false, "storage_TWh": null, "supply_capped_TWh": 82.466861, "shortfall_TWh": 0.0}, "oilgas2x": {"label": "1.88% (2\u00d7 onshore oil & gas)", "cap_pct": 1.8800000000000001, "feasible": true, "storage_TWh": 7.691962, "supply_capped_TWh": null, "shortfall_TWh": 0.0}, "oilgas_all": {"label": "5% (all onshore oil & gas land)", "cap_pct": 5.0, "feasible": true, "storage_TWh": 7.691962, "supply_capped_TWh": null, "shortfall_TWh": 0.0}}}, "metrics": {"solar_cf": 0.206966, "wind_cf": 0.289427, "solar_f_adj": 1.28359, "wind_f_adj": 1.267481, "mix_alpha": 0.4, "mix_f_adj": 1.204387, "solar_s_tot_pct": 16.944516, "wind_s_tot_pct": 18.206682, "mix_s_tot_pct": 9.610867, "solar_s_seasonal_pct": 15.1757, "solar_s_diurnal_pct": 1.768816, "wind_s_seasonal_pct": 17.496662, "wind_s_diurnal_pct": 0.71002, "solar_flaute_days": 0.875, "wind_flaute_days": 6.625, "solar_gap30d_max": 0.695422, "wind_gap30d_max": 0.767766, "solar_trend_pct_decade": 2.151594, "wind_trend_pct_decade": 0.443838}, "series_real": {"months": [1, 2, 3, 4, 5, 6, 7, 8, 9, 10, 11, 12], "demand_TWh": [7.123827, 5.810658, 6.15994, 5.649715, 6.468102, 7.067507, 8.147211, 8.110822, 6.929146, 6.294058, 5.776803, 6.555256], "supply_TWh_nocap": [7.868277, 7.716828, 9.320117, 9.601106, 9.345984, 8.242477, 8.221971, 7.167549, 7.339306, 7.403229, 7.063551, 7.172625], "supply_TWh_1pct": [6.731603, 6.602032, 7.973705, 8.214102, 7.995836, 7.051744, 7.034201, 6.132103, 6.279048, 6.333737, 6.043129, 6.136446], "supply_TWh_oilgas2x": [7.868277, 7.716828, 9.320117, 9.601106, 9.345984, 8.242477, 8.221971, 7.167549, 7.339306, 7.403229, 7.063551, 7.172625], "supply_TWh_oilgas_all": [7.868277, 7.716828, 9.320117, 9.601106, 9.345984, 8.242477, 8.221971, 7.167549, 7.339306, 7.403229, 7.063551, 7.172625]}, "series_norm": {"months": [1, 2, 3, 4, 5, 6, 7, 8, 9, 10, 11, 12], "demand": [1.048021, 0.93741, 0.906219, 0.858862, 0.951554, 1.074393, 1.198576, 1.193223, 1.05336, 0.92595, 0.878182, 0.964376], "solar_supply": [0.761015, 0.941031, 1.242706, 1.550113, 1.777526, 1.791492, 1.789229, 1.588938, 1.327393, 1.113501, 0.829756, 0.67196], "wind_supply": [1.529324, 1.564089, 1.586854, 1.539574, 1.241457, 1.018414, 0.943717, 0.803489, 1.083111, 1.177283, 1.337179, 1.408446], "mix_supply": [1.157541, 1.244925, 1.371128, 1.459548, 1.374933, 1.253011, 1.209574, 1.054453, 1.115712, 1.089125, 1.073792, 1.0552], "mix_storage": [0.047038, 0.053124, 0.071331, 0.088755, 0.093607, 0.092194, 0.082884, 0.062322, 0.044732, 0.043189, 0.047497, 0.04809], "mix_s_tot": 0.096109}, "consumption_TWh": 80.034012}}, "usa": {"annual_consumption_TWh": 80.034012, "state_land_km2": 80163.659082, "mix_solar_nameplate_GW": 31.551666, "mix_wind_nameplate_GW": 31.83804, "mix_capacity_TWh": 555.29382, "mix_land_km2": 1370.102589, "mix_land_pct": 1.709132, "solar_land_pct": 2.623938, "wind_land_pct": 0.952534, "mix_storage_TWh": null, "caps": {"1pct": {"label": "1% of land (NREL)", "cap_pct": 1.0, "feasible": false, "storage_TWh": null, "supply_capped_TWh": 61.128346, "shortfall_TWh": 18.905667}, "oilgas2x": {"label": "1.88% (2\u00d7 onshore oil & gas)", "cap_pct": 1.8800000000000001, "feasible": true, "storage_TWh": 9.089303, "supply_capped_TWh": null, "shortfall_TWh": 0.0}, "oilgas_all": {"label": "5% (all onshore oil & gas land)", "cap_pct": 5.0, "feasible": true, "storage_TWh": 9.089303, "supply_capped_TWh": null, "shortfall_TWh": 0.0}}}, "pdf": "figures/537.pdf"}