{"id": 538, "name": "North Carolina", "country": "United States of America", "level": "admin1", "continent": "North America", "metrics": {"solar_cf": 0.1821, "wind_cf": 0.1868, "solar_f_adj": 1.3168, "wind_f_adj": 1.6019, "mix_alpha": 0.45, "mix_f_adj": 1.3289, "solar_s_tot_pct": 18.209, "wind_s_tot_pct": 22.0318, "mix_s_tot_pct": 11.2911, "solar_s_seasonal_pct": 17.1528, "solar_s_diurnal_pct": 1.0562, "wind_s_seasonal_pct": 21.4435, "wind_s_diurnal_pct": 0.5884, "solar_flaute_days": 1.75, "wind_flaute_days": 11.625, "solar_gap30d_max": 0.6953, "wind_gap30d_max": 0.8873, "solar_trend_pct_decade": 0.0471, "wind_trend_pct_decade": -16.8204}, "colocation": {"k": [0, 17, 35, 50], "storage_pct_cons": [11.2911, 5.0666, 2.6584, 2.0081], "pick": ["base", "wind", "wind", "solar"], "usa_feasible": {"1pct": [false, false, false, false], "oilgas2x": [false, true, true, true], "oilgas_all": [true, true, true, true]}}, "datasets": {"gldas": {"series_norm": {"months": [1, 2, 3, 4, 5, 6, 7, 8, 9, 10, 11, 12], "demand": [1.0, 1.0, 1.0, 1.0, 1.0, 1.0, 1.0, 1.0, 1.0, 1.0, 1.0, 1.0], "solar_supply": [0.742173, 0.962389, 1.270461, 1.613451, 1.777686, 1.894668, 1.84389, 1.662483, 1.404232, 1.116189, 0.833344, 0.664038], "wind_supply": [2.168391, 2.245192, 2.300679, 2.290737, 1.597458, 0.997872, 0.79563, 0.669546, 1.228485, 1.4439, 1.697905, 1.837588], "mix_supply": [1.326445, 1.461499, 1.626727, 1.77796, 1.53622, 1.31577, 1.20043, 1.060515, 1.198262, 1.165736, 1.153179, 1.140022], "mix_storage": [0.077129, 0.080838, 0.088725, 0.099118, 0.105222, 0.106579, 0.104876, 0.096938, 0.090718, 0.088912, 0.086111, 0.079777], "mix_s_tot": 0.112911}, "series_real": {"months": [1, 2, 3, 4, 5, 6, 7, 8, 9, 10, 11, 12], "demand_TWh": [12.031999, 9.805755, 10.240367, 9.078929, 10.232223, 11.372823, 13.226279, 13.159468, 11.22369, 10.056164, 9.477932, 11.084693], "supply_TWh_nocap": [13.271101, 13.603557, 16.996329, 18.413894, 17.205697, 14.981702, 14.351797, 12.745855, 13.023675, 12.592044, 11.530001, 11.459892], "supply_TWh_1pct": [6.994041, 7.169249, 8.957284, 9.704359, 9.067623, 7.895549, 7.563582, 6.71723, 6.863644, 6.636169, 6.076458, 6.03951], "supply_TWh_oilgas2x": [13.148796, 13.478189, 16.839693, 18.244195, 17.047132, 14.843633, 14.219533, 12.628392, 12.90365, 12.475998, 11.423742, 11.354279], "supply_TWh_oilgas_all": [13.271101, 13.603557, 16.996329, 18.413894, 17.205697, 14.981702, 14.351797, 12.745855, 13.023675, 12.592044, 11.530001, 11.459892]}, "consumption_TWh": 130.917898}, "nldas": null}, "usa": {"annual_consumption_TWh": 130.917898, "state_land_km2": 127661.280355, "mix_solar_nameplate_GW": 58.639498, "mix_wind_nameplate_GW": 46.770622, "mix_capacity_TWh": 923.39265, "mix_land_km2": 2422.356155, "mix_land_pct": 1.897487, "solar_land_pct": 2.80893, "wind_land_pct": 1.011868, "mix_storage_TWh": null, "caps": {"1pct": {"label": "1% of land (NREL)", "cap_pct": 1.0, "feasible": false, "storage_TWh": null, "supply_capped_TWh": 89.631942, "shortfall_TWh": 41.285956}, "oilgas2x": {"label": "1.88% (2\u00d7 onshore oil & gas)", "cap_pct": 1.8800000000000001, "feasible": false, "storage_TWh": null, "supply_capped_TWh": 168.508051, "shortfall_TWh": 0.0}, "oilgas_all": {"label": "5% (all onshore oil & gas land)", "cap_pct": 5.0, "feasible": true, "storage_TWh": 17.313368, "supply_capped_TWh": null, "shortfall_TWh": 0.0}}}, "pdf": "figures/538.pdf"}