{"id": 539, "name": "Virginia", "country": "United States of America", "level": "admin1", "continent": "North America", "metrics": {"solar_cf": 0.1715, "wind_cf": 0.1695, "solar_f_adj": 1.3282, "wind_f_adj": 1.9009, "mix_alpha": 0.4, "mix_f_adj": 1.4753, "solar_s_tot_pct": 20.5149, "wind_s_tot_pct": 28.2147, "mix_s_tot_pct": 14.1103, "solar_s_seasonal_pct": 19.3135, "solar_s_diurnal_pct": 1.2014, "wind_s_seasonal_pct": 27.1137, "wind_s_diurnal_pct": 1.101, "solar_flaute_days": 1.875, "wind_flaute_days": 10.75, "solar_gap30d_max": 0.7102, "wind_gap30d_max": 0.8874, "solar_trend_pct_decade": -0.8286, "wind_trend_pct_decade": -28.0283}, "colocation": {"k": [0, 17, 35, 50], "storage_pct_cons": [14.1103, 3.8863, 2.739, 2.1636], "pick": ["base", "wind", "wind", "solar"], "usa_feasible": {"1pct": [false, false, false, false], "oilgas2x": [false, false, true, true], "oilgas_all": [true, true, true, true]}}, "datasets": {"gldas": {"series_norm": {"months": [1, 2, 3, 4, 5, 6, 7, 8, 9, 10, 11, 12], "demand": [1.0, 1.0, 1.0, 1.0, 1.0, 1.0, 1.0, 1.0, 1.0, 1.0, 1.0, 1.0], "solar_supply": [0.696076, 0.940366, 1.272947, 1.599292, 1.805429, 1.984898, 1.93097, 1.737566, 1.443523, 1.097136, 0.794971, 0.617334], "wind_supply": [2.829814, 2.731951, 2.773366, 2.671496, 1.763687, 1.169645, 0.863899, 0.734536, 1.170423, 1.710472, 2.123236, 2.327537], "mix_supply": [1.626941, 1.689905, 1.856951, 1.954505, 1.623374, 1.426497, 1.260169, 1.114005, 1.186335, 1.283911, 1.341865, 1.358075], "mix_storage": [0.101056, 0.103392, 0.1107, 0.123671, 0.130299, 0.131871, 0.130617, 0.12311, 0.114296, 0.109648, 0.108651, 0.103047], "mix_s_tot": 0.141103}, "series_real": {"months": [1, 2, 3, 4, 5, 6, 7, 8, 9, 10, 11, 12], "demand_TWh": [10.780362, 8.716691, 9.183932, 7.914029, 8.798125, 9.677586, 11.249555, 11.029267, 9.131796, 8.675647, 8.549216, 10.176084], "supply_TWh_nocap": [13.760117, 13.379912, 16.528943, 17.269565, 15.640774, 13.964479, 13.050122, 11.588926, 11.269255, 11.802465, 11.351304, 11.550193], "supply_TWh_1pct": [6.127682, 5.958368, 7.3607, 7.690516, 6.965179, 6.218689, 5.811505, 5.160803, 5.018446, 5.255896, 5.054984, 5.143554], "supply_TWh_oilgas2x": [11.520041, 11.201732, 13.838117, 14.458169, 13.094537, 11.691135, 10.92563, 9.702309, 9.434679, 9.881085, 9.50337, 9.669882], "supply_TWh_oilgas_all": [13.760117, 13.379912, 16.528943, 17.269565, 15.640774, 13.964479, 13.050122, 11.588926, 11.269255, 11.802465, 11.351304, 11.550193]}, "consumption_TWh": 113.819323}, "nldas": null}, "usa": {"annual_consumption_TWh": 113.819323, "state_land_km2": 103724.657409, "mix_solar_nameplate_GW": 53.604951, "mix_wind_nameplate_GW": 54.237457, "mix_capacity_TWh": 944.699496, "mix_land_km2": 2329.206265, "mix_land_pct": 2.245567, "solar_land_pct": 3.226701, "wind_land_pct": 1.411467, "mix_storage_TWh": null, "caps": {"1pct": {"label": "1% of land (NREL)", "cap_pct": 1.0, "feasible": false, "storage_TWh": null, "supply_capped_TWh": 71.726095, "shortfall_TWh": 42.093228}, "oilgas2x": {"label": "1.88% (2\u00d7 onshore oil & gas)", "cap_pct": 1.8800000000000001, "feasible": false, "storage_TWh": null, "supply_capped_TWh": 134.845058, "shortfall_TWh": 0.0}, "oilgas_all": {"label": "5% (all onshore oil & gas land)", "cap_pct": 5.0, "feasible": true, "storage_TWh": 18.471396, "supply_capped_TWh": null, "shortfall_TWh": 0.0}}}, "pdf": "figures/539.pdf"}