{"id": 54, "name": "Azerbaijan", "country": "Azerbaijan", "level": "admin0", "continent": "Asia", "metrics": {"solar_cf": 0.169, "wind_cf": 0.1403, "solar_f_adj": 1.2962, "wind_f_adj": 1.6363, "mix_alpha": 0.15, "mix_f_adj": 1.5296, "solar_s_tot_pct": 24.3984, "wind_s_tot_pct": 20.7, "mix_s_tot_pct": 16.0171, "solar_s_seasonal_pct": 23.3108, "solar_s_diurnal_pct": 1.0877, "wind_s_seasonal_pct": 18.5738, "wind_s_diurnal_pct": 2.1261, "solar_flaute_days": 3.75, "wind_flaute_days": 18.25, "solar_gap30d_max": 0.7242, "wind_gap30d_max": 0.9167, "solar_trend_pct_decade": 1.1167, "wind_trend_pct_decade": 6.0769}, "colocation": {"k": [0, 17, 35, 50], "storage_pct_cons": [16.0171, 12.2379, 8.6711, 7.2893], "pick": ["base", "wind", "solar", "solar"]}, "datasets": {"gldas": {"series_norm": {"months": [1, 2, 3, 4, 5, 6, 7, 8, 9, 10, 11, 12], "demand": [1.0, 1.0, 1.0, 1.0, 1.0, 1.0, 1.0, 1.0, 1.0, 1.0, 1.0, 1.0], "solar_supply": [0.610699, 0.846424, 1.13572, 1.474157, 1.836064, 2.112052, 2.061537, 1.873637, 1.425666, 0.960443, 0.665608, 0.527743], "wind_supply": [1.53382, 1.798533, 1.892893, 1.695158, 1.535199, 1.801284, 1.979162, 1.881894, 1.555686, 1.351111, 1.26915, 1.348901], "mix_supply": [1.326848, 1.578912, 1.705099, 1.607892, 1.544855, 1.805137, 1.937533, 1.826984, 1.488486, 1.243582, 1.126266, 1.16523], "mix_storage": [0.102938, 0.108134, 0.125467, 0.140236, 0.146184, 0.150163, 0.154103, 0.156311, 0.153595, 0.145714, 0.128996, 0.111279], "mix_s_tot": 0.160171}}, "nldas": null}, "pdf": "figures/54.pdf"}