{"id": 540, "name": "District of Columbia", "country": "United States of America", "level": "admin1", "continent": "North America", "metrics": {"solar_cf": 0.1676, "wind_cf": 0.2216, "solar_f_adj": 1.3674, "wind_f_adj": 1.5557, "mix_alpha": 0.4, "mix_f_adj": 1.335, "solar_s_tot_pct": 20.6355, "wind_s_tot_pct": 19.5575, "mix_s_tot_pct": 11.2935, "solar_s_seasonal_pct": 19.3654, "solar_s_diurnal_pct": 1.2701, "wind_s_seasonal_pct": 19.1148, "wind_s_diurnal_pct": 0.4428, "solar_flaute_days": 4.75, "wind_flaute_days": 6.375, "solar_gap30d_max": 0.7161, "wind_gap30d_max": 0.7882, "solar_trend_pct_decade": -0.3287, "wind_trend_pct_decade": -13.3136}, "colocation": {"k": [0, 17, 35, 50], "storage_pct_cons": [11.2935, 3.0372, 2.7055, 2.1848], "pick": ["base", "wind", "wind", "solar"], "usa_feasible": {"1pct": [false, false, false, false], "oilgas2x": [false, false, false, false], "oilgas_all": [false, false, false, false]}}, "datasets": {"gldas": {"series_norm": {"months": [1, 2, 3, 4, 5, 6, 7, 8, 9, 10, 11, 12], "demand": [1.0, 1.0, 1.0, 1.0, 1.0, 1.0, 1.0, 1.0, 1.0, 1.0, 1.0, 1.0], "solar_supply": [0.686145, 0.960606, 1.309713, 1.63618, 1.888798, 2.074167, 2.047445, 1.820386, 1.482795, 1.101146, 0.775066, 0.605792], "wind_supply": [2.190274, 2.140278, 2.206745, 2.057503, 1.366063, 1.0346, 0.735496, 0.737038, 1.072834, 1.510674, 1.804907, 1.855862], "mix_supply": [1.395661, 1.477102, 1.647659, 1.698312, 1.440963, 1.342694, 1.178259, 1.090381, 1.131435, 1.207823, 1.231972, 1.192102], "mix_storage": [0.084496, 0.08615, 0.09113, 0.099209, 0.103496, 0.105722, 0.105528, 0.098497, 0.090969, 0.086346, 0.087473, 0.084918], "mix_s_tot": 0.112935}, "series_real": {"months": [1, 2, 3, 4, 5, 6, 7, 8, 9, 10, 11, 12], "demand_TWh": [0.956978, 0.788995, 0.886123, 0.784314, 0.883453, 0.982392, 1.127597, 1.096313, 0.924549, 0.862627, 0.816904, 0.921964], "supply_TWh_nocap": [1.312465, 1.26728, 1.549681, 1.546027, 1.355487, 1.222493, 1.108366, 1.025701, 1.030146, 1.136176, 1.121324, 1.121214], "supply_TWh_1pct": [0.011829, 0.011422, 0.013967, 0.013934, 0.012217, 0.011018, 0.00999, 0.009245, 0.009285, 0.01024, 0.010107, 0.010106], "supply_TWh_oilgas2x": [0.022239, 0.021474, 0.026259, 0.026197, 0.022968, 0.020715, 0.018781, 0.01738, 0.017455, 0.019252, 0.019, 0.018999], "supply_TWh_oilgas_all": [0.059147, 0.057111, 0.069837, 0.069672, 0.061086, 0.055092, 0.049949, 0.046224, 0.046424, 0.051202, 0.050533, 0.050528]}, "consumption_TWh": 11.026109}, "nldas": {"real": {"annual_consumption_TWh": 11.026109, "state_land_km2": 162.24296, "mix_solar_nameplate_GW": 2.859755, "mix_wind_nameplate_GW": 2.983157, "mix_capacity_TWh": 51.183903, "mix_land_km2": 125.156722, "mix_land_pct": 77.141543, "solar_land_pct": 184.837527, "wind_land_pct": 29.478293, "caps": {"1pct": {"label": "1% of land (NREL)", "cap_pct": 1.0, "feasible": false, "storage_TWh": null, "supply_capped_TWh": 0.168624, "shortfall_TWh": 10.857484}, "oilgas2x": {"label": "1.88% (2\u00d7 onshore oil & gas)", "cap_pct": 1.8800000000000001, "feasible": false, "storage_TWh": null, "supply_capped_TWh": 0.317013, "shortfall_TWh": 10.709095}, "oilgas_all": {"label": "5% (all onshore oil & gas land)", "cap_pct": 5.0, "feasible": false, "storage_TWh": null, "supply_capped_TWh": 0.843121, "shortfall_TWh": 10.182988}}}, "metrics": {"solar_cf": 0.181737, "wind_cf": 0.32355, "solar_f_adj": 1.29898, "wind_f_adj": 1.229395, "mix_alpha": 0.35, "mix_f_adj": 1.179739, "solar_s_tot_pct": 20.389501, "wind_s_tot_pct": 19.402344, "mix_s_tot_pct": 12.136914, "solar_s_seasonal_pct": 19.529669, "solar_s_diurnal_pct": 0.859832, "wind_s_seasonal_pct": 19.22394, "wind_s_diurnal_pct": 0.178404, "solar_flaute_days": 1.875, "wind_flaute_days": 4.166667, "solar_gap30d_max": 0.730536, "wind_gap30d_max": 0.664037, "solar_trend_pct_decade": 1.046138, "wind_trend_pct_decade": 1.378529}, "series_real": {"months": [1, 2, 3, 4, 5, 6, 7, 8, 9, 10, 11, 12], "demand_TWh": [0.957425, 0.788996, 0.8864, 0.784441, 0.883592, 0.982394, 1.127774, 1.096486, 0.924551, 0.862763, 0.817167, 0.922253], "supply_TWh_nocap": [1.089952, 1.071741, 1.339092, 1.331839, 1.207981, 1.091598, 0.999187, 0.952696, 0.957582, 1.016172, 0.993179, 0.966508], "supply_TWh_1pct": [0.014129, 0.013893, 0.017359, 0.017265, 0.015659, 0.014151, 0.012953, 0.01235, 0.012413, 0.013173, 0.012875, 0.012529], "supply_TWh_oilgas2x": [0.026563, 0.026119, 0.032635, 0.032458, 0.029439, 0.026603, 0.024351, 0.023218, 0.023337, 0.024765, 0.024205, 0.023555], "supply_TWh_oilgas_all": [0.070646, 0.069466, 0.086795, 0.086324, 0.078296, 0.070753, 0.064763, 0.06175, 0.062067, 0.065864, 0.064374, 0.062645]}, "series_norm": {"months": [1, 2, 3, 4, 5, 6, 7, 8, 9, 10, 11, 12], "demand": [1.022383, 0.923914, 0.946539, 0.865585, 0.94354, 1.084014, 1.20429, 1.170879, 1.020188, 0.921298, 0.901696, 0.984824], "solar_supply": [0.648527, 0.880332, 1.254175, 1.569621, 1.790022, 1.936385, 1.945351, 1.761664, 1.389753, 1.046342, 0.749532, 0.593671], "wind_supply": [1.535485, 1.563416, 1.653362, 1.556191, 1.155825, 0.944283, 0.719213, 0.733232, 0.985774, 1.206442, 1.375014, 1.352106], "mix_supply": [1.163901, 1.255008, 1.429945, 1.469607, 1.289939, 1.204515, 1.066978, 1.017334, 1.056636, 1.085116, 1.095915, 1.032082], "mix_storage": [0.048349, 0.053745, 0.07659, 0.103421, 0.113748, 0.11105, 0.094583, 0.066404, 0.048336, 0.045332, 0.050402, 0.049707], "mix_s_tot": 0.121369}, "consumption_TWh": 11.026109}}, "usa": {"annual_consumption_TWh": 11.026109, "state_land_km2": 162.24296, "mix_solar_nameplate_GW": 4.029004, "mix_wind_nameplate_GW": 4.57081, "mix_capacity_TWh": 75.334371, "mix_land_km2": 180.00823, "mix_land_pct": 110.949794, "solar_land_pct": 209.889988, "wind_land_pct": 54.887468, "mix_storage_TWh": null, "caps": {"1pct": {"label": "1% of land (NREL)", "cap_pct": 1.0, "feasible": false, "storage_TWh": null, "supply_capped_TWh": 0.133287, "shortfall_TWh": 10.892821}, "oilgas2x": {"label": "1.88% (2\u00d7 onshore oil & gas)", "cap_pct": 1.8800000000000001, "feasible": false, "storage_TWh": null, "supply_capped_TWh": 0.25058, "shortfall_TWh": 10.775528}, "oilgas_all": {"label": "5% (all onshore oil & gas land)", "cap_pct": 5.0, "feasible": false, "storage_TWh": null, "supply_capped_TWh": 0.666437, "shortfall_TWh": 10.359671}}}, "pdf": "figures/540.pdf"}