{"id": 541, "name": "Maryland", "country": "United States of America", "level": "admin1", "continent": "North America", "metrics": {"solar_cf": 0.1649, "wind_cf": 0.2546, "solar_f_adj": 1.343, "wind_f_adj": 1.497, "mix_alpha": 0.35, "mix_f_adj": 1.3221, "solar_s_tot_pct": 21.1928, "wind_s_tot_pct": 21.7632, "mix_s_tot_pct": 10.0955, "solar_s_seasonal_pct": 19.8741, "solar_s_diurnal_pct": 1.3187, "wind_s_seasonal_pct": 21.4, "wind_s_diurnal_pct": 0.3632, "solar_flaute_days": 3.875, "wind_flaute_days": 6.75, "solar_gap30d_max": 0.7094, "wind_gap30d_max": 0.8071, "solar_trend_pct_decade": -0.4176, "wind_trend_pct_decade": -11.809}, "colocation": {"k": [0, 17, 35, 50], "storage_pct_cons": [10.0955, 2.5932, 2.2048, 1.8853], "pick": ["base", "solar", "solar", "solar"], "usa_feasible": {"1pct": [false, false, false, false], "oilgas2x": [false, false, false, false], "oilgas_all": [true, true, true, true]}}, "datasets": {"gldas": {"series_norm": {"months": [1, 2, 3, 4, 5, 6, 7, 8, 9, 10, 11, 12], "demand": [1.0, 1.0, 1.0, 1.0, 1.0, 1.0, 1.0, 1.0, 1.0, 1.0, 1.0, 1.0], "solar_supply": [0.662655, 0.939893, 1.271607, 1.603964, 1.856571, 2.052256, 2.030433, 1.808411, 1.469484, 1.072284, 0.749544, 0.579394], "wind_supply": [2.204206, 2.111902, 2.092724, 1.913884, 1.275214, 0.958673, 0.679059, 0.663331, 0.997166, 1.446657, 1.756193, 1.908252], "mix_supply": [1.493644, 1.536179, 1.639462, 1.651311, 1.371717, 1.25743, 1.089398, 1.003872, 1.078733, 1.199909, 1.266399, 1.295064], "mix_storage": [0.076165, 0.081587, 0.087448, 0.093048, 0.09582, 0.096407, 0.092353, 0.080395, 0.069044, 0.065114, 0.069235, 0.073195], "mix_s_tot": 0.100955}, "series_real": {"months": [1, 2, 3, 4, 5, 6, 7, 8, 9, 10, 11, 12], "demand_TWh": [5.895843, 4.837341, 5.160207, 4.339164, 4.723579, 5.271765, 6.323676, 6.122178, 5.017509, 4.594209, 4.56858, 5.611877], "supply_TWh_nocap": [7.952999, 7.462425, 8.730769, 8.511476, 7.306059, 6.482303, 5.802366, 5.346834, 5.561086, 6.390973, 6.526449, 6.896718], "supply_TWh_1pct": [2.221737, 2.084691, 2.439014, 2.377752, 2.041009, 1.810886, 1.62094, 1.493683, 1.553536, 1.785372, 1.823218, 1.926656], "supply_TWh_oilgas2x": [4.176866, 3.919219, 4.585346, 4.470174, 3.837097, 3.404465, 3.047367, 2.808124, 2.920648, 3.3565, 3.427651, 3.622113], "supply_TWh_oilgas_all": [7.952999, 7.462425, 8.730769, 8.511476, 7.306059, 6.482303, 5.802366, 5.346834, 5.561086, 6.390973, 6.526449, 6.896718]}, "consumption_TWh": 62.43139}, "nldas": {"real": {"annual_consumption_TWh": 62.43139, "state_land_km2": 25462.074164, "mix_solar_nameplate_GW": 11.801897, "mix_wind_nameplate_GW": 19.488058, "mix_capacity_TWh": 274.100011, "mix_land_km2": 588.277162, "mix_land_pct": 2.310406, "solar_land_pct": 6.610535, "wind_land_pct": 1.077128, "caps": {"1pct": {"label": "1% of land (NREL)", "cap_pct": 1.0, "feasible": false, "storage_TWh": null, "supply_capped_TWh": 32.691013, "shortfall_TWh": 29.740377}, "oilgas2x": {"label": "1.88% (2\u00d7 onshore oil & gas)", "cap_pct": 1.8800000000000001, "feasible": false, "storage_TWh": null, "supply_capped_TWh": 61.459104, "shortfall_TWh": 0.972286}, "oilgas_all": {"label": "5% (all onshore oil & gas land)", "cap_pct": 5.0, "feasible": true, "storage_TWh": 7.417739, "supply_capped_TWh": null, "shortfall_TWh": 0.0}}}, "metrics": {"solar_cf": 0.182642, "wind_cf": 0.331822, "solar_f_adj": 1.294057, "wind_f_adj": 1.276931, "mix_alpha": 0.25, "mix_f_adj": 1.2098, "solar_s_tot_pct": 21.547082, "wind_s_tot_pct": 19.113429, "mix_s_tot_pct": 11.881426, "solar_s_seasonal_pct": 20.730425, "solar_s_diurnal_pct": 0.816657, "wind_s_seasonal_pct": 18.885038, "wind_s_diurnal_pct": 0.228391, "solar_flaute_days": 0.833333, "wind_flaute_days": 5.083333, "solar_gap30d_max": 0.718469, "wind_gap30d_max": 0.683358, "solar_trend_pct_decade": 0.777754, "wind_trend_pct_decade": -1.615209}, "series_real": {"months": [1, 2, 3, 4, 5, 6, 7, 8, 9, 10, 11, 12], "demand_TWh": [5.898576, 4.837333, 5.161799, 4.339852, 4.724303, 5.271756, 6.324646, 6.123117, 5.0175, 4.594913, 4.570037, 5.613609], "supply_TWh_nocap": [7.214274, 6.609597, 7.797601, 7.462514, 6.444481, 5.686255, 5.137853, 4.852611, 5.314196, 6.227602, 6.352436, 6.485771], "supply_TWh_1pct": [3.122514, 2.860795, 3.374992, 3.229958, 2.789329, 2.46115, 2.223788, 2.100329, 2.300114, 2.695458, 2.74949, 2.8072], "supply_TWh_oilgas2x": [5.870327, 5.378295, 6.344986, 6.072322, 5.243938, 4.626963, 4.180722, 3.948618, 4.324214, 5.067462, 5.169041, 5.277537], "supply_TWh_oilgas_all": [7.214274, 6.609597, 7.797601, 7.462514, 6.444481, 5.686255, 5.137853, 4.852611, 5.314196, 6.227602, 6.352436, 6.485771]}, "series_norm": {"months": [1, 2, 3, 4, 5, 6, 7, 8, 9, 10, 11, 12], "demand": [1.112437, 1.000419, 0.973485, 0.845753, 0.890976, 1.027363, 1.192791, 1.154784, 0.977813, 0.866574, 0.890612, 1.058694], "solar_supply": [0.646815, 0.873592, 1.246551, 1.55242, 1.783747, 1.933005, 1.954555, 1.747114, 1.38608, 1.045481, 0.742245, 0.594157], "wind_supply": [1.702005, 1.636384, 1.659561, 1.536039, 1.123731, 0.923701, 0.720753, 0.713278, 1.001556, 1.309, 1.498074, 1.525972], "mix_supply": [1.36057, 1.366944, 1.470582, 1.454299, 1.215391, 1.108141, 0.968969, 0.915174, 1.035634, 1.174489, 1.237967, 1.223178], "mix_storage": [0.072544, 0.080106, 0.097913, 0.11152, 0.113766, 0.108813, 0.088075, 0.05388, 0.033524, 0.038472, 0.056989, 0.067561], "mix_s_tot": 0.118814}, "consumption_TWh": 62.43139}}, "usa": {"annual_consumption_TWh": 62.43139, "state_land_km2": 25462.074164, "mix_solar_nameplate_GW": 20.092893, "mix_wind_nameplate_GW": 24.168519, "mix_capacity_TWh": 387.729961, "mix_land_km2": 911.44827, "mix_land_pct": 3.579631, "solar_land_pct": 7.577198, "wind_land_pct": 1.655112, "mix_storage_TWh": null, "caps": {"1pct": {"label": "1% of land (NREL)", "cap_pct": 1.0, "feasible": false, "storage_TWh": null, "supply_capped_TWh": 23.166527, "shortfall_TWh": 39.264863}, "oilgas2x": {"label": "1.88% (2\u00d7 onshore oil & gas)", "cap_pct": 1.8800000000000001, "feasible": false, "storage_TWh": null, "supply_capped_TWh": 43.553071, "shortfall_TWh": 18.878319}, "oilgas_all": {"label": "5% (all onshore oil & gas land)", "cap_pct": 5.0, "feasible": true, "storage_TWh": 7.718955, "supply_capped_TWh": null, "shortfall_TWh": 0.0}}}, "pdf": "figures/541.pdf"}