{"id": 542, "name": "Delaware", "country": "United States of America", "level": "admin1", "continent": "North America", "metrics": {"solar_cf": 0.168, "wind_cf": 0.3211, "solar_f_adj": 1.3443, "wind_f_adj": 1.4478, "mix_alpha": 0.3, "mix_f_adj": 1.3142, "solar_s_tot_pct": 21.1943, "wind_s_tot_pct": 19.0499, "mix_s_tot_pct": 10.265, "solar_s_seasonal_pct": 19.8857, "solar_s_diurnal_pct": 1.3086, "wind_s_seasonal_pct": 18.761, "wind_s_diurnal_pct": 0.2889, "solar_flaute_days": 3.75, "wind_flaute_days": 6.875, "solar_gap30d_max": 0.7115, "wind_gap30d_max": 0.7538, "solar_trend_pct_decade": -0.4648, "wind_trend_pct_decade": -6.7687}, "colocation": {"k": [0, 17, 35, 50], "storage_pct_cons": [10.265, 3.0518, 2.2096, 1.893], "pick": ["base", "solar", "solar", "solar"], "usa_feasible": {"1pct": [false, false, false, false], "oilgas2x": [false, false, false, true], "oilgas_all": [true, true, true, true]}}, "datasets": {"gldas": {"series_norm": {"months": [1, 2, 3, 4, 5, 6, 7, 8, 9, 10, 11, 12], "demand": [1.0, 1.0, 1.0, 1.0, 1.0, 1.0, 1.0, 1.0, 1.0, 1.0, 1.0, 1.0], "solar_supply": [0.667764, 0.943893, 1.277715, 1.610194, 1.863479, 2.051664, 2.013975, 1.79639, 1.463991, 1.075343, 0.755877, 0.591603], "wind_supply": [1.975517, 1.903346, 1.913325, 1.805032, 1.300118, 1.038828, 0.779605, 0.771081, 1.084676, 1.438073, 1.636833, 1.760362], "mix_supply": [1.451097, 1.486224, 1.59047, 1.619172, 1.372632, 1.261799, 1.086034, 1.016803, 1.118575, 1.22914, 1.261738, 1.29205], "mix_storage": [0.08198, 0.083714, 0.08773, 0.093175, 0.096686, 0.097322, 0.092879, 0.082037, 0.073708, 0.073539, 0.078315, 0.080676], "mix_s_tot": 0.10265}, "series_real": {"months": [1, 2, 3, 4, 5, 6, 7, 8, 9, 10, 11, 12], "demand_TWh": [1.059208, 0.909508, 0.958614, 0.830903, 0.850601, 0.956153, 1.15897, 1.154008, 1.001678, 0.88131, 0.827642, 0.961166], "supply_TWh_nocap": [1.429039, 1.335323, 1.566537, 1.543593, 1.352186, 1.203094, 1.069858, 1.001658, 1.066534, 1.210832, 1.20265, 1.272607], "supply_TWh_1pct": [0.522184, 0.487939, 0.572427, 0.564043, 0.494101, 0.439621, 0.390936, 0.366015, 0.389721, 0.442449, 0.439459, 0.465022], "supply_TWh_oilgas2x": [0.981706, 0.917326, 1.076162, 1.0604, 0.92891, 0.826488, 0.734959, 0.688108, 0.732676, 0.831804, 0.826183, 0.874242], "supply_TWh_oilgas_all": [1.429039, 1.335323, 1.566537, 1.543593, 1.352186, 1.203094, 1.069858, 1.001658, 1.066534, 1.210832, 1.20265, 1.272607]}, "consumption_TWh": 11.543375}, "nldas": {"real": {"annual_consumption_TWh": 11.543375, "state_land_km2": 5171.662731, "mix_solar_nameplate_GW": 2.532791, "mix_wind_nameplate_GW": 2.586806, "mix_capacity_TWh": 44.84767, "mix_land_km2": 110.294427, "mix_land_pct": 2.132669, "solar_land_pct": 5.878163, "wind_land_pct": 0.758721, "caps": {"1pct": {"label": "1% of land (NREL)", "cap_pct": 1.0, "feasible": false, "storage_TWh": null, "supply_capped_TWh": 6.480315, "shortfall_TWh": 5.063061}, "oilgas2x": {"label": "1.88% (2\u00d7 onshore oil & gas)", "cap_pct": 1.8800000000000001, "feasible": false, "storage_TWh": null, "supply_capped_TWh": 12.182992, "shortfall_TWh": 0.0}, "oilgas_all": {"label": "5% (all onshore oil & gas land)", "cap_pct": 5.0, "feasible": true, "storage_TWh": 1.21966, "supply_capped_TWh": null, "shortfall_TWh": 0.0}}}, "metrics": {"solar_cf": 0.186869, "wind_cf": 0.426923, "solar_f_adj": 1.293307, "wind_f_adj": 1.271256, "mix_alpha": 0.3, "mix_f_adj": 1.197255, "solar_s_tot_pct": 20.220248, "wind_s_tot_pct": 19.237568, "mix_s_tot_pct": 10.565888, "solar_s_seasonal_pct": 19.289419, "solar_s_diurnal_pct": 0.930829, "wind_s_seasonal_pct": 19.066783, "wind_s_diurnal_pct": 0.170785, "solar_flaute_days": 1.708333, "wind_flaute_days": 4.666667, "solar_gap30d_max": 0.718553, "wind_gap30d_max": 0.649447, "solar_trend_pct_decade": 0.238567, "wind_trend_pct_decade": -1.436939}, "series_real": {"months": [1, 2, 3, 4, 5, 6, 7, 8, 9, 10, 11, 12], "demand_TWh": [1.059703, 0.909509, 0.958912, 0.831037, 0.850734, 0.956154, 1.159151, 1.154188, 1.001679, 0.881448, 0.827908, 0.961465], "supply_TWh_nocap": [1.263858, 1.153371, 1.347981, 1.308036, 1.19374, 1.090411, 1.012344, 0.963543, 1.01962, 1.151595, 1.142273, 1.183787], "supply_TWh_1pct": [0.592618, 0.540811, 0.632063, 0.613333, 0.55974, 0.51129, 0.474684, 0.451801, 0.478096, 0.539979, 0.535608, 0.555073], "supply_TWh_oilgas2x": [1.114122, 1.016725, 1.188279, 1.153066, 1.052311, 0.961224, 0.892406, 0.849387, 0.89882, 1.01516, 1.006942, 1.043538], "supply_TWh_oilgas_all": [1.263858, 1.153371, 1.347981, 1.308036, 1.19374, 1.090411, 1.012344, 0.963543, 1.01962, 1.151595, 1.142273, 1.183787]}, "series_norm": {"months": [1, 2, 3, 4, 5, 6, 7, 8, 9, 10, 11, 12], "demand": [1.080892, 1.01731, 0.978086, 0.87591, 0.867745, 1.007782, 1.18233, 1.177267, 1.055766, 0.899073, 0.872612, 0.98069], "solar_supply": [0.648584, 0.875371, 1.250821, 1.556828, 1.767993, 1.967498, 1.933461, 1.735543, 1.36567, 1.040285, 0.746658, 0.609101], "wind_supply": [1.682216, 1.588114, 1.558671, 1.435418, 1.102163, 0.914484, 0.751801, 0.759671, 1.054834, 1.343514, 1.511696, 1.574964], "mix_supply": [1.289129, 1.290076, 1.374935, 1.378664, 1.21761, 1.149289, 1.032587, 0.982809, 1.074675, 1.174622, 1.203951, 1.207458], "mix_storage": [0.073832, 0.077599, 0.0893, 0.099012, 0.101842, 0.099516, 0.08385, 0.055525, 0.035403, 0.037548, 0.054931, 0.067647], "mix_s_tot": 0.105659}, "consumption_TWh": 11.543375}}, "usa": {"annual_consumption_TWh": 11.543375, "state_land_km2": 5171.662731, "mix_solar_nameplate_GW": 3.107741, "mix_wind_nameplate_GW": 3.793941, "mix_capacity_TWh": 60.45874, "mix_land_km2": 141.53079, "mix_land_pct": 2.736659, "solar_land_pct": 6.768364, "wind_land_pct": 1.155921, "mix_storage_TWh": null, "caps": {"1pct": {"label": "1% of land (NREL)", "cap_pct": 1.0, "feasible": false, "storage_TWh": null, "supply_capped_TWh": 5.570783, "shortfall_TWh": 5.972592}, "oilgas2x": {"label": "1.88% (2\u00d7 onshore oil & gas)", "cap_pct": 1.8800000000000001, "feasible": false, "storage_TWh": null, "supply_capped_TWh": 10.473072, "shortfall_TWh": 1.070303}, "oilgas_all": {"label": "5% (all onshore oil & gas land)", "cap_pct": 5.0, "feasible": true, "storage_TWh": 1.44283, "supply_capped_TWh": null, "shortfall_TWh": 0.0}}}, "pdf": "figures/542.pdf"}