{"id": 543, "name": "New Jersey", "country": "United States of America", "level": "admin1", "continent": "North America", "metrics": {"solar_cf": 0.163, "wind_cf": 0.2667, "solar_f_adj": 1.3701, "wind_f_adj": 1.4836, "mix_alpha": 0.35, "mix_f_adj": 1.3206, "solar_s_tot_pct": 20.943, "wind_s_tot_pct": 22.1864, "mix_s_tot_pct": 10.7922, "solar_s_seasonal_pct": 19.6071, "solar_s_diurnal_pct": 1.3358, "wind_s_seasonal_pct": 21.8717, "wind_s_diurnal_pct": 0.3147, "solar_flaute_days": 2.875, "wind_flaute_days": 6.25, "solar_gap30d_max": 0.7216, "wind_gap30d_max": 0.8059, "solar_trend_pct_decade": -0.2457, "wind_trend_pct_decade": -9.6519}, "colocation": {"k": [0, 17, 35, 50], "storage_pct_cons": [10.7922, 3.0986, 2.1089, 1.7875], "pick": ["base", "solar", "solar", "solar"], "usa_feasible": {"1pct": [false, false, false, false], "oilgas2x": [false, false, false, false], "oilgas_all": [false, false, true, true]}}, "datasets": {"gldas": {"series_norm": {"months": [1, 2, 3, 4, 5, 6, 7, 8, 9, 10, 11, 12], "demand": [1.0, 1.0, 1.0, 1.0, 1.0, 1.0, 1.0, 1.0, 1.0, 1.0, 1.0, 1.0], "solar_supply": [0.671032, 0.96574, 1.311658, 1.647371, 1.9074, 2.078919, 2.104034, 1.854128, 1.514403, 1.055223, 0.738279, 0.572596], "wind_supply": [2.082455, 1.995824, 2.029617, 1.873002, 1.292609, 1.009199, 0.775557, 0.752701, 1.027729, 1.445463, 1.691476, 1.862383], "mix_supply": [1.431208, 1.480507, 1.616754, 1.639395, 1.39132, 1.285212, 1.158507, 1.060977, 1.105493, 1.192274, 1.227688, 1.270675], "mix_storage": [0.07684, 0.081364, 0.08854, 0.095683, 0.098986, 0.099614, 0.097111, 0.088267, 0.078561, 0.072647, 0.072118, 0.073378], "mix_s_tot": 0.107922}, "series_real": {"months": [1, 2, 3, 4, 5, 6, 7, 8, 9, 10, 11, 12], "demand_TWh": [6.490409, 5.388222, 5.993229, 5.223919, 5.793082, 6.61322, 8.251059, 7.959844, 6.353928, 5.779896, 5.394923, 6.256581], "supply_TWh_nocap": [8.269406, 8.036188, 9.861028, 9.965462, 9.216142, 8.527095, 8.156759, 7.40196, 7.086652, 7.355447, 7.012971, 7.321315], "supply_TWh_1pct": [1.288552, 1.252212, 1.536561, 1.552834, 1.436074, 1.328706, 1.270999, 1.153385, 1.104253, 1.146138, 1.092772, 1.140819], "supply_TWh_oilgas2x": [2.422478, 2.354158, 2.888735, 2.919328, 2.699819, 2.497967, 2.389479, 2.168364, 2.075997, 2.154739, 2.054412, 2.14474], "supply_TWh_oilgas_all": [6.442761, 6.261058, 7.682806, 7.764171, 7.180371, 6.643528, 6.354996, 5.766926, 5.521267, 5.730688, 5.463862, 5.704095]}, "consumption_TWh": 75.456568}, "nldas": null}, "usa": {"annual_consumption_TWh": 75.456568, "state_land_km2": 19667.566468, "mix_solar_nameplate_GW": 30.933452, "mix_wind_nameplate_GW": 23.106978, "mix_capacity_TWh": 473.394161, "mix_land_km2": 1262.184831, "mix_land_pct": 6.417595, "solar_land_pct": 12.186973, "wind_land_pct": 2.462112, "mix_storage_TWh": null, "caps": {"1pct": {"label": "1% of land (NREL)", "cap_pct": 1.0, "feasible": false, "storage_TWh": null, "supply_capped_TWh": 15.294499, "shortfall_TWh": 60.16207}, "oilgas2x": {"label": "1.88% (2\u00d7 onshore oil & gas)", "cap_pct": 1.8800000000000001, "feasible": false, "storage_TWh": null, "supply_capped_TWh": 28.753658, "shortfall_TWh": 46.702911}, "oilgas_all": {"label": "5% (all onshore oil & gas land)", "cap_pct": 5.0, "feasible": false, "storage_TWh": null, "supply_capped_TWh": 76.472494, "shortfall_TWh": 0.0}}}, "pdf": "figures/543.pdf"}