{"id": 544, "name": "Connecticut", "country": "United States of America", "level": "admin1", "continent": "North America", "metrics": {"solar_cf": 0.1626, "wind_cf": 0.276, "solar_f_adj": 1.3324, "wind_f_adj": 1.7287, "mix_alpha": 0.35, "mix_f_adj": 1.4525, "solar_s_tot_pct": 21.9931, "wind_s_tot_pct": 19.3869, "mix_s_tot_pct": 9.4603, "solar_s_seasonal_pct": 20.6647, "solar_s_diurnal_pct": 1.3285, "wind_s_seasonal_pct": 18.8912, "wind_s_diurnal_pct": 0.4957, "solar_flaute_days": 2.625, "wind_flaute_days": 8.75, "solar_gap30d_max": 0.7226, "wind_gap30d_max": 0.7855, "solar_trend_pct_decade": 0.7919, "wind_trend_pct_decade": -30.3261}, "colocation": {"k": [0, 17, 35, 50], "storage_pct_cons": [9.4603, 2.9204, 2.2686, 2.0442], "pick": ["base", "wind", "wind", "solar"], "usa_feasible": {"1pct": [false, false, false, false], "oilgas2x": [false, false, false, false], "oilgas_all": [true, true, true, true]}}, "datasets": {"gldas": {"series_norm": {"months": [1, 2, 3, 4, 5, 6, 7, 8, 9, 10, 11, 12], "demand": [1.0, 1.0, 1.0, 1.0, 1.0, 1.0, 1.0, 1.0, 1.0, 1.0, 1.0, 1.0], "solar_supply": [0.638535, 0.935002, 1.289125, 1.617317, 1.867476, 2.010293, 2.074621, 1.841483, 1.485047, 0.991242, 0.682336, 0.535604], "wind_supply": [2.437725, 2.337675, 2.304748, 2.039394, 1.495596, 1.127124, 0.955364, 0.896171, 1.165911, 1.740673, 2.024604, 2.255957], "mix_supply": [1.574961, 1.633438, 1.750571, 1.730874, 1.529335, 1.382592, 1.313332, 1.192051, 1.203366, 1.328852, 1.366053, 1.436418], "mix_storage": [0.072645, 0.073954, 0.08089, 0.089036, 0.091008, 0.091354, 0.091025, 0.08745, 0.082028, 0.078172, 0.076224, 0.07428], "mix_s_tot": 0.094603}, "series_real": {"months": [1, 2, 3, 4, 5, 6, 7, 8, 9, 10, 11, 12], "demand_TWh": [2.734316, 2.245795, 2.46125, 2.147789, 2.224402, 2.451495, 2.966785, 2.925884, 2.430241, 2.271998, 2.208146, 2.618094], "supply_TWh_nocap": [4.227734, 3.946611, 4.574787, 4.306453, 3.837206, 3.290344, 3.193569, 2.907626, 2.919121, 3.470507, 3.522336, 3.86653], "supply_TWh_1pct": [1.229998, 1.148209, 1.330968, 1.2529, 1.116379, 0.957278, 0.929123, 0.845932, 0.849276, 1.009694, 1.024773, 1.124911], "supply_TWh_oilgas2x": [2.312396, 2.158633, 2.50222, 2.355452, 2.098793, 1.799682, 1.746751, 1.590352, 1.596639, 1.898224, 1.926573, 2.114832], "supply_TWh_oilgas_all": [4.227734, 3.946611, 4.574787, 4.306453, 3.837206, 3.290344, 3.193569, 2.907626, 2.919121, 3.470507, 3.522336, 3.86653]}, "consumption_TWh": 29.669779}, "nldas": null}, "usa": {"annual_consumption_TWh": 29.669779, "state_land_km2": 12704.661239, "mix_solar_nameplate_GW": 9.275399, "mix_wind_nameplate_GW": 12.750313, "mix_capacity_TWh": 192.945241, "mix_land_km2": 436.683107, "mix_land_pct": 3.437188, "solar_land_pct": 7.257773, "wind_land_pct": 1.676728, "mix_storage_TWh": null, "caps": {"1pct": {"label": "1% of land (NREL)", "cap_pct": 1.0, "feasible": false, "storage_TWh": null, "supply_capped_TWh": 12.812465, "shortfall_TWh": 16.857314}, "oilgas2x": {"label": "1.88% (2\u00d7 onshore oil & gas)", "cap_pct": 1.8800000000000001, "feasible": false, "storage_TWh": null, "supply_capped_TWh": 24.087435, "shortfall_TWh": 5.582345}, "oilgas_all": {"label": "5% (all onshore oil & gas land)", "cap_pct": 5.0, "feasible": true, "storage_TWh": 3.456915, "supply_capped_TWh": null, "shortfall_TWh": 0.0}}}, "pdf": "figures/544.pdf"}