{"id": 545, "name": "Rhode Island", "country": "United States of America", "level": "admin1", "continent": "North America", "metrics": {"solar_cf": 0.1622, "wind_cf": 0.3563, "solar_f_adj": 1.3018, "wind_f_adj": 1.7105, "mix_alpha": 0.3, "mix_f_adj": 1.4784, "solar_s_tot_pct": 22.2976, "wind_s_tot_pct": 13.4041, "mix_s_tot_pct": 9.3418, "solar_s_seasonal_pct": 21.3745, "solar_s_diurnal_pct": 0.9231, "wind_s_seasonal_pct": 12.9684, "wind_s_diurnal_pct": 0.4357, "solar_flaute_days": 2.75, "wind_flaute_days": 6.25, "solar_gap30d_max": 0.7256, "wind_gap30d_max": 0.7089, "solar_trend_pct_decade": 0.2033, "wind_trend_pct_decade": -25.2193}, "colocation": {"k": [0, 17, 35, 50], "storage_pct_cons": [9.3418, 2.5251, 2.1505, 1.9114], "pick": ["base", "wind", "solar", "solar"], "usa_feasible": {"1pct": [false, false, false, false], "oilgas2x": [false, false, false, false], "oilgas_all": [true, true, true, true]}}, "datasets": {"gldas": {"series_norm": {"months": [1, 2, 3, 4, 5, 6, 7, 8, 9, 10, 11, 12], "demand": [1.0, 1.0, 1.0, 1.0, 1.0, 1.0, 1.0, 1.0, 1.0, 1.0, 1.0, 1.0], "solar_supply": [0.624929, 0.908039, 1.259288, 1.581647, 1.835436, 1.957723, 2.019762, 1.802684, 1.445418, 0.977515, 0.664189, 0.523513], "wind_supply": [2.265522, 2.225835, 2.182047, 1.976708, 1.574785, 1.245889, 1.078659, 1.006392, 1.239677, 1.729999, 1.928048, 2.104183], "mix_supply": [1.583558, 1.656005, 1.749188, 1.734788, 1.578093, 1.420775, 1.340737, 1.223056, 1.24247, 1.379696, 1.392763, 1.451395], "mix_storage": [0.082091, 0.082717, 0.08656, 0.090731, 0.09096, 0.09077, 0.090004, 0.08741, 0.083265, 0.080899, 0.081221, 0.08243], "mix_s_tot": 0.093418}, "series_real": {"months": [1, 2, 3, 4, 5, 6, 7, 8, 9, 10, 11, 12], "demand_TWh": [0.673913, 0.546484, 0.627454, 0.550138, 0.593495, 0.62765, 0.792119, 0.767638, 0.617085, 0.596396, 0.57286, 0.646962], "supply_TWh_nocap": [1.026503, 0.97936, 1.134044, 1.088591, 1.023278, 0.891689, 0.86937, 0.793062, 0.779783, 0.894632, 0.873828, 0.940977], "supply_TWh_1pct": [0.277514, 0.264769, 0.306588, 0.2943, 0.276642, 0.241067, 0.235033, 0.214404, 0.210814, 0.241863, 0.236239, 0.254392], "supply_TWh_oilgas2x": [0.521727, 0.497766, 0.576385, 0.553283, 0.520087, 0.453206, 0.441863, 0.403079, 0.39633, 0.454702, 0.444129, 0.478258], "supply_TWh_oilgas_all": [1.026503, 0.97936, 1.134044, 1.088591, 1.023278, 0.891689, 0.86937, 0.793062, 0.779783, 0.894632, 0.873828, 0.940977]}, "consumption_TWh": 7.607983}, "nldas": {"real": {"annual_consumption_TWh": 7.607983, "state_land_km2": 2832.363477, "mix_solar_nameplate_GW": 2.050797, "mix_wind_nameplate_GW": 1.429354, "mix_capacity_TWh": 30.486127, "mix_land_km2": 82.653444, "mix_land_pct": 2.918179, "solar_land_pct": 7.30848, "wind_land_pct": 0.8409, "caps": {"1pct": {"label": "1% of land (NREL)", "cap_pct": 1.0, "feasible": false, "storage_TWh": null, "supply_capped_TWh": 3.159799, "shortfall_TWh": 4.448184}, "oilgas2x": {"label": "1.88% (2\u00d7 onshore oil & gas)", "cap_pct": 1.8800000000000001, "feasible": false, "storage_TWh": null, "supply_capped_TWh": 5.940422, "shortfall_TWh": 1.667561}, "oilgas_all": {"label": "5% (all onshore oil & gas land)", "cap_pct": 5.0, "feasible": true, "storage_TWh": 0.664139, "supply_capped_TWh": null, "shortfall_TWh": 0.0}}}, "metrics": {"solar_cf": 0.179644, "wind_cf": 0.478675, "solar_f_adj": 1.284531, "wind_f_adj": 1.312709, "mix_alpha": 0.35, "mix_f_adj": 1.211998, "solar_s_tot_pct": 19.803066, "wind_s_tot_pct": 16.950937, "mix_s_tot_pct": 8.729508, "solar_s_seasonal_pct": 18.46528, "solar_s_diurnal_pct": 1.337786, "wind_s_seasonal_pct": 16.773136, "wind_s_diurnal_pct": 0.177802, "solar_flaute_days": 1.666667, "wind_flaute_days": 5.375, "solar_gap30d_max": 0.734886, "wind_gap30d_max": 0.599776, "solar_trend_pct_decade": 1.372695, "wind_trend_pct_decade": -1.25659}, "series_real": {"months": [1, 2, 3, 4, 5, 6, 7, 8, 9, 10, 11, 12], "demand_TWh": [0.674226, 0.546483, 0.627648, 0.550226, 0.593586, 0.62765, 0.792242, 0.767756, 0.617084, 0.596488, 0.573044, 0.647162], "supply_TWh_nocap": [0.786346, 0.742448, 0.882566, 0.837752, 0.82998, 0.762596, 0.758252, 0.709585, 0.685442, 0.749629, 0.723797, 0.75927], "supply_TWh_1pct": [0.269465, 0.254422, 0.302437, 0.28708, 0.284417, 0.261326, 0.259837, 0.24316, 0.234887, 0.256882, 0.24803, 0.260186], "supply_TWh_oilgas2x": [0.506594, 0.478313, 0.568582, 0.539711, 0.534704, 0.491293, 0.488494, 0.457141, 0.441587, 0.482939, 0.466297, 0.48915], "supply_TWh_oilgas_all": [0.786346, 0.742448, 0.882566, 0.837752, 0.82998, 0.762596, 0.758252, 0.709585, 0.685442, 0.749629, 0.723797, 0.75927]}, "series_norm": {"months": [1, 2, 3, 4, 5, 6, 7, 8, 9, 10, 11, 12], "demand": [1.043439, 0.927441, 0.971355, 0.87992, 0.91864, 1.003735, 1.226081, 1.188187, 0.98684, 0.923131, 0.91641, 1.001555], "solar_supply": [0.609832, 0.85632, 1.26312, 1.508764, 1.791459, 1.935303, 1.953152, 1.759315, 1.41769, 1.007649, 0.723216, 0.56525], "wind_supply": [1.692242, 1.628352, 1.580884, 1.40216, 1.154547, 0.967176, 0.8806, 0.861761, 1.046409, 1.378648, 1.530765, 1.646951], "mix_supply": [1.216958, 1.260015, 1.365868, 1.33973, 1.284486, 1.219542, 1.173479, 1.098161, 1.096157, 1.160133, 1.157494, 1.175054], "mix_storage": [0.065782, 0.070195, 0.077629, 0.08217, 0.08409, 0.083194, 0.072933, 0.052537, 0.041065, 0.045194, 0.056339, 0.062723], "mix_s_tot": 0.087295}, "consumption_TWh": 7.607983}}, "usa": {"annual_consumption_TWh": 7.607983, "state_land_km2": 2832.363477, "mix_solar_nameplate_GW": 2.383478, "mix_wind_nameplate_GW": 2.531763, "mix_capacity_TWh": 43.057513, "mix_land_km2": 104.766906, "mix_land_pct": 3.698922, "solar_land_pct": 8.162341, "wind_land_pct": 1.479799, "mix_storage_TWh": null, "caps": {"1pct": {"label": "1% of land (NREL)", "cap_pct": 1.0, "feasible": false, "storage_TWh": null, "supply_capped_TWh": 3.051896, "shortfall_TWh": 4.556087}, "oilgas2x": {"label": "1.88% (2\u00d7 onshore oil & gas)", "cap_pct": 1.8800000000000001, "feasible": false, "storage_TWh": null, "supply_capped_TWh": 5.737565, "shortfall_TWh": 1.870418}, "oilgas_all": {"label": "5% (all onshore oil & gas land)", "cap_pct": 5.0, "feasible": true, "storage_TWh": 0.877429, "supply_capped_TWh": null, "shortfall_TWh": 0.0}}}, "pdf": "figures/545.pdf"}