{"id": 546, "name": "Massachusetts", "country": "United States of America", "level": "admin1", "continent": "North America", "metrics": {"solar_cf": 0.159, "wind_cf": 0.2914, "solar_f_adj": 1.3053, "wind_f_adj": 1.6885, "mix_alpha": 0.4, "mix_f_adj": 1.4175, "solar_s_tot_pct": 22.9576, "wind_s_tot_pct": 19.7589, "mix_s_tot_pct": 10.4841, "solar_s_seasonal_pct": 21.8348, "solar_s_diurnal_pct": 1.1228, "wind_s_seasonal_pct": 19.2944, "wind_s_diurnal_pct": 0.4645, "solar_flaute_days": 2.75, "wind_flaute_days": 8.875, "solar_gap30d_max": 0.7255, "wind_gap30d_max": 0.782, "solar_trend_pct_decade": 0.6793, "wind_trend_pct_decade": -27.1141}, "colocation": {"k": [0, 17, 35, 50], "storage_pct_cons": [10.4841, 3.3237, 2.2026, 2.1119], "pick": ["base", "wind", "wind", "wind"], "usa_feasible": {"1pct": [false, false, false, false], "oilgas2x": [false, false, false, false], "oilgas_all": [true, true, true, true]}}, "datasets": {"gldas": {"series_norm": {"months": [1, 2, 3, 4, 5, 6, 7, 8, 9, 10, 11, 12], "demand": [1.0, 1.0, 1.0, 1.0, 1.0, 1.0, 1.0, 1.0, 1.0, 1.0, 1.0, 1.0], "solar_supply": [0.609668, 0.896114, 1.256201, 1.589079, 1.850749, 1.971855, 2.059417, 1.834486, 1.463983, 0.956631, 0.648007, 0.505968], "wind_supply": [2.413375, 2.335447, 2.271456, 1.980907, 1.455948, 1.096029, 0.912602, 0.83199, 1.082337, 1.652872, 2.011105, 2.257119], "mix_supply": [1.480445, 1.565618, 1.689799, 1.688044, 1.537285, 1.408599, 1.354242, 1.215933, 1.181095, 1.248091, 1.294475, 1.356693], "mix_storage": [0.080628, 0.080379, 0.086976, 0.095777, 0.099391, 0.100951, 0.102053, 0.100111, 0.095952, 0.090279, 0.086757, 0.083563], "mix_s_tot": 0.104841}, "series_real": {"months": [1, 2, 3, 4, 5, 6, 7, 8, 9, 10, 11, 12], "demand_TWh": [4.853419, 4.11145, 4.481627, 3.95841, 4.112843, 4.346202, 5.207414, 5.239499, 4.471424, 4.251441, 4.041129, 4.632392], "supply_TWh_nocap": [5.958179, 5.932593, 7.251429, 7.27083, 7.166139, 6.569859, 6.657209, 5.965586, 5.361628, 5.379872, 5.131646, 5.418657], "supply_TWh_1pct": [1.223254, 1.218001, 1.488767, 1.492751, 1.471257, 1.348836, 1.36677, 1.224775, 1.100778, 1.104524, 1.053562, 1.112487], "supply_TWh_oilgas2x": [2.299718, 2.289843, 2.798883, 2.806371, 2.765963, 2.535813, 2.569527, 2.302577, 2.069463, 2.076505, 1.980696, 2.091475], "supply_TWh_oilgas_all": [5.958179, 5.932593, 7.251429, 7.27083, 7.166139, 6.569859, 6.657209, 5.965586, 5.361628, 5.379872, 5.131646, 5.418657]}, "consumption_TWh": 53.677555}, "nldas": {"real": {"annual_consumption_TWh": 53.677555, "state_land_km2": 21161.477158, "mix_solar_nameplate_GW": 14.679961, "mix_wind_nameplate_GW": 11.337532, "mix_capacity_TWh": 227.913241, "mix_land_km2": 602.707364, "mix_land_pct": 2.848135, "solar_land_pct": 7.136448, "wind_land_pct": 0.881409, "caps": {"1pct": {"label": "1% of land (NREL)", "cap_pct": 1.0, "feasible": false, "storage_TWh": null, "supply_capped_TWh": 22.64264, "shortfall_TWh": 31.034915}, "oilgas2x": {"label": "1.88% (2\u00d7 onshore oil & gas)", "cap_pct": 1.8800000000000001, "feasible": false, "storage_TWh": null, "supply_capped_TWh": 42.568164, "shortfall_TWh": 11.109391}, "oilgas_all": {"label": "5% (all onshore oil & gas land)", "cap_pct": 5.0, "feasible": true, "storage_TWh": 5.285153, "supply_capped_TWh": null, "shortfall_TWh": 0.0}}}, "metrics": {"solar_cf": 0.17552, "wind_cf": 0.422064, "solar_f_adj": 1.297739, "wind_f_adj": 1.284734, "mix_alpha": 0.35, "mix_f_adj": 1.20142, "solar_s_tot_pct": 21.391985, "wind_s_tot_pct": 16.653713, "mix_s_tot_pct": 9.846114, "solar_s_seasonal_pct": 19.944563, "solar_s_diurnal_pct": 1.447422, "wind_s_seasonal_pct": 16.503585, "wind_s_diurnal_pct": 0.150128, "solar_flaute_days": 1.75, "wind_flaute_days": 4.333333, "solar_gap30d_max": 0.737918, "wind_gap30d_max": 0.621425, "solar_trend_pct_decade": 2.092163, "wind_trend_pct_decade": -0.414258}, "series_real": {"months": [1, 2, 3, 4, 5, 6, 7, 8, 9, 10, 11, 12], "demand_TWh": [4.855675, 4.111447, 4.483014, 3.959042, 4.113478, 4.346199, 5.208218, 5.240308, 4.471421, 4.252098, 4.042422, 4.633826], "supply_TWh_nocap": [5.41116, 5.237529, 6.395675, 6.198521, 5.927317, 5.353457, 5.245292, 4.855366, 4.699543, 5.112261, 4.938571, 5.162175], "supply_TWh_1pct": [1.899896, 1.838933, 2.245566, 2.176344, 2.081123, 1.879636, 1.841659, 1.704753, 1.650043, 1.794951, 1.733967, 1.812476], "supply_TWh_oilgas2x": [3.571805, 3.457194, 4.221664, 4.091527, 3.91251, 3.533716, 3.462318, 3.204935, 3.10208, 3.374507, 3.259857, 3.407455], "supply_TWh_oilgas_all": [5.41116, 5.237529, 6.395675, 6.198521, 5.927317, 5.353457, 5.245292, 4.855366, 4.699543, 5.112261, 4.938571, 5.162175]}, "series_norm": {"months": [1, 2, 3, 4, 5, 6, 7, 8, 9, 10, 11, 12], "demand": [1.065094, 0.988965, 0.983351, 0.897365, 0.902293, 0.985119, 1.142425, 1.149464, 1.013502, 0.932699, 0.916264, 1.016432], "solar_supply": [0.598422, 0.839399, 1.262111, 1.569236, 1.829282, 1.970864, 2.002152, 1.809014, 1.435163, 0.9893, 0.693194, 0.549765], "wind_supply": [1.633694, 1.625155, 1.63518, 1.474878, 1.163828, 0.945665, 0.825558, 0.787803, 0.98739, 1.317469, 1.472039, 1.569782], "mix_supply": [1.18694, 1.259832, 1.402894, 1.40497, 1.300159, 1.213426, 1.150557, 1.065026, 1.065208, 1.121377, 1.119387, 1.132325], "mix_storage": [0.062331, 0.065564, 0.078423, 0.089452, 0.093603, 0.093078, 0.085698, 0.067302, 0.053478, 0.052335, 0.059695, 0.062468], "mix_s_tot": 0.098461}, "consumption_TWh": 53.677555}}, "usa": {"annual_consumption_TWh": 53.677555, "state_land_km2": 21161.477158, "mix_solar_nameplate_GW": 26.572093, "mix_wind_nameplate_GW": 14.498843, "mix_capacity_TWh": 359.781399, "mix_land_km2": 1030.724867, "mix_land_pct": 4.87076, "solar_land_pct": 7.899538, "wind_land_pct": 1.684512, "mix_storage_TWh": null, "caps": {"1pct": {"label": "1% of land (NREL)", "cap_pct": 1.0, "feasible": false, "storage_TWh": null, "supply_capped_TWh": 15.197082, "shortfall_TWh": 38.480473}, "oilgas2x": {"label": "1.88% (2\u00d7 onshore oil & gas)", "cap_pct": 1.8800000000000001, "feasible": false, "storage_TWh": null, "supply_capped_TWh": 28.570515, "shortfall_TWh": 25.10704}, "oilgas_all": {"label": "5% (all onshore oil & gas land)", "cap_pct": 5.0, "feasible": true, "storage_TWh": 6.629822, "supply_capped_TWh": null, "shortfall_TWh": 0.0}}}, "pdf": "figures/546.pdf"}