{"id": 547, "name": "Yucat\u00e1n", "country": "Mexico", "level": "admin1", "continent": "North America", "metrics": {"solar_cf": 0.2368, "wind_cf": 0.1984, "solar_f_adj": 1.2498, "wind_f_adj": 3.1203, "mix_alpha": 1.0, "mix_f_adj": 1.2498, "solar_s_tot_pct": 10.2132, "wind_s_tot_pct": 22.1086, "mix_s_tot_pct": 10.2132, "solar_s_seasonal_pct": 9.4475, "solar_s_diurnal_pct": 0.7657, "wind_s_seasonal_pct": 20.3025, "wind_s_diurnal_pct": 1.806, "solar_flaute_days": 1.75, "wind_flaute_days": 8.75, "solar_gap30d_max": 0.6201, "wind_gap30d_max": 0.8503, "solar_trend_pct_decade": 1.3135, "wind_trend_pct_decade": -20.8271}, "colocation": {"k": [0, 17, 35, 50], "storage_pct_cons": [10.2132, 4.9302, 1.0567, 0.4514], "pick": ["base", "wind", "wind", "wind"]}, "datasets": {"gldas": {"series_norm": {"months": [1, 2, 3, 4, 5, 6, 7, 8, 9, 10, 11, 12], "demand": [1.0, 1.0, 1.0, 1.0, 1.0, 1.0, 1.0, 1.0, 1.0, 1.0, 1.0, 1.0], "solar_supply": [0.958443, 1.148993, 1.354328, 1.502751, 1.482512, 1.363878, 1.455262, 1.400085, 1.272123, 1.127419, 1.005441, 0.922263], "wind_supply": [3.629932, 4.004533, 4.588928, 4.594057, 3.937842, 2.997734, 2.270677, 1.910571, 1.567902, 2.300328, 2.692318, 3.006942], "mix_supply": [0.958443, 1.148993, 1.354328, 1.502751, 1.482512, 1.363878, 1.455262, 1.400085, 1.272123, 1.127419, 1.005441, 0.922263], "mix_storage": [0.0335, 0.020353, 0.023839, 0.041299, 0.061588, 0.073088, 0.083433, 0.091122, 0.093213, 0.088813, 0.075858, 0.054482], "mix_s_tot": 0.102132}}, "nldas": null}, "pdf": "figures/547.pdf"}