{"id": 548, "name": "Veracruz", "country": "Mexico", "level": "admin1", "continent": "North America", "metrics": {"solar_cf": 0.2057, "wind_cf": 0.0872, "solar_f_adj": 1.2557, "wind_f_adj": 2.6907, "mix_alpha": 0.4, "mix_f_adj": 1.7783, "solar_s_tot_pct": 14.2614, "wind_s_tot_pct": 20.0077, "mix_s_tot_pct": 11.1038, "solar_s_seasonal_pct": 12.4474, "solar_s_diurnal_pct": 1.814, "wind_s_seasonal_pct": 19.6654, "wind_s_diurnal_pct": 0.3423, "solar_flaute_days": 1.75, "wind_flaute_days": 6.0, "solar_gap30d_max": 0.6338, "wind_gap30d_max": 0.8479, "solar_trend_pct_decade": 1.6227, "wind_trend_pct_decade": -11.0429}, "colocation": {"k": [0, 17, 35, 50], "storage_pct_cons": [11.1038, 4.652, 1.5347, 0.819], "pick": ["base", "wind", "solar", "solar"]}, "datasets": {"gldas": {"series_norm": {"months": [1, 2, 3, 4, 5, 6, 7, 8, 9, 10, 11, 12], "demand": [1.0, 1.0, 1.0, 1.0, 1.0, 1.0, 1.0, 1.0, 1.0, 1.0, 1.0, 1.0], "solar_supply": [0.908809, 1.109157, 1.348993, 1.52618, 1.567532, 1.449687, 1.459418, 1.425962, 1.229363, 1.134415, 0.994102, 0.906978], "wind_supply": [2.919795, 3.256419, 3.932816, 4.21004, 3.670254, 2.235624, 1.861394, 1.601567, 1.503232, 2.227801, 2.568374, 2.343443], "mix_supply": [1.672661, 1.919642, 2.323729, 2.534035, 2.343412, 1.707759, 1.564873, 1.442887, 1.292521, 1.526058, 1.581624, 1.443074], "mix_storage": [0.093592, 0.095111, 0.099499, 0.103535, 0.108087, 0.108626, 0.1072, 0.106302, 0.098535, 0.095987, 0.09751, 0.093176], "mix_s_tot": 0.111038}}, "nldas": null}, "pdf": "figures/548.pdf"}