{"id": 549, "name": "Jalisco", "country": "Mexico", "level": "admin1", "continent": "North America", "metrics": {"solar_cf": 0.2525, "wind_cf": 0.0515, "solar_f_adj": 1.2517, "wind_f_adj": 2.7047, "mix_alpha": 1.0, "mix_f_adj": 1.2517, "solar_s_tot_pct": 11.2158, "wind_s_tot_pct": 40.1997, "mix_s_tot_pct": 11.2158, "solar_s_seasonal_pct": 9.9211, "solar_s_diurnal_pct": 1.2948, "wind_s_seasonal_pct": 39.1243, "wind_s_diurnal_pct": 1.0754, "solar_flaute_days": 1.75, "wind_flaute_days": 22.875, "solar_gap30d_max": 0.619, "wind_gap30d_max": 0.9871, "solar_trend_pct_decade": 2.2498, "wind_trend_pct_decade": -34.3809}, "colocation": {"k": [0, 17, 35, 50], "storage_pct_cons": [11.2158, 5.1944, 2.08, 1.3982], "pick": ["base", "wind", "wind", "wind"]}, "datasets": {"gldas": {"series_norm": {"months": [1, 2, 3, 4, 5, 6, 7, 8, 9, 10, 11, 12], "demand": [1.0, 1.0, 1.0, 1.0, 1.0, 1.0, 1.0, 1.0, 1.0, 1.0, 1.0, 1.0], "solar_supply": [0.998692, 1.195597, 1.427869, 1.547826, 1.574421, 1.384887, 1.306514, 1.27888, 1.150924, 1.137069, 1.061748, 0.955778], "wind_supply": [3.027119, 3.851363, 5.011651, 5.49373, 4.226431, 2.096784, 0.673485, 0.795841, 1.364509, 1.875301, 2.098508, 2.051243], "mix_supply": [0.998692, 1.195597, 1.427869, 1.547826, 1.574421, 1.384887, 1.306514, 1.27888, 1.150924, 1.137069, 1.061748, 0.955778], "mix_storage": [0.032394, 0.021309, 0.028867, 0.04992, 0.074097, 0.08934, 0.09203, 0.093895, 0.089108, 0.081373, 0.070707, 0.052231], "mix_s_tot": 0.112158}}, "nldas": null}, "pdf": "figures/549.pdf"}