{"id": 55, "name": "Kosovo", "country": "Kosovo", "level": "admin0", "continent": "Europe", "metrics": {"solar_cf": 0.1558, "wind_cf": 0.1013, "solar_f_adj": 1.3487, "wind_f_adj": 3.057, "mix_alpha": 0.2, "mix_f_adj": 2.2541, "solar_s_tot_pct": 27.4179, "wind_s_tot_pct": 25.156, "mix_s_tot_pct": 16.6667, "solar_s_seasonal_pct": 26.3196, "solar_s_diurnal_pct": 1.0983, "wind_s_seasonal_pct": 24.7129, "wind_s_diurnal_pct": 0.4431, "solar_flaute_days": 2.625, "wind_flaute_days": 20.75, "solar_gap30d_max": 0.7796, "wind_gap30d_max": 0.9629, "solar_trend_pct_decade": 1.0205, "wind_trend_pct_decade": -39.2503}, "colocation": {"k": [0, 17, 35, 50], "storage_pct_cons": [16.6667, 13.0358, 10.1432, 7.4922], "pick": ["base", "wind", "solar", "solar"]}, "datasets": {"gldas": {"series_norm": {"months": [1, 2, 3, 4, 5, 6, 7, 8, 9, 10, 11, 12], "demand": [1.0, 1.0, 1.0, 1.0, 1.0, 1.0, 1.0, 1.0, 1.0, 1.0, 1.0, 1.0], "solar_supply": [0.534316, 0.799059, 1.172881, 1.549473, 1.953269, 2.269385, 2.360969, 2.068592, 1.43178, 0.971271, 0.591832, 0.446799], "wind_supply": [3.737059, 4.15162, 4.320987, 3.448994, 2.95279, 2.093708, 2.218357, 2.100874, 2.450834, 2.377324, 3.168237, 3.725924], "mix_supply": [2.383083, 2.716127, 2.940994, 2.552494, 2.394764, 1.993664, 2.097807, 1.930771, 1.924342, 1.727043, 2.066763, 2.347259], "mix_storage": [0.133711, 0.139602, 0.149357, 0.158248, 0.163861, 0.164055, 0.163875, 0.163592, 0.161309, 0.154175, 0.144267, 0.135264], "mix_s_tot": 0.166667}}, "nldas": null}, "pdf": "figures/55.pdf"}