{"id": 550, "name": "Michoac\u00e1n", "country": "Mexico", "level": "admin1", "continent": "North America", "metrics": {"solar_cf": 0.2466, "wind_cf": 0.0328, "solar_f_adj": 1.2525, "wind_f_adj": 9.8367, "mix_alpha": 0.85, "mix_f_adj": 1.3514, "solar_s_tot_pct": 11.304, "wind_s_tot_pct": 63.8381, "mix_s_tot_pct": 11.1102, "solar_s_seasonal_pct": 8.9295, "solar_s_diurnal_pct": 2.3745, "wind_s_seasonal_pct": 63.0041, "wind_s_diurnal_pct": 0.834, "solar_flaute_days": 1.625, "wind_flaute_days": 120.75, "solar_gap30d_max": 0.6166, "wind_gap30d_max": 1.0, "solar_trend_pct_decade": 2.3227, "wind_trend_pct_decade": -67.5468}, "colocation": {"k": [0, 17, 35, 50], "storage_pct_cons": [11.1102, 4.8288, 1.8864, 1.3104], "pick": ["base", "wind", "wind", "wind"]}, "datasets": {"gldas": {"series_norm": {"months": [1, 2, 3, 4, 5, 6, 7, 8, 9, 10, 11, 12], "demand": [1.0, 1.0, 1.0, 1.0, 1.0, 1.0, 1.0, 1.0, 1.0, 1.0, 1.0, 1.0], "solar_supply": [1.047927, 1.248827, 1.457969, 1.568876, 1.526605, 1.318328, 1.271437, 1.252971, 1.129651, 1.116099, 1.089238, 1.005189], "wind_supply": [10.996575, 14.538639, 19.386166, 21.579596, 15.803346, 7.073316, 2.093103, 2.33488, 4.256107, 5.639545, 7.589157, 7.202481], "mix_supply": [1.187645, 1.444879, 1.736574, 1.883485, 1.725686, 1.354776, 1.209144, 1.197191, 1.123689, 1.139769, 1.155312, 1.070264], "mix_storage": [0.050575, 0.047915, 0.061767, 0.083874, 0.09916, 0.102938, 0.098685, 0.096551, 0.088833, 0.079899, 0.072054, 0.059482], "mix_s_tot": 0.111102}}, "nldas": null}, "pdf": "figures/550.pdf"}