{"id": 551, "name": "Guerrero", "country": "Mexico", "level": "admin1", "continent": "North America", "metrics": {"solar_cf": 0.2522, "wind_cf": 0.0252, "solar_f_adj": 1.2357, "wind_f_adj": 12.564, "mix_alpha": 0.85, "mix_f_adj": 1.4061, "solar_s_tot_pct": 10.2672, "wind_s_tot_pct": 59.0587, "mix_s_tot_pct": 9.974, "solar_s_seasonal_pct": 8.1388, "solar_s_diurnal_pct": 2.1284, "wind_s_seasonal_pct": 58.684, "wind_s_diurnal_pct": 0.3746, "solar_flaute_days": 1.625, "wind_flaute_days": 76.75, "solar_gap30d_max": 0.6004, "wind_gap30d_max": 1.0, "solar_trend_pct_decade": 1.7628, "wind_trend_pct_decade": -72.0398}, "colocation": {"k": [0, 17, 35, 50], "storage_pct_cons": [9.974, 4.3356, 0.8823, 0.5152], "pick": ["base", "wind", "wind", "wind"]}, "datasets": {"gldas": {"series_norm": {"months": [1, 2, 3, 4, 5, 6, 7, 8, 9, 10, 11, 12], "demand": [1.0, 1.0, 1.0, 1.0, 1.0, 1.0, 1.0, 1.0, 1.0, 1.0, 1.0, 1.0], "solar_supply": [1.073325, 1.257006, 1.432821, 1.526606, 1.450254, 1.240268, 1.268616, 1.232321, 1.103964, 1.105331, 1.099085, 1.041925], "wind_supply": [13.443682, 16.905732, 24.027563, 27.686978, 20.11343, 9.33517, 5.481175, 5.698705, 5.492267, 5.687006, 8.940501, 8.378984], "mix_supply": [1.263776, 1.499546, 1.789145, 1.941283, 1.740299, 1.35627, 1.31899, 1.287538, 1.159928, 1.16452, 1.213095, 1.148386], "mix_storage": [0.058067, 0.058947, 0.073791, 0.090024, 0.095175, 0.094344, 0.092726, 0.092482, 0.086482, 0.078374, 0.072124, 0.063328], "mix_s_tot": 0.09974}}, "nldas": null}, "pdf": "figures/551.pdf"}