{"id": 552, "name": "Oaxaca", "country": "Mexico", "level": "admin1", "continent": "North America", "metrics": {"solar_cf": 0.2352, "wind_cf": 0.0727, "solar_f_adj": 1.2351, "wind_f_adj": 3.2344, "mix_alpha": 0.6, "mix_f_adj": 1.5479, "solar_s_tot_pct": 9.3681, "wind_s_tot_pct": 30.2845, "mix_s_tot_pct": 9.0131, "solar_s_seasonal_pct": 7.7362, "solar_s_diurnal_pct": 1.6319, "wind_s_seasonal_pct": 28.513, "wind_s_diurnal_pct": 1.7715, "solar_flaute_days": 0.875, "wind_flaute_days": 23.875, "solar_gap30d_max": 0.5985, "wind_gap30d_max": 0.9813, "solar_trend_pct_decade": 1.9398, "wind_trend_pct_decade": -50.3483}, "colocation": {"k": [0, 17, 35, 50], "storage_pct_cons": [9.0131, 2.6119, 1.1774, 0.9515], "pick": ["base", "solar", "solar", "solar"]}, "datasets": {"gldas": {"series_norm": {"months": [1, 2, 3, 4, 5, 6, 7, 8, 9, 10, 11, 12], "demand": [1.0, 1.0, 1.0, 1.0, 1.0, 1.0, 1.0, 1.0, 1.0, 1.0, 1.0, 1.0], "solar_supply": [1.061669, 1.243036, 1.418373, 1.524899, 1.451201, 1.245217, 1.293608, 1.263249, 1.108028, 1.102566, 1.074722, 1.035091], "wind_supply": [4.880185, 4.439633, 4.44314, 3.879847, 2.656643, 1.532882, 2.149435, 1.956775, 1.253257, 3.010779, 4.553336, 4.109348], "mix_supply": [1.732548, 1.784599, 1.91712, 1.889395, 1.599823, 1.22981, 1.384224, 1.324514, 1.073119, 1.405448, 1.679796, 1.565003], "mix_storage": [0.070018, 0.07659, 0.083457, 0.086479, 0.087315, 0.081971, 0.077626, 0.077249, 0.065402, 0.059068, 0.064307, 0.067071], "mix_s_tot": 0.090131}}, "nldas": null}, "pdf": "figures/552.pdf"}