{"id": 553, "name": "Zhejiang", "country": "China", "level": "admin1", "continent": "Asia", "metrics": {"solar_cf": 0.1488, "wind_cf": 0.0737, "solar_f_adj": 1.3087, "wind_f_adj": 3.0946, "mix_alpha": 0.3, "mix_f_adj": 2.0636, "solar_s_tot_pct": 15.1543, "wind_s_tot_pct": 16.7912, "mix_s_tot_pct": 9.6513, "solar_s_seasonal_pct": 14.4561, "solar_s_diurnal_pct": 0.6982, "wind_s_seasonal_pct": 16.0635, "wind_s_diurnal_pct": 0.7277, "solar_flaute_days": 2.75, "wind_flaute_days": 13.875, "solar_gap30d_max": 0.6903, "wind_gap30d_max": 0.9576, "solar_trend_pct_decade": -0.6404, "wind_trend_pct_decade": -58.2152}, "colocation": {"k": [0, 17, 35, 50], "storage_pct_cons": [9.6513, 5.1692, 3.409, 2.3028], "pick": ["base", "solar", "solar", "solar"]}, "datasets": {"gldas": {"series_norm": {"months": [1, 2, 3, 4, 5, 6, 7, 8, 9, 10, 11, 12], "demand": [1.0, 1.0, 1.0, 1.0, 1.0, 1.0, 1.0, 1.0, 1.0, 1.0, 1.0, 1.0], "solar_supply": [0.881274, 0.996018, 1.266553, 1.472184, 1.559315, 1.438322, 1.824362, 1.718746, 1.466483, 1.233718, 0.941699, 0.880655], "wind_supply": [4.086, 4.251804, 3.758042, 3.251067, 2.252652, 1.487395, 2.700966, 2.509282, 2.899823, 2.979978, 3.06642, 3.939789], "mix_supply": [2.324223, 2.455899, 2.353389, 2.214009, 1.789169, 1.374712, 2.123821, 1.984382, 2.047352, 1.974658, 1.876869, 2.255679], "mix_storage": [0.084885, 0.085811, 0.085897, 0.08775, 0.087872, 0.080354, 0.080574, 0.088344, 0.088002, 0.087607, 0.082883, 0.084504], "mix_s_tot": 0.096513}}, "nldas": null}, "pdf": "figures/553.pdf"}