{"id": 554, "name": "Shanghai", "country": "China", "level": "admin1", "continent": "Asia", "metrics": {"solar_cf": 0.1551, "wind_cf": 0.3131, "solar_f_adj": 1.3156, "wind_f_adj": 1.3668, "mix_alpha": 0.25, "mix_f_adj": 1.2917, "solar_s_tot_pct": 17.5967, "wind_s_tot_pct": 12.6528, "mix_s_tot_pct": 7.4946, "solar_s_seasonal_pct": 16.9129, "solar_s_diurnal_pct": 0.6838, "wind_s_seasonal_pct": 12.4227, "wind_s_diurnal_pct": 0.2301, "solar_flaute_days": 2.75, "wind_flaute_days": 6.125, "solar_gap30d_max": 0.7015, "wind_gap30d_max": 0.7177, "solar_trend_pct_decade": -1.6937, "wind_trend_pct_decade": -4.3354}, "colocation": {"k": [0, 17, 35, 50], "storage_pct_cons": [7.4946, 3.0662, 1.5614, 1.2347], "pick": ["base", "solar", "solar", "solar"]}, "datasets": {"gldas": {"series_norm": {"months": [1, 2, 3, 4, 5, 6, 7, 8, 9, 10, 11, 12], "demand": [1.0, 1.0, 1.0, 1.0, 1.0, 1.0, 1.0, 1.0, 1.0, 1.0, 1.0, 1.0], "solar_supply": [0.856656, 1.014813, 1.336003, 1.566431, 1.673983, 1.489018, 1.753178, 1.742044, 1.430199, 1.165893, 0.907066, 0.828925], "wind_supply": [1.570348, 1.583579, 1.524103, 1.44473, 1.363815, 1.04427, 1.17997, 1.19232, 1.187542, 1.297869, 1.441992, 1.579302], "mix_supply": [1.3233, 1.371499, 1.408184, 1.408488, 1.377537, 1.10565, 1.266672, 1.272693, 1.19276, 1.20608, 1.244698, 1.322839], "mix_storage": [0.06299, 0.064869, 0.066941, 0.068965, 0.070242, 0.066297, 0.060464, 0.063556, 0.059693, 0.05886, 0.05759, 0.060364], "mix_s_tot": 0.074946}}, "nldas": null}, "pdf": "figures/554.pdf"}