{"id": 555, "name": "Jiangsu", "country": "China", "level": "admin1", "continent": "Asia", "metrics": {"solar_cf": 0.1581, "wind_cf": 0.2348, "solar_f_adj": 1.2808, "wind_f_adj": 1.435, "mix_alpha": 0.65, "mix_f_adj": 1.2468, "solar_s_tot_pct": 17.2129, "wind_s_tot_pct": 22.6009, "mix_s_tot_pct": 10.724, "solar_s_seasonal_pct": 15.8863, "solar_s_diurnal_pct": 1.3266, "wind_s_seasonal_pct": 21.3485, "wind_s_diurnal_pct": 1.2525, "solar_flaute_days": 1.75, "wind_flaute_days": 10.25, "solar_gap30d_max": 0.6761, "wind_gap30d_max": 0.8004, "solar_trend_pct_decade": -2.206, "wind_trend_pct_decade": 12.9404}, "colocation": {"k": [0, 17, 35, 50], "storage_pct_cons": [10.724, 3.6316, 1.7437, 1.4662], "pick": ["base", "wind", "wind", "wind"]}, "datasets": {"gldas": {"series_norm": {"months": [1, 2, 3, 4, 5, 6, 7, 8, 9, 10, 11, 12], "demand": [1.0, 1.0, 1.0, 1.0, 1.0, 1.0, 1.0, 1.0, 1.0, 1.0, 1.0, 1.0], "solar_supply": [0.848259, 1.024319, 1.322506, 1.569712, 1.681394, 1.606737, 1.600201, 1.578917, 1.341439, 1.099712, 0.88992, 0.792336], "wind_supply": [1.588545, 1.79376, 1.838142, 1.720388, 1.517217, 1.232978, 1.140701, 1.020957, 1.075824, 1.196289, 1.503157, 1.616902], "mix_supply": [1.019853, 1.193668, 1.395852, 1.516469, 1.525352, 1.391671, 1.359473, 1.309589, 1.176004, 1.059679, 1.020248, 0.99309], "mix_storage": [0.044738, 0.040704, 0.052485, 0.071615, 0.088704, 0.095771, 0.095625, 0.096058, 0.09155, 0.082707, 0.070492, 0.057478], "mix_s_tot": 0.10724}}, "nldas": null}, "pdf": "figures/555.pdf"}