{"id": 556, "name": "Bushehr", "country": "Iran", "level": "admin1", "continent": "Asia", "metrics": {"solar_cf": 0.2309, "wind_cf": 0.262, "solar_f_adj": 1.2397, "wind_f_adj": 1.9597, "mix_alpha": 0.5, "mix_f_adj": 1.4485, "solar_s_tot_pct": 15.5701, "wind_s_tot_pct": 21.4383, "mix_s_tot_pct": 13.9831, "solar_s_seasonal_pct": 14.4493, "solar_s_diurnal_pct": 1.1208, "wind_s_seasonal_pct": 19.7013, "wind_s_diurnal_pct": 1.737, "solar_flaute_days": 1.75, "wind_flaute_days": 8.625, "solar_gap30d_max": 0.6741, "wind_gap30d_max": 0.806, "solar_trend_pct_decade": 0.5456, "wind_trend_pct_decade": -32.2358}, "colocation": {"k": [0, 17, 35, 50], "storage_pct_cons": [13.9831, 7.8279, 3.586, 1.7564], "pick": ["base", "solar", "solar", "solar"]}, "datasets": {"gldas": {"series_norm": {"months": [1, 2, 3, 4, 5, 6, 7, 8, 9, 10, 11, 12], "demand": [1.0, 1.0, 1.0, 1.0, 1.0, 1.0, 1.0, 1.0, 1.0, 1.0, 1.0, 1.0], "solar_supply": [0.795106, 0.975072, 1.199337, 1.34844, 1.576244, 1.688856, 1.620951, 1.536155, 1.410791, 1.140335, 0.839535, 0.732371], "wind_supply": [1.723722, 2.018715, 2.143311, 2.142934, 2.726145, 2.674811, 2.206008, 1.71304, 1.700691, 1.509439, 1.506252, 1.461784], "mix_supply": [1.101536, 1.315692, 1.492755, 1.579722, 1.928342, 1.975159, 1.762234, 1.530511, 1.452709, 1.224027, 1.047121, 0.968082], "mix_storage": [0.080157, 0.073824, 0.077311, 0.086818, 0.102267, 0.124697, 0.133983, 0.136239, 0.136224, 0.131583, 0.117175, 0.096002], "mix_s_tot": 0.139831}}, "nldas": null}, "pdf": "figures/556.pdf"}