{"id": 557, "name": "Hormozgan", "country": "Iran", "level": "admin1", "continent": "Asia", "metrics": {"solar_cf": 0.2411, "wind_cf": 0.2083, "solar_f_adj": 1.2323, "wind_f_adj": 2.3904, "mix_alpha": 0.95, "mix_f_adj": 1.2366, "solar_s_tot_pct": 14.283, "wind_s_tot_pct": 24.7256, "mix_s_tot_pct": 13.6878, "solar_s_seasonal_pct": 12.9917, "solar_s_diurnal_pct": 1.2913, "wind_s_seasonal_pct": 21.9697, "wind_s_diurnal_pct": 2.7559, "solar_flaute_days": 0.875, "wind_flaute_days": 7.875, "solar_gap30d_max": 0.6577, "wind_gap30d_max": 0.8705, "solar_trend_pct_decade": 1.0293, "wind_trend_pct_decade": -46.7366}, "colocation": {"k": [0, 17, 35, 50], "storage_pct_cons": [13.6878, 7.8986, 4.1128, 2.2349], "pick": ["base", "wind", "wind", "wind"]}, "datasets": {"gldas": {"series_norm": {"months": [1, 2, 3, 4, 5, 6, 7, 8, 9, 10, 11, 12], "demand": [1.0, 1.0, 1.0, 1.0, 1.0, 1.0, 1.0, 1.0, 1.0, 1.0, 1.0, 1.0], "solar_supply": [0.832323, 1.009798, 1.201035, 1.405213, 1.57307, 1.605667, 1.524844, 1.46464, 1.349877, 1.137733, 0.895876, 0.77776], "wind_supply": [2.004573, 2.344411, 2.733238, 3.096784, 3.210791, 2.847867, 2.677252, 2.41089, 2.158909, 1.882925, 1.745477, 1.576286], "mix_supply": [0.845332, 1.023315, 1.215685, 1.419738, 1.582711, 1.604399, 1.522935, 1.458651, 1.342726, 1.133343, 0.899217, 0.782238], "mix_storage": [0.034625, 0.013093, 0.006775, 0.015453, 0.03901, 0.068555, 0.092227, 0.108126, 0.118053, 0.11652, 0.097718, 0.065186], "mix_s_tot": 0.136878}}, "nldas": null}, "pdf": "figures/557.pdf"}