{"id": 558, "name": "Al Qubbah", "country": "Libya", "level": "admin1", "continent": "Africa", "metrics": {"solar_cf": 0.2346, "wind_cf": 0.3426, "solar_f_adj": 1.2594, "wind_f_adj": 2.6295, "mix_alpha": 0.05, "mix_f_adj": 2.445, "solar_s_tot_pct": 19.083, "wind_s_tot_pct": 14.2435, "mix_s_tot_pct": 13.8259, "solar_s_seasonal_pct": 17.6991, "solar_s_diurnal_pct": 1.3839, "wind_s_seasonal_pct": 13.3472, "wind_s_diurnal_pct": 0.8963, "solar_flaute_days": 2.625, "wind_flaute_days": 11.25, "solar_gap30d_max": 0.6643, "wind_gap30d_max": 0.8501, "solar_trend_pct_decade": 2.1561, "wind_trend_pct_decade": 42.4093}, "colocation": {"k": [0, 17, 35, 50], "storage_pct_cons": [13.8259, 8.266, 4.7545, 3.2445], "pick": ["base", "solar", "solar", "solar"]}, "datasets": {"gldas": {"series_norm": {"months": [1, 2, 3, 4, 5, 6, 7, 8, 9, 10, 11, 12], "demand": [1.0, 1.0, 1.0, 1.0, 1.0, 1.0, 1.0, 1.0, 1.0, 1.0, 1.0, 1.0], "solar_supply": [0.732078, 0.930779, 1.226168, 1.475557, 1.64242, 1.770704, 1.77108, 1.624874, 1.382763, 1.057593, 0.808993, 0.672951], "wind_supply": [2.718764, 2.820123, 2.917316, 2.955127, 2.761711, 2.768238, 3.189827, 2.790148, 2.397106, 1.927543, 1.901461, 2.407384], "mix_supply": [2.472677, 2.5815, 2.69603, 2.753639, 2.598984, 2.617203, 2.989648, 2.622401, 2.251706, 1.805353, 1.758181, 2.19188], "mix_storage": [0.118992, 0.12031, 0.126624, 0.133939, 0.136207, 0.136907, 0.137604, 0.137002, 0.134499, 0.126046, 0.116352, 0.116483], "mix_s_tot": 0.138259}}, "nldas": null}, "pdf": "figures/558.pdf"}