{"id": 559, "name": "Al Jabal al Akhdar", "country": "Libya", "level": "admin1", "continent": "Africa", "metrics": {"solar_cf": 0.2231, "wind_cf": 0.3305, "solar_f_adj": 1.2583, "wind_f_adj": 3.4751, "mix_alpha": 0.15, "mix_f_adj": 2.5982, "solar_s_tot_pct": 21.3685, "wind_s_tot_pct": 11.7697, "mix_s_tot_pct": 9.7773, "solar_s_seasonal_pct": 20.2172, "solar_s_diurnal_pct": 1.1513, "wind_s_seasonal_pct": 10.9268, "wind_s_diurnal_pct": 0.8429, "solar_flaute_days": 2.625, "wind_flaute_days": 11.0, "solar_gap30d_max": 0.6891, "wind_gap30d_max": 0.925, "solar_trend_pct_decade": 2.5572, "wind_trend_pct_decade": 49.3532}, "colocation": {"k": [0, 17, 35, 50], "storage_pct_cons": [9.7773, 5.6755, 3.7013, 2.4022], "pick": ["base", "solar", "solar", "solar"]}, "datasets": {"gldas": {"series_norm": {"months": [1, 2, 3, 4, 5, 6, 7, 8, 9, 10, 11, 12], "demand": [1.0, 1.0, 1.0, 1.0, 1.0, 1.0, 1.0, 1.0, 1.0, 1.0, 1.0, 1.0], "solar_supply": [0.699663, 0.894082, 1.222401, 1.482942, 1.656599, 1.799346, 1.804574, 1.651964, 1.387551, 1.054974, 0.789204, 0.637314], "wind_supply": [3.80793, 3.925802, 3.897571, 3.866583, 3.52623, 3.351836, 4.138727, 3.567511, 3.022093, 2.545075, 2.68702, 3.373457], "mix_supply": [2.636697, 2.771824, 2.855575, 2.91658, 2.754069, 2.687453, 3.189151, 2.778868, 2.35035, 1.944189, 1.952078, 2.341272], "mix_storage": [0.084538, 0.085636, 0.090246, 0.094446, 0.096695, 0.097211, 0.097427, 0.097303, 0.095884, 0.090192, 0.083889, 0.084186], "mix_s_tot": 0.097773}}, "nldas": null}, "pdf": "figures/559.pdf"}