{"id": 56, "name": "Turkey", "country": "Turkey", "level": "admin0", "continent": "Asia", "metrics": {"solar_cf": 0.1908, "wind_cf": 0.1535, "solar_f_adj": 1.2743, "wind_f_adj": 1.6722, "mix_alpha": 0.9, "mix_f_adj": 1.2693, "solar_s_tot_pct": 24.3466, "wind_s_tot_pct": 25.5494, "mix_s_tot_pct": 21.9838, "solar_s_seasonal_pct": 23.673, "solar_s_diurnal_pct": 0.6735, "wind_s_seasonal_pct": 22.7683, "wind_s_diurnal_pct": 2.7811, "solar_flaute_days": 1.75, "wind_flaute_days": 14.75, "solar_gap30d_max": 0.766, "wind_gap30d_max": 0.9134, "solar_trend_pct_decade": 0.3778, "wind_trend_pct_decade": -29.7453}, "colocation": {"k": [0, 17, 35, 50], "storage_pct_cons": [21.9838, 16.6541, 12.1083, 9.7017], "pick": ["base", "wind", "wind", "wind"]}, "datasets": {"gldas": {"series_norm": {"months": [1, 2, 3, 4, 5, 6, 7, 8, 9, 10, 11, 12], "demand": [1.0, 1.0, 1.0, 1.0, 1.0, 1.0, 1.0, 1.0, 1.0, 1.0, 1.0, 1.0], "solar_supply": [0.562093, 0.79522, 1.100329, 1.426223, 1.772333, 2.038328, 2.072381, 1.853302, 1.472929, 1.000201, 0.671065, 0.500383], "wind_supply": [1.988269, 1.961425, 1.993713, 1.744373, 1.44583, 1.672709, 2.005247, 1.760919, 1.301424, 1.171059, 1.326853, 1.699732], "mix_supply": [0.654823, 0.86178, 1.137755, 1.410988, 1.698609, 1.954291, 2.010059, 1.795113, 1.419238, 0.98555, 0.70231, 0.5776], "mix_storage": [0.070621, 0.036087, 0.02071, 0.02769, 0.055317, 0.102373, 0.156963, 0.194438, 0.209241, 0.20065, 0.166054, 0.116085], "mix_s_tot": 0.219838}}, "nldas": null}, "pdf": "figures/56.pdf"}