{"id": 560, "name": "Al Marj", "country": "Libya", "level": "admin1", "continent": "Africa", "metrics": {"solar_cf": 0.2277, "wind_cf": 0.3417, "solar_f_adj": 1.2655, "wind_f_adj": 2.5686, "mix_alpha": 0.05, "mix_f_adj": 2.3959, "solar_s_tot_pct": 19.6531, "wind_s_tot_pct": 14.2392, "mix_s_tot_pct": 14.0662, "solar_s_seasonal_pct": 18.3029, "solar_s_diurnal_pct": 1.3502, "wind_s_seasonal_pct": 13.5939, "wind_s_diurnal_pct": 0.6454, "solar_flaute_days": 1.75, "wind_flaute_days": 7.125, "solar_gap30d_max": 0.6738, "wind_gap30d_max": 0.8584, "solar_trend_pct_decade": 2.9452, "wind_trend_pct_decade": 42.883}, "colocation": {"k": [0, 17, 35, 50], "storage_pct_cons": [14.0662, 9.1378, 5.6797, 3.8483], "pick": ["base", "solar", "solar", "solar"]}, "datasets": {"gldas": {"series_norm": {"months": [1, 2, 3, 4, 5, 6, 7, 8, 9, 10, 11, 12], "demand": [1.0, 1.0, 1.0, 1.0, 1.0, 1.0, 1.0, 1.0, 1.0, 1.0, 1.0, 1.0], "solar_supply": [0.722627, 0.913324, 1.242031, 1.488168, 1.655777, 1.790346, 1.793663, 1.646387, 1.389688, 1.066137, 0.804726, 0.655347], "wind_supply": [2.679521, 2.768173, 2.851171, 2.959863, 2.728734, 2.579434, 3.025786, 2.644971, 2.28505, 1.944432, 1.995986, 2.363118], "mix_supply": [2.442824, 2.539434, 2.644097, 2.763712, 2.574767, 2.455205, 2.851048, 2.499653, 2.156414, 1.823953, 1.844891, 2.156079], "mix_storage": [0.119596, 0.119946, 0.124949, 0.133208, 0.136946, 0.138402, 0.138996, 0.138916, 0.136859, 0.130137, 0.121076, 0.119716], "mix_s_tot": 0.140662}}, "nldas": null}, "pdf": "figures/560.pdf"}