{"id": 561, "name": "Benghazi", "country": "Libya", "level": "admin1", "continent": "Africa", "metrics": {"solar_cf": 0.2262, "wind_cf": 0.4331, "solar_f_adj": 1.2653, "wind_f_adj": 1.6406, "mix_alpha": 0.0, "mix_f_adj": 1.6406, "solar_s_tot_pct": 18.6738, "wind_s_tot_pct": 13.8626, "mix_s_tot_pct": 13.8626, "solar_s_seasonal_pct": 17.6208, "solar_s_diurnal_pct": 1.053, "wind_s_seasonal_pct": 13.6354, "wind_s_diurnal_pct": 0.2272, "solar_flaute_days": 2.625, "wind_flaute_days": 6.375, "solar_gap30d_max": 0.6618, "wind_gap30d_max": 0.727, "solar_trend_pct_decade": 3.3832, "wind_trend_pct_decade": 14.6507}, "colocation": {"k": [0, 17, 35, 50], "storage_pct_cons": [13.8626, 8.6808, 5.2413, 3.2808], "pick": ["base", "solar", "solar", "solar"]}, "datasets": {"gldas": {"series_norm": {"months": [1, 2, 3, 4, 5, 6, 7, 8, 9, 10, 11, 12], "demand": [1.0, 1.0, 1.0, 1.0, 1.0, 1.0, 1.0, 1.0, 1.0, 1.0, 1.0, 1.0], "solar_supply": [0.741457, 0.93018, 1.253162, 1.487001, 1.648615, 1.768458, 1.768164, 1.628776, 1.385123, 1.069683, 0.813039, 0.673065], "wind_supply": [1.673071, 1.71314, 1.76261, 1.880574, 1.764011, 1.699046, 1.869656, 1.676064, 1.474003, 1.291903, 1.336023, 1.547484], "mix_supply": [1.673071, 1.71314, 1.76261, 1.880574, 1.764011, 1.699046, 1.869656, 1.676064, 1.474003, 1.291903, 1.336023, 1.547484], "mix_storage": [0.114056, 0.114561, 0.117599, 0.122376, 0.125399, 0.126071, 0.1269, 0.128757, 0.126264, 0.120887, 0.113357, 0.112639], "mix_s_tot": 0.138626}}, "nldas": null}, "pdf": "figures/561.pdf"}