{"id": 562, "name": "Oregon", "country": "United States of America", "level": "admin1", "continent": "North America", "metrics": {"solar_cf": 0.1793, "wind_cf": 0.1559, "solar_f_adj": 1.2841, "wind_f_adj": 1.459, "mix_alpha": 0.35, "mix_f_adj": 1.311, "solar_s_tot_pct": 28.9028, "wind_s_tot_pct": 17.74, "mix_s_tot_pct": 15.4728, "solar_s_seasonal_pct": 28.0667, "solar_s_diurnal_pct": 0.8361, "wind_s_seasonal_pct": 17.6134, "wind_s_diurnal_pct": 0.1266, "solar_flaute_days": 1.75, "wind_flaute_days": 10.875, "solar_gap30d_max": 0.754, "wind_gap30d_max": 0.8839, "solar_trend_pct_decade": 0.2952, "wind_trend_pct_decade": -8.7669}, "colocation": {"k": [0, 17, 35, 50], "storage_pct_cons": [15.4728, 8.0938, 6.5383, 5.7804], "pick": ["base", "wind", "wind", "solar"], "usa_feasible": {"1pct": [true, true, true, true], "oilgas2x": [true, true, true, true], "oilgas_all": [true, true, true, true]}}, "datasets": {"gldas": {"series_norm": {"months": [1, 2, 3, 4, 5, 6, 7, 8, 9, 10, 11, 12], "demand": [1.0, 1.0, 1.0, 1.0, 1.0, 1.0, 1.0, 1.0, 1.0, 1.0, 1.0, 1.0], "solar_supply": [0.483817, 0.730089, 1.061765, 1.506979, 1.879811, 2.134822, 2.298238, 1.96725, 1.46297, 0.91481, 0.53063, 0.404459], "wind_supply": [1.728327, 1.671454, 1.829918, 1.703454, 1.51578, 1.407837, 1.111446, 0.960335, 0.948043, 1.204712, 1.610505, 1.829605], "mix_supply": [1.182319, 1.237102, 1.44817, 1.533396, 1.557006, 1.585084, 1.470369, 1.26384, 1.076468, 1.030505, 1.130232, 1.213114], "mix_storage": [0.102051, 0.092901, 0.099705, 0.116729, 0.131126, 0.141955, 0.148637, 0.149081, 0.141806, 0.126369, 0.115342, 0.104266], "mix_s_tot": 0.154728}, "series_real": {"months": [1, 2, 3, 4, 5, 6, 7, 8, 9, 10, 11, 12], "demand_TWh": [4.794947, 3.962043, 4.354111, 3.817023, 3.869353, 3.801487, 4.265894, 4.304909, 3.752517, 3.894203, 4.002687, 4.755312], "supply_TWh_nocap": [4.978964, 4.75296, 6.099458, 6.251015, 6.558876, 6.462763, 6.193915, 5.323916, 4.389015, 4.340992, 4.606746, 5.109439], "supply_TWh_1pct": [4.978964, 4.75296, 6.099458, 6.251015, 6.558876, 6.462763, 6.193915, 5.323916, 4.389015, 4.340992, 4.606746, 5.109439], "supply_TWh_oilgas2x": [4.978964, 4.75296, 6.099458, 6.251015, 6.558876, 6.462763, 6.193915, 5.323916, 4.389015, 4.340992, 4.606746, 5.109439], "supply_TWh_oilgas_all": [4.978964, 4.75296, 6.099458, 6.251015, 6.558876, 6.462763, 6.193915, 5.323916, 4.389015, 4.340992, 4.606746, 5.109439]}, "consumption_TWh": 49.547076}, "nldas": {"real": {"annual_consumption_TWh": 49.547076, "state_land_km2": 251885.850396, "mix_solar_nameplate_GW": 3.662851, "mix_wind_nameplate_GW": 21.672577, "mix_capacity_TWh": 221.938353, "mix_land_km2": 338.820816, "mix_land_pct": 0.134514, "solar_land_pct": 0.502973, "wind_land_pct": 0.097917, "caps": {"1pct": {"label": "1% of land (NREL)", "cap_pct": 1.0, "feasible": true, "storage_TWh": 5.740092, "supply_capped_TWh": null, "shortfall_TWh": 0.0}, "oilgas2x": {"label": "1.88% (2\u00d7 onshore oil & gas)", "cap_pct": 1.8800000000000001, "feasible": true, "storage_TWh": 5.740092, "supply_capped_TWh": null, "shortfall_TWh": 0.0}, "oilgas_all": {"label": "5% (all onshore oil & gas land)", "cap_pct": 5.0, "feasible": true, "storage_TWh": 5.740092, "supply_capped_TWh": null, "shortfall_TWh": 0.0}}}, "metrics": {"solar_cf": 0.189494, "wind_cf": 0.288235, "solar_f_adj": 1.27336, "wind_f_adj": 1.256877, "mix_alpha": 0.1, "mix_f_adj": 1.227159, "solar_s_tot_pct": 29.474874, "wind_s_tot_pct": 14.321169, "mix_s_tot_pct": 11.585128, "solar_s_seasonal_pct": 28.321471, "solar_s_diurnal_pct": 1.153403, "wind_s_seasonal_pct": 14.109746, "wind_s_diurnal_pct": 0.211423, "solar_flaute_days": 0.833333, "wind_flaute_days": 5.416667, "solar_gap30d_max": 0.748673, "wind_gap30d_max": 0.636348, "solar_trend_pct_decade": 0.438941, "wind_trend_pct_decade": -1.092919}, "series_real": {"months": [1, 2, 3, 4, 5, 6, 7, 8, 9, 10, 11, 12], "demand_TWh": [4.797145, 3.962015, 4.355431, 3.817608, 3.869925, 3.80146, 4.266526, 4.305546, 3.752491, 3.89478, 4.003942, 4.756754], "supply_TWh_nocap": [5.803623, 5.150819, 6.300298, 5.737818, 5.252649, 4.658356, 3.805207, 3.720799, 3.869527, 4.879183, 5.612338, 6.056393], "supply_TWh_1pct": [5.803623, 5.150819, 6.300298, 5.737818, 5.252649, 4.658356, 3.805207, 3.720799, 3.869527, 4.879183, 5.612338, 6.056393], "supply_TWh_oilgas2x": [5.803623, 5.150819, 6.300298, 5.737818, 5.252649, 4.658356, 3.805207, 3.720799, 3.869527, 4.879183, 5.612338, 6.056393], "supply_TWh_oilgas_all": [5.803623, 5.150819, 6.300298, 5.737818, 5.252649, 4.658356, 3.805207, 3.720799, 3.869527, 4.879183, 5.612338, 6.056393]}, "series_norm": {"months": [1, 2, 3, 4, 5, 6, 7, 8, 9, 10, 11, 12], "demand": [1.139977, 1.032469, 1.035009, 0.937443, 0.919636, 0.933478, 1.013882, 1.023155, 0.921453, 0.925542, 0.983199, 1.130378], "solar_supply": [0.49735, 0.749342, 1.118067, 1.520979, 1.925342, 2.057544, 2.150781, 1.890829, 1.422972, 0.938495, 0.55014, 0.427095], "wind_supply": [1.514955, 1.445335, 1.581197, 1.436618, 1.20934, 1.076117, 0.793178, 0.79886, 0.925274, 1.216573, 1.508027, 1.591017], "mix_supply": [1.379153, 1.342261, 1.497181, 1.408965, 1.248221, 1.143895, 0.904256, 0.884198, 0.950192, 1.159472, 1.378153, 1.43922], "mix_storage": [0.087296, 0.085896, 0.094398, 0.104666, 0.108077, 0.107424, 0.096852, 0.073266, 0.058705, 0.057848, 0.072881, 0.082236], "mix_s_tot": 0.115851}, "consumption_TWh": 49.547076}}, "usa": {"annual_consumption_TWh": 49.547076, "state_land_km2": 251885.850396, "mix_solar_nameplate_GW": 14.491088, "mix_wind_nameplate_GW": 30.951413, "mix_capacity_TWh": 398.076306, "mix_land_km2": 792.550391, "mix_land_pct": 0.314647, "solar_land_pct": 0.538098, "wind_land_pct": 0.209987, "mix_storage_TWh": 8.392977, "caps": {"1pct": {"label": "1% of land (NREL)", "cap_pct": 1.0, "feasible": true, "storage_TWh": 8.392977, "supply_capped_TWh": null, "shortfall_TWh": 0.0}, "oilgas2x": {"label": "1.88% (2\u00d7 onshore oil & gas)", "cap_pct": 1.8800000000000001, "feasible": true, "storage_TWh": 8.392977, "supply_capped_TWh": null, "shortfall_TWh": 0.0}, "oilgas_all": {"label": "5% (all onshore oil & gas land)", "cap_pct": 5.0, "feasible": true, "storage_TWh": 8.392977, "supply_capped_TWh": null, "shortfall_TWh": 0.0}}}, "siting": {"scenarios": [{"key": "today", "label": "1.00\u00d7 \u2014 today (EIA)", "land_pct": 0.0453, "solar_share": 0.0, "feasible": {"1pct": true, "oilgas2x": true, "oilgas_all": true}}, {"key": "2030ref", "label": "1.14\u00d7 \u2014 2030 reference (Goldman)", "land_pct": 0.0516, "solar_share": 0.0, "feasible": {"1pct": true, "oilgas2x": true, "oilgas_all": true}}, {"key": "2030hi", "label": "1.25\u00d7 \u2014 2030 high-AI (EPRI)", "land_pct": 0.0566, "solar_share": 0.0, "feasible": {"1pct": true, "oilgas2x": true, "oilgas_all": true}}], "land_pct_today": 0.0453}, "pdf": "figures/562.pdf"}