{"id": 562, "name": "Oregon", "country": "United States of America", "level": "admin1", "continent": "North America", "metrics": {"solar_cf": 0.1793, "wind_cf": 0.1559, "solar_f_adj": 1.2841, "wind_f_adj": 1.459, "mix_alpha": 0.35, "mix_f_adj": 1.311, "solar_s_tot_pct": 28.9028, "wind_s_tot_pct": 17.74, "mix_s_tot_pct": 15.4728, "solar_s_seasonal_pct": 28.0667, "solar_s_diurnal_pct": 0.8361, "wind_s_seasonal_pct": 17.6134, "wind_s_diurnal_pct": 0.1266, "solar_flaute_days": 1.75, "wind_flaute_days": 10.875, "solar_gap30d_max": 0.754, "wind_gap30d_max": 0.8839, "solar_trend_pct_decade": 0.2952, "wind_trend_pct_decade": -8.7669}, "colocation": {"k": [0, 17, 35, 50], "storage_pct_cons": [15.4728, 8.0938, 6.5383, 5.7804], "pick": ["base", "wind", "wind", "solar"], "usa_feasible": {"1pct": [true, true, true, true], "oilgas2x": [true, true, true, true], "oilgas_all": [true, true, true, true]}}, "datasets": {"gldas": {"series_norm": {"months": [1, 2, 3, 4, 5, 6, 7, 8, 9, 10, 11, 12], "demand": [1.0, 1.0, 1.0, 1.0, 1.0, 1.0, 1.0, 1.0, 1.0, 1.0, 1.0, 1.0], "solar_supply": [0.483817, 0.730089, 1.061765, 1.506979, 1.879811, 2.134822, 2.298238, 1.96725, 1.46297, 0.91481, 0.53063, 0.404459], "wind_supply": [1.728327, 1.671454, 1.829918, 1.703454, 1.51578, 1.407837, 1.111446, 0.960335, 0.948043, 1.204712, 1.610505, 1.829605], "mix_supply": [1.182319, 1.237102, 1.44817, 1.533396, 1.557006, 1.585084, 1.470369, 1.26384, 1.076468, 1.030505, 1.130232, 1.213114], "mix_storage": [0.102051, 0.092901, 0.099705, 0.116729, 0.131126, 0.141955, 0.148637, 0.149081, 0.141806, 0.126369, 0.115342, 0.104266], "mix_s_tot": 0.154728}, "series_real": {"months": [1, 2, 3, 4, 5, 6, 7, 8, 9, 10, 11, 12], "demand_TWh": [4.794947, 3.962043, 4.354111, 3.817023, 3.869353, 3.801487, 4.265894, 4.304909, 3.752517, 3.894203, 4.002687, 4.755312], "supply_TWh_nocap": [4.978964, 4.75296, 6.099458, 6.251015, 6.558876, 6.462763, 6.193915, 5.323916, 4.389015, 4.340992, 4.606746, 5.109439], "supply_TWh_1pct": [4.978964, 4.75296, 6.099458, 6.251015, 6.558876, 6.462763, 6.193915, 5.323916, 4.389015, 4.340992, 4.606746, 5.109439], "supply_TWh_oilgas2x": [4.978964, 4.75296, 6.099458, 6.251015, 6.558876, 6.462763, 6.193915, 5.323916, 4.389015, 4.340992, 4.606746, 5.109439], "supply_TWh_oilgas_all": [4.978964, 4.75296, 6.099458, 6.251015, 6.558876, 6.462763, 6.193915, 5.323916, 4.389015, 4.340992, 4.606746, 5.109439]}, "consumption_TWh": 49.547076}, "nldas": null}, "usa": {"annual_consumption_TWh": 49.547076, "state_land_km2": 251885.850396, "mix_solar_nameplate_GW": 14.491088, "mix_wind_nameplate_GW": 30.951413, "mix_capacity_TWh": 398.076306, "mix_land_km2": 792.550391, "mix_land_pct": 0.314647, "solar_land_pct": 0.538098, "wind_land_pct": 0.209987, "mix_storage_TWh": 8.392977, "caps": {"1pct": {"label": "1% of land (NREL)", "cap_pct": 1.0, "feasible": true, "storage_TWh": 8.392977, "supply_capped_TWh": null, "shortfall_TWh": 0.0}, "oilgas2x": {"label": "1.88% (2\u00d7 onshore oil & gas)", "cap_pct": 1.8800000000000001, "feasible": true, "storage_TWh": 8.392977, "supply_capped_TWh": null, "shortfall_TWh": 0.0}, "oilgas_all": {"label": "5% (all onshore oil & gas land)", "cap_pct": 5.0, "feasible": true, "storage_TWh": 8.392977, "supply_capped_TWh": null, "shortfall_TWh": 0.0}}}, "pdf": "figures/562.pdf"}