{"id": 563, "name": "Nunavut", "country": "Canada", "level": "admin1", "continent": "North America", "metrics": {"solar_cf": 0.0989, "wind_cf": 0.385, "solar_f_adj": 1.3866, "wind_f_adj": 1.2478, "mix_alpha": 0.0, "mix_f_adj": 1.2478, "solar_s_tot_pct": 49.8297, "wind_s_tot_pct": 17.5398, "mix_s_tot_pct": 17.5398, "solar_s_seasonal_pct": 48.9622, "solar_s_diurnal_pct": 0.8676, "wind_s_seasonal_pct": 17.5297, "wind_s_diurnal_pct": 0.0101, "solar_flaute_days": 109.875, "wind_flaute_days": 17.0, "solar_gap30d_max": 0.992, "wind_gap30d_max": 0.6074, "solar_trend_pct_decade": 1.1924, "wind_trend_pct_decade": -7.1535}, "colocation": {"k": [0, 17, 35, 50], "storage_pct_cons": [17.5398, 13.0016, 9.8229, 8.5335], "pick": ["base", "solar", "solar", "solar"]}, "datasets": {"gldas": {"series_norm": {"months": [1, 2, 3, 4, 5, 6, 7, 8, 9, 10, 11, 12], "demand": [1.0, 1.0, 1.0, 1.0, 1.0, 1.0, 1.0, 1.0, 1.0, 1.0, 1.0, 1.0], "solar_supply": [0.044633, 0.276135, 0.943845, 2.145976, 3.153719, 3.414416, 3.049378, 2.046695, 1.051838, 0.365901, 0.071395, 0.013564], "wind_supply": [1.21817, 1.157364, 1.170604, 1.157921, 1.116753, 1.147946, 1.216147, 1.311599, 1.448121, 1.467029, 1.320066, 1.23684], "mix_supply": [1.21817, 1.157364, 1.170604, 1.157921, 1.116753, 1.147946, 1.216147, 1.311599, 1.448121, 1.467029, 1.320066, 1.23684], "mix_storage": [0.161639, 0.157492, 0.154191, 0.150997, 0.146934, 0.144982, 0.147895, 0.15197, 0.160716, 0.167062, 0.167486, 0.165567], "mix_s_tot": 0.175398}}, "nldas": null}, "pdf": "figures/563.pdf"}