{"id": 564, "name": "Newfoundland and Labrador", "country": "Canada", "level": "admin1", "continent": "North America", "metrics": {"solar_cf": 0.1239, "wind_cf": 0.4021, "solar_f_adj": 1.4099, "wind_f_adj": 1.4297, "mix_alpha": 0.15, "mix_f_adj": 1.3867, "solar_s_tot_pct": 28.5714, "wind_s_tot_pct": 13.6165, "mix_s_tot_pct": 9.5539, "solar_s_seasonal_pct": 27.8066, "solar_s_diurnal_pct": 0.7648, "wind_s_seasonal_pct": 13.4666, "wind_s_diurnal_pct": 0.1499, "solar_flaute_days": 1.875, "wind_flaute_days": 6.875, "solar_gap30d_max": 0.8146, "wind_gap30d_max": 0.6925, "solar_trend_pct_decade": 0.562, "wind_trend_pct_decade": 9.7509}, "colocation": {"k": [0, 17, 35, 50], "storage_pct_cons": [9.5539, 1.7903, 1.1798, 0.9774], "pick": ["base", "solar", "solar", "solar"]}, "datasets": {"gldas": {"series_norm": {"months": [1, 2, 3, 4, 5, 6, 7, 8, 9, 10, 11, 12], "demand": [1.0, 1.0, 1.0, 1.0, 1.0, 1.0, 1.0, 1.0, 1.0, 1.0, 1.0, 1.0], "solar_supply": [0.444274, 0.846798, 1.467012, 2.066277, 2.382084, 2.416752, 2.312009, 1.966234, 1.404679, 0.813315, 0.452576, 0.319024], "wind_supply": [1.729028, 1.719233, 1.588958, 1.447661, 1.231117, 1.116489, 0.995705, 1.013472, 1.418675, 1.48934, 1.661834, 1.768347], "mix_supply": [1.491052, 1.542364, 1.526463, 1.498384, 1.366446, 1.277056, 1.162021, 1.125654, 1.376875, 1.347888, 1.436879, 1.50499], "mix_storage": [0.09021, 0.090489, 0.090628, 0.090997, 0.089825, 0.088833, 0.085064, 0.077704, 0.07933, 0.0833, 0.085716, 0.089001], "mix_s_tot": 0.095539}}, "nldas": null}, "pdf": "figures/564.pdf"}