{"id": 565, "name": "Nova Scotia", "country": "Canada", "level": "admin1", "continent": "North America", "metrics": {"solar_cf": 0.1441, "wind_cf": 0.3835, "solar_f_adj": 1.3213, "wind_f_adj": 1.3401, "mix_alpha": 0.4, "mix_f_adj": 1.2634, "solar_s_tot_pct": 26.6799, "wind_s_tot_pct": 17.326, "mix_s_tot_pct": 8.9044, "solar_s_seasonal_pct": 25.8185, "solar_s_diurnal_pct": 0.8614, "wind_s_seasonal_pct": 16.6696, "wind_s_diurnal_pct": 0.6564, "solar_flaute_days": 2.625, "wind_flaute_days": 5.625, "solar_gap30d_max": 0.7591, "wind_gap30d_max": 0.6907, "solar_trend_pct_decade": -1.3101, "wind_trend_pct_decade": -14.6907}, "colocation": {"k": [0, 17, 35, 50], "storage_pct_cons": [8.9044, 3.3096, 1.637, 1.5154], "pick": ["base", "wind", "wind", "wind"]}, "datasets": {"gldas": {"series_norm": {"months": [1, 2, 3, 4, 5, 6, 7, 8, 9, 10, 11, 12], "demand": [1.0, 1.0, 1.0, 1.0, 1.0, 1.0, 1.0, 1.0, 1.0, 1.0, 1.0, 1.0], "solar_supply": [0.523143, 0.841828, 1.266951, 1.645731, 1.946877, 2.109694, 2.140271, 1.938685, 1.512862, 0.944625, 0.540399, 0.418465], "wind_supply": [1.708317, 1.697964, 1.637647, 1.444739, 1.166051, 0.999294, 0.87233, 0.846966, 1.085092, 1.340997, 1.577241, 1.728195], "mix_supply": [1.16645, 1.282486, 1.41097, 1.446724, 1.404262, 1.372206, 1.312081, 1.220629, 1.19246, 1.119876, 1.098903, 1.137656], "mix_storage": [0.060491, 0.060383, 0.066997, 0.076749, 0.081749, 0.083878, 0.085321, 0.083763, 0.081718, 0.075534, 0.068062, 0.062976], "mix_s_tot": 0.089044}}, "nldas": null}, "pdf": "figures/565.pdf"}