{"id": 566, "name": "Odisha", "country": "India", "level": "admin1", "continent": "Asia", "metrics": {"solar_cf": 0.2131, "wind_cf": 0.0604, "solar_f_adj": 1.2683, "wind_f_adj": 1.9594, "mix_alpha": 0.95, "mix_f_adj": 1.257, "solar_s_tot_pct": 11.3663, "wind_s_tot_pct": 49.3477, "mix_s_tot_pct": 10.7509, "solar_s_seasonal_pct": 10.3573, "solar_s_diurnal_pct": 1.009, "wind_s_seasonal_pct": 48.1053, "wind_s_diurnal_pct": 1.2424, "solar_flaute_days": 0.875, "wind_flaute_days": 35.0, "solar_gap30d_max": 0.5891, "wind_gap30d_max": 0.9981, "solar_trend_pct_decade": 2.2623, "wind_trend_pct_decade": 20.1886}, "colocation": {"k": [0, 17, 35, 50], "storage_pct_cons": [10.7509, 2.7786, 1.3417, 0.986], "pick": ["base", "wind", "wind", "wind"]}, "datasets": {"gldas": {"series_norm": {"months": [1, 2, 3, 4, 5, 6, 7, 8, 9, 10, 11, 12], "demand": [1.0, 1.0, 1.0, 1.0, 1.0, 1.0, 1.0, 1.0, 1.0, 1.0, 1.0, 1.0], "solar_supply": [1.185047, 1.351385, 1.505692, 1.603998, 1.527868, 1.212041, 1.092356, 1.082616, 1.159264, 1.232202, 1.168742, 1.107889], "wind_supply": [0.557938, 1.034163, 1.715186, 3.155958, 3.657797, 3.706676, 3.429647, 2.648639, 1.492386, 0.983673, 0.583341, 0.500889], "mix_supply": [1.13371, 1.305606, 1.472743, 1.611521, 1.555936, 1.260129, 1.138549, 1.104326, 1.139407, 1.191767, 1.119173, 1.05923], "mix_storage": [0.044821, 0.044218, 0.057072, 0.079185, 0.095079, 0.097296, 0.091189, 0.082257, 0.073723, 0.069443, 0.064065, 0.052751], "mix_s_tot": 0.107509}}, "nldas": null}, "pdf": "figures/566.pdf"}