{"id": 567, "name": "Shandong", "country": "China", "level": "admin1", "continent": "Asia", "metrics": {"solar_cf": 0.166, "wind_cf": 0.2224, "solar_f_adj": 1.292, "wind_f_adj": 1.5266, "mix_alpha": 0.5, "mix_f_adj": 1.2908, "solar_s_tot_pct": 18.3112, "wind_s_tot_pct": 24.4887, "mix_s_tot_pct": 15.9326, "solar_s_seasonal_pct": 17.0582, "solar_s_diurnal_pct": 1.2531, "wind_s_seasonal_pct": 24.1806, "wind_s_diurnal_pct": 0.3081, "solar_flaute_days": 1.75, "wind_flaute_days": 12.5, "solar_gap30d_max": 0.6835, "wind_gap30d_max": 0.8805, "solar_trend_pct_decade": -3.3355, "wind_trend_pct_decade": 0.2788}, "colocation": {"k": [0, 17, 35, 50], "storage_pct_cons": [15.9326, 8.518, 3.4982, 2.7153], "pick": ["base", "wind", "wind", "wind"]}, "datasets": {"gldas": {"series_norm": {"months": [1, 2, 3, 4, 5, 6, 7, 8, 9, 10, 11, 12], "demand": [1.0, 1.0, 1.0, 1.0, 1.0, 1.0, 1.0, 1.0, 1.0, 1.0, 1.0, 1.0], "solar_supply": [0.809881, 1.03233, 1.390983, 1.641579, 1.78294, 1.781332, 1.621456, 1.51781, 1.314774, 1.043358, 0.831694, 0.726189], "wind_supply": [1.574022, 1.884572, 2.225407, 2.325865, 1.934516, 1.373956, 1.01702, 0.748729, 0.800926, 1.214291, 1.593048, 1.657751], "mix_supply": [1.070042, 1.312459, 1.635719, 1.803371, 1.708526, 1.470724, 1.239951, 1.074746, 0.995393, 1.034579, 1.088982, 1.063635], "mix_storage": [0.081136, 0.080608, 0.099517, 0.125439, 0.143821, 0.151269, 0.149146, 0.139536, 0.123543, 0.108218, 0.098071, 0.089453], "mix_s_tot": 0.159326}}, "nldas": null}, "pdf": "figures/567.pdf"}