{"id": 568, "name": "Hebei", "country": "China", "level": "admin1", "continent": "Asia", "metrics": {"solar_cf": 0.1734, "wind_cf": 0.2354, "solar_f_adj": 1.282, "wind_f_adj": 1.6132, "mix_alpha": 0.85, "mix_f_adj": 1.2766, "solar_s_tot_pct": 18.1659, "wind_s_tot_pct": 25.8192, "mix_s_tot_pct": 17.3047, "solar_s_seasonal_pct": 17.2007, "solar_s_diurnal_pct": 0.9651, "wind_s_seasonal_pct": 24.5404, "wind_s_diurnal_pct": 1.2788, "solar_flaute_days": 1.875, "wind_flaute_days": 8.25, "solar_gap30d_max": 0.6963, "wind_gap30d_max": 0.8631, "solar_trend_pct_decade": -2.7106, "wind_trend_pct_decade": -23.0681}, "colocation": {"k": [0, 17, 35, 50], "storage_pct_cons": [17.3047, 12.036, 7.8668, 5.6784], "pick": ["base", "wind", "wind", "wind"]}, "datasets": {"gldas": {"series_norm": {"months": [1, 2, 3, 4, 5, 6, 7, 8, 9, 10, 11, 12], "demand": [1.0, 1.0, 1.0, 1.0, 1.0, 1.0, 1.0, 1.0, 1.0, 1.0, 1.0, 1.0], "solar_supply": [0.75655, 1.001462, 1.365424, 1.642874, 1.812681, 1.792216, 1.664329, 1.550141, 1.321778, 1.020538, 0.774674, 0.668766], "wind_supply": [1.639505, 1.782036, 2.274957, 2.485091, 2.223374, 1.409733, 0.970042, 0.752457, 0.967294, 1.421921, 1.6644, 1.784814], "mix_supply": [0.834987, 1.059208, 1.425791, 1.685578, 1.798243, 1.68434, 1.523899, 1.401418, 1.233625, 1.032608, 0.853283, 0.777931], "mix_storage": [0.057107, 0.037468, 0.040926, 0.067077, 0.10234, 0.131569, 0.146373, 0.152254, 0.152997, 0.142896, 0.118905, 0.085633], "mix_s_tot": 0.173047}}, "nldas": null}, "pdf": "figures/568.pdf"}