{"id": 569, "name": "Tianjin", "country": "China", "level": "admin1", "continent": "Asia", "metrics": {"solar_cf": 0.1718, "wind_cf": 0.2381, "solar_f_adj": 1.2757, "wind_f_adj": 1.3543, "mix_alpha": 0.4, "mix_f_adj": 1.2353, "solar_s_tot_pct": 19.3768, "wind_s_tot_pct": 25.7139, "mix_s_tot_pct": 13.2793, "solar_s_seasonal_pct": 18.4563, "solar_s_diurnal_pct": 0.9206, "wind_s_seasonal_pct": 24.4397, "wind_s_diurnal_pct": 1.2742, "solar_flaute_days": 2.5, "wind_flaute_days": 5.625, "solar_gap30d_max": 0.7, "wind_gap30d_max": 0.8492, "solar_trend_pct_decade": -2.4821, "wind_trend_pct_decade": 5.5436}, "colocation": {"k": [0, 17, 35, 50], "storage_pct_cons": [13.2793, 7.8672, 5.0026, 3.2732], "pick": ["base", "wind", "wind", "solar"]}, "datasets": {"gldas": {"series_norm": {"months": [1, 2, 3, 4, 5, 6, 7, 8, 9, 10, 11, 12], "demand": [1.0, 1.0, 1.0, 1.0, 1.0, 1.0, 1.0, 1.0, 1.0, 1.0, 1.0, 1.0], "solar_supply": [0.752168, 0.991024, 1.365042, 1.643954, 1.826532, 1.792907, 1.649592, 1.516832, 1.316843, 1.005728, 0.768557, 0.667158], "wind_supply": [1.41424, 1.526452, 1.873939, 2.019449, 1.761466, 1.252524, 0.896341, 0.637609, 0.801468, 1.217233, 1.36639, 1.500634], "mix_supply": [1.065298, 1.219223, 1.554258, 1.74192, 1.671452, 1.379903, 1.129467, 0.93645, 0.948664, 1.055694, 1.045459, 1.079651], "mix_storage": [0.051916, 0.052833, 0.068302, 0.098782, 0.12143, 0.128079, 0.122448, 0.107243, 0.086876, 0.073864, 0.063855, 0.055199], "mix_s_tot": 0.132793}}, "nldas": null}, "pdf": "figures/569.pdf"}