{"id": 57, "name": "Spain", "country": "Spain", "level": "admin0", "continent": "Europe", "metrics": {"solar_cf": 0.1871, "wind_cf": 0.2057, "solar_f_adj": 1.2737, "wind_f_adj": 1.6127, "mix_alpha": 0.25, "mix_f_adj": 1.4224, "solar_s_tot_pct": 25.4823, "wind_s_tot_pct": 17.2782, "mix_s_tot_pct": 14.1822, "solar_s_seasonal_pct": 24.3656, "solar_s_diurnal_pct": 1.1167, "wind_s_seasonal_pct": 16.845, "wind_s_diurnal_pct": 0.4331, "solar_flaute_days": 0.75, "wind_flaute_days": 11.75, "solar_gap30d_max": 0.7181, "wind_gap30d_max": 0.7814, "solar_trend_pct_decade": 0.6826, "wind_trend_pct_decade": -6.0473}, "colocation": {"k": [0, 17, 35, 50], "storage_pct_cons": [14.1822, 9.7784, 6.969, 4.5933], "pick": ["base", "wind", "solar", "solar"]}, "datasets": {"gldas": {"series_norm": {"months": [1, 2, 3, 4, 5, 6, 7, 8, 9, 10, 11, 12], "demand": [1.0, 1.0, 1.0, 1.0, 1.0, 1.0, 1.0, 1.0, 1.0, 1.0, 1.0, 1.0], "solar_supply": [0.584643, 0.830592, 1.138111, 1.489286, 1.820858, 2.030663, 2.093938, 1.8375, 1.379905, 0.921789, 0.62154, 0.509348], "wind_supply": [2.087392, 2.119358, 2.183022, 1.78972, 1.433158, 1.223434, 1.238536, 1.103078, 0.998201, 1.390663, 1.940311, 1.87402], "mix_supply": [1.544089, 1.633904, 1.761878, 1.599747, 1.456447, 1.376287, 1.403944, 1.242738, 1.0456, 1.177318, 1.457094, 1.381917], "mix_storage": [0.111443, 0.118367, 0.125231, 0.130814, 0.133071, 0.132993, 0.135154, 0.134712, 0.125268, 0.110395, 0.11206, 0.114761], "mix_s_tot": 0.141822}}, "nldas": null}, "pdf": "figures/57.pdf"}