{"id": 570, "name": "Maga Buryatdan", "country": "Russia", "level": "admin1", "continent": "Europe", "metrics": {"solar_cf": 0.1127, "wind_cf": 0.155, "solar_f_adj": 1.3508, "wind_f_adj": 2.1584, "mix_alpha": 0.05, "mix_f_adj": 2.033, "solar_s_tot_pct": 41.5412, "wind_s_tot_pct": 18.5599, "mix_s_tot_pct": 16.357, "solar_s_seasonal_pct": 40.3082, "solar_s_diurnal_pct": 1.233, "wind_s_seasonal_pct": 18.4744, "wind_s_diurnal_pct": 0.0855, "solar_flaute_days": 55.75, "wind_flaute_days": 19.25, "solar_gap30d_max": 0.963, "wind_gap30d_max": 0.8987, "solar_trend_pct_decade": 1.9722, "wind_trend_pct_decade": -40.6607}, "colocation": {"k": [0, 17, 35, 50], "storage_pct_cons": [16.357, 12.1089, 9.8473, 9.486], "pick": ["base", "solar", "solar", "solar"]}, "datasets": {"gldas": {"series_norm": {"months": [1, 2, 3, 4, 5, 6, 7, 8, 9, 10, 11, 12], "demand": [1.0, 1.0, 1.0, 1.0, 1.0, 1.0, 1.0, 1.0, 1.0, 1.0, 1.0, 1.0], "solar_supply": [0.142333, 0.495861, 1.232615, 2.170423, 2.677857, 2.833855, 2.629995, 1.904464, 1.208405, 0.607758, 0.19547, 0.066829], "wind_supply": [2.756133, 2.884705, 2.497009, 1.770626, 1.555011, 1.780819, 1.758453, 1.565629, 1.926896, 1.891033, 2.38232, 3.171337], "mix_supply": [2.476982, 2.618637, 2.327157, 1.74774, 1.592987, 1.806787, 1.771431, 1.544289, 1.815181, 1.737889, 2.146481, 2.842837], "mix_storage": [0.151208, 0.146009, 0.141367, 0.135502, 0.12715, 0.140869, 0.149342, 0.147416, 0.149031, 0.146637, 0.141941, 0.146308], "mix_s_tot": 0.16357}}, "nldas": null}, "pdf": "figures/570.pdf"}