{"id": 571, "name": "Dadra and Nagar Haveli and Daman and Diu", "country": "India", "level": "admin1", "continent": "Asia", "metrics": {"solar_cf": 0.2258, "wind_cf": 0.0921, "solar_f_adj": 1.2579, "wind_f_adj": 5.3145, "mix_alpha": 0.9, "mix_f_adj": 1.2958, "solar_s_tot_pct": 11.7724, "wind_s_tot_pct": 41.9881, "mix_s_tot_pct": 10.6371, "solar_s_seasonal_pct": 10.0256, "solar_s_diurnal_pct": 1.7468, "wind_s_seasonal_pct": 40.6328, "wind_s_diurnal_pct": 1.3553, "solar_flaute_days": 2.625, "wind_flaute_days": 25.0, "solar_gap30d_max": 0.6824, "wind_gap30d_max": 0.9896, "solar_trend_pct_decade": 1.7212, "wind_trend_pct_decade": 39.7226}, "colocation": {"k": [0, 17, 35, 50], "storage_pct_cons": [10.6371, 2.5604, 1.2541, 0.9716], "pick": ["base", "wind", "wind", "wind"]}, "datasets": {"gldas": {"series_norm": {"months": [1, 2, 3, 4, 5, 6, 7, 8, 9, 10, 11, 12], "demand": [1.0, 1.0, 1.0, 1.0, 1.0, 1.0, 1.0, 1.0, 1.0, 1.0, 1.0, 1.0], "solar_supply": [1.169724, 1.347323, 1.525791, 1.63935, 1.615258, 1.202862, 0.950267, 0.998459, 1.123939, 1.280791, 1.167808, 1.084803], "wind_supply": [2.920479, 3.905468, 5.035348, 6.028366, 8.71053, 10.59336, 9.81132, 8.030836, 3.239711, 1.39552, 1.876009, 2.115704], "mix_supply": [1.155688, 1.344362, 1.537374, 1.66687, 1.709934, 1.373502, 1.120248, 1.121513, 1.121024, 1.221477, 1.128445, 1.057333], "mix_storage": [0.037939, 0.038866, 0.053275, 0.074837, 0.094083, 0.101463, 0.092264, 0.07921, 0.068256, 0.063108, 0.059017, 0.046692], "mix_s_tot": 0.106371}}, "nldas": null}, "pdf": "figures/571.pdf"}