{"id": 572, "name": "Maharashtra", "country": "India", "level": "admin1", "continent": "Asia", "metrics": {"solar_cf": 0.2257, "wind_cf": 0.1485, "solar_f_adj": 1.2526, "wind_f_adj": 2.3369, "mix_alpha": 1.0, "mix_f_adj": 1.2526, "solar_s_tot_pct": 9.7463, "wind_s_tot_pct": 49.2555, "mix_s_tot_pct": 9.7463, "solar_s_seasonal_pct": 8.4585, "solar_s_diurnal_pct": 1.2878, "wind_s_seasonal_pct": 48.3813, "wind_s_diurnal_pct": 0.8742, "solar_flaute_days": 1.75, "wind_flaute_days": 25.75, "solar_gap30d_max": 0.6135, "wind_gap30d_max": 0.9602, "solar_trend_pct_decade": 1.6754, "wind_trend_pct_decade": 38.1798}, "colocation": {"k": [0, 17, 35, 50], "storage_pct_cons": [9.7463, 1.569, 0.593, 0.5126], "pick": ["base", "wind", "wind", "wind"]}, "datasets": {"gldas": {"series_norm": {"months": [1, 2, 3, 4, 5, 6, 7, 8, 9, 10, 11, 12], "demand": [1.0, 1.0, 1.0, 1.0, 1.0, 1.0, 1.0, 1.0, 1.0, 1.0, 1.0, 1.0], "solar_supply": [1.173536, 1.341557, 1.505376, 1.590497, 1.559876, 1.180945, 0.981992, 1.02603, 1.163088, 1.250515, 1.167305, 1.101797], "wind_supply": [1.032204, 1.225306, 1.416884, 1.958338, 3.930925, 4.678384, 5.108018, 4.017307, 2.00107, 0.793384, 0.845853, 0.940872], "mix_supply": [1.173536, 1.341557, 1.505376, 1.590497, 1.559876, 1.180945, 0.981992, 1.02603, 1.163088, 1.250515, 1.167305, 1.101797], "mix_storage": [0.029259, 0.031146, 0.045551, 0.068303, 0.085906, 0.088069, 0.073101, 0.054068, 0.044364, 0.043476, 0.042431, 0.033902], "mix_s_tot": 0.097463}}, "nldas": null}, "pdf": "figures/572.pdf"}