{"id": 573, "name": "Goa", "country": "India", "level": "admin1", "continent": "Asia", "metrics": {"solar_cf": 0.2357, "wind_cf": 0.1083, "solar_f_adj": 1.2747, "wind_f_adj": 2.5391, "mix_alpha": 0.7, "mix_f_adj": 1.3544, "solar_s_tot_pct": 14.9377, "wind_s_tot_pct": 23.8618, "mix_s_tot_pct": 9.3565, "solar_s_seasonal_pct": 14.553, "solar_s_diurnal_pct": 0.3847, "wind_s_seasonal_pct": 21.7633, "wind_s_diurnal_pct": 2.0985, "solar_flaute_days": 1.875, "wind_flaute_days": 12.875, "solar_gap30d_max": 0.6587, "wind_gap30d_max": 0.966, "solar_trend_pct_decade": 1.9221, "wind_trend_pct_decade": 0.3683}, "colocation": {"k": [0, 17, 35, 50], "storage_pct_cons": [9.3565, 2.5977, 1.3787, 1.3787], "pick": ["base", "solar", "solar", "solar"]}, "datasets": {"gldas": {"series_norm": {"months": [1, 2, 3, 4, 5, 6, 7, 8, 9, 10, 11, 12], "demand": [1.0, 1.0, 1.0, 1.0, 1.0, 1.0, 1.0, 1.0, 1.0, 1.0, 1.0, 1.0], "solar_supply": [1.291518, 1.446249, 1.574533, 1.620275, 1.464423, 1.052894, 0.987182, 1.085598, 1.16486, 1.208193, 1.213646, 1.200717], "wind_supply": [1.904722, 2.336521, 2.810665, 2.912583, 3.371251, 3.235223, 4.442667, 3.609706, 1.815596, 0.977381, 1.269737, 1.734982], "mix_supply": [1.265427, 1.449615, 1.620908, 1.67124, 1.628721, 1.300862, 1.445214, 1.385116, 1.156958, 1.055048, 1.10589, 1.170727], "mix_storage": [0.050806, 0.055693, 0.067433, 0.080333, 0.087399, 0.085155, 0.083558, 0.084942, 0.079198, 0.066658, 0.056414, 0.051147], "mix_s_tot": 0.093565}}, "nldas": null}, "pdf": "figures/573.pdf"}