{"id": 574, "name": "Karnataka", "country": "India", "level": "admin1", "continent": "Asia", "metrics": {"solar_cf": 0.2299, "wind_cf": 0.1967, "solar_f_adj": 1.279, "wind_f_adj": 2.3411, "mix_alpha": 0.8, "mix_f_adj": 1.3503, "solar_s_tot_pct": 9.8029, "wind_s_tot_pct": 31.9836, "mix_s_tot_pct": 6.9569, "solar_s_seasonal_pct": 9.0396, "solar_s_diurnal_pct": 0.7633, "wind_s_seasonal_pct": 31.0185, "wind_s_diurnal_pct": 0.9651, "solar_flaute_days": 1.75, "wind_flaute_days": 18.875, "solar_gap30d_max": 0.6216, "wind_gap30d_max": 0.9637, "solar_trend_pct_decade": 3.2323, "wind_trend_pct_decade": 41.1229}, "colocation": {"k": [0, 17, 35, 50], "storage_pct_cons": [6.9569, 1.4283, 1.1867, 1.1867], "pick": ["base", "solar", "solar", "solar"]}, "datasets": {"gldas": {"series_norm": {"months": [1, 2, 3, 4, 5, 6, 7, 8, 9, 10, 11, 12], "demand": [1.0, 1.0, 1.0, 1.0, 1.0, 1.0, 1.0, 1.0, 1.0, 1.0, 1.0, 1.0], "solar_supply": [1.300677, 1.456837, 1.573796, 1.568912, 1.43935, 1.130228, 1.015065, 1.089342, 1.182205, 1.219557, 1.18611, 1.199779], "wind_supply": [1.400549, 1.390212, 1.228592, 1.155753, 2.552634, 4.521553, 5.200574, 4.078252, 2.463213, 0.993024, 1.388474, 1.641126], "mix_supply": [1.260137, 1.39084, 1.470982, 1.458454, 1.510163, 1.476199, 1.45726, 1.390528, 1.282658, 1.144611, 1.161979, 1.202669], "mix_storage": [0.045512, 0.047551, 0.052206, 0.057054, 0.062592, 0.06531, 0.065517, 0.064638, 0.062311, 0.055602, 0.049358, 0.046071], "mix_s_tot": 0.069569}}, "nldas": null}, "pdf": "figures/574.pdf"}