{"id": 575, "name": "Kerala", "country": "India", "level": "admin1", "continent": "Asia", "metrics": {"solar_cf": 0.2306, "wind_cf": 0.071, "solar_f_adj": 1.2697, "wind_f_adj": 3.5013, "mix_alpha": 0.9, "mix_f_adj": 1.3004, "solar_s_tot_pct": 11.4382, "wind_s_tot_pct": 31.2541, "mix_s_tot_pct": 8.6151, "solar_s_seasonal_pct": 9.4417, "solar_s_diurnal_pct": 1.9965, "wind_s_seasonal_pct": 30.09, "wind_s_diurnal_pct": 1.1641, "solar_flaute_days": 1.75, "wind_flaute_days": 26.875, "solar_gap30d_max": 0.6178, "wind_gap30d_max": 0.9929, "solar_trend_pct_decade": 2.5223, "wind_trend_pct_decade": -38.8652}, "colocation": {"k": [0, 17, 35, 50], "storage_pct_cons": [8.6151, 3.627, 2.1948, 1.2971], "pick": ["base", "wind", "wind", "wind"]}, "datasets": {"gldas": {"series_norm": {"months": [1, 2, 3, 4, 5, 6, 7, 8, 9, 10, 11, 12], "demand": [1.0, 1.0, 1.0, 1.0, 1.0, 1.0, 1.0, 1.0, 1.0, 1.0, 1.0, 1.0], "solar_supply": [1.359172, 1.492783, 1.557523, 1.483665, 1.283872, 1.075428, 1.072017, 1.161029, 1.223487, 1.177883, 1.140972, 1.223691], "wind_supply": [2.42999, 2.50646, 2.375843, 2.140731, 4.303255, 5.739827, 6.803261, 5.818074, 4.180171, 1.918528, 1.180199, 2.505732], "mix_supply": [1.343098, 1.469097, 1.52392, 1.447108, 1.343265, 1.204485, 1.240838, 1.286295, 1.283032, 1.156995, 1.095549, 1.221029], "mix_storage": [0.050843, 0.058929, 0.069018, 0.075819, 0.077142, 0.073879, 0.069227, 0.067038, 0.064626, 0.060099, 0.050388, 0.045021], "mix_s_tot": 0.086151}}, "nldas": null}, "pdf": "figures/575.pdf"}