{"id": 576, "name": "Puducherry", "country": "India", "level": "admin1", "continent": "Asia", "metrics": {"solar_cf": 0.2308, "wind_cf": 0.0419, "solar_f_adj": 1.2976, "wind_f_adj": 2.8191, "mix_alpha": 0.95, "mix_f_adj": 1.2778, "solar_s_tot_pct": 12.2869, "wind_s_tot_pct": 32.7974, "mix_s_tot_pct": 11.5867, "solar_s_seasonal_pct": 12.07, "solar_s_diurnal_pct": 0.2169, "wind_s_seasonal_pct": 32.1913, "wind_s_diurnal_pct": 0.606, "solar_flaute_days": 3.625, "wind_flaute_days": 11.625, "solar_gap30d_max": 0.6748, "wind_gap30d_max": 0.9692, "solar_trend_pct_decade": 2.947, "wind_trend_pct_decade": -20.1236}, "colocation": {"k": [0, 17, 35, 50], "storage_pct_cons": [11.5867, 4.6357, 2.5066, 1.493], "pick": ["base", "wind", "wind", "wind"]}, "datasets": {"gldas": {"series_norm": {"months": [1, 2, 3, 4, 5, 6, 7, 8, 9, 10, 11, 12], "demand": [1.0, 1.0, 1.0, 1.0, 1.0, 1.0, 1.0, 1.0, 1.0, 1.0, 1.0, 1.0], "solar_supply": [1.374983, 1.517543, 1.602079, 1.568765, 1.35057, 1.050385, 1.049318, 1.135119, 1.228113, 1.213599, 1.218776, 1.277107], "wind_supply": [2.847773, 3.756135, 4.458958, 3.46601, 3.61262, 2.679465, 3.254556, 3.17305, 2.10318, 1.281084, 1.228451, 1.992521], "mix_supply": [1.350865, 1.504818, 1.599832, 1.546162, 1.345359, 1.043382, 1.055417, 1.133838, 1.196589, 1.164381, 1.168031, 1.239917], "mix_storage": [0.061426, 0.072882, 0.090234, 0.104094, 0.107919, 0.099538, 0.083151, 0.071494, 0.06594, 0.061634, 0.055854, 0.0531], "mix_s_tot": 0.115867}}, "nldas": null}, "pdf": "figures/576.pdf"}