{"id": 577, "name": "Tamil Nadu", "country": "India", "level": "admin1", "continent": "Asia", "metrics": {"solar_cf": 0.2277, "wind_cf": 0.2027, "solar_f_adj": 1.2593, "wind_f_adj": 1.9288, "mix_alpha": 0.8, "mix_f_adj": 1.3076, "solar_s_tot_pct": 9.4081, "wind_s_tot_pct": 17.1178, "mix_s_tot_pct": 7.8866, "solar_s_seasonal_pct": 7.1497, "solar_s_diurnal_pct": 2.2584, "wind_s_seasonal_pct": 16.7378, "wind_s_diurnal_pct": 0.38, "solar_flaute_days": 0.875, "wind_flaute_days": 14.5, "solar_gap30d_max": 0.6013, "wind_gap30d_max": 0.8923, "solar_trend_pct_decade": 2.6772, "wind_trend_pct_decade": 9.8661}, "colocation": {"k": [0, 17, 35, 50], "storage_pct_cons": [7.8866, 3.1135, 2.6309, 1.7198], "pick": ["base", "solar", "wind", "wind"]}, "datasets": {"gldas": {"series_norm": {"months": [1, 2, 3, 4, 5, 6, 7, 8, 9, 10, 11, 12], "demand": [1.0, 1.0, 1.0, 1.0, 1.0, 1.0, 1.0, 1.0, 1.0, 1.0, 1.0, 1.0], "solar_supply": [1.257095, 1.429686, 1.531309, 1.488137, 1.344208, 1.192151, 1.142265, 1.20117, 1.247202, 1.155346, 1.040087, 1.09509], "wind_supply": [1.828412, 1.644396, 1.27146, 1.212345, 2.113943, 3.205889, 3.30791, 2.65153, 1.851944, 0.902291, 1.252683, 1.870965], "mix_supply": [1.292242, 1.410669, 1.444525, 1.400644, 1.403326, 1.425065, 1.397456, 1.357391, 1.287214, 1.08214, 1.033899, 1.163427], "mix_storage": [0.049193, 0.057203, 0.065445, 0.068596, 0.070681, 0.0727, 0.074109, 0.074416, 0.073181, 0.067532, 0.053385, 0.045321], "mix_s_tot": 0.078866}}, "nldas": null}, "pdf": "figures/577.pdf"}