{"id": 578, "name": "Sakhalin", "country": "Russia", "level": "admin1", "continent": "Europe", "metrics": {"solar_cf": 0.1269, "wind_cf": 0.3232, "solar_f_adj": 1.3631, "wind_f_adj": 1.5835, "mix_alpha": 0.35, "mix_f_adj": 1.3701, "solar_s_tot_pct": 28.4332, "wind_s_tot_pct": 22.1044, "mix_s_tot_pct": 9.1624, "solar_s_seasonal_pct": 27.7777, "solar_s_diurnal_pct": 0.6555, "wind_s_seasonal_pct": 21.6217, "wind_s_diurnal_pct": 0.4827, "solar_flaute_days": 1.875, "wind_flaute_days": 12.625, "solar_gap30d_max": 0.7847, "wind_gap30d_max": 0.7822, "solar_trend_pct_decade": -2.7213, "wind_trend_pct_decade": -24.0501}, "colocation": {"k": [0, 17, 35, 50], "storage_pct_cons": [9.1624, 4.9818, 3.7229, 3.7197], "pick": ["base", "wind", "wind", "solar"]}, "datasets": {"gldas": {"series_norm": {"months": [1, 2, 3, 4, 5, 6, 7, 8, 9, 10, 11, 12], "demand": [1.0, 1.0, 1.0, 1.0, 1.0, 1.0, 1.0, 1.0, 1.0, 1.0, 1.0, 1.0], "solar_supply": [0.498626, 0.888195, 1.407686, 1.888991, 2.165705, 2.293206, 2.133961, 1.823398, 1.470848, 0.883945, 0.500104, 0.382329], "wind_supply": [1.998786, 1.772345, 1.674334, 1.498005, 1.295527, 0.948939, 0.845561, 1.002101, 1.437422, 2.001326, 2.228117, 2.309259], "mix_supply": [1.299529, 1.309228, 1.436863, 1.507018, 1.490493, 1.340426, 1.226265, 1.205048, 1.325845, 1.436512, 1.429024, 1.433226], "mix_storage": [0.078557, 0.073511, 0.071004, 0.075181, 0.080446, 0.082102, 0.080699, 0.077679, 0.076496, 0.078661, 0.081937, 0.082869], "mix_s_tot": 0.091624}}, "nldas": null}, "pdf": "figures/578.pdf"}