{"id": 579, "name": "Sevastopol", "country": "Russia", "level": "admin1", "continent": "Europe", "metrics": {"solar_cf": 0.1707, "wind_cf": 0.4047, "solar_f_adj": 1.3361, "wind_f_adj": 1.5553, "mix_alpha": 0.2, "mix_f_adj": 1.3978, "solar_s_tot_pct": 30.4228, "wind_s_tot_pct": 16.4981, "mix_s_tot_pct": 11.1515, "solar_s_seasonal_pct": 29.7039, "solar_s_diurnal_pct": 0.7189, "wind_s_seasonal_pct": 16.1082, "wind_s_diurnal_pct": 0.3899, "solar_flaute_days": 2.75, "wind_flaute_days": 9.75, "solar_gap30d_max": 0.8298, "wind_gap30d_max": 0.7581, "solar_trend_pct_decade": -2.4365, "wind_trend_pct_decade": -24.4156}, "colocation": {"k": [0, 17, 35, 50], "storage_pct_cons": [11.1515, 7.2713, 6.2445, 5.2131], "pick": ["base", "wind", "solar", "solar"]}, "datasets": {"gldas": {"series_norm": {"months": [1, 2, 3, 4, 5, 6, 7, 8, 9, 10, 11, 12], "demand": [1.0, 1.0, 1.0, 1.0, 1.0, 1.0, 1.0, 1.0, 1.0, 1.0, 1.0, 1.0], "solar_supply": [0.413832, 0.667781, 1.094742, 1.644222, 2.10261, 2.332035, 2.376455, 2.061521, 1.489678, 0.937252, 0.524857, 0.34897], "wind_supply": [2.078651, 2.043144, 1.889394, 1.481607, 1.151472, 1.190407, 1.192449, 1.195749, 1.375078, 1.513385, 1.646596, 1.931959], "mix_supply": [1.581131, 1.60874, 1.587534, 1.409314, 1.267864, 1.343865, 1.354628, 1.291101, 1.300383, 1.284232, 1.293718, 1.462088], "mix_storage": [0.089167, 0.095109, 0.098066, 0.099718, 0.097478, 0.096172, 0.098261, 0.098753, 0.097007, 0.092887, 0.084741, 0.082562], "mix_s_tot": 0.111515}}, "nldas": null}, "pdf": "figures/579.pdf"}