{"id": 58, "name": "Laos", "country": "Laos", "level": "admin0", "continent": "Asia", "metrics": {"solar_cf": 0.1959, "wind_cf": 0.0095, "solar_f_adj": 1.3136, "wind_f_adj": 9.432, "mix_alpha": 1.0, "mix_f_adj": 1.3136, "solar_s_tot_pct": 6.2827, "wind_s_tot_pct": 45.2736, "mix_s_tot_pct": 6.2827, "solar_s_seasonal_pct": 4.9609, "solar_s_diurnal_pct": 1.3218, "wind_s_seasonal_pct": 44.6939, "wind_s_diurnal_pct": 0.5797, "solar_flaute_days": 1.625, "wind_flaute_days": 91.625, "solar_gap30d_max": 0.6159, "wind_gap30d_max": 1.0, "solar_trend_pct_decade": 3.1945, "wind_trend_pct_decade": -73.5617}, "colocation": {"k": [0, 17, 35, 50], "storage_pct_cons": [6.2827, 2.0768, 1.0904, 0.6818], "pick": ["base", "wind", "wind", "wind"]}, "datasets": {"gldas": {"series_norm": {"months": [1, 2, 3, 4, 5, 6, 7, 8, 9, 10, 11, 12], "demand": [1.0, 1.0, 1.0, 1.0, 1.0, 1.0, 1.0, 1.0, 1.0, 1.0, 1.0, 1.0], "solar_supply": [1.247777, 1.438224, 1.559707, 1.601407, 1.43763, 1.263844, 1.186603, 1.176918, 1.207665, 1.252477, 1.230035, 1.173902], "wind_supply": [15.644256, 15.449176, 15.265581, 8.565661, 3.982946, 5.442243, 4.545867, 2.504551, 2.292239, 7.254828, 15.805878, 16.78575], "mix_supply": [1.247777, 1.438224, 1.559707, 1.601407, 1.43763, 1.263844, 1.186603, 1.176918, 1.207665, 1.252477, 1.230035, 1.173902], "mix_storage": [0.035626, 0.041864, 0.053185, 0.059211, 0.060784, 0.059266, 0.054935, 0.047454, 0.043389, 0.042303, 0.041972, 0.038112], "mix_s_tot": 0.062827}}, "nldas": null}, "pdf": "figures/58.pdf"}