{"id": 580, "name": "Chukchi Autonomous Okrug", "country": "Russia", "level": "admin1", "continent": "Europe", "metrics": {"solar_cf": 0.102, "wind_cf": 0.2302, "solar_f_adj": 1.437, "wind_f_adj": 2.1929, "mix_alpha": 0.05, "mix_f_adj": 2.0742, "solar_s_tot_pct": 46.9599, "wind_s_tot_pct": 15.4313, "mix_s_tot_pct": 12.522, "solar_s_seasonal_pct": 45.8369, "solar_s_diurnal_pct": 1.1231, "wind_s_seasonal_pct": 15.4085, "wind_s_diurnal_pct": 0.0228, "solar_flaute_days": 93.875, "wind_flaute_days": 25.875, "solar_gap30d_max": 0.9937, "wind_gap30d_max": 0.9394, "solar_trend_pct_decade": 2.1729, "wind_trend_pct_decade": -39.52}, "colocation": {"k": [0, 17, 35, 50], "storage_pct_cons": [12.522, 11.5012, 11.5012, 11.4026], "pick": ["base", "wind", "wind", "solar"]}, "datasets": {"gldas": {"series_norm": {"months": [1, 2, 3, 4, 5, 6, 7, 8, 9, 10, 11, 12], "demand": [1.0, 1.0, 1.0, 1.0, 1.0, 1.0, 1.0, 1.0, 1.0, 1.0, 1.0, 1.0], "solar_supply": [0.056149, 0.364588, 1.14213, 2.328678, 3.136653, 3.377336, 2.911112, 2.073004, 1.190416, 0.495078, 0.101296, 0.012707], "wind_supply": [2.445178, 2.596874, 2.099447, 1.748507, 1.515523, 2.021343, 2.204999, 2.050287, 2.030009, 2.365837, 2.472551, 2.784036], "mix_supply": [2.201188, 2.359755, 1.968902, 1.739194, 1.588154, 2.060033, 2.191412, 1.991909, 1.909993, 2.161572, 2.229042, 2.502536], "mix_storage": [0.116302, 0.111913, 0.105211, 0.098028, 0.091775, 0.10598, 0.121654, 0.122714, 0.12039, 0.118268, 0.116105, 0.116252], "mix_s_tot": 0.12522}}, "nldas": null}, "pdf": "figures/580.pdf"}