{"id": 581, "name": "Yamal-Nenets", "country": "Russia", "level": "admin1", "continent": "Europe", "metrics": {"solar_cf": 0.0988, "wind_cf": 0.4187, "solar_f_adj": 1.5057, "wind_f_adj": 1.3345, "mix_alpha": 0.0, "mix_f_adj": 1.3345, "solar_s_tot_pct": 47.6653, "wind_s_tot_pct": 10.3622, "mix_s_tot_pct": 10.3622, "solar_s_seasonal_pct": 46.8241, "solar_s_diurnal_pct": 0.8412, "wind_s_seasonal_pct": 10.1645, "wind_s_diurnal_pct": 0.1977, "solar_flaute_days": 89.875, "wind_flaute_days": 7.0, "solar_gap30d_max": 0.9934, "wind_gap30d_max": 0.5657, "solar_trend_pct_decade": 2.2874, "wind_trend_pct_decade": 15.9785}, "colocation": {"k": [0, 17, 35, 50], "storage_pct_cons": [10.3622, 8.3021, 6.5963, 5.1538], "pick": ["base", "solar", "solar", "solar"]}, "datasets": {"gldas": {"series_norm": {"months": [1, 2, 3, 4, 5, 6, 7, 8, 9, 10, 11, 12], "demand": [1.0, 1.0, 1.0, 1.0, 1.0, 1.0, 1.0, 1.0, 1.0, 1.0, 1.0, 1.0], "solar_supply": [0.061537, 0.379712, 1.164698, 2.31674, 3.185127, 3.511169, 3.329678, 2.270329, 1.206102, 0.462768, 0.101102, 0.01564], "wind_supply": [1.446418, 1.344731, 1.444907, 1.425787, 1.283191, 1.248724, 1.15283, 1.144765, 1.28003, 1.412682, 1.394514, 1.436918], "mix_supply": [1.446418, 1.344731, 1.444907, 1.425787, 1.283191, 1.248724, 1.15283, 1.144765, 1.28003, 1.412682, 1.394514, 1.436918], "mix_storage": [0.092745, 0.092908, 0.094231, 0.096216, 0.094515, 0.090894, 0.084911, 0.076877, 0.071216, 0.073152, 0.081169, 0.086643], "mix_s_tot": 0.103622}}, "nldas": null}, "pdf": "figures/581.pdf"}