{"id": 582, "name": "Nenets", "country": "Russia", "level": "admin1", "continent": "Europe", "metrics": {"solar_cf": 0.0945, "wind_cf": 0.5089, "solar_f_adj": 1.467, "wind_f_adj": 1.2572, "mix_alpha": 0.05, "mix_f_adj": 1.2349, "solar_s_tot_pct": 50.2067, "wind_s_tot_pct": 9.119, "mix_s_tot_pct": 6.8421, "solar_s_seasonal_pct": 48.732, "solar_s_diurnal_pct": 1.4747, "wind_s_seasonal_pct": 8.9655, "wind_s_diurnal_pct": 0.1535, "solar_flaute_days": 97.875, "wind_flaute_days": 5.625, "solar_gap30d_max": 0.9999, "wind_gap30d_max": 0.478, "solar_trend_pct_decade": 3.4913, "wind_trend_pct_decade": 2.412}, "colocation": {"k": [0, 17, 35, 50], "storage_pct_cons": [6.8421, 4.2097, 4.1262, 3.815], "pick": ["base", "solar", "solar", "solar"]}, "datasets": {"gldas": {"series_norm": {"months": [1, 2, 3, 4, 5, 6, 7, 8, 9, 10, 11, 12], "demand": [1.0, 1.0, 1.0, 1.0, 1.0, 1.0, 1.0, 1.0, 1.0, 1.0, 1.0, 1.0], "solar_supply": [0.028201, 0.316835, 1.119044, 2.297103, 3.257252, 3.455343, 3.274917, 2.167676, 1.151805, 0.406864, 0.061405, 0.000507], "wind_supply": [1.382946, 1.352825, 1.282311, 1.222044, 1.170496, 1.185541, 1.045731, 1.084518, 1.231995, 1.363544, 1.372864, 1.399058], "mix_supply": [1.291719, 1.275759, 1.243721, 1.237065, 1.229374, 1.251751, 1.11369, 1.103282, 1.198146, 1.289551, 1.283708, 1.305588], "mix_storage": [0.060112, 0.059191, 0.059665, 0.061607, 0.060953, 0.063681, 0.061498, 0.055906, 0.053448, 0.057566, 0.060337, 0.059959], "mix_s_tot": 0.068421}}, "nldas": null}, "pdf": "figures/582.pdf"}