{"id": 583, "name": "Northwest Territories", "country": "Canada", "level": "admin1", "continent": "North America", "metrics": {"solar_cf": 0.1098, "wind_cf": 0.2437, "solar_f_adj": 1.3729, "wind_f_adj": 1.5348, "mix_alpha": 0.0, "mix_f_adj": 1.5348, "solar_s_tot_pct": 45.91, "wind_s_tot_pct": 8.9539, "mix_s_tot_pct": 8.9539, "solar_s_seasonal_pct": 44.8657, "solar_s_diurnal_pct": 1.0444, "wind_s_seasonal_pct": 8.827, "wind_s_diurnal_pct": 0.1269, "solar_flaute_days": 84.875, "wind_flaute_days": 8.125, "solar_gap30d_max": 0.9789, "wind_gap30d_max": 0.674, "solar_trend_pct_decade": 0.9664, "wind_trend_pct_decade": 15.4233}, "colocation": {"k": [0, 17, 35, 50], "storage_pct_cons": [8.9539, 6.9805, 7.0385, 6.9686], "pick": ["base", "solar", "solar", "solar"]}, "datasets": {"gldas": {"series_norm": {"months": [1, 2, 3, 4, 5, 6, 7, 8, 9, 10, 11, 12], "demand": [1.0, 1.0, 1.0, 1.0, 1.0, 1.0, 1.0, 1.0, 1.0, 1.0, 1.0, 1.0], "solar_supply": [0.084577, 0.373339, 1.086493, 2.107831, 2.903108, 3.211443, 2.861575, 2.030481, 1.138995, 0.463163, 0.125045, 0.035046], "wind_supply": [1.450621, 1.354702, 1.377375, 1.472242, 1.494203, 1.556758, 1.539697, 1.57266, 1.83282, 1.765754, 1.557474, 1.43583], "mix_supply": [1.450621, 1.354702, 1.377375, 1.472242, 1.494203, 1.556758, 1.539697, 1.57266, 1.83282, 1.765754, 1.557474, 1.43583], "mix_storage": [0.081005, 0.078339, 0.077612, 0.078859, 0.07963, 0.08013, 0.080597, 0.079156, 0.079486, 0.080769, 0.083115, 0.082655], "mix_s_tot": 0.089539}}, "nldas": null}, "pdf": "figures/583.pdf"}