{"id": 584, "name": "Sakha (Yakutia)", "country": "Russia", "level": "admin1", "continent": "Europe", "metrics": {"solar_cf": 0.1105, "wind_cf": 0.1448, "solar_f_adj": 1.3907, "wind_f_adj": 1.4325, "mix_alpha": 0.0, "mix_f_adj": 1.4325, "solar_s_tot_pct": 43.7575, "wind_s_tot_pct": 21.6897, "mix_s_tot_pct": 21.6897, "solar_s_seasonal_pct": 42.7224, "solar_s_diurnal_pct": 1.035, "wind_s_seasonal_pct": 21.5297, "wind_s_diurnal_pct": 0.16, "solar_flaute_days": 81.875, "wind_flaute_days": 24.125, "solar_gap30d_max": 0.9684, "wind_gap30d_max": 0.8318, "solar_trend_pct_decade": 1.7777, "wind_trend_pct_decade": 5.157}, "colocation": {"k": [0, 17, 35, 50], "storage_pct_cons": [21.6897, 19.8754, 18.2882, 16.8927], "pick": ["base", "solar", "solar", "solar"]}, "datasets": {"gldas": {"series_norm": {"months": [1, 2, 3, 4, 5, 6, 7, 8, 9, 10, 11, 12], "demand": [1.0, 1.0, 1.0, 1.0, 1.0, 1.0, 1.0, 1.0, 1.0, 1.0, 1.0, 1.0], "solar_supply": [0.105572, 0.434996, 1.191825, 2.173269, 2.788398, 3.136762, 2.861848, 2.080587, 1.154251, 0.511946, 0.145905, 0.051712], "wind_supply": [1.168219, 1.036597, 1.313977, 1.551039, 1.717181, 1.818593, 1.6657, 1.444667, 1.666796, 1.436087, 1.209077, 1.143489], "mix_supply": [1.168219, 1.036597, 1.313977, 1.551039, 1.717181, 1.818593, 1.6657, 1.444667, 1.666796, 1.436087, 1.209077, 1.143489], "mix_storage": [0.160698, 0.145908, 0.132867, 0.147082, 0.159489, 0.180362, 0.195211, 0.197186, 0.199787, 0.199384, 0.190122, 0.171291], "mix_s_tot": 0.216897}}, "nldas": null}, "pdf": "figures/584.pdf"}