{"id": 585, "name": "City of St. Petersburg", "country": "Russia", "level": "admin1", "continent": "Europe", "metrics": {"solar_cf": 0.1157, "wind_cf": 0.2615, "solar_f_adj": 1.3999, "wind_f_adj": 1.648, "mix_alpha": 0.15, "mix_f_adj": 1.5035, "solar_s_tot_pct": 42.3421, "wind_s_tot_pct": 20.6797, "mix_s_tot_pct": 10.817, "solar_s_seasonal_pct": 41.2655, "solar_s_diurnal_pct": 1.0767, "wind_s_seasonal_pct": 19.4234, "wind_s_diurnal_pct": 1.2562, "solar_flaute_days": 23.875, "wind_flaute_days": 7.625, "solar_gap30d_max": 0.9509, "wind_gap30d_max": 0.7916, "solar_trend_pct_decade": 1.3121, "wind_trend_pct_decade": 7.8689}, "colocation": {"k": [0, 17, 35, 50], "storage_pct_cons": [10.817, 7.4776, 7.389, 6.4041], "pick": ["base", "wind", "solar", "solar"]}, "datasets": {"gldas": {"series_norm": {"months": [1, 2, 3, 4, 5, 6, 7, 8, 9, 10, 11, 12], "demand": [1.0, 1.0, 1.0, 1.0, 1.0, 1.0, 1.0, 1.0, 1.0, 1.0, 1.0, 1.0], "solar_supply": [0.189286, 0.522767, 1.188962, 1.96415, 2.704501, 2.927444, 2.826025, 2.201039, 1.319357, 0.578052, 0.2155, 0.109829], "wind_supply": [1.973821, 1.817148, 1.731947, 1.511541, 1.409152, 1.359509, 1.131719, 1.228571, 1.544333, 1.853962, 2.055632, 2.17039], "mix_supply": [1.561127, 1.493359, 1.534617, 1.488589, 1.528465, 1.525887, 1.332904, 1.307319, 1.410136, 1.530813, 1.628792, 1.700758], "mix_storage": [0.097689, 0.093819, 0.091756, 0.093642, 0.095961, 0.098735, 0.09683, 0.092824, 0.092639, 0.094373, 0.096658, 0.097978], "mix_s_tot": 0.10817}}, "nldas": null}, "pdf": "figures/585.pdf"}