{"id": 586, "name": "Arkhangel'sk", "country": "Russia", "level": "admin1", "continent": "Europe", "metrics": {"solar_cf": 0.102, "wind_cf": 0.2809, "solar_f_adj": 1.4926, "wind_f_adj": 1.2756, "mix_alpha": 0.1, "mix_f_adj": 1.2397, "solar_s_tot_pct": 46.2099, "wind_s_tot_pct": 12.2487, "mix_s_tot_pct": 8.059, "solar_s_seasonal_pct": 45.1205, "solar_s_diurnal_pct": 1.0894, "wind_s_seasonal_pct": 11.9474, "wind_s_diurnal_pct": 0.3013, "solar_flaute_days": 91.875, "wind_flaute_days": 9.875, "solar_gap30d_max": 0.9787, "wind_gap30d_max": 0.6376, "solar_trend_pct_decade": 2.037, "wind_trend_pct_decade": -8.6608}, "colocation": {"k": [0, 17, 35, 50], "storage_pct_cons": [8.059, 6.4825, 6.4825, 6.4825], "pick": ["base", "wind", "wind", "wind"]}, "datasets": {"gldas": {"series_norm": {"months": [1, 2, 3, 4, 5, 6, 7, 8, 9, 10, 11, 12], "demand": [1.0, 1.0, 1.0, 1.0, 1.0, 1.0, 1.0, 1.0, 1.0, 1.0, 1.0, 1.0], "solar_supply": [0.106898, 0.431179, 1.191142, 2.165428, 3.040456, 3.401902, 3.286109, 2.309287, 1.243645, 0.481435, 0.145378, 0.045958], "wind_supply": [1.528155, 1.479255, 1.393708, 1.158669, 1.192765, 1.03548, 0.85366, 0.925316, 1.220228, 1.458085, 1.542729, 1.53255], "mix_supply": [1.345479, 1.329641, 1.317934, 1.193274, 1.295769, 1.188219, 1.019574, 1.00112, 1.17056, 1.315298, 1.361422, 1.344262], "mix_storage": [0.070076, 0.06883, 0.06897, 0.069904, 0.07108, 0.073891, 0.068868, 0.056653, 0.051342, 0.059808, 0.066882, 0.068812], "mix_s_tot": 0.08059}}, "nldas": null}, "pdf": "figures/586.pdf"}