{"id": 587, "name": "Krasnoyarsk", "country": "Russia", "level": "admin1", "continent": "Europe", "metrics": {"solar_cf": 0.1042, "wind_cf": 0.2432, "solar_f_adj": 1.4204, "wind_f_adj": 1.3327, "mix_alpha": 0.0, "mix_f_adj": 1.3327, "solar_s_tot_pct": 44.1479, "wind_s_tot_pct": 10.0444, "mix_s_tot_pct": 10.0444, "solar_s_seasonal_pct": 43.2906, "solar_s_diurnal_pct": 0.8573, "wind_s_seasonal_pct": 9.9603, "wind_s_diurnal_pct": 0.084, "solar_flaute_days": 78.875, "wind_flaute_days": 10.375, "solar_gap30d_max": 0.9584, "wind_gap30d_max": 0.6243, "solar_trend_pct_decade": 2.3407, "wind_trend_pct_decade": -3.9298}, "colocation": {"k": [0, 17, 35, 50], "storage_pct_cons": [10.0444, 9.1826, 8.4527, 7.4666], "pick": ["base", "solar", "solar", "solar"]}, "datasets": {"gldas": {"series_norm": {"months": [1, 2, 3, 4, 5, 6, 7, 8, 9, 10, 11, 12], "demand": [1.0, 1.0, 1.0, 1.0, 1.0, 1.0, 1.0, 1.0, 1.0, 1.0, 1.0, 1.0], "solar_supply": [0.128734, 0.439617, 1.150771, 2.146583, 2.90374, 3.237483, 2.985747, 2.126141, 1.147718, 0.491462, 0.159877, 0.07255], "wind_supply": [1.362706, 1.258181, 1.492662, 1.524613, 1.368322, 1.218342, 1.128177, 1.094101, 1.389809, 1.461022, 1.345525, 1.347658], "mix_supply": [1.362706, 1.258181, 1.492662, 1.524613, 1.368322, 1.218342, 1.128177, 1.094101, 1.389809, 1.461022, 1.345525, 1.347658], "mix_storage": [0.083381, 0.080182, 0.080547, 0.089606, 0.093685, 0.093708, 0.088443, 0.080823, 0.080364, 0.088074, 0.089482, 0.085662], "mix_s_tot": 0.100444}}, "nldas": null}, "pdf": "figures/587.pdf"}