{"id": 588, "name": "Kommuneqarfik Sermersooq", "country": "Greenland", "level": "admin1", "continent": "North America", "metrics": {"solar_cf": 0.1276, "wind_cf": 0.5355, "solar_f_adj": 1.3465, "wind_f_adj": 1.208, "mix_alpha": 0.25, "mix_f_adj": 1.1559, "solar_s_tot_pct": 49.1393, "wind_s_tot_pct": 23.7369, "mix_s_tot_pct": 10.646, "solar_s_seasonal_pct": 48.2288, "solar_s_diurnal_pct": 0.9105, "wind_s_seasonal_pct": 23.2736, "wind_s_diurnal_pct": 0.4633, "solar_flaute_days": 101.875, "wind_flaute_days": 7.75, "solar_gap30d_max": 0.9928, "wind_gap30d_max": 0.6374, "solar_trend_pct_decade": 1.6688, "wind_trend_pct_decade": -1.2644}, "colocation": {"k": [0, 17, 35, 50], "storage_pct_cons": [10.646, 2.4789, 1.3873, 1.3873], "pick": ["base", "wind", "wind", "wind"]}, "datasets": {"gldas": {"series_norm": {"months": [1, 2, 3, 4, 5, 6, 7, 8, 9, 10, 11, 12], "demand": [1.0, 1.0, 1.0, 1.0, 1.0, 1.0, 1.0, 1.0, 1.0, 1.0, 1.0, 1.0], "solar_supply": [0.038947, 0.262048, 0.879409, 1.888125, 2.876653, 3.327408, 3.01026, 2.164178, 1.15326, 0.412176, 0.070895, 0.01169], "wind_supply": [1.544414, 1.537256, 1.352933, 1.252085, 1.020956, 0.833896, 0.74641, 0.836186, 1.144854, 1.304975, 1.447615, 1.498251], "mix_supply": [1.116777, 1.159522, 1.159735, 1.303851, 1.350132, 1.312622, 1.181767, 1.064609, 1.069173, 1.025036, 1.054162, 1.077796], "mix_storage": [0.080277, 0.082085, 0.083711, 0.087585, 0.095222, 0.099515, 0.099786, 0.096158, 0.092028, 0.08711, 0.080727, 0.079284], "mix_s_tot": 0.10646}}, "nldas": null}, "pdf": "figures/588.pdf"}