{"id": 589, "name": "Nationalparken", "country": "Greenland", "level": "admin1", "continent": "North America", "metrics": {"solar_cf": 0.1079, "wind_cf": 0.5029, "solar_f_adj": 1.3404, "wind_f_adj": 1.2382, "mix_alpha": 0.15, "mix_f_adj": 1.1877, "solar_s_tot_pct": 59.9867, "wind_s_tot_pct": 17.9404, "mix_s_tot_pct": 7.1528, "solar_s_seasonal_pct": 59.1007, "solar_s_diurnal_pct": 0.8859, "wind_s_seasonal_pct": 17.4933, "wind_s_diurnal_pct": 0.4471, "solar_flaute_days": 147.875, "wind_flaute_days": 9.375, "solar_gap30d_max": 1.0, "wind_gap30d_max": 0.5826, "solar_trend_pct_decade": -0.1897, "wind_trend_pct_decade": -3.8363}, "colocation": {"k": [0, 17, 35, 50], "storage_pct_cons": [7.1528, 1.4853, 1.4853, 1.4853], "pick": ["base", "wind", "wind", "wind"]}, "datasets": {"gldas": {"series_norm": {"months": [1, 2, 3, 4, 5, 6, 7, 8, 9, 10, 11, 12], "demand": [1.0, 1.0, 1.0, 1.0, 1.0, 1.0, 1.0, 1.0, 1.0, 1.0, 1.0, 1.0], "solar_supply": [1.8e-05, 0.04373, 0.513142, 1.736686, 3.273037, 3.932176, 3.440285, 2.125983, 0.819866, 0.119861, 0.000999, 0.0], "wind_supply": [1.492962, 1.507063, 1.361478, 1.25314, 0.978189, 0.892886, 0.880232, 0.986662, 1.158006, 1.373103, 1.49605, 1.497466], "mix_supply": [1.217256, 1.234562, 1.178252, 1.252544, 1.232565, 1.250623, 1.174928, 1.087018, 1.053123, 1.13546, 1.219903, 1.220926], "mix_storage": [0.06617, 0.066586, 0.066373, 0.065583, 0.066666, 0.067882, 0.06762, 0.06441, 0.059819, 0.059618, 0.061751, 0.06453], "mix_s_tot": 0.071528}}, "nldas": null}, "pdf": "figures/589.pdf"}