{"id": 59, "name": "Kyrgyzstan", "country": "Kyrgyzstan", "level": "admin0", "continent": "Asia", "metrics": {"solar_cf": 0.1793, "wind_cf": 0.1428, "solar_f_adj": 1.3007, "wind_f_adj": 4.9217, "mix_alpha": 0.0, "mix_f_adj": 4.9217, "solar_s_tot_pct": 22.0174, "wind_s_tot_pct": 11.4465, "mix_s_tot_pct": 11.4465, "solar_s_seasonal_pct": 20.8641, "solar_s_diurnal_pct": 1.1533, "wind_s_seasonal_pct": 10.915, "wind_s_diurnal_pct": 0.5315, "solar_flaute_days": 0.875, "wind_flaute_days": 13.25, "solar_gap30d_max": 0.7292, "wind_gap30d_max": 0.9004, "solar_trend_pct_decade": 1.1727, "wind_trend_pct_decade": -62.0194}, "colocation": {"k": [0, 17, 35, 50], "storage_pct_cons": [11.4465, 7.3616, 4.3727, 3.2499], "pick": ["base", "solar", "solar", "solar"]}, "datasets": {"gldas": {"series_norm": {"months": [1, 2, 3, 4, 5, 6, 7, 8, 9, 10, 11, 12], "demand": [1.0, 1.0, 1.0, 1.0, 1.0, 1.0, 1.0, 1.0, 1.0, 1.0, 1.0, 1.0], "solar_supply": [0.630033, 0.877117, 1.233145, 1.561534, 1.803331, 1.973553, 1.985226, 1.812379, 1.468442, 1.012268, 0.690362, 0.539159], "wind_supply": [6.170519, 6.083155, 5.685415, 4.86572, 4.314029, 4.093267, 4.065517, 3.856569, 4.315426, 4.393163, 5.145317, 6.134915], "mix_supply": [6.170519, 6.083155, 5.685415, 4.86572, 4.314029, 4.093267, 4.065517, 3.856569, 4.315426, 4.393163, 5.145317, 6.134915], "mix_storage": [0.106914, 0.109779, 0.109891, 0.108865, 0.10846, 0.110198, 0.113247, 0.112793, 0.111212, 0.108819, 0.106888, 0.106807], "mix_s_tot": 0.114465}}, "nldas": null}, "pdf": "figures/59.pdf"}