{"id": 590, "name": "Qaasuitsup Kommunia", "country": "Greenland", "level": "admin1", "continent": "North America", "metrics": {"solar_cf": 0.1092, "wind_cf": 0.5727, "solar_f_adj": 1.3358, "wind_f_adj": 1.2641, "mix_alpha": 0.15, "mix_f_adj": 1.2097, "solar_s_tot_pct": 57.2652, "wind_s_tot_pct": 17.7355, "mix_s_tot_pct": 6.5949, "solar_s_seasonal_pct": 56.294, "solar_s_diurnal_pct": 0.9712, "wind_s_seasonal_pct": 14.7285, "wind_s_diurnal_pct": 3.0069, "solar_flaute_days": 137.75, "wind_flaute_days": 5.625, "solar_gap30d_max": 1.0, "wind_gap30d_max": 0.5993, "solar_trend_pct_decade": 1.2089, "wind_trend_pct_decade": 0.4812}, "colocation": {"k": [0, 17, 35, 50], "storage_pct_cons": [6.5949, 1.4974, 1.4974, 1.4974], "pick": ["base", "wind", "wind", "wind"]}, "datasets": {"gldas": {"series_norm": {"months": [1, 2, 3, 4, 5, 6, 7, 8, 9, 10, 11, 12], "demand": [1.0, 1.0, 1.0, 1.0, 1.0, 1.0, 1.0, 1.0, 1.0, 1.0, 1.0, 1.0], "solar_supply": [0.001937, 0.084479, 0.617528, 1.805554, 3.169784, 3.741296, 3.307066, 2.117, 0.919797, 0.182851, 0.007327, 0.0], "wind_supply": [1.556883, 1.550764, 1.323022, 1.257902, 1.050297, 0.983342, 0.974883, 1.035632, 1.151776, 1.341499, 1.449066, 1.512985], "mix_supply": [1.266603, 1.272838, 1.160006, 1.268417, 1.284869, 1.308042, 1.242176, 1.129933, 1.061776, 1.115989, 1.179639, 1.230634], "mix_storage": [0.060525, 0.061379, 0.06026, 0.059733, 0.061647, 0.062018, 0.061911, 0.059756, 0.055492, 0.054294, 0.054728, 0.058487], "mix_s_tot": 0.065949}}, "nldas": null}, "pdf": "figures/590.pdf"}