{"id": 591, "name": "Pituffik", "country": "Greenland", "level": "admin1", "continent": "North America", "metrics": {"solar_cf": 0.0837, "wind_cf": 0.3097, "solar_f_adj": 1.4427, "wind_f_adj": 1.6616, "mix_alpha": 0.05, "mix_f_adj": 1.6037, "solar_s_tot_pct": 60.3165, "wind_s_tot_pct": 23.5594, "mix_s_tot_pct": 20.976, "solar_s_seasonal_pct": 59.3144, "solar_s_diurnal_pct": 1.0021, "wind_s_seasonal_pct": 22.6796, "wind_s_diurnal_pct": 0.8797, "solar_flaute_days": 144.875, "wind_flaute_days": 16.125, "solar_gap30d_max": 1.0, "wind_gap30d_max": 0.8604, "solar_trend_pct_decade": 5.3232, "wind_trend_pct_decade": -14.099}, "colocation": {"k": [0, 17, 35, 50], "storage_pct_cons": [20.976, 17.78, 17.78, 17.78], "pick": ["base", "wind", "wind", "wind"]}, "datasets": {"gldas": {"series_norm": {"months": [1, 2, 3, 4, 5, 6, 7, 8, 9, 10, 11, 12], "demand": [1.0, 1.0, 1.0, 1.0, 1.0, 1.0, 1.0, 1.0, 1.0, 1.0, 1.0, 1.0], "solar_supply": [0.0, 0.031306, 0.582873, 1.907968, 3.465473, 4.224781, 3.683501, 2.279559, 0.937152, 0.116364, 0.0, 0.0], "wind_supply": [1.619627, 1.572133, 1.47566, 1.537125, 1.373339, 1.503977, 1.745937, 1.855989, 1.597592, 2.099415, 1.894605, 1.65262], "mix_supply": [1.485038, 1.44323, 1.385431, 1.515437, 1.451828, 1.613814, 1.805582, 1.828458, 1.516921, 1.931423, 1.737166, 1.515289], "mix_storage": [0.182833, 0.176203, 0.16685, 0.163776, 0.164824, 0.167784, 0.176945, 0.185184, 0.184823, 0.189621, 0.190135, 0.187451], "mix_s_tot": 0.20976}}, "nldas": null}, "pdf": "figures/591.pdf"}