{"id": 592, "name": "Qeqqata Kommunia", "country": "Greenland", "level": "admin1", "continent": "North America", "metrics": {"solar_cf": 0.1179, "wind_cf": 0.4483, "solar_f_adj": 1.3773, "wind_f_adj": 1.2903, "mix_alpha": 0.15, "mix_f_adj": 1.2303, "solar_s_tot_pct": 48.7543, "wind_s_tot_pct": 14.0966, "mix_s_tot_pct": 6.3498, "solar_s_seasonal_pct": 47.8874, "solar_s_diurnal_pct": 0.8669, "wind_s_seasonal_pct": 13.9366, "wind_s_diurnal_pct": 0.16, "solar_flaute_days": 101.75, "wind_flaute_days": 9.0, "solar_gap30d_max": 0.9996, "wind_gap30d_max": 0.7004, "solar_trend_pct_decade": 2.3141, "wind_trend_pct_decade": -2.2587}, "colocation": {"k": [0, 17, 35, 50], "storage_pct_cons": [6.3498, 3.4006, 3.4006, 3.3039], "pick": ["base", "wind", "wind", "solar"]}, "datasets": {"gldas": {"series_norm": {"months": [1, 2, 3, 4, 5, 6, 7, 8, 9, 10, 11, 12], "demand": [1.0, 1.0, 1.0, 1.0, 1.0, 1.0, 1.0, 1.0, 1.0, 1.0, 1.0, 1.0], "solar_supply": [0.038315, 0.296269, 0.957068, 1.976746, 2.933754, 3.298523, 3.01519, 2.197101, 1.216561, 0.455174, 0.078638, 0.002747], "wind_supply": [1.627016, 1.611995, 1.374039, 1.355448, 1.165799, 0.967166, 0.877035, 0.906104, 1.208116, 1.32718, 1.529519, 1.559659], "mix_supply": [1.323811, 1.3462, 1.24188, 1.36344, 1.337961, 1.225847, 1.114833, 1.028777, 1.142171, 1.136653, 1.250195, 1.264454], "mix_storage": [0.054687, 0.057244, 0.05751, 0.058805, 0.060471, 0.059492, 0.056972, 0.049435, 0.046476, 0.045394, 0.047279, 0.051718], "mix_s_tot": 0.063498}}, "nldas": null}, "pdf": "figures/592.pdf"}