{"id": 593, "name": "Kommune Kujalleq", "country": "Greenland", "level": "admin1", "continent": "North America", "metrics": {"solar_cf": 0.1151, "wind_cf": 0.4791, "solar_f_adj": 1.3925, "wind_f_adj": 1.3297, "mix_alpha": 0.35, "mix_f_adj": 1.2318, "solar_s_tot_pct": 41.5826, "wind_s_tot_pct": 21.3754, "mix_s_tot_pct": 9.3548, "solar_s_seasonal_pct": 40.6393, "solar_s_diurnal_pct": 0.9433, "wind_s_seasonal_pct": 21.3225, "wind_s_diurnal_pct": 0.0528, "solar_flaute_days": 65.875, "wind_flaute_days": 21.25, "solar_gap30d_max": 0.9495, "wind_gap30d_max": 0.9051, "solar_trend_pct_decade": 4.7914, "wind_trend_pct_decade": -8.9919}, "colocation": {"k": [0, 17, 35, 50], "storage_pct_cons": [9.3548, 3.4093, 1.7524, 1.7524], "pick": ["base", "wind", "wind", "wind"]}, "datasets": {"gldas": {"series_norm": {"months": [1, 2, 3, 4, 5, 6, 7, 8, 9, 10, 11, 12], "demand": [1.0, 1.0, 1.0, 1.0, 1.0, 1.0, 1.0, 1.0, 1.0, 1.0, 1.0, 1.0], "solar_supply": [0.152738, 0.447847, 1.096475, 1.958196, 2.698678, 2.984949, 2.812468, 2.227302, 1.351506, 0.635466, 0.207699, 0.082181], "wind_supply": [1.765119, 1.759638, 1.617274, 1.385254, 1.150133, 0.913824, 0.749774, 0.789922, 1.196131, 1.347557, 1.604087, 1.708894], "mix_supply": [1.110168, 1.19824, 1.313347, 1.440445, 1.528138, 1.47448, 1.322292, 1.165285, 1.138717, 1.008195, 1.030219, 1.054465], "mix_storage": [0.052524, 0.053424, 0.060229, 0.072836, 0.084713, 0.090542, 0.091675, 0.08862, 0.084006, 0.076013, 0.063595, 0.056804], "mix_s_tot": 0.093548}}, "nldas": null}, "pdf": "figures/593.pdf"}