{"id": 594, "name": "Lakshadweep", "country": "India", "level": "admin1", "continent": "Asia", "metrics": {"solar_cf": 0.2339, "wind_cf": 0.0934, "solar_f_adj": 1.3147, "wind_f_adj": 1.8796, "mix_alpha": 0.65, "mix_f_adj": 1.3613, "solar_s_tot_pct": 11.9188, "wind_s_tot_pct": 32.3482, "mix_s_tot_pct": 9.6989, "solar_s_seasonal_pct": 11.7405, "solar_s_diurnal_pct": 0.1784, "wind_s_seasonal_pct": 30.5123, "wind_s_diurnal_pct": 1.8359, "solar_flaute_days": 2.875, "wind_flaute_days": 5.875, "solar_gap30d_max": 0.6572, "wind_gap30d_max": 0.9097, "solar_trend_pct_decade": 0.9006, "wind_trend_pct_decade": 6.6765}, "colocation": {"k": [0, 17, 35, 50], "storage_pct_cons": [9.6989, 2.5923, 1.0438, 1.0438], "pick": ["base", "solar", "solar", "solar"]}, "datasets": {"gldas": {"series_norm": {"months": [1, 2, 3, 4, 5, 6, 7, 8, 9, 10, 11, 12], "demand": [1.0, 1.0, 1.0, 1.0, 1.0, 1.0, 1.0, 1.0, 1.0, 1.0, 1.0, 1.0], "solar_supply": [1.374951, 1.525231, 1.61879, 1.594079, 1.359424, 1.074275, 1.101227, 1.167481, 1.246484, 1.222305, 1.228398, 1.278937], "wind_supply": [1.727505, 2.110671, 2.391842, 2.053167, 2.332704, 2.188812, 2.72606, 2.13942, 1.479397, 1.112781, 0.978145, 1.30848], "mix_supply": [1.363251, 1.561517, 1.695755, 1.593276, 1.506208, 1.277825, 1.432146, 1.328034, 1.2139, 1.104696, 1.074669, 1.192417], "mix_storage": [0.055855, 0.065907, 0.079089, 0.087725, 0.089417, 0.086667, 0.085691, 0.084988, 0.081382, 0.074365, 0.062659, 0.054524], "mix_s_tot": 0.096989}}, "nldas": null}, "pdf": "figures/594.pdf"}