{"id": 595, "name": "Andaman and Nicobar", "country": "India", "level": "admin1", "continent": "Asia", "metrics": {"solar_cf": 0.2211, "wind_cf": 0.4666, "solar_f_adj": 1.3427, "wind_f_adj": 1.8287, "mix_alpha": 0.85, "mix_f_adj": 1.3442, "solar_s_tot_pct": 11.6136, "wind_s_tot_pct": 26.9422, "mix_s_tot_pct": 7.3668, "solar_s_seasonal_pct": 11.0151, "solar_s_diurnal_pct": 0.5985, "wind_s_seasonal_pct": 26.581, "wind_s_diurnal_pct": 0.3612, "solar_flaute_days": 0.875, "wind_flaute_days": 24.625, "solar_gap30d_max": 0.6052, "wind_gap30d_max": 0.9288, "solar_trend_pct_decade": -2.257, "wind_trend_pct_decade": -25.1478}, "colocation": {"k": [0, 17, 35, 50], "storage_pct_cons": [7.3668, 1.3824, 0.8418, 0.6699], "pick": ["base", "wind", "wind", "wind"]}, "datasets": {"gldas": {"series_norm": {"months": [1, 2, 3, 4, 5, 6, 7, 8, 9, 10, 11, 12], "demand": [1.0, 1.0, 1.0, 1.0, 1.0, 1.0, 1.0, 1.0, 1.0, 1.0, 1.0, 1.0], "solar_supply": [1.371696, 1.583227, 1.666362, 1.643125, 1.329517, 1.20882, 1.228404, 1.226237, 1.17863, 1.241369, 1.219566, 1.232708], "wind_supply": [1.880624, 1.443714, 0.825238, 0.52907, 1.836726, 2.827611, 2.879803, 2.759992, 2.229458, 1.269745, 1.489194, 1.931514], "mix_supply": [1.37458, 1.506409, 1.508962, 1.456534, 1.333849, 1.340393, 1.362813, 1.347759, 1.248754, 1.196327, 1.20197, 1.261921], "mix_storage": [0.059102, 0.062181, 0.066605, 0.069324, 0.069224, 0.069258, 0.069717, 0.069946, 0.067774, 0.063325, 0.058712, 0.055957], "mix_s_tot": 0.073668}}, "nldas": null}, "pdf": "figures/595.pdf"}