{"id": 596, "name": "Kalmyk", "country": "Russia", "level": "admin1", "continent": "Europe", "metrics": {"solar_cf": 0.1524, "wind_cf": 0.4288, "solar_f_adj": 1.306, "wind_f_adj": 1.4531, "mix_alpha": 0.15, "mix_f_adj": 1.3773, "solar_s_tot_pct": 31.1477, "wind_s_tot_pct": 14.5458, "mix_s_tot_pct": 7.2442, "solar_s_seasonal_pct": 30.8479, "solar_s_diurnal_pct": 0.2998, "wind_s_seasonal_pct": 14.1641, "wind_s_diurnal_pct": 0.3817, "solar_flaute_days": 2.75, "wind_flaute_days": 6.25, "solar_gap30d_max": 0.8085, "wind_gap30d_max": 0.6964, "solar_trend_pct_decade": 0.8826, "wind_trend_pct_decade": 16.9716}, "colocation": {"k": [0, 17, 35, 50], "storage_pct_cons": [7.2442, 3.8555, 3.0066, 2.3468], "pick": ["base", "wind", "solar", "solar"]}, "datasets": {"gldas": {"series_norm": {"months": [1, 2, 3, 4, 5, 6, 7, 8, 9, 10, 11, 12], "demand": [1.0, 1.0, 1.0, 1.0, 1.0, 1.0, 1.0, 1.0, 1.0, 1.0, 1.0, 1.0], "solar_supply": [0.436993, 0.69372, 1.121296, 1.642426, 2.03605, 2.240851, 2.252476, 2.02805, 1.475939, 0.897279, 0.468406, 0.343168], "wind_supply": [1.632691, 1.655451, 1.638636, 1.468439, 1.324337, 1.281554, 1.175606, 1.228162, 1.394301, 1.435915, 1.50884, 1.706421], "mix_supply": [1.384484, 1.443432, 1.497523, 1.442844, 1.389017, 1.386947, 1.303431, 1.31027, 1.356779, 1.298767, 1.289674, 1.429042], "mix_storage": [0.059222, 0.064391, 0.067652, 0.068257, 0.066831, 0.066925, 0.064313, 0.06029, 0.057073, 0.056668, 0.054557, 0.057008], "mix_s_tot": 0.072442}}, "nldas": null}, "pdf": "figures/596.pdf"}