{"id": 597, "name": "Mazandaran", "country": "Iran", "level": "admin1", "continent": "Asia", "metrics": {"solar_cf": 0.1762, "wind_cf": 0.121, "solar_f_adj": 1.2972, "wind_f_adj": 2.8212, "mix_alpha": 0.55, "mix_f_adj": 1.5904, "solar_s_tot_pct": 23.5037, "wind_s_tot_pct": 20.2148, "mix_s_tot_pct": 14.2995, "solar_s_seasonal_pct": 22.8026, "solar_s_diurnal_pct": 0.7011, "wind_s_seasonal_pct": 19.8215, "wind_s_diurnal_pct": 0.3933, "solar_flaute_days": 2.75, "wind_flaute_days": 10.875, "solar_gap30d_max": 0.7264, "wind_gap30d_max": 0.9108, "solar_trend_pct_decade": 2.1246, "wind_trend_pct_decade": -50.0674}, "colocation": {"k": [0, 17, 35, 50], "storage_pct_cons": [14.2995, 10.5664, 7.1415, 5.9177], "pick": ["base", "solar", "solar", "solar"]}, "datasets": {"gldas": {"series_norm": {"months": [1, 2, 3, 4, 5, 6, 7, 8, 9, 10, 11, 12], "demand": [1.0, 1.0, 1.0, 1.0, 1.0, 1.0, 1.0, 1.0, 1.0, 1.0, 1.0, 1.0], "solar_supply": [0.690182, 0.911218, 1.190312, 1.460866, 1.75101, 1.974294, 1.894981, 1.779756, 1.479448, 1.076966, 0.734681, 0.60256], "wind_supply": [3.344593, 3.503309, 3.183356, 2.733497, 2.549534, 2.990337, 2.897663, 2.709056, 2.313824, 2.173344, 2.443292, 3.046949], "mix_supply": [1.313876, 1.503193, 1.610232, 1.678557, 1.827545, 2.089938, 2.012944, 1.887398, 1.584625, 1.277577, 1.115242, 1.179283], "mix_storage": [0.097321, 0.096093, 0.097711, 0.106229, 0.116658, 0.12937, 0.139188, 0.141936, 0.14183, 0.136622, 0.119868, 0.104087], "mix_s_tot": 0.142995}}, "nldas": null}, "pdf": "figures/597.pdf"}