{"id": 598, "name": "Tasmania", "country": "Australia", "level": "admin1", "continent": "Oceania", "metrics": {"solar_cf": 0.1586, "wind_cf": 0.2909, "solar_f_adj": 1.32, "wind_f_adj": 2.6946, "mix_alpha": 0.0, "mix_f_adj": 2.6946, "solar_s_tot_pct": 28.2151, "wind_s_tot_pct": 12.5494, "mix_s_tot_pct": 12.5494, "solar_s_seasonal_pct": 27.1212, "solar_s_diurnal_pct": 1.0939, "wind_s_seasonal_pct": 12.4081, "wind_s_diurnal_pct": 0.1413, "solar_flaute_days": 1.75, "wind_flaute_days": 12.75, "solar_gap30d_max": 0.7567, "wind_gap30d_max": 0.881, "solar_trend_pct_decade": 2.0788, "wind_trend_pct_decade": -42.51}, "colocation": {"k": [0, 17, 35, 50], "storage_pct_cons": [12.5494, 8.9483, 6.2692, 5.4631], "pick": ["base", "solar", "solar", "solar"]}, "datasets": {"gldas": {"series_norm": {"months": [1, 2, 3, 4, 5, 6, 7, 8, 9, 10, 11, 12], "demand": [1.0, 1.0, 1.0, 1.0, 1.0, 1.0, 1.0, 1.0, 1.0, 1.0, 1.0, 1.0], "solar_supply": [2.159196, 1.892101, 1.422432, 0.961221, 0.626485, 0.485446, 0.554387, 0.807547, 1.195191, 1.64413, 1.970402, 2.150859], "wind_supply": [2.548108, 2.219535, 2.202629, 2.276826, 2.711604, 2.643623, 2.885294, 3.135903, 3.379276, 2.983787, 2.522428, 2.785441], "mix_supply": [2.548108, 2.219535, 2.202629, 2.276826, 2.711604, 2.643623, 2.885294, 3.135903, 3.379276, 2.983787, 2.522428, 2.785441], "mix_storage": [0.119101, 0.11832, 0.116895, 0.113124, 0.111277, 0.113132, 0.110112, 0.114246, 0.122274, 0.121293, 0.121153, 0.121072], "mix_s_tot": 0.125494}}, "nldas": null}, "pdf": "figures/598.pdf"}