{"id": 599, "name": "Bali", "country": "Indonesia", "level": "admin1", "continent": "Asia", "metrics": {"solar_cf": 0.2206, "wind_cf": 0.109, "solar_f_adj": 1.3407, "wind_f_adj": 3.5313, "mix_alpha": 0.95, "mix_f_adj": 1.3519, "solar_s_tot_pct": 7.7152, "wind_s_tot_pct": 56.7549, "mix_s_tot_pct": 7.6607, "solar_s_seasonal_pct": 7.1922, "solar_s_diurnal_pct": 0.523, "wind_s_seasonal_pct": 54.8489, "wind_s_diurnal_pct": 1.906, "solar_flaute_days": 1.75, "wind_flaute_days": 32.0, "solar_gap30d_max": 0.6113, "wind_gap30d_max": 0.9922, "solar_trend_pct_decade": -0.8336, "wind_trend_pct_decade": -40.8211}, "colocation": {"k": [0, 17, 35, 50], "storage_pct_cons": [7.6607, 1.8174, 0.9685, 0.5635], "pick": ["base", "wind", "wind", "wind"]}, "datasets": {"gldas": {"series_norm": {"months": [1, 2, 3, 4, 5, 6, 7, 8, 9, 10, 11, 12], "demand": [1.0, 1.0, 1.0, 1.0, 1.0, 1.0, 1.0, 1.0, 1.0, 1.0, 1.0, 1.0], "solar_supply": [1.237769, 1.286871, 1.334565, 1.335865, 1.277662, 1.198472, 1.247459, 1.396392, 1.532592, 1.578565, 1.420471, 1.240637], "wind_supply": [2.800536, 3.091406, 1.803798, 1.744985, 3.496262, 4.995227, 6.131853, 5.991809, 5.174814, 3.177819, 1.745297, 2.167189], "mix_supply": [1.239359, 1.291965, 1.313008, 1.313127, 1.290893, 1.243724, 1.312409, 1.452403, 1.56724, 1.573055, 1.394183, 1.229983], "mix_storage": [0.063203, 0.06067, 0.060896, 0.061166, 0.062392, 0.060634, 0.059687, 0.063436, 0.069514, 0.072209, 0.072229, 0.067826], "mix_s_tot": 0.076607}}, "nldas": null}, "pdf": "figures/599.pdf"}