{"id": 6, "name": "Israel", "country": "Israel", "level": "admin0", "continent": "Asia", "metrics": {"solar_cf": 0.2321, "wind_cf": 0.2223, "solar_f_adj": 1.2447, "wind_f_adj": 1.6986, "mix_alpha": 0.8, "mix_f_adj": 1.2797, "solar_s_tot_pct": 19.3248, "wind_s_tot_pct": 21.9324, "mix_s_tot_pct": 15.103, "solar_s_seasonal_pct": 18.3508, "solar_s_diurnal_pct": 0.974, "wind_s_seasonal_pct": 21.832, "wind_s_diurnal_pct": 0.1004, "solar_flaute_days": 0.875, "wind_flaute_days": 6.625, "solar_gap30d_max": 0.6794, "wind_gap30d_max": 0.7959, "solar_trend_pct_decade": 1.5589, "wind_trend_pct_decade": 2.7445}, "colocation": {"k": [0, 17, 35, 50], "storage_pct_cons": [15.103, 9.5818, 4.5928, 2.3052], "pick": ["base", "wind", "wind", "wind"]}, "datasets": {"gldas": {"series_norm": {"months": [1, 2, 3, 4, 5, 6, 7, 8, 9, 10, 11, 12], "demand": [1.0, 1.0, 1.0, 1.0, 1.0, 1.0, 1.0, 1.0, 1.0, 1.0, 1.0, 1.0], "solar_supply": [0.706804, 0.890569, 1.17983, 1.442677, 1.657486, 1.771609, 1.737729, 1.600878, 1.396192, 1.071364, 0.802714, 0.661021], "wind_supply": [1.782836, 1.883745, 1.988053, 1.904598, 1.932951, 1.848204, 1.754906, 1.656674, 1.595257, 1.276016, 1.293654, 1.477322], "mix_supply": [0.849999, 1.016353, 1.269992, 1.473611, 1.654567, 1.735664, 1.693739, 1.566376, 1.388764, 1.073485, 0.855174, 0.766306], "mix_storage": [0.054798, 0.034962, 0.031805, 0.04649, 0.075003, 0.107773, 0.129373, 0.140712, 0.145199, 0.140205, 0.118066, 0.084633], "mix_s_tot": 0.15103}}, "nldas": null}, "pdf": "figures/6.pdf"}