{"id": 60, "name": "Armenia", "country": "Armenia", "level": "admin0", "continent": "Asia", "metrics": {"solar_cf": 0.1768, "wind_cf": 0.0498, "solar_f_adj": 1.287, "wind_f_adj": 2.7093, "mix_alpha": 0.9, "mix_f_adj": 1.3115, "solar_s_tot_pct": 23.8304, "wind_s_tot_pct": 29.6571, "mix_s_tot_pct": 21.4598, "solar_s_seasonal_pct": 22.8656, "solar_s_diurnal_pct": 0.9648, "wind_s_seasonal_pct": 27.6283, "wind_s_diurnal_pct": 2.0288, "solar_flaute_days": 1.75, "wind_flaute_days": 16.25, "solar_gap30d_max": 0.7316, "wind_gap30d_max": 0.9814, "solar_trend_pct_decade": 0.5695, "wind_trend_pct_decade": 11.701}, "colocation": {"k": [0, 17, 35, 50], "storage_pct_cons": [21.4598, 15.7941, 10.2577, 8.3464], "pick": ["base", "wind", "wind", "wind"]}, "datasets": {"gldas": {"series_norm": {"months": [1, 2, 3, 4, 5, 6, 7, 8, 9, 10, 11, 12], "demand": [1.0, 1.0, 1.0, 1.0, 1.0, 1.0, 1.0, 1.0, 1.0, 1.0, 1.0, 1.0], "solar_supply": [0.604391, 0.853675, 1.120764, 1.405589, 1.751331, 2.073926, 2.074025, 1.865785, 1.482001, 0.993095, 0.681354, 0.515547], "wind_supply": [3.181643, 3.218734, 3.439768, 2.932955, 2.27642, 2.151398, 3.094845, 3.148957, 2.086221, 2.048357, 2.086292, 2.839854], "mix_supply": [0.708328, 0.93875, 1.194407, 1.431097, 1.716406, 2.006217, 2.05198, 1.863615, 1.460187, 1.009961, 0.725889, 0.6103], "mix_storage": [0.073659, 0.043185, 0.033366, 0.043099, 0.07007, 0.119168, 0.170771, 0.199379, 0.206952, 0.198167, 0.164783, 0.116262], "mix_s_tot": 0.214598}}, "nldas": null}, "pdf": "figures/60.pdf"}