{"id": 600, "name": "Hawaii", "country": "United States of America", "level": "admin1", "continent": "North America", "metrics": {"solar_cf": 0.2631, "wind_cf": 0.288, "solar_f_adj": 1.3812, "wind_f_adj": 1.8113, "mix_alpha": 0.9, "mix_f_adj": 1.3898, "solar_s_tot_pct": 8.6976, "wind_s_tot_pct": 27.8231, "mix_s_tot_pct": 7.5903, "solar_s_seasonal_pct": 6.8575, "solar_s_diurnal_pct": 1.8401, "wind_s_seasonal_pct": 27.337, "wind_s_diurnal_pct": 0.4861, "solar_flaute_days": 1.75, "wind_flaute_days": 19.5, "solar_gap30d_max": 0.6309, "wind_gap30d_max": 0.8802, "solar_trend_pct_decade": 3.5729, "wind_trend_pct_decade": -15.8647}, "colocation": {"k": [0, 17, 35, 50], "storage_pct_cons": [7.5903, 3.3793, 1.9852, 1.5339], "pick": ["base", "wind", "wind", "wind"], "usa_feasible": {"1pct": [false, true, true, true], "oilgas2x": [true, true, true, true], "oilgas_all": [true, true, true, true]}}, "datasets": {"gldas": {"series_norm": {"months": [1, 2, 3, 4, 5, 6, 7, 8, 9, 10, 11, 12], "demand": [1.0, 1.0, 1.0, 1.0, 1.0, 1.0, 1.0, 1.0, 1.0, 1.0, 1.0, 1.0], "solar_supply": [1.128438, 1.258796, 1.369193, 1.507424, 1.56944, 1.59972, 1.610771, 1.595955, 1.491052, 1.296854, 1.111521, 1.030691], "wind_supply": [1.655137, 1.816289, 1.841007, 1.985659, 1.72718, 1.96726, 2.103275, 1.996516, 1.639676, 1.577747, 1.716282, 1.712258], "mix_supply": [1.148873, 1.279286, 1.381155, 1.517431, 1.553758, 1.599599, 1.620043, 1.598435, 1.476059, 1.295447, 1.138245, 1.064739], "mix_storage": [0.04811, 0.046093, 0.050826, 0.059338, 0.066232, 0.069942, 0.072511, 0.073408, 0.073829, 0.072627, 0.067792, 0.056652], "mix_s_tot": 0.075903}, "series_real": {"months": [1, 2, 3, 4, 5, 6, 7, 8, 9, 10, 11, 12], "demand_TWh": [0.802372, 0.661332, 0.794224, 0.752113, 0.820947, 0.793994, 0.866889, 0.891805, 0.828911, 0.873942, 0.794645, 0.820873], "supply_TWh_nocap": [0.936533, 0.952274, 1.131258, 1.204217, 1.284854, 1.27389, 1.329093, 1.314117, 1.181449, 1.066433, 0.895481, 0.861849], "supply_TWh_1pct": [0.843317, 0.857491, 1.018661, 1.084357, 1.156968, 1.147096, 1.196805, 1.183319, 1.063855, 0.960287, 0.806351, 0.776067], "supply_TWh_oilgas2x": [0.936533, 0.952274, 1.131258, 1.204217, 1.284854, 1.27389, 1.329093, 1.314117, 1.181449, 1.066433, 0.895481, 0.861849], "supply_TWh_oilgas_all": [0.936533, 0.952274, 1.131258, 1.204217, 1.284854, 1.27389, 1.329093, 1.314117, 1.181449, 1.066433, 0.895481, 0.861849]}, "consumption_TWh": 9.696683}, "nldas": null}, "usa": {"annual_consumption_TWh": 9.696683, "state_land_km2": 16848.049638, "mix_solar_nameplate_GW": 5.53329, "mix_wind_nameplate_GW": 0.266047, "mix_capacity_TWh": 50.802194, "mix_land_km2": 187.10348, "mix_land_pct": 1.110535, "solar_land_pct": 1.148949, "wind_land_pct": 0.41307, "mix_storage_TWh": null, "caps": {"1pct": {"label": "1% of land (NREL)", "cap_pct": 1.0, "feasible": false, "storage_TWh": null, "supply_capped_TWh": 12.087948, "shortfall_TWh": 0.0}, "oilgas2x": {"label": "1.88% (2\u00d7 onshore oil & gas)", "cap_pct": 1.8800000000000001, "feasible": true, "storage_TWh": 0.714636, "supply_capped_TWh": null, "shortfall_TWh": 0.0}, "oilgas_all": {"label": "5% (all onshore oil & gas land)", "cap_pct": 5.0, "feasible": true, "storage_TWh": 0.714636, "supply_capped_TWh": null, "shortfall_TWh": 0.0}}}, "pdf": "figures/600.pdf"}