{"id": 601, "name": "Kamchatka", "country": "Russia", "level": "admin1", "continent": "Europe", "metrics": {"solar_cf": 0.1117, "wind_cf": 0.2038, "solar_f_adj": 1.3956, "wind_f_adj": 2.5289, "mix_alpha": 0.15, "mix_f_adj": 2.0489, "solar_s_tot_pct": 36.6404, "wind_s_tot_pct": 17.4138, "mix_s_tot_pct": 8.3028, "solar_s_seasonal_pct": 35.7696, "solar_s_diurnal_pct": 0.8708, "wind_s_seasonal_pct": 16.7311, "wind_s_diurnal_pct": 0.6827, "solar_flaute_days": 4.875, "wind_flaute_days": 15.0, "solar_gap30d_max": 0.8927, "wind_gap30d_max": 0.8382, "solar_trend_pct_decade": 1.4659, "wind_trend_pct_decade": -23.9087}, "colocation": {"k": [0, 17, 35, 50], "storage_pct_cons": [8.3028, 5.0875, 5.0135, 4.3977], "pick": ["base", "wind", "solar", "solar"]}, "datasets": {"gldas": {"series_norm": {"months": [1, 2, 3, 4, 5, 6, 7, 8, 9, 10, 11, 12], "demand": [1.0, 1.0, 1.0, 1.0, 1.0, 1.0, 1.0, 1.0, 1.0, 1.0, 1.0, 1.0], "solar_supply": [0.264977, 0.630977, 1.311149, 2.150894, 2.637216, 2.721323, 2.576612, 1.917234, 1.32744, 0.68816, 0.30902, 0.173441], "wind_supply": [3.315158, 3.418254, 2.998027, 2.400052, 1.446484, 1.361338, 1.362459, 1.585644, 2.359304, 2.899486, 3.458509, 3.803736], "mix_supply": [2.341387, 2.492987, 2.35338, 2.126507, 1.576917, 1.536802, 1.505706, 1.514195, 1.917102, 2.148322, 2.449807, 2.657695], "mix_storage": [0.078939, 0.077552, 0.076558, 0.074555, 0.073285, 0.075494, 0.0768, 0.073759, 0.075314, 0.078627, 0.079875, 0.080019], "mix_s_tot": 0.083028}}, "nldas": null}, "pdf": "figures/601.pdf"}