{"id": 602, "name": "Macquarie Island", "country": "Australia", "level": "admin1", "continent": "Oceania", "metrics": {"solar_cf": 0.1223, "wind_cf": 0.8957, "solar_f_adj": 1.3264, "wind_f_adj": 1.077, "mix_alpha": 0.1, "mix_f_adj": 1.0707, "solar_s_tot_pct": 31.1553, "wind_s_tot_pct": 4.8125, "mix_s_tot_pct": 4.0885, "solar_s_seasonal_pct": 30.3856, "solar_s_diurnal_pct": 0.7696, "wind_s_seasonal_pct": 4.6336, "wind_s_diurnal_pct": 0.1789, "solar_flaute_days": 3.875, "wind_flaute_days": 3.375, "solar_gap30d_max": 0.8476, "wind_gap30d_max": 0.3566, "solar_trend_pct_decade": 0.2789, "wind_trend_pct_decade": -0.7095}, "colocation": {"k": [0, 17, 35, 50], "storage_pct_cons": [4.0885, 2.3524, 1.927, 1.369], "pick": ["base", "wind", "solar", "solar"]}, "datasets": {"gldas": {"series_norm": {"months": [1, 2, 3, 4, 5, 6, 7, 8, 9, 10, 11, 12], "demand": [1.0, 1.0, 1.0, 1.0, 1.0, 1.0, 1.0, 1.0, 1.0, 1.0, 1.0, 1.0], "solar_supply": [2.311327, 1.976575, 1.387502, 0.845274, 0.459592, 0.327908, 0.393045, 0.706473, 1.207505, 1.741896, 2.19394, 2.400433], "wind_supply": [1.052294, 1.053811, 1.075042, 1.105296, 1.083076, 1.080789, 1.079023, 1.07761, 1.103287, 1.103758, 1.077586, 1.031896], "mix_supply": [1.128149, 1.102484, 1.07393, 1.05723, 1.006215, 0.993539, 0.997217, 1.021253, 1.084672, 1.128232, 1.141303, 1.11709], "mix_storage": [0.036222, 0.036696, 0.037073, 0.03626, 0.034301, 0.030952, 0.026589, 0.023511, 0.024636, 0.029245, 0.03393, 0.035596], "mix_s_tot": 0.040885}}, "nldas": null}, "pdf": "figures/602.pdf"}