{"id": 603, "name": "Lord Howe Island", "country": "Australia", "level": "admin1", "continent": "Oceania", "metrics": {"solar_cf": 0.2073, "wind_cf": 0.1899, "solar_f_adj": 1.2968, "wind_f_adj": 4.2197, "mix_alpha": 1.0, "mix_f_adj": 1.2968, "solar_s_tot_pct": 14.1089, "wind_s_tot_pct": 16.969, "mix_s_tot_pct": 14.1089, "solar_s_seasonal_pct": 12.6403, "solar_s_diurnal_pct": 1.4686, "wind_s_seasonal_pct": 15.785, "wind_s_diurnal_pct": 1.184, "solar_flaute_days": 3.75, "wind_flaute_days": 9.75, "solar_gap30d_max": 0.7091, "wind_gap30d_max": 0.9506, "solar_trend_pct_decade": 3.0198, "wind_trend_pct_decade": -58.5771}, "colocation": {"k": [0, 17, 35, 50], "storage_pct_cons": [14.1089, 9.8351, 5.2969, 2.7437], "pick": ["base", "wind", "wind", "wind"]}, "datasets": {"gldas": {"series_norm": {"months": [1, 2, 3, 4, 5, 6, 7, 8, 9, 10, 11, 12], "demand": [1.0, 1.0, 1.0, 1.0, 1.0, 1.0, 1.0, 1.0, 1.0, 1.0, 1.0, 1.0], "solar_supply": [1.698215, 1.550474, 1.305382, 1.114331, 0.897797, 0.75929, 0.852828, 1.10111, 1.38746, 1.547257, 1.651865, 1.709007], "wind_supply": [4.517587, 4.37746, 4.058214, 3.76383, 3.628979, 3.937953, 3.933723, 4.144545, 4.519427, 4.650918, 4.70212, 4.417557], "mix_supply": [1.698215, 1.550474, 1.305382, 1.114331, 0.897797, 0.75929, 0.852828, 1.10111, 1.38746, 1.547257, 1.651865, 1.709007], "mix_storage": [0.125031, 0.134757, 0.134754, 0.128389, 0.106952, 0.071936, 0.03606, 0.015696, 0.016525, 0.036722, 0.06588, 0.099389], "mix_s_tot": 0.141089}}, "nldas": null}, "pdf": "figures/603.pdf"}