{"id": 604, "name": "Bangka-Belitung", "country": "Indonesia", "level": "admin1", "continent": "Asia", "metrics": {"solar_cf": 0.1986, "wind_cf": 0.102, "solar_f_adj": 1.3855, "wind_f_adj": 6.2375, "mix_alpha": 0.75, "mix_f_adj": 1.5732, "solar_s_tot_pct": 8.9107, "wind_s_tot_pct": 28.0215, "mix_s_tot_pct": 7.6889, "solar_s_seasonal_pct": 7.338, "solar_s_diurnal_pct": 1.5727, "wind_s_seasonal_pct": 25.2518, "wind_s_diurnal_pct": 2.7698, "solar_flaute_days": 0.875, "wind_flaute_days": 22.625, "solar_gap30d_max": 0.6015, "wind_gap30d_max": 0.9794, "solar_trend_pct_decade": -1.687, "wind_trend_pct_decade": -23.296}, "colocation": {"k": [0, 17, 35, 50], "storage_pct_cons": [7.6889, 2.3901, 1.1275, 0.6618], "pick": ["base", "solar", "solar", "wind"]}, "datasets": {"gldas": {"series_norm": {"months": [1, 2, 3, 4, 5, 6, 7, 8, 9, 10, 11, 12], "demand": [1.0, 1.0, 1.0, 1.0, 1.0, 1.0, 1.0, 1.0, 1.0, 1.0, 1.0, 1.0], "solar_supply": [1.254194, 1.41122, 1.442082, 1.419511, 1.410985, 1.352418, 1.443029, 1.547888, 1.53621, 1.418438, 1.251281, 1.141762], "wind_supply": [9.935223, 10.090463, 3.959939, 1.367843, 3.375583, 5.597781, 9.045783, 10.84871, 9.139368, 3.980173, 2.031076, 5.596732], "mix_supply": [1.69452, 1.838031, 1.477757, 1.295093, 1.414429, 1.504673, 1.799247, 2.002227, 1.884501, 1.458897, 1.193649, 1.325213], "mix_storage": [0.066128, 0.071809, 0.073087, 0.071568, 0.069947, 0.070494, 0.07157, 0.074426, 0.075124, 0.073381, 0.06736, 0.061847], "mix_s_tot": 0.076889}}, "nldas": null}, "pdf": "figures/604.pdf"}