{"id": 605, "name": "Paracel Islands", "country": "China", "level": "admin1", "continent": "Asia", "metrics": {"solar_cf": 0.1897, "wind_cf": 0.2628, "solar_f_adj": 1.347, "wind_f_adj": 3.1931, "mix_alpha": 0.75, "mix_f_adj": 1.3577, "solar_s_tot_pct": 21.3317, "wind_s_tot_pct": 28.9143, "mix_s_tot_pct": 7.6338, "solar_s_seasonal_pct": 21.0426, "solar_s_diurnal_pct": 0.2892, "wind_s_seasonal_pct": 28.4981, "wind_s_diurnal_pct": 0.4162, "solar_flaute_days": 5.75, "wind_flaute_days": 9.5, "solar_gap30d_max": 0.7551, "wind_gap30d_max": 0.9261, "solar_trend_pct_decade": 5.6234, "wind_trend_pct_decade": -10.4971}, "colocation": {"k": [0, 17, 35, 50], "storage_pct_cons": [7.6338, 2.0511, 1.1253, 0.6976], "pick": ["base", "solar", "wind", "wind"]}, "datasets": {"gldas": {"series_norm": {"months": [1, 2, 3, 4, 5, 6, 7, 8, 9, 10, 11, 12], "demand": [1.0, 1.0, 1.0, 1.0, 1.0, 1.0, 1.0, 1.0, 1.0, 1.0, 1.0, 1.0], "solar_supply": [0.972685, 1.285341, 1.540053, 1.725142, 1.669994, 1.61055, 1.546589, 1.493349, 1.369953, 1.14678, 0.977299, 0.83035], "wind_supply": [3.92907, 3.715263, 3.415847, 3.302606, 2.659274, 2.253132, 2.116377, 1.939822, 2.118029, 3.207983, 4.625456, 5.065692], "mix_supply": [1.152946, 1.366568, 1.527286, 1.655164, 1.54509, 1.456981, 1.394093, 1.33508, 1.260744, 1.2079, 1.23046, 1.166172], "mix_storage": [0.051022, 0.052574, 0.060211, 0.0673, 0.070271, 0.071329, 0.070873, 0.068508, 0.066439, 0.063677, 0.06161, 0.05719], "mix_s_tot": 0.076338}}, "nldas": null}, "pdf": "figures/605.pdf"}