{"id": 606, "name": "Prince Edward Island", "country": "Canada", "level": "admin1", "continent": "North America", "metrics": {"solar_cf": 0.1447, "wind_cf": 0.5357, "solar_f_adj": 1.3568, "wind_f_adj": 1.506, "mix_alpha": 0.25, "mix_f_adj": 1.3712, "solar_s_tot_pct": 28.0545, "wind_s_tot_pct": 11.8275, "mix_s_tot_pct": 3.7096, "solar_s_seasonal_pct": 27.2374, "solar_s_diurnal_pct": 0.8171, "wind_s_seasonal_pct": 11.4259, "wind_s_diurnal_pct": 0.4016, "solar_flaute_days": 2.875, "wind_flaute_days": 5.0, "solar_gap30d_max": 0.7826, "wind_gap30d_max": 0.6776, "solar_trend_pct_decade": -3.0422, "wind_trend_pct_decade": -13.2917}, "colocation": {"k": [0, 17, 35, 50], "storage_pct_cons": [3.7096, 1.4802, 1.3612, 1.3379], "pick": ["base", "wind", "wind", "solar"]}, "datasets": {"gldas": {"series_norm": {"months": [1, 2, 3, 4, 5, 6, 7, 8, 9, 10, 11, 12], "demand": [1.0, 1.0, 1.0, 1.0, 1.0, 1.0, 1.0, 1.0, 1.0, 1.0, 1.0, 1.0], "solar_supply": [0.498782, 0.817841, 1.257667, 1.685962, 2.075815, 2.262043, 2.293769, 2.031687, 1.526636, 0.914331, 0.501548, 0.384955], "wind_supply": [1.809251, 1.64757, 1.60862, 1.496357, 1.313422, 1.195541, 1.10251, 1.152902, 1.428831, 1.619598, 1.801593, 1.90488], "mix_supply": [1.361544, 1.331746, 1.416274, 1.447823, 1.421398, 1.38795, 1.332436, 1.300631, 1.361455, 1.337024, 1.357013, 1.398089], "mix_storage": [0.032654, 0.03223, 0.03207, 0.033483, 0.033767, 0.034107, 0.034738, 0.033731, 0.03374, 0.032961, 0.032549, 0.032226], "mix_s_tot": 0.037096}}, "nldas": null}, "pdf": "figures/606.pdf"}