{"id": 607, "name": "MEX+99?", "country": "Mexico", "level": "admin1", "continent": "North America", "metrics": {"solar_cf": 0.2633, "wind_cf": 0.4346, "solar_f_adj": 1.2979, "wind_f_adj": 1.6313, "mix_alpha": 0.8, "mix_f_adj": 1.2475, "solar_s_tot_pct": 13.8087, "wind_s_tot_pct": 12.211, "mix_s_tot_pct": 8.823, "solar_s_seasonal_pct": 13.3086, "solar_s_diurnal_pct": 0.5001, "wind_s_seasonal_pct": 11.819, "wind_s_diurnal_pct": 0.392, "solar_flaute_days": 1.625, "wind_flaute_days": 3.75, "solar_gap30d_max": 0.6281, "wind_gap30d_max": 0.609, "solar_trend_pct_decade": 0.8177, "wind_trend_pct_decade": -7.3732}, "colocation": {"k": [0, 17, 35, 50], "storage_pct_cons": [8.823, 3.4972, 0.7201, 0.4945], "pick": ["base", "wind", "wind", "wind"]}, "datasets": {"gldas": {"series_norm": {"months": [1, 2, 3, 4, 5, 6, 7, 8, 9, 10, 11, 12], "demand": [1.0, 1.0, 1.0, 1.0, 1.0, 1.0, 1.0, 1.0, 1.0, 1.0, 1.0, 1.0], "solar_supply": [0.970066, 1.165138, 1.38811, 1.560514, 1.555569, 1.449448, 1.541589, 1.487004, 1.326818, 1.170795, 1.023847, 0.929151], "wind_supply": [1.787834, 1.867206, 2.061468, 2.062044, 1.883453, 1.554678, 1.337581, 1.210298, 1.116504, 1.459218, 1.618019, 1.632596], "mix_supply": [1.019409, 1.181554, 1.382727, 1.51539, 1.484271, 1.352381, 1.390029, 1.328587, 1.191062, 1.123502, 1.034792, 0.964202], "mix_storage": [0.042045, 0.036072, 0.044419, 0.059951, 0.070856, 0.075975, 0.079738, 0.082509, 0.081424, 0.07672, 0.068709, 0.053771], "mix_s_tot": 0.08823}}, "nldas": null}, "pdf": "figures/607.pdf"}