{"id": 608, "name": "RUS+99?", "country": "Russia", "level": "admin1", "continent": "Europe", "metrics": {"solar_cf": 0.0903, "wind_cf": 0.5401, "solar_f_adj": 1.4853, "wind_f_adj": 1.2132, "mix_alpha": 0.05, "mix_f_adj": 1.2026, "solar_s_tot_pct": 50.1133, "wind_s_tot_pct": 12.3834, "mix_s_tot_pct": 10.1514, "solar_s_seasonal_pct": 49.034, "solar_s_diurnal_pct": 1.0793, "wind_s_seasonal_pct": 12.0294, "wind_s_diurnal_pct": 0.354, "solar_flaute_days": 97.875, "wind_flaute_days": 7.0, "solar_gap30d_max": 1.0, "wind_gap30d_max": 0.6954, "solar_trend_pct_decade": 2.1679, "wind_trend_pct_decade": 0.6118}, "colocation": {"k": [0, 17, 35, 50], "storage_pct_cons": [10.1514, 6.8696, 6.7355, 6.2019], "pick": ["base", "wind", "solar", "solar"]}, "datasets": {"gldas": {"series_norm": {"months": [1, 2, 3, 4, 5, 6, 7, 8, 9, 10, 11, 12], "demand": [1.0, 1.0, 1.0, 1.0, 1.0, 1.0, 1.0, 1.0, 1.0, 1.0, 1.0, 1.0], "solar_supply": [0.017541, 0.29076, 1.080338, 2.308091, 3.306096, 3.556174, 3.378568, 2.234398, 1.129145, 0.405178, 0.046717, 0.0], "wind_supply": [1.175194, 1.157939, 1.216839, 1.305987, 1.193099, 1.117369, 1.058878, 1.183685, 1.27674, 1.411206, 1.267698, 1.192973], "mix_supply": [1.107345, 1.102157, 1.189585, 1.323235, 1.257334, 1.196145, 1.133877, 1.205085, 1.247967, 1.345281, 1.195633, 1.123377], "mix_storage": [0.077305, 0.068937, 0.068465, 0.075131, 0.08022, 0.083701, 0.082734, 0.080517, 0.081103, 0.086796, 0.087364, 0.083198], "mix_s_tot": 0.101514}}, "nldas": null}, "pdf": "figures/608.pdf"}