{"id": 609, "name": "Jharkhand", "country": "India", "level": "admin1", "continent": "Asia", "metrics": {"solar_cf": 0.2106, "wind_cf": 0.0805, "solar_f_adj": 1.2506, "wind_f_adj": 2.5223, "mix_alpha": 0.85, "mix_f_adj": 1.3125, "solar_s_tot_pct": 12.3586, "wind_s_tot_pct": 33.1919, "mix_s_tot_pct": 9.2435, "solar_s_seasonal_pct": 9.0557, "solar_s_diurnal_pct": 3.3029, "wind_s_seasonal_pct": 32.801, "wind_s_diurnal_pct": 0.3908, "solar_flaute_days": 1.625, "wind_flaute_days": 22.125, "solar_gap30d_max": 0.6207, "wind_gap30d_max": 0.9914, "solar_trend_pct_decade": 2.0308, "wind_trend_pct_decade": 38.9455}, "colocation": {"k": [0, 17, 35, 50], "storage_pct_cons": [9.2435, 2.4487, 2.1109, 0.8385], "pick": ["base", "solar", "wind", "wind"]}, "datasets": {"gldas": {"series_norm": {"months": [1, 2, 3, 4, 5, 6, 7, 8, 9, 10, 11, 12], "demand": [1.0, 1.0, 1.0, 1.0, 1.0, 1.0, 1.0, 1.0, 1.0, 1.0, 1.0, 1.0], "solar_supply": [1.0665, 1.250307, 1.448174, 1.576143, 1.521342, 1.297673, 1.180981, 1.175697, 1.16771, 1.200777, 1.110487, 1.015815], "wind_supply": [1.661293, 2.315014, 2.646334, 3.35339, 3.800136, 4.204718, 4.058637, 3.1147, 2.271803, 1.103667, 0.676751, 1.055522], "mix_supply": [1.081048, 1.296038, 1.498407, 1.66775, 1.653733, 1.485784, 1.370286, 1.291898, 1.218984, 1.157308, 1.043442, 0.988553], "mix_storage": [0.032702, 0.031137, 0.045768, 0.069633, 0.084073, 0.087764, 0.086322, 0.082802, 0.078261, 0.07281, 0.062961, 0.046048], "mix_s_tot": 0.092435}}, "nldas": null}, "pdf": "figures/609.pdf"}