{"id": 61, "name": "Denmark", "country": "Denmark", "level": "admin0", "continent": "Europe", "metrics": {"solar_cf": 0.1181, "wind_cf": 0.4741, "solar_f_adj": 1.4949, "wind_f_adj": 1.4086, "mix_alpha": 0.2, "mix_f_adj": 1.3191, "solar_s_tot_pct": 39.3273, "wind_s_tot_pct": 12.932, "mix_s_tot_pct": 6.3691, "solar_s_seasonal_pct": 38.5031, "solar_s_diurnal_pct": 0.8242, "wind_s_seasonal_pct": 12.7375, "wind_s_diurnal_pct": 0.1944, "solar_flaute_days": 11.875, "wind_flaute_days": 10.75, "solar_gap30d_max": 0.9032, "wind_gap30d_max": 0.7061, "solar_trend_pct_decade": -1.3408, "wind_trend_pct_decade": 6.0199}, "colocation": {"k": [0, 17, 35, 50], "storage_pct_cons": [6.3691, 3.1725, 3.089, 2.9231], "pick": ["base", "wind", "solar", "solar"]}, "datasets": {"gldas": {"series_norm": {"months": [1, 2, 3, 4, 5, 6, 7, 8, 9, 10, 11, 12], "demand": [1.0, 1.0, 1.0, 1.0, 1.0, 1.0, 1.0, 1.0, 1.0, 1.0, 1.0, 1.0], "solar_supply": [0.275132, 0.599512, 1.26593, 2.108474, 2.772516, 2.997831, 2.812062, 2.272423, 1.509888, 0.750258, 0.323743, 0.20227], "wind_supply": [1.777104, 1.676743, 1.476755, 1.22298, 1.181726, 1.193711, 1.098255, 1.12052, 1.318102, 1.536046, 1.618823, 1.696852], "mix_supply": [1.379974, 1.362031, 1.329811, 1.288377, 1.374663, 1.423406, 1.319105, 1.240548, 1.254002, 1.283224, 1.269968, 1.306989], "mix_storage": [0.057637, 0.056342, 0.055312, 0.055191, 0.056358, 0.059652, 0.060929, 0.058914, 0.057739, 0.056094, 0.055821, 0.056863], "mix_s_tot": 0.063691}}, "nldas": null}, "pdf": "figures/61.pdf"}