{"id": 610, "name": "Delhi", "country": "India", "level": "admin1", "continent": "Asia", "metrics": {"solar_cf": 0.2186, "wind_cf": 0.1204, "solar_f_adj": 1.2797, "wind_f_adj": 1.7686, "mix_alpha": 1.0, "mix_f_adj": 1.2797, "solar_s_tot_pct": 11.8752, "wind_s_tot_pct": 28.5494, "mix_s_tot_pct": 11.8752, "solar_s_seasonal_pct": 10.5625, "solar_s_diurnal_pct": 1.3127, "wind_s_seasonal_pct": 26.5286, "wind_s_diurnal_pct": 2.0209, "solar_flaute_days": 1.625, "wind_flaute_days": 14.5, "solar_gap30d_max": 0.6539, "wind_gap30d_max": 0.9228, "solar_trend_pct_decade": 0.912, "wind_trend_pct_decade": 19.6721}, "colocation": {"k": [0, 17, 35, 50], "storage_pct_cons": [11.8752, 6.8849, 4.5244, 2.8551], "pick": ["base", "wind", "wind", "wind"]}, "datasets": {"gldas": {"series_norm": {"months": [1, 2, 3, 4, 5, 6, 7, 8, 9, 10, 11, 12], "demand": [1.0, 1.0, 1.0, 1.0, 1.0, 1.0, 1.0, 1.0, 1.0, 1.0, 1.0, 1.0], "solar_supply": [0.873977, 1.134002, 1.417362, 1.59765, 1.678715, 1.572075, 1.349041, 1.302091, 1.331076, 1.236224, 1.010079, 0.854167], "wind_supply": [1.64603, 2.082123, 1.985947, 2.16406, 2.400552, 2.451167, 2.094885, 1.882411, 1.530493, 0.766666, 0.952147, 1.29438], "mix_supply": [0.873977, 1.134002, 1.417362, 1.59765, 1.678715, 1.572075, 1.349041, 1.302091, 1.331076, 1.236224, 1.010079, 0.854167], "mix_storage": [0.048276, 0.030124, 0.034178, 0.057012, 0.088122, 0.112257, 0.115349, 0.11338, 0.11323, 0.112888, 0.101978, 0.076353], "mix_s_tot": 0.118752}}, "nldas": null}, "pdf": "figures/610.pdf"}