{"id": 611, "name": "Chandigarh", "country": "India", "level": "admin1", "continent": "Asia", "metrics": {"solar_cf": 0.2278, "wind_cf": 0.1472, "solar_f_adj": 1.2748, "wind_f_adj": 1.792, "mix_alpha": 1.0, "mix_f_adj": 1.2748, "solar_s_tot_pct": 12.9075, "wind_s_tot_pct": 25.5075, "mix_s_tot_pct": 12.9075, "solar_s_seasonal_pct": 11.8675, "solar_s_diurnal_pct": 1.0401, "wind_s_seasonal_pct": 25.5516, "wind_s_diurnal_pct": -0.0441, "solar_flaute_days": 2.625, "wind_flaute_days": 6.25, "solar_gap30d_max": 0.6653, "wind_gap30d_max": 0.8849, "solar_trend_pct_decade": -0.2669, "wind_trend_pct_decade": 2.6909}, "colocation": {"k": [0, 17, 35, 50], "storage_pct_cons": [12.9075, 8.5731, 5.2635, 3.3264], "pick": ["base", "wind", "wind", "wind"]}, "datasets": {"gldas": {"series_norm": {"months": [1, 2, 3, 4, 5, 6, 7, 8, 9, 10, 11, 12], "demand": [1.0, 1.0, 1.0, 1.0, 1.0, 1.0, 1.0, 1.0, 1.0, 1.0, 1.0, 1.0], "solar_supply": [0.779269, 1.051408, 1.361703, 1.606501, 1.73978, 1.64668, 1.416888, 1.333727, 1.343312, 1.240629, 0.971783, 0.801441], "wind_supply": [1.60931, 2.325701, 2.497602, 2.739535, 2.656574, 2.256561, 1.598059, 1.184985, 1.036222, 1.090179, 1.19043, 1.367737], "mix_supply": [0.779269, 1.051408, 1.361703, 1.606501, 1.73978, 1.64668, 1.416888, 1.333727, 1.343312, 1.240629, 0.971783, 0.801441], "mix_storage": [0.046358, 0.021591, 0.020989, 0.042278, 0.077007, 0.110548, 0.122419, 0.12195, 0.122259, 0.121862, 0.109283, 0.079709], "mix_s_tot": 0.129075}}, "nldas": null}, "pdf": "figures/611.pdf"}