{"id": 612, "name": "Madhya Pradesh", "country": "India", "level": "admin1", "continent": "Asia", "metrics": {"solar_cf": 0.2175, "wind_cf": 0.1177, "solar_f_adj": 1.2444, "wind_f_adj": 2.4967, "mix_alpha": 0.75, "mix_f_adj": 1.3573, "solar_s_tot_pct": 11.834, "wind_s_tot_pct": 33.5008, "mix_s_tot_pct": 10.9463, "solar_s_seasonal_pct": 10.5331, "solar_s_diurnal_pct": 1.3009, "wind_s_seasonal_pct": 32.4848, "wind_s_diurnal_pct": 1.0161, "solar_flaute_days": 0.75, "wind_flaute_days": 20.125, "solar_gap30d_max": 0.604, "wind_gap30d_max": 0.9743, "solar_trend_pct_decade": 1.272, "wind_trend_pct_decade": 40.6196}, "colocation": {"k": [0, 17, 35, 50], "storage_pct_cons": [10.9463, 4.2645, 2.3947, 2.1182], "pick": ["base", "solar", "solar", "wind"]}, "datasets": {"gldas": {"series_norm": {"months": [1, 2, 3, 4, 5, 6, 7, 8, 9, 10, 11, 12], "demand": [1.0, 1.0, 1.0, 1.0, 1.0, 1.0, 1.0, 1.0, 1.0, 1.0, 1.0, 1.0], "solar_supply": [1.044513, 1.245019, 1.450728, 1.588035, 1.595775, 1.298382, 1.072239, 1.072692, 1.215993, 1.256514, 1.101518, 0.998644], "wind_supply": [1.274555, 1.734634, 1.984698, 2.917828, 4.631604, 5.160612, 4.526149, 3.732774, 2.017399, 0.713486, 0.441499, 0.774757], "mix_supply": [1.027674, 1.254224, 1.456487, 1.695629, 1.934875, 1.763492, 1.49227, 1.384815, 1.26891, 1.124846, 0.961088, 0.922225], "mix_storage": [0.03269, 0.028473, 0.039938, 0.067422, 0.091836, 0.104048, 0.104139, 0.099379, 0.094643, 0.088631, 0.073054, 0.049733], "mix_s_tot": 0.109463}}, "nldas": null}, "pdf": "figures/612.pdf"}