{"id": 613, "name": "Utah", "country": "United States of America", "level": "admin1", "continent": "North America", "metrics": {"solar_cf": 0.2031, "wind_cf": 0.1626, "solar_f_adj": 1.2671, "wind_f_adj": 1.9237, "mix_alpha": 0.2, "mix_f_adj": 1.6667, "solar_s_tot_pct": 23.2499, "wind_s_tot_pct": 19.4626, "mix_s_tot_pct": 15.7483, "solar_s_seasonal_pct": 22.002, "solar_s_diurnal_pct": 1.2479, "wind_s_seasonal_pct": 19.6969, "wind_s_diurnal_pct": -0.2343, "solar_flaute_days": 0.875, "wind_flaute_days": 11.875, "solar_gap30d_max": 0.7064, "wind_gap30d_max": 0.8742, "solar_trend_pct_decade": -0.3555, "wind_trend_pct_decade": 11.9398}, "colocation": {"k": [0, 17, 35, 50], "storage_pct_cons": [15.7483, 10.2106, 7.8655, 6.3395], "pick": ["base", "wind", "solar", "solar"], "usa_feasible": {"1pct": [true, true, true, true], "oilgas2x": [true, true, true, true], "oilgas_all": [true, true, true, true]}}, "datasets": {"gldas": {"series_norm": {"months": [1, 2, 3, 4, 5, 6, 7, 8, 9, 10, 11, 12], "demand": [1.0, 1.0, 1.0, 1.0, 1.0, 1.0, 1.0, 1.0, 1.0, 1.0, 1.0, 1.0], "solar_supply": [0.628023, 0.84933, 1.168174, 1.531067, 1.811011, 2.017358, 1.892357, 1.665639, 1.393922, 0.997471, 0.688356, 0.543858], "wind_supply": [1.27048, 1.792019, 2.351992, 2.981826, 2.614216, 2.617412, 1.664511, 1.562516, 1.667606, 1.629707, 1.493148, 1.461323], "mix_supply": [1.045832, 1.46555, 1.937567, 2.469595, 2.288435, 2.344934, 1.651557, 1.521218, 1.52258, 1.392017, 1.216044, 1.155972], "mix_storage": [0.102201, 0.098044, 0.116301, 0.141426, 0.150629, 0.154495, 0.153147, 0.148379, 0.144446, 0.140493, 0.130414, 0.113945], "mix_s_tot": 0.157483}, "series_real": {"months": [1, 2, 3, 4, 5, 6, 7, 8, 9, 10, 11, 12], "demand_TWh": [2.485406, 2.041035, 2.249258, 2.071722, 2.301198, 2.472794, 3.004869, 2.917374, 2.405183, 2.322252, 2.220141, 2.52408], "supply_TWh_nocap": [1.957924, 2.469896, 3.633456, 4.530816, 4.803945, 4.950162, 4.161681, 3.741418, 3.310705, 2.798573, 2.155371, 1.986106], "supply_TWh_1pct": [1.957924, 2.469896, 3.633456, 4.530816, 4.803945, 4.950162, 4.161681, 3.741418, 3.310705, 2.798573, 2.155371, 1.986106], "supply_TWh_oilgas2x": [1.957924, 2.469896, 3.633456, 4.530816, 4.803945, 4.950162, 4.161681, 3.741418, 3.310705, 2.798573, 2.155371, 1.986106], "supply_TWh_oilgas_all": [1.957924, 2.469896, 3.633456, 4.530816, 4.803945, 4.950162, 4.161681, 3.741418, 3.310705, 2.798573, 2.155371, 1.986106]}, "consumption_TWh": 28.999269}, "nldas": {"real": {"annual_consumption_TWh": 28.999269, "state_land_km2": 219762.2466, "mix_solar_nameplate_GW": 8.02868, "mix_wind_nameplate_GW": 12.844258, "mix_capacity_TWh": 182.846938, "mix_land_km2": 396.065243, "mix_land_pct": 0.180224, "solar_land_pct": 0.304605, "wind_land_pct": 0.105521, "caps": {"1pct": {"label": "1% of land (NREL)", "cap_pct": 1.0, "feasible": true, "storage_TWh": 4.728717, "supply_capped_TWh": null, "shortfall_TWh": 0.0}, "oilgas2x": {"label": "1.88% (2\u00d7 onshore oil & gas)", "cap_pct": 1.8800000000000001, "feasible": true, "storage_TWh": 4.728717, "supply_capped_TWh": null, "shortfall_TWh": 0.0}, "oilgas_all": {"label": "5% (all onshore oil & gas land)", "cap_pct": 5.0, "feasible": true, "storage_TWh": 4.728717, "supply_capped_TWh": null, "shortfall_TWh": 0.0}}}, "metrics": {"solar_cf": 0.203924, "wind_cf": 0.191203, "solar_f_adj": 1.237077, "wind_f_adj": 1.339378, "mix_alpha": 0.4, "mix_f_adj": 1.23643, "solar_s_tot_pct": 18.833572, "wind_s_tot_pct": 19.257796, "mix_s_tot_pct": 16.306332, "solar_s_seasonal_pct": 17.506862, "solar_s_diurnal_pct": 1.326709, "wind_s_seasonal_pct": 18.936106, "wind_s_diurnal_pct": 0.32169, "solar_flaute_days": 0.75, "wind_flaute_days": 15.166667, "solar_gap30d_max": 0.692228, "wind_gap30d_max": 0.836925, "solar_trend_pct_decade": 0.181918, "wind_trend_pct_decade": -0.204859}, "series_real": {"months": [1, 2, 3, 4, 5, 6, 7, 8, 9, 10, 11, 12], "demand_TWh": [2.486565, 2.041038, 2.249958, 2.072056, 2.301557, 2.472796, 3.005339, 2.917829, 2.405186, 2.322615, 2.220855, 2.524866], "supply_TWh_nocap": [1.859554, 2.33455, 3.525028, 4.215202, 4.149596, 4.022745, 3.066308, 2.890139, 2.868951, 2.760859, 2.19434, 1.99473], "supply_TWh_1pct": [1.859554, 2.33455, 3.525028, 4.215202, 4.149596, 4.022745, 3.066308, 2.890139, 2.868951, 2.760859, 2.19434, 1.99473], "supply_TWh_oilgas2x": [1.859554, 2.33455, 3.525028, 4.215202, 4.149596, 4.022745, 3.066308, 2.890139, 2.868951, 2.760859, 2.19434, 1.99473], "supply_TWh_oilgas_all": [1.859554, 2.33455, 3.525028, 4.215202, 4.149596, 4.022745, 3.066308, 2.890139, 2.868951, 2.760859, 2.19434, 1.99473]}, "series_norm": {"months": [1, 2, 3, 4, 5, 6, 7, 8, 9, 10, 11, 12], "demand": [1.009588, 0.908747, 0.913521, 0.869333, 0.934471, 1.037464, 1.220218, 1.184688, 1.009098, 0.943021, 0.931761, 1.025138], "solar_supply": [0.623223, 0.849878, 1.20136, 1.510499, 1.810973, 1.928969, 1.799984, 1.542098, 1.304001, 0.987353, 0.701571, 0.566932], "wind_supply": [0.913284, 1.263185, 1.716842, 2.102627, 1.734657, 1.654796, 0.948498, 1.0055, 1.231928, 1.311146, 1.155761, 1.053004], "mix_supply": [0.75501, 1.039429, 1.431221, 1.768491, 1.684806, 1.687746, 1.244973, 1.173445, 1.203671, 1.120956, 0.920637, 0.809894], "mix_storage": [0.056413, 0.03643, 0.050421, 0.095423, 0.136126, 0.152399, 0.147806, 0.127646, 0.118947, 0.119804, 0.111228, 0.084873], "mix_s_tot": 0.163063}, "consumption_TWh": 28.999269}}, "usa": {"annual_consumption_TWh": 28.999269, "state_land_km2": 219762.2466, "mix_solar_nameplate_GW": 12.512927, "mix_wind_nameplate_GW": 12.787867, "mix_capacity_TWh": 221.634958, "mix_land_km2": 544.97624, "mix_land_pct": 0.247984, "solar_land_pct": 0.311731, "wind_land_pct": 0.178633, "mix_storage_TWh": 4.786503, "caps": {"1pct": {"label": "1% of land (NREL)", "cap_pct": 1.0, "feasible": true, "storage_TWh": 4.786503, "supply_capped_TWh": null, "shortfall_TWh": 0.0}, "oilgas2x": {"label": "1.88% (2\u00d7 onshore oil & gas)", "cap_pct": 1.8800000000000001, "feasible": true, "storage_TWh": 4.786503, "supply_capped_TWh": null, "shortfall_TWh": 0.0}, "oilgas_all": {"label": "5% (all onshore oil & gas land)", "cap_pct": 5.0, "feasible": true, "storage_TWh": 4.786503, "supply_capped_TWh": null, "shortfall_TWh": 0.0}}}, "pdf": "figures/613.pdf"}