{"id": 613, "name": "Utah", "country": "United States of America", "level": "admin1", "continent": "North America", "metrics": {"solar_cf": 0.2031, "wind_cf": 0.1626, "solar_f_adj": 1.2671, "wind_f_adj": 1.9237, "mix_alpha": 0.2, "mix_f_adj": 1.6667, "solar_s_tot_pct": 23.2499, "wind_s_tot_pct": 19.4626, "mix_s_tot_pct": 15.7483, "solar_s_seasonal_pct": 22.002, "solar_s_diurnal_pct": 1.2479, "wind_s_seasonal_pct": 19.6969, "wind_s_diurnal_pct": -0.2343, "solar_flaute_days": 0.875, "wind_flaute_days": 11.875, "solar_gap30d_max": 0.7064, "wind_gap30d_max": 0.8742, "solar_trend_pct_decade": -0.3555, "wind_trend_pct_decade": 11.9398}, "colocation": {"k": [0, 17, 35, 50], "storage_pct_cons": [15.7483, 10.2106, 7.8655, 6.3395], "pick": ["base", "wind", "solar", "solar"], "usa_feasible": {"1pct": [true, true, true, true], "oilgas2x": [true, true, true, true], "oilgas_all": [true, true, true, true]}}, "datasets": {"gldas": {"series_norm": {"months": [1, 2, 3, 4, 5, 6, 7, 8, 9, 10, 11, 12], "demand": [1.0, 1.0, 1.0, 1.0, 1.0, 1.0, 1.0, 1.0, 1.0, 1.0, 1.0, 1.0], "solar_supply": [0.628023, 0.84933, 1.168174, 1.531067, 1.811011, 2.017358, 1.892357, 1.665639, 1.393922, 0.997471, 0.688356, 0.543858], "wind_supply": [1.27048, 1.792019, 2.351992, 2.981826, 2.614216, 2.617412, 1.664511, 1.562516, 1.667606, 1.629707, 1.493148, 1.461323], "mix_supply": [1.045832, 1.46555, 1.937567, 2.469595, 2.288435, 2.344934, 1.651557, 1.521218, 1.52258, 1.392017, 1.216044, 1.155972], "mix_storage": [0.102201, 0.098044, 0.116301, 0.141426, 0.150629, 0.154495, 0.153147, 0.148379, 0.144446, 0.140493, 0.130414, 0.113945], "mix_s_tot": 0.157483}, "series_real": {"months": [1, 2, 3, 4, 5, 6, 7, 8, 9, 10, 11, 12], "demand_TWh": [2.485406, 2.041035, 2.249258, 2.071722, 2.301198, 2.472794, 3.004869, 2.917374, 2.405183, 2.322252, 2.220141, 2.52408], "supply_TWh_nocap": [1.957924, 2.469896, 3.633456, 4.530816, 4.803945, 4.950162, 4.161681, 3.741418, 3.310705, 2.798573, 2.155371, 1.986106], "supply_TWh_1pct": [1.957924, 2.469896, 3.633456, 4.530816, 4.803945, 4.950162, 4.161681, 3.741418, 3.310705, 2.798573, 2.155371, 1.986106], "supply_TWh_oilgas2x": [1.957924, 2.469896, 3.633456, 4.530816, 4.803945, 4.950162, 4.161681, 3.741418, 3.310705, 2.798573, 2.155371, 1.986106], "supply_TWh_oilgas_all": [1.957924, 2.469896, 3.633456, 4.530816, 4.803945, 4.950162, 4.161681, 3.741418, 3.310705, 2.798573, 2.155371, 1.986106]}, "consumption_TWh": 28.999269}, "nldas": null}, "usa": {"annual_consumption_TWh": 28.999269, "state_land_km2": 219762.2466, "mix_solar_nameplate_GW": 12.512927, "mix_wind_nameplate_GW": 12.787867, "mix_capacity_TWh": 221.634958, "mix_land_km2": 544.97624, "mix_land_pct": 0.247984, "solar_land_pct": 0.311731, "wind_land_pct": 0.178633, "mix_storage_TWh": 4.786503, "caps": {"1pct": {"label": "1% of land (NREL)", "cap_pct": 1.0, "feasible": true, "storage_TWh": 4.786503, "supply_capped_TWh": null, "shortfall_TWh": 0.0}, "oilgas2x": {"label": "1.88% (2\u00d7 onshore oil & gas)", "cap_pct": 1.8800000000000001, "feasible": true, "storage_TWh": 4.786503, "supply_capped_TWh": null, "shortfall_TWh": 0.0}, "oilgas_all": {"label": "5% (all onshore oil & gas land)", "cap_pct": 5.0, "feasible": true, "storage_TWh": 4.786503, "supply_capped_TWh": null, "shortfall_TWh": 0.0}}}, "pdf": "figures/613.pdf"}