{"id": 614, "name": "Wyoming", "country": "United States of America", "level": "admin1", "continent": "North America", "metrics": {"solar_cf": 0.182, "wind_cf": 0.3126, "solar_f_adj": 1.3405, "wind_f_adj": 1.5516, "mix_alpha": 0.3, "mix_f_adj": 1.3853, "solar_s_tot_pct": 23.4147, "wind_s_tot_pct": 13.4683, "mix_s_tot_pct": 9.1745, "solar_s_seasonal_pct": 22.4497, "solar_s_diurnal_pct": 0.9649, "wind_s_seasonal_pct": 12.9165, "wind_s_diurnal_pct": 0.5519, "solar_flaute_days": 0.875, "wind_flaute_days": 6.25, "solar_gap30d_max": 0.7164, "wind_gap30d_max": 0.6869, "solar_trend_pct_decade": -0.9686, "wind_trend_pct_decade": 9.5873}, "colocation": {"k": [0, 17, 35, 50], "storage_pct_cons": [9.1745, 3.2631, 2.0, 1.6509], "pick": ["base", "wind", "wind", "solar"], "usa_feasible": {"1pct": [true, true, true, true], "oilgas2x": [true, true, true, true], "oilgas_all": [true, true, true, true]}}, "datasets": {"gldas": {"series_norm": {"months": [1, 2, 3, 4, 5, 6, 7, 8, 9, 10, 11, 12], "demand": [1.0, 1.0, 1.0, 1.0, 1.0, 1.0, 1.0, 1.0, 1.0, 1.0, 1.0, 1.0], "solar_supply": [0.608965, 0.879495, 1.245045, 1.607078, 1.896907, 2.171339, 2.180839, 1.876408, 1.468795, 0.972192, 0.640495, 0.514186], "wind_supply": [1.778369, 1.766769, 1.669725, 1.756224, 1.556167, 1.447743, 1.108796, 1.103557, 1.281536, 1.527936, 1.731577, 1.910107], "mix_supply": [1.300222, 1.376842, 1.429521, 1.595819, 1.560642, 1.577961, 1.369074, 1.271419, 1.256282, 1.256317, 1.280753, 1.35317], "mix_storage": [0.080898, 0.080259, 0.080824, 0.083493, 0.087034, 0.088597, 0.088796, 0.086904, 0.084538, 0.081408, 0.079657, 0.080929], "mix_s_tot": 0.091745}, "series_real": {"months": [1, 2, 3, 4, 5, 6, 7, 8, 9, 10, 11, 12], "demand_TWh": [1.467841, 1.237226, 1.379494, 1.254013, 1.278928, 1.242223, 1.339953, 1.337343, 1.223895, 1.308783, 1.31182, 1.451623], "supply_TWh_nocap": [1.746541, 1.68733, 1.920522, 2.07509, 2.097005, 2.052197, 1.839598, 1.708381, 1.633842, 1.688088, 1.665134, 1.817947], "supply_TWh_1pct": [1.746541, 1.68733, 1.920522, 2.07509, 2.097005, 2.052197, 1.839598, 1.708381, 1.633842, 1.688088, 1.665134, 1.817947], "supply_TWh_oilgas2x": [1.746541, 1.68733, 1.920522, 2.07509, 2.097005, 2.052197, 1.839598, 1.708381, 1.633842, 1.688088, 1.665134, 1.817947], "supply_TWh_oilgas_all": [1.746541, 1.68733, 1.920522, 2.07509, 2.097005, 2.052197, 1.839598, 1.708381, 1.633842, 1.688088, 1.665134, 1.817947]}, "consumption_TWh": 15.824387}, "nldas": null}, "usa": {"annual_consumption_TWh": 15.824387, "state_land_km2": 253483.963842, "mix_solar_nameplate_GW": 4.124631, "mix_wind_nameplate_GW": 5.603306, "mix_capacity_TWh": 85.21673, "mix_land_km2": 193.520769, "mix_land_pct": 0.076344, "solar_land_pct": 0.175472, "wind_land_pct": 0.035331, "mix_storage_TWh": 1.552736, "caps": {"1pct": {"label": "1% of land (NREL)", "cap_pct": 1.0, "feasible": true, "storage_TWh": 1.552736, "supply_capped_TWh": null, "shortfall_TWh": 0.0}, "oilgas2x": {"label": "1.88% (2\u00d7 onshore oil & gas)", "cap_pct": 1.8800000000000001, "feasible": true, "storage_TWh": 1.552736, "supply_capped_TWh": null, "shortfall_TWh": 0.0}, "oilgas_all": {"label": "5% (all onshore oil & gas land)", "cap_pct": 5.0, "feasible": true, "storage_TWh": 1.552736, "supply_capped_TWh": null, "shortfall_TWh": 0.0}}}, "pdf": "figures/614.pdf"}