{"id": 614, "name": "Wyoming", "country": "United States of America", "level": "admin1", "continent": "North America", "metrics": {"solar_cf": 0.182, "wind_cf": 0.3126, "solar_f_adj": 1.3405, "wind_f_adj": 1.5516, "mix_alpha": 0.3, "mix_f_adj": 1.3853, "solar_s_tot_pct": 23.4147, "wind_s_tot_pct": 13.4683, "mix_s_tot_pct": 9.1745, "solar_s_seasonal_pct": 22.4497, "solar_s_diurnal_pct": 0.9649, "wind_s_seasonal_pct": 12.9165, "wind_s_diurnal_pct": 0.5519, "solar_flaute_days": 0.875, "wind_flaute_days": 6.25, "solar_gap30d_max": 0.7164, "wind_gap30d_max": 0.6869, "solar_trend_pct_decade": -0.9686, "wind_trend_pct_decade": 9.5873}, "colocation": {"k": [0, 17, 35, 50], "storage_pct_cons": [9.1745, 3.2631, 2.0, 1.6509], "pick": ["base", "wind", "wind", "solar"], "usa_feasible": {"1pct": [true, true, true, true], "oilgas2x": [true, true, true, true], "oilgas_all": [true, true, true, true]}}, "datasets": {"gldas": {"series_norm": {"months": [1, 2, 3, 4, 5, 6, 7, 8, 9, 10, 11, 12], "demand": [1.0, 1.0, 1.0, 1.0, 1.0, 1.0, 1.0, 1.0, 1.0, 1.0, 1.0, 1.0], "solar_supply": [0.608965, 0.879495, 1.245045, 1.607078, 1.896907, 2.171339, 2.180839, 1.876408, 1.468795, 0.972192, 0.640495, 0.514186], "wind_supply": [1.778369, 1.766769, 1.669725, 1.756224, 1.556167, 1.447743, 1.108796, 1.103557, 1.281536, 1.527936, 1.731577, 1.910107], "mix_supply": [1.300222, 1.376842, 1.429521, 1.595819, 1.560642, 1.577961, 1.369074, 1.271419, 1.256282, 1.256317, 1.280753, 1.35317], "mix_storage": [0.080898, 0.080259, 0.080824, 0.083493, 0.087034, 0.088597, 0.088796, 0.086904, 0.084538, 0.081408, 0.079657, 0.080929], "mix_s_tot": 0.091745}, "series_real": {"months": [1, 2, 3, 4, 5, 6, 7, 8, 9, 10, 11, 12], "demand_TWh": [1.467841, 1.237226, 1.379494, 1.254013, 1.278928, 1.242223, 1.339953, 1.337343, 1.223895, 1.308783, 1.31182, 1.451623], "supply_TWh_nocap": [1.746541, 1.68733, 1.920522, 2.07509, 2.097005, 2.052197, 1.839598, 1.708381, 1.633842, 1.688088, 1.665134, 1.817947], "supply_TWh_1pct": [1.746541, 1.68733, 1.920522, 2.07509, 2.097005, 2.052197, 1.839598, 1.708381, 1.633842, 1.688088, 1.665134, 1.817947], "supply_TWh_oilgas2x": [1.746541, 1.68733, 1.920522, 2.07509, 2.097005, 2.052197, 1.839598, 1.708381, 1.633842, 1.688088, 1.665134, 1.817947], "supply_TWh_oilgas_all": [1.746541, 1.68733, 1.920522, 2.07509, 2.097005, 2.052197, 1.839598, 1.708381, 1.633842, 1.688088, 1.665134, 1.817947]}, "consumption_TWh": 15.824387}, "nldas": {"real": {"annual_consumption_TWh": 15.824387, "state_land_km2": 253483.963842, "mix_solar_nameplate_GW": 2.954524, "mix_wind_nameplate_GW": 5.311522, "mix_capacity_TWh": 72.410566, "mix_land_km2": 151.599358, "mix_land_pct": 0.059806, "solar_land_pct": 0.158721, "wind_land_pct": 0.029631, "caps": {"1pct": {"label": "1% of land (NREL)", "cap_pct": 1.0, "feasible": true, "storage_TWh": 1.287858, "supply_capped_TWh": null, "shortfall_TWh": 0.0}, "oilgas2x": {"label": "1.88% (2\u00d7 onshore oil & gas)", "cap_pct": 1.8800000000000001, "feasible": true, "storage_TWh": 1.287858, "supply_capped_TWh": null, "shortfall_TWh": 0.0}, "oilgas_all": {"label": "5% (all onshore oil & gas land)", "cap_pct": 5.0, "feasible": true, "storage_TWh": 1.287858, "supply_capped_TWh": null, "shortfall_TWh": 0.0}}}, "metrics": {"solar_cf": 0.188682, "wind_cf": 0.314862, "solar_f_adj": 1.260709, "wind_f_adj": 1.309169, "mix_alpha": 0.25, "mix_f_adj": 1.234398, "solar_s_tot_pct": 23.157921, "wind_s_tot_pct": 13.537154, "mix_s_tot_pct": 8.138439, "solar_s_seasonal_pct": 21.561347, "solar_s_diurnal_pct": 1.596574, "wind_s_seasonal_pct": 13.168357, "wind_s_diurnal_pct": 0.368797, "solar_flaute_days": 0.75, "wind_flaute_days": 6.708333, "solar_gap30d_max": 0.703586, "wind_gap30d_max": 0.693378, "solar_trend_pct_decade": 0.308576, "wind_trend_pct_decade": 0.256669}, "series_real": {"months": [1, 2, 3, 4, 5, 6, 7, 8, 9, 10, 11, 12], "demand_TWh": [1.468516, 1.23722, 1.379914, 1.254208, 1.27912, 1.242216, 1.340154, 1.337543, 1.223889, 1.308979, 1.312234, 1.452066], "supply_TWh_nocap": [1.682891, 1.599207, 1.81349, 1.890994, 1.828267, 1.687891, 1.380592, 1.319337, 1.402478, 1.614442, 1.598556, 1.729851], "supply_TWh_1pct": [1.682891, 1.599207, 1.81349, 1.890994, 1.828267, 1.687891, 1.380592, 1.319337, 1.402478, 1.614442, 1.598556, 1.729851], "supply_TWh_oilgas2x": [1.682891, 1.599207, 1.81349, 1.890994, 1.828267, 1.687891, 1.380592, 1.319337, 1.402478, 1.614442, 1.598556, 1.729851], "supply_TWh_oilgas_all": [1.682891, 1.599207, 1.81349, 1.890994, 1.828267, 1.687891, 1.380592, 1.319337, 1.402478, 1.614442, 1.598556, 1.729851]}, "series_norm": {"months": [1, 2, 3, 4, 5, 6, 7, 8, 9, 10, 11, 12], "demand": [1.092655, 1.009482, 1.02673, 0.964305, 0.951734, 0.955085, 0.997146, 0.995204, 0.940994, 0.973951, 1.008918, 1.080415], "solar_supply": [0.600488, 0.850427, 1.233838, 1.51398, 1.805327, 1.977731, 1.988344, 1.689907, 1.331754, 0.940335, 0.650713, 0.523442], "wind_supply": [1.562822, 1.550796, 1.481001, 1.531899, 1.29873, 1.150553, 0.764353, 0.803205, 1.063843, 1.373165, 1.512767, 1.6389], "mix_supply": [1.252162, 1.304838, 1.349334, 1.453901, 1.360329, 1.297744, 1.027235, 0.981657, 1.078303, 1.201231, 1.229059, 1.287102], "mix_storage": [0.065921, 0.065771, 0.068122, 0.073439, 0.077807, 0.078327, 0.072628, 0.059445, 0.053273, 0.056427, 0.062909, 0.066148], "mix_s_tot": 0.081384}, "consumption_TWh": 15.824387}}, "usa": {"annual_consumption_TWh": 15.824387, "state_land_km2": 253483.963842, "mix_solar_nameplate_GW": 4.124631, "mix_wind_nameplate_GW": 5.603306, "mix_capacity_TWh": 85.21673, "mix_land_km2": 193.520769, "mix_land_pct": 0.076344, "solar_land_pct": 0.175472, "wind_land_pct": 0.035331, "mix_storage_TWh": 1.552736, "caps": {"1pct": {"label": "1% of land (NREL)", "cap_pct": 1.0, "feasible": true, "storage_TWh": 1.552736, "supply_capped_TWh": null, "shortfall_TWh": 0.0}, "oilgas2x": {"label": "1.88% (2\u00d7 onshore oil & gas)", "cap_pct": 1.8800000000000001, "feasible": true, "storage_TWh": 1.552736, "supply_capped_TWh": null, "shortfall_TWh": 0.0}, "oilgas_all": {"label": "5% (all onshore oil & gas land)", "cap_pct": 5.0, "feasible": true, "storage_TWh": 1.552736, "supply_capped_TWh": null, "shortfall_TWh": 0.0}}}, "pdf": "figures/614.pdf"}