{"id": 615, "name": "Nevada", "country": "United States of America", "level": "admin1", "continent": "North America", "metrics": {"solar_cf": 0.21, "wind_cf": 0.1907, "solar_f_adj": 1.2721, "wind_f_adj": 1.4227, "mix_alpha": 0.0, "mix_f_adj": 1.4227, "solar_s_tot_pct": 22.922, "wind_s_tot_pct": 18.4722, "mix_s_tot_pct": 18.4722, "solar_s_seasonal_pct": 21.4956, "solar_s_diurnal_pct": 1.4264, "wind_s_seasonal_pct": 18.0578, "wind_s_diurnal_pct": 0.4144, "solar_flaute_days": 1.75, "wind_flaute_days": 12.5, "solar_gap30d_max": 0.7026, "wind_gap30d_max": 0.8323, "solar_trend_pct_decade": -0.212, "wind_trend_pct_decade": 1.2318}, "colocation": {"k": [0, 17, 35, 50], "storage_pct_cons": [18.4722, 12.2763, 8.5304, 6.9596], "pick": ["base", "solar", "solar", "solar"], "usa_feasible": {"1pct": [true, true, true, true], "oilgas2x": [true, true, true, true], "oilgas_all": [true, true, true, true]}}, "datasets": {"gldas": {"series_norm": {"months": [1, 2, 3, 4, 5, 6, 7, 8, 9, 10, 11, 12], "demand": [1.0, 1.0, 1.0, 1.0, 1.0, 1.0, 1.0, 1.0, 1.0, 1.0, 1.0, 1.0], "solar_supply": [0.611908, 0.838579, 1.149873, 1.521361, 1.809534, 2.007845, 1.940508, 1.738406, 1.422447, 1.005181, 0.670184, 0.52775], "wind_supply": [1.099914, 1.449679, 1.78225, 2.092858, 1.903886, 1.750302, 1.302111, 1.155047, 1.144414, 1.115122, 1.080593, 1.211081], "mix_supply": [1.099914, 1.449679, 1.78225, 2.092858, 1.903886, 1.750302, 1.302111, 1.155047, 1.144414, 1.115122, 1.080593, 1.211081], "mix_storage": [0.105019, 0.10228, 0.121205, 0.154795, 0.173021, 0.177225, 0.173243, 0.162246, 0.149761, 0.136849, 0.121436, 0.10744], "mix_s_tot": 0.184722}, "series_real": {"months": [1, 2, 3, 4, 5, 6, 7, 8, 9, 10, 11, 12], "demand_TWh": [2.651794, 2.16006, 2.514243, 2.392751, 2.920419, 3.375504, 4.093252, 3.936244, 3.193861, 2.740915, 2.381214, 2.697584], "supply_TWh_nocap": [1.829748, 2.280898, 3.401988, 4.323215, 5.237568, 5.579463, 5.520678, 4.944219, 3.940734, 2.916891, 1.924064, 1.612396], "supply_TWh_1pct": [1.829748, 2.280898, 3.401988, 4.323215, 5.237568, 5.579463, 5.520678, 4.944219, 3.940734, 2.916891, 1.924064, 1.612396], "supply_TWh_oilgas2x": [1.829748, 2.280898, 3.401988, 4.323215, 5.237568, 5.579463, 5.520678, 4.944219, 3.940734, 2.916891, 1.924064, 1.612396], "supply_TWh_oilgas_all": [1.829748, 2.280898, 3.401988, 4.323215, 5.237568, 5.579463, 5.520678, 4.944219, 3.940734, 2.916891, 1.924064, 1.612396]}, "consumption_TWh": 35.038456}, "nldas": null}, "usa": {"annual_consumption_TWh": 35.038456, "state_land_km2": 287085.613242, "mix_solar_nameplate_GW": 22.457011, "mix_wind_nameplate_GW": 1.301568, "mix_capacity_TWh": 208.125152, "mix_land_km2": 761.582705, "mix_land_pct": 0.265281, "solar_land_pct": 0.277721, "wind_land_pct": 0.104571, "mix_storage_TWh": 5.432958, "caps": {"1pct": {"label": "1% of land (NREL)", "cap_pct": 1.0, "feasible": true, "storage_TWh": 5.432958, "supply_capped_TWh": null, "shortfall_TWh": 0.0}, "oilgas2x": {"label": "1.88% (2\u00d7 onshore oil & gas)", "cap_pct": 1.8800000000000001, "feasible": true, "storage_TWh": 5.432958, "supply_capped_TWh": null, "shortfall_TWh": 0.0}, "oilgas_all": {"label": "5% (all onshore oil & gas land)", "cap_pct": 5.0, "feasible": true, "storage_TWh": 5.432958, "supply_capped_TWh": null, "shortfall_TWh": 0.0}}}, "pdf": "figures/615.pdf"}