{"id": 615, "name": "Nevada", "country": "United States of America", "level": "admin1", "continent": "North America", "metrics": {"solar_cf": 0.21, "wind_cf": 0.1907, "solar_f_adj": 1.2721, "wind_f_adj": 1.4227, "mix_alpha": 0.0, "mix_f_adj": 1.4227, "solar_s_tot_pct": 22.922, "wind_s_tot_pct": 18.4722, "mix_s_tot_pct": 18.4722, "solar_s_seasonal_pct": 21.4956, "solar_s_diurnal_pct": 1.4264, "wind_s_seasonal_pct": 18.0578, "wind_s_diurnal_pct": 0.4144, "solar_flaute_days": 1.75, "wind_flaute_days": 12.5, "solar_gap30d_max": 0.7026, "wind_gap30d_max": 0.8323, "solar_trend_pct_decade": -0.212, "wind_trend_pct_decade": 1.2318}, "colocation": {"k": [0, 17, 35, 50], "storage_pct_cons": [18.4722, 12.2763, 8.5304, 6.9596], "pick": ["base", "solar", "solar", "solar"], "usa_feasible": {"1pct": [true, true, true, true], "oilgas2x": [true, true, true, true], "oilgas_all": [true, true, true, true]}}, "datasets": {"gldas": {"series_norm": {"months": [1, 2, 3, 4, 5, 6, 7, 8, 9, 10, 11, 12], "demand": [1.0, 1.0, 1.0, 1.0, 1.0, 1.0, 1.0, 1.0, 1.0, 1.0, 1.0, 1.0], "solar_supply": [0.611908, 0.838579, 1.149873, 1.521361, 1.809534, 2.007845, 1.940508, 1.738406, 1.422447, 1.005181, 0.670184, 0.52775], "wind_supply": [1.099914, 1.449679, 1.78225, 2.092858, 1.903886, 1.750302, 1.302111, 1.155047, 1.144414, 1.115122, 1.080593, 1.211081], "mix_supply": [1.099914, 1.449679, 1.78225, 2.092858, 1.903886, 1.750302, 1.302111, 1.155047, 1.144414, 1.115122, 1.080593, 1.211081], "mix_storage": [0.105019, 0.10228, 0.121205, 0.154795, 0.173021, 0.177225, 0.173243, 0.162246, 0.149761, 0.136849, 0.121436, 0.10744], "mix_s_tot": 0.184722}, "series_real": {"months": [1, 2, 3, 4, 5, 6, 7, 8, 9, 10, 11, 12], "demand_TWh": [2.651794, 2.16006, 2.514243, 2.392751, 2.920419, 3.375504, 4.093252, 3.936244, 3.193861, 2.740915, 2.381214, 2.697584], "supply_TWh_nocap": [1.829748, 2.280898, 3.401988, 4.323215, 5.237568, 5.579463, 5.520678, 4.944219, 3.940734, 2.916891, 1.924064, 1.612396], "supply_TWh_1pct": [1.829748, 2.280898, 3.401988, 4.323215, 5.237568, 5.579463, 5.520678, 4.944219, 3.940734, 2.916891, 1.924064, 1.612396], "supply_TWh_oilgas2x": [1.829748, 2.280898, 3.401988, 4.323215, 5.237568, 5.579463, 5.520678, 4.944219, 3.940734, 2.916891, 1.924064, 1.612396], "supply_TWh_oilgas_all": [1.829748, 2.280898, 3.401988, 4.323215, 5.237568, 5.579463, 5.520678, 4.944219, 3.940734, 2.916891, 1.924064, 1.612396]}, "consumption_TWh": 35.038456}, "nldas": {"real": {"annual_consumption_TWh": 35.038456, "state_land_km2": 287085.613242, "mix_solar_nameplate_GW": 16.878344, "mix_wind_nameplate_GW": 5.099927, "mix_capacity_TWh": 192.529659, "mix_land_km2": 613.610747, "mix_land_pct": 0.213738, "solar_land_pct": 0.269199, "wind_land_pct": 0.074921, "caps": {"1pct": {"label": "1% of land (NREL)", "cap_pct": 1.0, "feasible": true, "storage_TWh": 4.689232, "supply_capped_TWh": null, "shortfall_TWh": 0.0}, "oilgas2x": {"label": "1.88% (2\u00d7 onshore oil & gas)", "cap_pct": 1.8800000000000001, "feasible": true, "storage_TWh": 4.689232, "supply_capped_TWh": null, "shortfall_TWh": 0.0}, "oilgas_all": {"label": "5% (all onshore oil & gas land)", "cap_pct": 5.0, "feasible": true, "storage_TWh": 4.689232, "supply_capped_TWh": null, "shortfall_TWh": 0.0}}}, "metrics": {"solar_cf": 0.211087, "wind_cf": 0.232866, "solar_f_adj": 1.223566, "wind_f_adj": 1.252227, "mix_alpha": 0.75, "mix_f_adj": 1.187652, "solar_s_tot_pct": 15.410116, "wind_s_tot_pct": 21.982589, "mix_s_tot_pct": 13.383101, "solar_s_seasonal_pct": 13.819792, "solar_s_diurnal_pct": 1.590324, "wind_s_seasonal_pct": 21.723999, "wind_s_diurnal_pct": 0.25859, "solar_flaute_days": 0.75, "wind_flaute_days": 8.0, "solar_gap30d_max": 0.696665, "wind_gap30d_max": 0.693846, "solar_trend_pct_decade": 0.080585, "wind_trend_pct_decade": -0.974868}, "series_real": {"months": [1, 2, 3, 4, 5, 6, 7, 8, 9, 10, 11, 12], "demand_TWh": [2.653054, 2.160081, 2.515048, 2.393157, 2.9209, 3.375536, 4.093927, 3.936892, 3.193892, 2.741367, 2.382, 2.698447], "supply_TWh_nocap": [2.034089, 2.461485, 3.614804, 4.340733, 4.855067, 4.848971, 4.631518, 4.198545, 3.53595, 2.930489, 2.173887, 2.018647], "supply_TWh_1pct": [2.034089, 2.461485, 3.614804, 4.340733, 4.855067, 4.848971, 4.631518, 4.198545, 3.53595, 2.930489, 2.173887, 2.018647], "supply_TWh_oilgas2x": [2.034089, 2.461485, 3.614804, 4.340733, 4.855067, 4.848971, 4.631518, 4.198545, 3.53595, 2.930489, 2.173887, 2.018647], "supply_TWh_oilgas_all": [2.034089, 2.461485, 3.614804, 4.340733, 4.855067, 4.848971, 4.631518, 4.198545, 3.53595, 2.930489, 2.173887, 2.018647]}, "series_norm": {"months": [1, 2, 3, 4, 5, 6, 7, 8, 9, 10, 11, 12], "demand": [0.891522, 0.795983, 0.845147, 0.830994, 0.981528, 1.172113, 1.375708, 1.322939, 1.109039, 0.921199, 0.82712, 0.906776], "solar_supply": [0.580416, 0.809259, 1.146498, 1.494558, 1.751538, 1.887193, 1.8352, 1.622985, 1.349174, 0.983151, 0.662592, 0.539838], "wind_supply": [1.100735, 1.340827, 1.602945, 1.768174, 1.503043, 1.306977, 0.92936, 0.967295, 1.035961, 1.134632, 1.149253, 1.203434], "mix_supply": [0.683528, 0.90705, 1.214705, 1.507265, 1.631479, 1.683745, 1.556358, 1.410864, 1.227814, 0.984751, 0.754855, 0.678339], "mix_storage": [0.017147, 0.001103, 0.009373, 0.040628, 0.079936, 0.106852, 0.113221, 0.102545, 0.092077, 0.083504, 0.068951, 0.042931], "mix_s_tot": 0.133831}, "consumption_TWh": 35.038456}}, "usa": {"annual_consumption_TWh": 35.038456, "state_land_km2": 287085.613242, "mix_solar_nameplate_GW": 22.457011, "mix_wind_nameplate_GW": 1.301568, "mix_capacity_TWh": 208.125152, "mix_land_km2": 761.582705, "mix_land_pct": 0.265281, "solar_land_pct": 0.277721, "wind_land_pct": 0.104571, "mix_storage_TWh": 5.432958, "caps": {"1pct": {"label": "1% of land (NREL)", "cap_pct": 1.0, "feasible": true, "storage_TWh": 5.432958, "supply_capped_TWh": null, "shortfall_TWh": 0.0}, "oilgas2x": {"label": "1.88% (2\u00d7 onshore oil & gas)", "cap_pct": 1.8800000000000001, "feasible": true, "storage_TWh": 5.432958, "supply_capped_TWh": null, "shortfall_TWh": 0.0}, "oilgas_all": {"label": "5% (all onshore oil & gas land)", "cap_pct": 5.0, "feasible": true, "storage_TWh": 5.432958, "supply_capped_TWh": null, "shortfall_TWh": 0.0}}}, "pdf": "figures/615.pdf"}