{"id": 616, "name": "Colorado", "country": "United States of America", "level": "admin1", "continent": "North America", "metrics": {"solar_cf": 0.2016, "wind_cf": 0.2308, "solar_f_adj": 1.2684, "wind_f_adj": 1.4501, "mix_alpha": 0.4, "mix_f_adj": 1.2958, "solar_s_tot_pct": 21.9271, "wind_s_tot_pct": 18.257, "mix_s_tot_pct": 12.6155, "solar_s_seasonal_pct": 20.9381, "solar_s_diurnal_pct": 0.989, "wind_s_seasonal_pct": 18.143, "wind_s_diurnal_pct": 0.114, "solar_flaute_days": 0.75, "wind_flaute_days": 6.0, "solar_gap30d_max": 0.6934, "wind_gap30d_max": 0.7356, "solar_trend_pct_decade": -0.1011, "wind_trend_pct_decade": 8.8592}, "colocation": {"k": [0, 17, 35, 50], "storage_pct_cons": [12.6155, 5.5961, 2.5981, 2.0656], "pick": ["base", "wind", "wind", "solar"], "usa_feasible": {"1pct": [true, true, true, true], "oilgas2x": [true, true, true, true], "oilgas_all": [true, true, true, true]}}, "datasets": {"gldas": {"series_norm": {"months": [1, 2, 3, 4, 5, 6, 7, 8, 9, 10, 11, 12], "demand": [1.0, 1.0, 1.0, 1.0, 1.0, 1.0, 1.0, 1.0, 1.0, 1.0, 1.0, 1.0], "solar_supply": [0.649471, 0.876819, 1.189255, 1.521872, 1.777019, 1.975513, 1.875168, 1.659501, 1.385637, 1.009159, 0.710939, 0.572397], "wind_supply": [1.331983, 1.514545, 1.674419, 1.979527, 1.722736, 1.624263, 1.082891, 1.022346, 1.246806, 1.413597, 1.369083, 1.438482], "mix_supply": [0.979516, 1.170295, 1.38368, 1.683176, 1.649762, 1.678077, 1.346824, 1.226236, 1.234669, 1.170251, 1.024525, 1.00512], "mix_storage": [0.078354, 0.071971, 0.080213, 0.099434, 0.112162, 0.119459, 0.120589, 0.116483, 0.11327, 0.110548, 0.101744, 0.089057], "mix_s_tot": 0.126155}, "series_real": {"months": [1, 2, 3, 4, 5, 6, 7, 8, 9, 10, 11, 12], "demand_TWh": [4.479381, 3.724153, 4.220409, 3.844519, 4.165508, 4.379905, 5.16392, 5.174627, 4.446545, 4.271026, 4.02683, 4.502035], "supply_TWh_nocap": [3.774243, 4.249311, 5.732053, 6.855865, 7.363459, 7.488489, 6.635576, 5.971201, 5.413145, 4.853568, 3.86588, 3.735203], "supply_TWh_1pct": [3.774243, 4.249311, 5.732053, 6.855865, 7.363459, 7.488489, 6.635576, 5.971201, 5.413145, 4.853568, 3.86588, 3.735203], "supply_TWh_oilgas2x": [3.774243, 4.249311, 5.732053, 6.855865, 7.363459, 7.488489, 6.635576, 5.971201, 5.413145, 4.853568, 3.86588, 3.735203], "supply_TWh_oilgas_all": [3.774243, 4.249311, 5.732053, 6.855865, 7.363459, 7.488489, 6.635576, 5.971201, 5.413145, 4.853568, 3.86588, 3.735203]}, "consumption_TWh": 52.369886}, "nldas": null}, "usa": {"annual_consumption_TWh": 52.369886, "state_land_km2": 269201.074629, "mix_solar_nameplate_GW": 22.390147, "mix_wind_nameplate_GW": 13.038283, "mix_capacity_TWh": 310.353054, "mix_land_km2": 876.721082, "mix_land_pct": 0.325675, "solar_land_pct": 0.463759, "wind_land_pct": 0.140125, "mix_storage_TWh": 7.654854, "caps": {"1pct": {"label": "1% of land (NREL)", "cap_pct": 1.0, "feasible": true, "storage_TWh": 7.654854, "supply_capped_TWh": null, "shortfall_TWh": 0.0}, "oilgas2x": {"label": "1.88% (2\u00d7 onshore oil & gas)", "cap_pct": 1.8800000000000001, "feasible": true, "storage_TWh": 7.654854, "supply_capped_TWh": null, "shortfall_TWh": 0.0}, "oilgas_all": {"label": "5% (all onshore oil & gas land)", "cap_pct": 5.0, "feasible": true, "storage_TWh": 7.654854, "supply_capped_TWh": null, "shortfall_TWh": 0.0}}}, "pdf": "figures/616.pdf"}