{"id": 616, "name": "Colorado", "country": "United States of America", "level": "admin1", "continent": "North America", "metrics": {"solar_cf": 0.2016, "wind_cf": 0.2308, "solar_f_adj": 1.2684, "wind_f_adj": 1.4501, "mix_alpha": 0.4, "mix_f_adj": 1.2958, "solar_s_tot_pct": 21.9271, "wind_s_tot_pct": 18.257, "mix_s_tot_pct": 12.6155, "solar_s_seasonal_pct": 20.9381, "solar_s_diurnal_pct": 0.989, "wind_s_seasonal_pct": 18.143, "wind_s_diurnal_pct": 0.114, "solar_flaute_days": 0.75, "wind_flaute_days": 6.0, "solar_gap30d_max": 0.6934, "wind_gap30d_max": 0.7356, "solar_trend_pct_decade": -0.1011, "wind_trend_pct_decade": 8.8592}, "colocation": {"k": [0, 17, 35, 50], "storage_pct_cons": [12.6155, 5.5961, 2.5981, 2.0656], "pick": ["base", "wind", "wind", "solar"], "usa_feasible": {"1pct": [true, true, true, true], "oilgas2x": [true, true, true, true], "oilgas_all": [true, true, true, true]}}, "datasets": {"gldas": {"series_norm": {"months": [1, 2, 3, 4, 5, 6, 7, 8, 9, 10, 11, 12], "demand": [1.0, 1.0, 1.0, 1.0, 1.0, 1.0, 1.0, 1.0, 1.0, 1.0, 1.0, 1.0], "solar_supply": [0.649471, 0.876819, 1.189255, 1.521872, 1.777019, 1.975513, 1.875168, 1.659501, 1.385637, 1.009159, 0.710939, 0.572397], "wind_supply": [1.331983, 1.514545, 1.674419, 1.979527, 1.722736, 1.624263, 1.082891, 1.022346, 1.246806, 1.413597, 1.369083, 1.438482], "mix_supply": [0.979516, 1.170295, 1.38368, 1.683176, 1.649762, 1.678077, 1.346824, 1.226236, 1.234669, 1.170251, 1.024525, 1.00512], "mix_storage": [0.078354, 0.071971, 0.080213, 0.099434, 0.112162, 0.119459, 0.120589, 0.116483, 0.11327, 0.110548, 0.101744, 0.089057], "mix_s_tot": 0.126155}, "series_real": {"months": [1, 2, 3, 4, 5, 6, 7, 8, 9, 10, 11, 12], "demand_TWh": [4.479381, 3.724153, 4.220409, 3.844519, 4.165508, 4.379905, 5.16392, 5.174627, 4.446545, 4.271026, 4.02683, 4.502035], "supply_TWh_nocap": [3.774243, 4.249311, 5.732053, 6.855865, 7.363459, 7.488489, 6.635576, 5.971201, 5.413145, 4.853568, 3.86588, 3.735203], "supply_TWh_1pct": [3.774243, 4.249311, 5.732053, 6.855865, 7.363459, 7.488489, 6.635576, 5.971201, 5.413145, 4.853568, 3.86588, 3.735203], "supply_TWh_oilgas2x": [3.774243, 4.249311, 5.732053, 6.855865, 7.363459, 7.488489, 6.635576, 5.971201, 5.413145, 4.853568, 3.86588, 3.735203], "supply_TWh_oilgas_all": [3.774243, 4.249311, 5.732053, 6.855865, 7.363459, 7.488489, 6.635576, 5.971201, 5.413145, 4.853568, 3.86588, 3.735203]}, "consumption_TWh": 52.369886}, "nldas": {"real": {"annual_consumption_TWh": 52.369886, "state_land_km2": 269201.074629, "mix_solar_nameplate_GW": 12.851352, "mix_wind_nameplate_GW": 17.715176, "mix_capacity_TWh": 267.762793, "mix_land_km2": 605.530179, "mix_land_pct": 0.224936, "solar_land_pct": 0.457242, "wind_land_pct": 0.11016, "caps": {"1pct": {"label": "1% of land (NREL)", "cap_pct": 1.0, "feasible": true, "storage_TWh": 5.464617, "supply_capped_TWh": null, "shortfall_TWh": 0.0}, "oilgas2x": {"label": "1.88% (2\u00d7 onshore oil & gas)", "cap_pct": 1.8800000000000001, "feasible": true, "storage_TWh": 5.464617, "supply_capped_TWh": null, "shortfall_TWh": 0.0}, "oilgas_all": {"label": "5% (all onshore oil & gas land)", "cap_pct": 5.0, "feasible": true, "storage_TWh": 5.464617, "supply_capped_TWh": null, "shortfall_TWh": 0.0}}}, "metrics": {"solar_cf": 0.201871, "wind_cf": 0.271971, "solar_f_adj": 1.246926, "wind_f_adj": 1.349105, "mix_alpha": 0.35, "mix_f_adj": 1.239873, "solar_s_tot_pct": 17.824161, "wind_s_tot_pct": 18.086249, "mix_s_tot_pct": 10.434656, "solar_s_seasonal_pct": 16.125906, "solar_s_diurnal_pct": 1.698255, "wind_s_seasonal_pct": 17.896625, "wind_s_diurnal_pct": 0.189624, "solar_flaute_days": 0.708333, "wind_flaute_days": 5.833333, "solar_gap30d_max": 0.679347, "wind_gap30d_max": 0.667732, "solar_trend_pct_decade": 0.102539, "wind_trend_pct_decade": -0.501224}, "series_real": {"months": [1, 2, 3, 4, 5, 6, 7, 8, 9, 10, 11, 12], "demand_TWh": [4.48147, 3.724156, 4.221722, 3.845138, 4.166158, 4.379909, 5.164726, 5.175435, 4.446549, 4.271692, 4.028124, 4.503436], "supply_TWh_nocap": [4.679686, 5.028189, 6.286822, 7.067329, 6.75643, 6.217263, 4.698452, 4.563007, 4.862509, 5.261767, 4.686183, 4.872245], "supply_TWh_1pct": [4.679686, 5.028189, 6.286822, 7.067329, 6.75643, 6.217263, 4.698452, 4.563007, 4.862509, 5.261767, 4.686183, 4.872245], "supply_TWh_oilgas2x": [4.679686, 5.028189, 6.286822, 7.067329, 6.75643, 6.217263, 4.698452, 4.563007, 4.862509, 5.261767, 4.686183, 4.872245], "supply_TWh_oilgas_all": [4.679686, 5.028189, 6.286822, 7.067329, 6.75643, 6.217263, 4.698452, 4.563007, 4.862509, 5.261767, 4.686183, 4.872245]}, "series_norm": {"months": [1, 2, 3, 4, 5, 6, 7, 8, 9, 10, 11, 12], "demand": [1.007558, 0.918174, 0.949159, 0.89331, 0.936667, 1.017548, 1.161173, 1.16358, 1.03303, 0.960394, 0.935821, 1.012496], "solar_supply": [0.661932, 0.896655, 1.199161, 1.490163, 1.76345, 1.911523, 1.770223, 1.57811, 1.32612, 1.020189, 0.73028, 0.59962], "wind_supply": [1.37562, 1.552842, 1.667502, 1.880383, 1.515498, 1.304309, 0.737008, 0.797954, 1.118483, 1.385978, 1.397037, 1.484394], "mix_supply": [1.052122, 1.239678, 1.413451, 1.641895, 1.519032, 1.444406, 1.056341, 1.02589, 1.129667, 1.18299, 1.088702, 1.095415], "mix_storage": [0.060439, 0.062264, 0.076271, 0.094241, 0.101454, 0.102379, 0.091417, 0.065857, 0.051998, 0.056163, 0.061802, 0.061147], "mix_s_tot": 0.104347}, "consumption_TWh": 52.369886}}, "usa": {"annual_consumption_TWh": 52.369886, "state_land_km2": 269201.074629, "mix_solar_nameplate_GW": 22.390147, "mix_wind_nameplate_GW": 13.038283, "mix_capacity_TWh": 310.353054, "mix_land_km2": 876.721082, "mix_land_pct": 0.325675, "solar_land_pct": 0.463759, "wind_land_pct": 0.140125, "mix_storage_TWh": 7.654854, "caps": {"1pct": {"label": "1% of land (NREL)", "cap_pct": 1.0, "feasible": true, "storage_TWh": 7.654854, "supply_capped_TWh": null, "shortfall_TWh": 0.0}, "oilgas2x": {"label": "1.88% (2\u00d7 onshore oil & gas)", "cap_pct": 1.8800000000000001, "feasible": true, "storage_TWh": 7.654854, "supply_capped_TWh": null, "shortfall_TWh": 0.0}, "oilgas_all": {"label": "5% (all onshore oil & gas land)", "cap_pct": 5.0, "feasible": true, "storage_TWh": 7.654854, "supply_capped_TWh": null, "shortfall_TWh": 0.0}}}, "siting": {"scenarios": [{"key": "today", "label": "1.00\u00d7 \u2014 today (EIA)", "land_pct": 0.0413, "solar_share": 0.0, "feasible": {"1pct": true, "oilgas2x": true, "oilgas_all": true}}, {"key": "2030ref", "label": "1.14\u00d7 \u2014 2030 reference (Goldman)", "land_pct": 0.0471, "solar_share": 0.0, "feasible": {"1pct": true, "oilgas2x": true, "oilgas_all": true}}, {"key": "2030hi", "label": "1.25\u00d7 \u2014 2030 high-AI (EPRI)", "land_pct": 0.0517, "solar_share": 0.0, "feasible": {"1pct": true, "oilgas2x": true, "oilgas_all": true}}], "land_pct_today": 0.0413}, "pdf": "figures/616.pdf"}