{"id": 617, "name": "South Dakota", "country": "United States of America", "level": "admin1", "continent": "North America", "metrics": {"solar_cf": 0.1666, "wind_cf": 0.418, "solar_f_adj": 1.2815, "wind_f_adj": 1.2608, "mix_alpha": 0.25, "mix_f_adj": 1.2141, "solar_s_tot_pct": 25.4266, "wind_s_tot_pct": 9.8756, "mix_s_tot_pct": 8.6786, "solar_s_seasonal_pct": 24.4908, "solar_s_diurnal_pct": 0.9359, "wind_s_seasonal_pct": 9.9077, "wind_s_diurnal_pct": -0.032, "solar_flaute_days": 1.75, "wind_flaute_days": 6.125, "solar_gap30d_max": 0.7275, "wind_gap30d_max": 0.5835, "solar_trend_pct_decade": -0.9466, "wind_trend_pct_decade": 4.011}, "colocation": {"k": [0, 17, 35, 50], "storage_pct_cons": [8.6786, 4.059, 3.4418, 2.9188], "pick": ["base", "wind", "solar", "solar"], "usa_feasible": {"1pct": [true, true, true, true], "oilgas2x": [true, true, true, true], "oilgas_all": [true, true, true, true]}}, "datasets": {"gldas": {"series_norm": {"months": [1, 2, 3, 4, 5, 6, 7, 8, 9, 10, 11, 12], "demand": [1.0, 1.0, 1.0, 1.0, 1.0, 1.0, 1.0, 1.0, 1.0, 1.0, 1.0, 1.0], "solar_supply": [0.557716, 0.829967, 1.173542, 1.547877, 1.839034, 2.077856, 2.138848, 1.825407, 1.407177, 0.908409, 0.588815, 0.4588], "wind_supply": [1.266794, 1.253144, 1.329973, 1.504476, 1.344709, 1.150709, 1.026145, 1.063899, 1.246572, 1.375555, 1.297624, 1.274812], "mix_supply": [1.046987, 1.101614, 1.238478, 1.45317, 1.406747, 1.323206, 1.247691, 1.200717, 1.233584, 1.208599, 1.076619, 1.029349], "mix_storage": [0.060819, 0.0557, 0.056748, 0.067001, 0.07873, 0.08218, 0.082645, 0.081213, 0.081268, 0.081057, 0.076924, 0.069723], "mix_s_tot": 0.086786}, "series_real": {"months": [1, 2, 3, 4, 5, 6, 7, 8, 9, 10, 11, 12], "demand_TWh": [1.101284, 0.936381, 0.989225, 0.867192, 0.853555, 0.886982, 1.041655, 1.06129, 0.916126, 0.883686, 0.8913, 1.052101], "supply_TWh_nocap": [0.985079, 0.959246, 1.197011, 1.369578, 1.390966, 1.287062, 1.264908, 1.202967, 1.168355, 1.153755, 0.981335, 0.963132], "supply_TWh_1pct": [0.985079, 0.959246, 1.197011, 1.369578, 1.390966, 1.287062, 1.264908, 1.202967, 1.168355, 1.153755, 0.981335, 0.963132], "supply_TWh_oilgas2x": [0.985079, 0.959246, 1.197011, 1.369578, 1.390966, 1.287062, 1.264908, 1.202967, 1.168355, 1.153755, 0.981335, 0.963132], "supply_TWh_oilgas_all": [0.985079, 0.959246, 1.197011, 1.369578, 1.390966, 1.287062, 1.264908, 1.202967, 1.168355, 1.153755, 0.981335, 0.963132]}, "consumption_TWh": 11.47443}, "nldas": null}, "usa": {"annual_consumption_TWh": 11.47443, "state_land_km2": 199304.648306, "mix_solar_nameplate_GW": 2.860635, "mix_wind_nameplate_GW": 2.660345, "mix_capacity_TWh": 48.363786, "mix_land_km2": 121.957953, "mix_land_pct": 0.061192, "solar_land_pct": 0.168604, "wind_land_pct": 0.019863, "mix_storage_TWh": 1.181947, "caps": {"1pct": {"label": "1% of land (NREL)", "cap_pct": 1.0, "feasible": true, "storage_TWh": 1.181947, "supply_capped_TWh": null, "shortfall_TWh": 0.0}, "oilgas2x": {"label": "1.88% (2\u00d7 onshore oil & gas)", "cap_pct": 1.8800000000000001, "feasible": true, "storage_TWh": 1.181947, "supply_capped_TWh": null, "shortfall_TWh": 0.0}, "oilgas_all": {"label": "5% (all onshore oil & gas land)", "cap_pct": 5.0, "feasible": true, "storage_TWh": 1.181947, "supply_capped_TWh": null, "shortfall_TWh": 0.0}}}, "pdf": "figures/617.pdf"}