{"id": 617, "name": "South Dakota", "country": "United States of America", "level": "admin1", "continent": "North America", "metrics": {"solar_cf": 0.1666, "wind_cf": 0.418, "solar_f_adj": 1.2815, "wind_f_adj": 1.2608, "mix_alpha": 0.25, "mix_f_adj": 1.2141, "solar_s_tot_pct": 25.4266, "wind_s_tot_pct": 9.8756, "mix_s_tot_pct": 8.6786, "solar_s_seasonal_pct": 24.4908, "solar_s_diurnal_pct": 0.9359, "wind_s_seasonal_pct": 9.9077, "wind_s_diurnal_pct": -0.032, "solar_flaute_days": 1.75, "wind_flaute_days": 6.125, "solar_gap30d_max": 0.7275, "wind_gap30d_max": 0.5835, "solar_trend_pct_decade": -0.9466, "wind_trend_pct_decade": 4.011}, "colocation": {"k": [0, 17, 35, 50], "storage_pct_cons": [8.6786, 4.059, 3.4418, 2.9188], "pick": ["base", "wind", "solar", "solar"], "usa_feasible": {"1pct": [true, true, true, true], "oilgas2x": [true, true, true, true], "oilgas_all": [true, true, true, true]}}, "datasets": {"gldas": {"series_norm": {"months": [1, 2, 3, 4, 5, 6, 7, 8, 9, 10, 11, 12], "demand": [1.0, 1.0, 1.0, 1.0, 1.0, 1.0, 1.0, 1.0, 1.0, 1.0, 1.0, 1.0], "solar_supply": [0.557716, 0.829967, 1.173542, 1.547877, 1.839034, 2.077856, 2.138848, 1.825407, 1.407177, 0.908409, 0.588815, 0.4588], "wind_supply": [1.266794, 1.253144, 1.329973, 1.504476, 1.344709, 1.150709, 1.026145, 1.063899, 1.246572, 1.375555, 1.297624, 1.274812], "mix_supply": [1.046987, 1.101614, 1.238478, 1.45317, 1.406747, 1.323206, 1.247691, 1.200717, 1.233584, 1.208599, 1.076619, 1.029349], "mix_storage": [0.060819, 0.0557, 0.056748, 0.067001, 0.07873, 0.08218, 0.082645, 0.081213, 0.081268, 0.081057, 0.076924, 0.069723], "mix_s_tot": 0.086786}, "series_real": {"months": [1, 2, 3, 4, 5, 6, 7, 8, 9, 10, 11, 12], "demand_TWh": [1.101284, 0.936381, 0.989225, 0.867192, 0.853555, 0.886982, 1.041655, 1.06129, 0.916126, 0.883686, 0.8913, 1.052101], "supply_TWh_nocap": [0.985079, 0.959246, 1.197011, 1.369578, 1.390966, 1.287062, 1.264908, 1.202967, 1.168355, 1.153755, 0.981335, 0.963132], "supply_TWh_1pct": [0.985079, 0.959246, 1.197011, 1.369578, 1.390966, 1.287062, 1.264908, 1.202967, 1.168355, 1.153755, 0.981335, 0.963132], "supply_TWh_oilgas2x": [0.985079, 0.959246, 1.197011, 1.369578, 1.390966, 1.287062, 1.264908, 1.202967, 1.168355, 1.153755, 0.981335, 0.963132], "supply_TWh_oilgas_all": [0.985079, 0.959246, 1.197011, 1.369578, 1.390966, 1.287062, 1.264908, 1.202967, 1.168355, 1.153755, 0.981335, 0.963132]}, "consumption_TWh": 11.47443}, "nldas": {"real": {"annual_consumption_TWh": 11.47443, "state_land_km2": 199304.648306, "mix_solar_nameplate_GW": 0.457302, "mix_wind_nameplate_GW": 4.13358, "mix_capacity_TWh": 40.216124, "mix_land_km2": 56.579194, "mix_land_pct": 0.028388, "solar_land_pct": 0.157223, "wind_land_pct": 0.022047, "caps": {"1pct": {"label": "1% of land (NREL)", "cap_pct": 1.0, "feasible": true, "storage_TWh": 1.149958, "supply_capped_TWh": null, "shortfall_TWh": 0.0}, "oilgas2x": {"label": "1.88% (2\u00d7 onshore oil & gas)", "cap_pct": 1.8800000000000001, "feasible": true, "storage_TWh": 1.149958, "supply_capped_TWh": null, "shortfall_TWh": 0.0}, "oilgas_all": {"label": "5% (all onshore oil & gas land)", "cap_pct": 5.0, "feasible": true, "storage_TWh": 1.149958, "supply_capped_TWh": null, "shortfall_TWh": 0.0}}}, "metrics": {"solar_cf": 0.17656, "wind_cf": 0.371127, "solar_f_adj": 1.267126, "wind_f_adj": 1.245001, "mix_alpha": 0.05, "mix_f_adj": 1.232816, "solar_s_tot_pct": 25.488701, "wind_s_tot_pct": 10.089356, "mix_s_tot_pct": 10.021921, "solar_s_seasonal_pct": 24.143995, "solar_s_diurnal_pct": 1.344706, "wind_s_seasonal_pct": 10.109792, "wind_s_diurnal_pct": -0.020436, "solar_flaute_days": 0.791667, "wind_flaute_days": 5.75, "solar_gap30d_max": 0.723168, "wind_gap30d_max": 0.633165, "solar_trend_pct_decade": 1.090131, "wind_trend_pct_decade": 0.410794}, "series_real": {"months": [1, 2, 3, 4, 5, 6, 7, 8, 9, 10, 11, 12], "demand_TWh": [1.101792, 0.936377, 0.989527, 0.867328, 0.853684, 0.886978, 1.041812, 1.06145, 0.916122, 0.883819, 0.891581, 1.052423], "supply_TWh_nocap": [1.119453, 1.014939, 1.270099, 1.44002, 1.347861, 1.154439, 1.006663, 1.018676, 1.165998, 1.29318, 1.174379, 1.150589], "supply_TWh_1pct": [1.119453, 1.014939, 1.270099, 1.44002, 1.347861, 1.154439, 1.006663, 1.018676, 1.165998, 1.29318, 1.174379, 1.150589], "supply_TWh_oilgas2x": [1.119453, 1.014939, 1.270099, 1.44002, 1.347861, 1.154439, 1.006663, 1.018676, 1.165998, 1.29318, 1.174379, 1.150589], "supply_TWh_oilgas_all": [1.119453, 1.014939, 1.270099, 1.44002, 1.347861, 1.154439, 1.006663, 1.018676, 1.165998, 1.29318, 1.174379, 1.150589]}, "series_norm": {"months": [1, 2, 3, 4, 5, 6, 7, 8, 9, 10, 11, 12], "demand": [1.130576, 1.053655, 1.015378, 0.919652, 0.875986, 0.940489, 1.069028, 1.08918, 0.971391, 0.906908, 0.945369, 1.079917], "solar_supply": [0.58708, 0.775723, 1.203475, 1.471445, 1.7756, 2.04865, 2.096274, 1.796489, 1.384221, 0.922166, 0.619879, 0.495922], "wind_supply": [1.190747, 1.173933, 1.323198, 1.54705, 1.378435, 1.195304, 0.989671, 1.018278, 1.242692, 1.362922, 1.291666, 1.229425], "mix_supply": [1.148698, 1.142057, 1.30328, 1.526894, 1.383073, 1.224084, 1.032962, 1.045289, 1.236341, 1.326964, 1.245228, 1.180648], "mix_storage": [0.079589, 0.070731, 0.071501, 0.085357, 0.095741, 0.0953, 0.086716, 0.068626, 0.067747, 0.083898, 0.093439, 0.089173], "mix_s_tot": 0.100219}, "consumption_TWh": 11.47443}}, "usa": {"annual_consumption_TWh": 11.47443, "state_land_km2": 199304.648306, "mix_solar_nameplate_GW": 2.860635, "mix_wind_nameplate_GW": 2.660345, "mix_capacity_TWh": 48.363786, "mix_land_km2": 121.957953, "mix_land_pct": 0.061192, "solar_land_pct": 0.168604, "wind_land_pct": 0.019863, "mix_storage_TWh": 1.181947, "caps": {"1pct": {"label": "1% of land (NREL)", "cap_pct": 1.0, "feasible": true, "storage_TWh": 1.181947, "supply_capped_TWh": null, "shortfall_TWh": 0.0}, "oilgas2x": {"label": "1.88% (2\u00d7 onshore oil & gas)", "cap_pct": 1.8800000000000001, "feasible": true, "storage_TWh": 1.181947, "supply_capped_TWh": null, "shortfall_TWh": 0.0}, "oilgas_all": {"label": "5% (all onshore oil & gas land)", "cap_pct": 5.0, "feasible": true, "storage_TWh": 1.181947, "supply_capped_TWh": null, "shortfall_TWh": 0.0}}}, "pdf": "figures/617.pdf"}