{"id": 618, "name": "Nebraska", "country": "United States of America", "level": "admin1", "continent": "North America", "metrics": {"solar_cf": 0.1788, "wind_cf": 0.4461, "solar_f_adj": 1.2996, "wind_f_adj": 1.2254, "mix_alpha": 0.4, "mix_f_adj": 1.1715, "solar_s_tot_pct": 23.1215, "wind_s_tot_pct": 13.9265, "mix_s_tot_pct": 9.1684, "solar_s_seasonal_pct": 21.9542, "solar_s_diurnal_pct": 1.1673, "wind_s_seasonal_pct": 13.9315, "wind_s_diurnal_pct": -0.005, "solar_flaute_days": 1.625, "wind_flaute_days": 5.875, "solar_gap30d_max": 0.7158, "wind_gap30d_max": 0.6211, "solar_trend_pct_decade": -1.0277, "wind_trend_pct_decade": 5.1057}, "colocation": {"k": [0, 17, 35, 50], "storage_pct_cons": [9.1684, 2.5513, 1.4435, 1.3582], "pick": ["base", "wind", "wind", "wind"], "usa_feasible": {"1pct": [true, true, true, true], "oilgas2x": [true, true, true, true], "oilgas_all": [true, true, true, true]}}, "datasets": {"gldas": {"series_norm": {"months": [1, 2, 3, 4, 5, 6, 7, 8, 9, 10, 11, 12], "demand": [1.0, 1.0, 1.0, 1.0, 1.0, 1.0, 1.0, 1.0, 1.0, 1.0, 1.0, 1.0], "solar_supply": [0.609357, 0.85418, 1.175261, 1.552097, 1.806067, 2.069088, 2.077878, 1.805695, 1.442994, 0.986862, 0.665165, 0.527701], "wind_supply": [1.287736, 1.301758, 1.357315, 1.485664, 1.25768, 1.101884, 0.924041, 0.936096, 1.165443, 1.294725, 1.300379, 1.30435], "mix_supply": [0.958373, 1.054696, 1.202342, 1.411845, 1.372651, 1.378128, 1.279287, 1.188056, 1.188824, 1.098506, 0.985749, 0.938459], "mix_storage": [0.048978, 0.040432, 0.043063, 0.056108, 0.07067, 0.080025, 0.084181, 0.083863, 0.083271, 0.081769, 0.073871, 0.061287], "mix_s_tot": 0.091684}, "series_real": {"months": [1, 2, 3, 4, 5, 6, 7, 8, 9, 10, 11, 12], "demand_TWh": [2.646392, 2.22132, 2.393881, 2.107834, 2.260273, 2.487494, 3.032912, 2.979826, 2.453411, 2.285171, 2.236037, 2.623824], "supply_TWh_nocap": [2.245842, 2.318379, 2.973722, 3.442878, 3.571529, 3.564529, 3.478241, 3.183179, 2.949429, 2.684379, 2.24989, 2.17336], "supply_TWh_1pct": [2.245842, 2.318379, 2.973722, 3.442878, 3.571529, 3.564529, 3.478241, 3.183179, 2.949429, 2.684379, 2.24989, 2.17336], "supply_TWh_oilgas2x": [2.245842, 2.318379, 2.973722, 3.442878, 3.571529, 3.564529, 3.478241, 3.183179, 2.949429, 2.684379, 2.24989, 2.17336], "supply_TWh_oilgas_all": [2.245842, 2.318379, 2.973722, 3.442878, 3.571529, 3.564529, 3.478241, 3.183179, 2.949429, 2.684379, 2.24989, 2.17336]}, "consumption_TWh": 29.711936}, "nldas": null}, "usa": {"annual_consumption_TWh": 29.711936, "state_land_km2": 200968.344491, "mix_solar_nameplate_GW": 11.114318, "mix_wind_nameplate_GW": 4.454697, "mix_capacity_TWh": 136.384571, "mix_land_km2": 415.024246, "mix_land_pct": 0.206512, "solar_land_pct": 0.407109, "wind_land_pct": 0.046678, "mix_storage_TWh": 3.419666, "caps": {"1pct": {"label": "1% of land (NREL)", "cap_pct": 1.0, "feasible": true, "storage_TWh": 3.419666, "supply_capped_TWh": null, "shortfall_TWh": 0.0}, "oilgas2x": {"label": "1.88% (2\u00d7 onshore oil & gas)", "cap_pct": 1.8800000000000001, "feasible": true, "storage_TWh": 3.419666, "supply_capped_TWh": null, "shortfall_TWh": 0.0}, "oilgas_all": {"label": "5% (all onshore oil & gas land)", "cap_pct": 5.0, "feasible": true, "storage_TWh": 3.419666, "supply_capped_TWh": null, "shortfall_TWh": 0.0}}}, "pdf": "figures/618.pdf"}