{"id": 618, "name": "Nebraska", "country": "United States of America", "level": "admin1", "continent": "North America", "metrics": {"solar_cf": 0.1788, "wind_cf": 0.4461, "solar_f_adj": 1.2996, "wind_f_adj": 1.2254, "mix_alpha": 0.4, "mix_f_adj": 1.1715, "solar_s_tot_pct": 23.1215, "wind_s_tot_pct": 13.9265, "mix_s_tot_pct": 9.1684, "solar_s_seasonal_pct": 21.9542, "solar_s_diurnal_pct": 1.1673, "wind_s_seasonal_pct": 13.9315, "wind_s_diurnal_pct": -0.005, "solar_flaute_days": 1.625, "wind_flaute_days": 5.875, "solar_gap30d_max": 0.7158, "wind_gap30d_max": 0.6211, "solar_trend_pct_decade": -1.0277, "wind_trend_pct_decade": 5.1057}, "colocation": {"k": [0, 17, 35, 50], "storage_pct_cons": [9.1684, 2.5513, 1.4435, 1.3582], "pick": ["base", "wind", "wind", "wind"], "usa_feasible": {"1pct": [true, true, true, true], "oilgas2x": [true, true, true, true], "oilgas_all": [true, true, true, true]}}, "datasets": {"gldas": {"series_norm": {"months": [1, 2, 3, 4, 5, 6, 7, 8, 9, 10, 11, 12], "demand": [1.0, 1.0, 1.0, 1.0, 1.0, 1.0, 1.0, 1.0, 1.0, 1.0, 1.0, 1.0], "solar_supply": [0.609357, 0.85418, 1.175261, 1.552097, 1.806067, 2.069088, 2.077878, 1.805695, 1.442994, 0.986862, 0.665165, 0.527701], "wind_supply": [1.287736, 1.301758, 1.357315, 1.485664, 1.25768, 1.101884, 0.924041, 0.936096, 1.165443, 1.294725, 1.300379, 1.30435], "mix_supply": [0.958373, 1.054696, 1.202342, 1.411845, 1.372651, 1.378128, 1.279287, 1.188056, 1.188824, 1.098506, 0.985749, 0.938459], "mix_storage": [0.048978, 0.040432, 0.043063, 0.056108, 0.07067, 0.080025, 0.084181, 0.083863, 0.083271, 0.081769, 0.073871, 0.061287], "mix_s_tot": 0.091684}, "series_real": {"months": [1, 2, 3, 4, 5, 6, 7, 8, 9, 10, 11, 12], "demand_TWh": [2.646392, 2.22132, 2.393881, 2.107834, 2.260273, 2.487494, 3.032912, 2.979826, 2.453411, 2.285171, 2.236037, 2.623824], "supply_TWh_nocap": [2.245842, 2.318379, 2.973722, 3.442878, 3.571529, 3.564529, 3.478241, 3.183179, 2.949429, 2.684379, 2.24989, 2.17336], "supply_TWh_1pct": [2.245842, 2.318379, 2.973722, 3.442878, 3.571529, 3.564529, 3.478241, 3.183179, 2.949429, 2.684379, 2.24989, 2.17336], "supply_TWh_oilgas2x": [2.245842, 2.318379, 2.973722, 3.442878, 3.571529, 3.564529, 3.478241, 3.183179, 2.949429, 2.684379, 2.24989, 2.17336], "supply_TWh_oilgas_all": [2.245842, 2.318379, 2.973722, 3.442878, 3.571529, 3.564529, 3.478241, 3.183179, 2.949429, 2.684379, 2.24989, 2.17336]}, "consumption_TWh": 29.711936}, "nldas": {"real": {"annual_consumption_TWh": 29.711936, "state_land_km2": 200968.344491, "mix_solar_nameplate_GW": 8.746598, "mix_wind_nameplate_GW": 6.164744, "mix_capacity_TWh": 130.623349, "mix_land_km2": 353.20069, "mix_land_pct": 0.175749, "solar_land_pct": 0.387962, "wind_land_pct": 0.053425, "caps": {"1pct": {"label": "1% of land (NREL)", "cap_pct": 1.0, "feasible": true, "storage_TWh": 3.352375, "supply_capped_TWh": null, "shortfall_TWh": 0.0}, "oilgas2x": {"label": "1.88% (2\u00d7 onshore oil & gas)", "cap_pct": 1.8800000000000001, "feasible": true, "storage_TWh": 3.352375, "supply_capped_TWh": null, "shortfall_TWh": 0.0}, "oilgas_all": {"label": "5% (all onshore oil & gas land)", "cap_pct": 5.0, "feasible": true, "storage_TWh": 3.352375, "supply_capped_TWh": null, "shortfall_TWh": 0.0}}}, "metrics": {"solar_cf": 0.184129, "wind_cf": 0.391866, "solar_f_adj": 1.269794, "wind_f_adj": 1.240458, "mix_alpha": 0.4, "mix_f_adj": 1.187065, "solar_s_tot_pct": 21.119392, "wind_s_tot_pct": 12.727129, "mix_s_tot_pct": 11.282922, "solar_s_seasonal_pct": 19.764742, "solar_s_diurnal_pct": 1.35465, "wind_s_seasonal_pct": 12.62079, "wind_s_diurnal_pct": 0.106339, "solar_flaute_days": 0.833333, "wind_flaute_days": 4.0, "solar_gap30d_max": 0.708628, "wind_gap30d_max": 0.553694, "solar_trend_pct_decade": 0.631264, "wind_trend_pct_decade": 1.633676}, "series_real": {"months": [1, 2, 3, 4, 5, 6, 7, 8, 9, 10, 11, 12], "demand_TWh": [2.647623, 2.22132, 2.394623, 2.108172, 2.260623, 2.487494, 3.033382, 2.980288, 2.453411, 2.285525, 2.236754, 2.624638], "supply_TWh_nocap": [2.27846, 2.308603, 3.115086, 3.588861, 3.565447, 3.54738, 3.322921, 3.091321, 3.000109, 2.815897, 2.38232, 2.279615], "supply_TWh_1pct": [2.27846, 2.308603, 3.115086, 3.588861, 3.565447, 3.54738, 3.322921, 3.091321, 3.000109, 2.815897, 2.38232, 2.279615], "supply_TWh_oilgas2x": [2.27846, 2.308603, 3.115086, 3.588861, 3.565447, 3.54738, 3.322921, 3.091321, 3.000109, 2.815897, 2.38232, 2.279615], "supply_TWh_oilgas_all": [2.27846, 2.308603, 3.115086, 3.588861, 3.565447, 3.54738, 3.322921, 3.091321, 3.000109, 2.815897, 2.38232, 2.279615]}, "series_norm": {"months": [1, 2, 3, 4, 5, 6, 7, 8, 9, 10, 11, 12], "demand": [1.049195, 0.965293, 0.948937, 0.86327, 0.895836, 1.018598, 1.202063, 1.181023, 1.004641, 0.905704, 0.915923, 1.040087], "solar_supply": [0.614666, 0.806314, 1.173406, 1.496571, 1.695929, 2.027845, 2.016674, 1.748267, 1.408812, 1.000684, 0.675252, 0.549353], "wind_supply": [1.172216, 1.222119, 1.385743, 1.584827, 1.356268, 1.209243, 0.979994, 0.994954, 1.222098, 1.291739, 1.259246, 1.215549], "mix_supply": [0.902904, 1.003222, 1.234441, 1.469594, 1.412909, 1.452608, 1.316801, 1.225023, 1.228507, 1.115879, 0.97553, 0.903362], "mix_storage": [0.06403, 0.049116, 0.05346, 0.07876, 0.101476, 0.108285, 0.10621, 0.096433, 0.095534, 0.100645, 0.099039, 0.085], "mix_s_tot": 0.112829}, "consumption_TWh": 29.711936}}, "usa": {"annual_consumption_TWh": 29.711936, "state_land_km2": 200968.344491, "mix_solar_nameplate_GW": 11.114318, "mix_wind_nameplate_GW": 4.454697, "mix_capacity_TWh": 136.384571, "mix_land_km2": 415.024246, "mix_land_pct": 0.206512, "solar_land_pct": 0.407109, "wind_land_pct": 0.046678, "mix_storage_TWh": 3.419666, "caps": {"1pct": {"label": "1% of land (NREL)", "cap_pct": 1.0, "feasible": true, "storage_TWh": 3.419666, "supply_capped_TWh": null, "shortfall_TWh": 0.0}, "oilgas2x": {"label": "1.88% (2\u00d7 onshore oil & gas)", "cap_pct": 1.8800000000000001, "feasible": true, "storage_TWh": 3.419666, "supply_capped_TWh": null, "shortfall_TWh": 0.0}, "oilgas_all": {"label": "5% (all onshore oil & gas land)", "cap_pct": 5.0, "feasible": true, "storage_TWh": 3.419666, "supply_capped_TWh": null, "shortfall_TWh": 0.0}}}, "pdf": "figures/618.pdf"}