{"id": 619, "name": "Kansas", "country": "United States of America", "level": "admin1", "continent": "North America", "metrics": {"solar_cf": 0.1884, "wind_cf": 0.4275, "solar_f_adj": 1.2638, "wind_f_adj": 1.3755, "mix_alpha": 0.15, "mix_f_adj": 1.3133, "solar_s_tot_pct": 21.6764, "wind_s_tot_pct": 13.2182, "mix_s_tot_pct": 9.7125, "solar_s_seasonal_pct": 20.6696, "solar_s_diurnal_pct": 1.0068, "wind_s_seasonal_pct": 12.8166, "wind_s_diurnal_pct": 0.4016, "solar_flaute_days": 1.75, "wind_flaute_days": 7.125, "solar_gap30d_max": 0.7081, "wind_gap30d_max": 0.6691, "solar_trend_pct_decade": -0.3854, "wind_trend_pct_decade": 15.542}, "colocation": {"k": [0, 17, 35, 50], "storage_pct_cons": [9.7125, 2.9198, 1.6009, 1.1616], "pick": ["base", "solar", "solar", "solar"], "usa_feasible": {"1pct": [true, true, true, true], "oilgas2x": [true, true, true, true], "oilgas_all": [true, true, true, true]}}, "datasets": {"gldas": {"series_norm": {"months": [1, 2, 3, 4, 5, 6, 7, 8, 9, 10, 11, 12], "demand": [1.0, 1.0, 1.0, 1.0, 1.0, 1.0, 1.0, 1.0, 1.0, 1.0, 1.0, 1.0], "solar_supply": [0.647146, 0.861064, 1.166952, 1.50259, 1.716911, 1.92542, 1.91148, 1.70229, 1.411078, 1.006155, 0.720229, 0.57465], "wind_supply": [1.39165, 1.470977, 1.603176, 1.717522, 1.402617, 1.324745, 1.065729, 0.988528, 1.2308, 1.434552, 1.470146, 1.422121], "mix_supply": [1.230248, 1.327968, 1.482932, 1.628045, 1.405895, 1.375199, 1.162826, 1.067567, 1.218788, 1.321024, 1.305342, 1.243676], "mix_storage": [0.078902, 0.078316, 0.081128, 0.086778, 0.090745, 0.089967, 0.08643, 0.078775, 0.072674, 0.074102, 0.076414, 0.07795], "mix_s_tot": 0.097125}, "series_real": {"months": [1, 2, 3, 4, 5, 6, 7, 8, 9, 10, 11, 12], "demand_TWh": [3.376661, 2.772997, 2.97847, 2.745431, 3.12537, 3.613063, 4.235023, 4.210993, 3.470646, 3.078996, 2.858148, 3.252802], "supply_TWh_nocap": [3.70663, 3.739344, 4.70102, 5.124045, 4.824298, 4.710487, 4.285423, 3.902761, 4.002996, 4.16835, 3.826084, 3.699881], "supply_TWh_1pct": [3.70663, 3.739344, 4.70102, 5.124045, 4.824298, 4.710487, 4.285423, 3.902761, 4.002996, 4.16835, 3.826084, 3.699881], "supply_TWh_oilgas2x": [3.70663, 3.739344, 4.70102, 5.124045, 4.824298, 4.710487, 4.285423, 3.902761, 4.002996, 4.16835, 3.826084, 3.699881], "supply_TWh_oilgas_all": [3.70663, 3.739344, 4.70102, 5.124045, 4.824298, 4.710487, 4.285423, 3.902761, 4.002996, 4.16835, 3.826084, 3.699881]}, "consumption_TWh": 39.696639}, "nldas": null}, "usa": {"annual_consumption_TWh": 39.696639, "state_land_km2": 212824.664117, "mix_solar_nameplate_GW": 9.209642, "mix_wind_nameplate_GW": 9.470313, "mix_capacity_TWh": 163.636406, "mix_land_km2": 401.691203, "mix_land_pct": 0.188743, "solar_land_pct": 0.471849, "wind_land_pct": 0.069102, "mix_storage_TWh": 4.394219, "caps": {"1pct": {"label": "1% of land (NREL)", "cap_pct": 1.0, "feasible": true, "storage_TWh": 4.394219, "supply_capped_TWh": null, "shortfall_TWh": 0.0}, "oilgas2x": {"label": "1.88% (2\u00d7 onshore oil & gas)", "cap_pct": 1.8800000000000001, "feasible": true, "storage_TWh": 4.394219, "supply_capped_TWh": null, "shortfall_TWh": 0.0}, "oilgas_all": {"label": "5% (all onshore oil & gas land)", "cap_pct": 5.0, "feasible": true, "storage_TWh": 4.394219, "supply_capped_TWh": null, "shortfall_TWh": 0.0}}}, "pdf": "figures/619.pdf"}