{"id": 62, "name": "Tunisia", "country": "Tunisia", "level": "admin0", "continent": "Africa", "metrics": {"solar_cf": 0.2156, "wind_cf": 0.3452, "solar_f_adj": 1.257, "wind_f_adj": 1.5631, "mix_alpha": 0.15, "mix_f_adj": 1.4606, "solar_s_tot_pct": 20.2531, "wind_s_tot_pct": 15.8619, "mix_s_tot_pct": 15.7295, "solar_s_seasonal_pct": 19.4001, "solar_s_diurnal_pct": 0.8531, "wind_s_seasonal_pct": 15.7297, "wind_s_diurnal_pct": 0.1322, "solar_flaute_days": 0.875, "wind_flaute_days": 7.5, "solar_gap30d_max": 0.6855, "wind_gap30d_max": 0.7787, "solar_trend_pct_decade": 1.7908, "wind_trend_pct_decade": 17.5724}, "colocation": {"k": [0, 17, 35, 50], "storage_pct_cons": [15.7295, 10.8716, 6.784, 3.9415], "pick": ["base", "solar", "solar", "solar"]}, "datasets": {"gldas": {"series_norm": {"months": [1, 2, 3, 4, 5, 6, 7, 8, 9, 10, 11, 12], "demand": [1.0, 1.0, 1.0, 1.0, 1.0, 1.0, 1.0, 1.0, 1.0, 1.0, 1.0, 1.0], "solar_supply": [0.705777, 0.921459, 1.212793, 1.485622, 1.666935, 1.836574, 1.848105, 1.666455, 1.337132, 1.009264, 0.75065, 0.625032], "wind_supply": [1.507018, 1.639633, 1.788479, 1.924683, 1.949877, 1.788582, 1.533181, 1.364656, 1.34404, 1.160546, 1.299884, 1.466901], "mix_supply": [1.319973, 1.462896, 1.631898, 1.787633, 1.839247, 1.740706, 1.539863, 1.374349, 1.300574, 1.097685, 1.163277, 1.274035], "mix_storage": [0.127975, 0.129346, 0.134529, 0.141311, 0.149131, 0.15436, 0.155964, 0.155313, 0.153037, 0.145537, 0.133875, 0.130455], "mix_s_tot": 0.157295}}, "nldas": null}, "pdf": "figures/62.pdf"}