{"id": 620, "name": "Oklahoma", "country": "United States of America", "level": "admin1", "continent": "North America", "metrics": {"solar_cf": 0.1936, "wind_cf": 0.3846, "solar_f_adj": 1.2802, "wind_f_adj": 1.3526, "mix_alpha": 0.2, "mix_f_adj": 1.2793, "solar_s_tot_pct": 20.4659, "wind_s_tot_pct": 15.8783, "mix_s_tot_pct": 9.6428, "solar_s_seasonal_pct": 19.6397, "solar_s_diurnal_pct": 0.8262, "wind_s_seasonal_pct": 15.9488, "wind_s_diurnal_pct": -0.0705, "solar_flaute_days": 1.75, "wind_flaute_days": 5.625, "solar_gap30d_max": 0.6952, "wind_gap30d_max": 0.7249, "solar_trend_pct_decade": 0.451, "wind_trend_pct_decade": 10.1393}, "colocation": {"k": [0, 17, 35, 50], "storage_pct_cons": [9.6428, 4.1039, 1.8296, 1.0436], "pick": ["base", "solar", "solar", "solar"], "usa_feasible": {"1pct": [true, true, true, true], "oilgas2x": [true, true, true, true], "oilgas_all": [true, true, true, true]}}, "datasets": {"gldas": {"series_norm": {"months": [1, 2, 3, 4, 5, 6, 7, 8, 9, 10, 11, 12], "demand": [1.0, 1.0, 1.0, 1.0, 1.0, 1.0, 1.0, 1.0, 1.0, 1.0, 1.0, 1.0], "solar_supply": [0.7148, 0.90911, 1.196124, 1.507007, 1.674135, 1.858554, 1.876789, 1.690702, 1.437399, 1.060144, 0.783405, 0.635933], "wind_supply": [1.441859, 1.556859, 1.674316, 1.767292, 1.41079, 1.222507, 0.951731, 0.887125, 1.017745, 1.361866, 1.509644, 1.450995], "mix_supply": [1.23383, 1.359678, 1.505914, 1.638396, 1.402054, 1.29645, 1.095213, 1.009139, 1.057346, 1.242324, 1.29883, 1.22498], "mix_storage": [0.077172, 0.080744, 0.085706, 0.091509, 0.0923, 0.089562, 0.083974, 0.074449, 0.064056, 0.062363, 0.067577, 0.073048], "mix_s_tot": 0.096428}, "series_real": {"months": [1, 2, 3, 4, 5, 6, 7, 8, 9, 10, 11, 12], "demand_TWh": [5.068472, 4.121738, 4.440995, 4.073512, 4.728746, 5.41888, 6.32819, 6.349115, 5.255214, 4.635426, 4.241535, 4.920465], "supply_TWh_nocap": [4.734388, 5.028898, 6.565538, 7.397226, 7.475296, 7.420421, 7.221674, 6.560373, 5.867577, 5.595442, 4.896479, 4.522053], "supply_TWh_1pct": [4.734388, 5.028898, 6.565538, 7.397226, 7.475296, 7.420421, 7.221674, 6.560373, 5.867577, 5.595442, 4.896479, 4.522053], "supply_TWh_oilgas2x": [4.734388, 5.028898, 6.565538, 7.397226, 7.475296, 7.420421, 7.221674, 6.560373, 5.867577, 5.595442, 4.896479, 4.522053], "supply_TWh_oilgas_all": [4.734388, 5.028898, 6.565538, 7.397226, 7.475296, 7.420421, 7.221674, 6.560373, 5.867577, 5.595442, 4.896479, 4.522053]}, "consumption_TWh": 59.549346}, "nldas": {"real": {"annual_consumption_TWh": 59.549346, "state_land_km2": 180638.72252, "mix_solar_nameplate_GW": 10.285307, "mix_wind_nameplate_GW": 15.85414, "mix_capacity_TWh": 228.981559, "mix_land_km2": 501.384975, "mix_land_pct": 0.277562, "solar_land_pct": 0.775921, "wind_land_pct": 0.121783, "caps": {"1pct": {"label": "1% of land (NREL)", "cap_pct": 1.0, "feasible": true, "storage_TWh": 5.469585, "supply_capped_TWh": null, "shortfall_TWh": 0.0}, "oilgas2x": {"label": "1.88% (2\u00d7 onshore oil & gas)", "cap_pct": 1.8800000000000001, "feasible": true, "storage_TWh": 5.469585, "supply_capped_TWh": null, "shortfall_TWh": 0.0}, "oilgas_all": {"label": "5% (all onshore oil & gas land)", "cap_pct": 5.0, "feasible": true, "storage_TWh": 5.469585, "supply_capped_TWh": null, "shortfall_TWh": 0.0}}}, "metrics": {"solar_cf": 0.200995, "wind_cf": 0.391184, "solar_f_adj": 1.24326, "wind_f_adj": 1.26592, "mix_alpha": 0.25, "mix_f_adj": 1.216437, "solar_s_tot_pct": 17.071917, "wind_s_tot_pct": 15.336072, "mix_s_tot_pct": 9.184963, "solar_s_seasonal_pct": 15.790802, "solar_s_diurnal_pct": 1.281115, "wind_s_seasonal_pct": 15.238911, "wind_s_diurnal_pct": 0.097162, "solar_flaute_days": 0.833333, "wind_flaute_days": 4.791667, "solar_gap30d_max": 0.693321, "wind_gap30d_max": 0.597443, "solar_trend_pct_decade": 0.668331, "wind_trend_pct_decade": -0.691225}, "series_real": {"months": [1, 2, 3, 4, 5, 6, 7, 8, 9, 10, 11, 12], "demand_TWh": [5.070856, 4.121758, 4.442394, 4.074185, 4.729502, 5.418906, 6.329202, 6.35013, 5.25524, 4.636168, 4.242916, 4.922015], "supply_TWh_nocap": [5.234706, 5.483852, 6.950898, 7.587543, 7.25306, 6.7761, 6.009593, 5.563562, 5.251961, 5.744216, 5.400134, 5.235823], "supply_TWh_1pct": [5.234706, 5.483852, 6.950898, 7.587543, 7.25306, 6.7761, 6.009593, 5.563562, 5.251961, 5.744216, 5.400134, 5.235823], "supply_TWh_oilgas2x": [5.234706, 5.483852, 6.950898, 7.587543, 7.25306, 6.7761, 6.009593, 5.563562, 5.251961, 5.744216, 5.400134, 5.235823], "supply_TWh_oilgas_all": [5.234706, 5.483852, 6.950898, 7.587543, 7.25306, 6.7761, 6.009593, 5.563562, 5.251961, 5.744216, 5.400134, 5.235823]}, "series_norm": {"months": [1, 2, 3, 4, 5, 6, 7, 8, 9, 10, 11, 12], "demand": [1.002618, 0.893685, 0.878357, 0.832406, 0.935125, 1.107149, 1.25142, 1.255558, 1.07371, 0.916671, 0.86688, 0.973189], "solar_supply": [0.651861, 0.875795, 1.150926, 1.453971, 1.663397, 1.79991, 1.86646, 1.674686, 1.356545, 1.038671, 0.724589, 0.641619], "wind_supply": [1.214909, 1.352592, 1.516365, 1.657563, 1.425327, 1.310106, 1.015256, 0.957976, 1.028497, 1.223408, 1.284995, 1.218692], "mix_supply": [1.035015, 1.189016, 1.374343, 1.550229, 1.434087, 1.384441, 1.188226, 1.100036, 1.07304, 1.135756, 1.103314, 1.035235], "mix_storage": [0.048443, 0.050969, 0.068383, 0.08513, 0.089419, 0.087037, 0.076982, 0.055063, 0.037837, 0.037175, 0.047857, 0.050146], "mix_s_tot": 0.09185}, "consumption_TWh": 59.549346}}, "usa": {"annual_consumption_TWh": 59.549346, "state_land_km2": 180638.72252, "mix_solar_nameplate_GW": 25.91337, "mix_wind_nameplate_GW": 8.696184, "mix_capacity_TWh": 303.179694, "mix_land_km2": 950.740847, "mix_land_pct": 0.526322, "solar_land_pct": 0.822431, "wind_land_pct": 0.133778, "mix_storage_TWh": 6.42996, "caps": {"1pct": {"label": "1% of land (NREL)", "cap_pct": 1.0, "feasible": true, "storage_TWh": 6.42996, "supply_capped_TWh": null, "shortfall_TWh": 0.0}, "oilgas2x": {"label": "1.88% (2\u00d7 onshore oil & gas)", "cap_pct": 1.8800000000000001, "feasible": true, "storage_TWh": 6.42996, "supply_capped_TWh": null, "shortfall_TWh": 0.0}, "oilgas_all": {"label": "5% (all onshore oil & gas land)", "cap_pct": 5.0, "feasible": true, "storage_TWh": 6.42996, "supply_capped_TWh": null, "shortfall_TWh": 0.0}}}, "pdf": "figures/620.pdf"}