{"id": 621, "name": "Iowa", "country": "United States of America", "level": "admin1", "continent": "North America", "metrics": {"solar_cf": 0.1658, "wind_cf": 0.3751, "solar_f_adj": 1.3036, "wind_f_adj": 1.2716, "mix_alpha": 0.35, "mix_f_adj": 1.1842, "solar_s_tot_pct": 23.6264, "wind_s_tot_pct": 19.548, "mix_s_tot_pct": 7.2488, "solar_s_seasonal_pct": 22.4698, "solar_s_diurnal_pct": 1.1566, "wind_s_seasonal_pct": 19.3914, "wind_s_diurnal_pct": 0.1566, "solar_flaute_days": 1.75, "wind_flaute_days": 9.25, "solar_gap30d_max": 0.7367, "wind_gap30d_max": 0.7738, "solar_trend_pct_decade": 0.0067, "wind_trend_pct_decade": 4.426}, "colocation": {"k": [0, 17, 35, 50], "storage_pct_cons": [7.2488, 3.5212, 2.2139, 1.4776], "pick": ["base", "wind", "solar", "solar"], "usa_feasible": {"1pct": [true, true, true, true], "oilgas2x": [true, true, true, true], "oilgas_all": [true, true, true, true]}}, "datasets": {"gldas": {"series_norm": {"months": [1, 2, 3, 4, 5, 6, 7, 8, 9, 10, 11, 12], "demand": [1.0, 1.0, 1.0, 1.0, 1.0, 1.0, 1.0, 1.0, 1.0, 1.0, 1.0, 1.0], "solar_supply": [0.603244, 0.880654, 1.186993, 1.550827, 1.818644, 2.059881, 2.107559, 1.825499, 1.46868, 0.968374, 0.644185, 0.506924], "wind_supply": [1.552606, 1.533279, 1.545675, 1.610764, 1.248459, 0.948062, 0.688051, 0.711756, 1.022927, 1.380361, 1.538639, 1.502899], "mix_supply": [1.131632, 1.208135, 1.313038, 1.468118, 1.333958, 1.228821, 1.086589, 1.011258, 1.086167, 1.14346, 1.136194, 1.070918], "mix_storage": [0.040573, 0.042649, 0.049958, 0.061053, 0.067219, 0.066723, 0.062501, 0.052682, 0.044786, 0.042736, 0.042693, 0.040057], "mix_s_tot": 0.072488}, "series_real": {"months": [1, 2, 3, 4, 5, 6, 7, 8, 9, 10, 11, 12], "demand_TWh": [4.248602, 3.556479, 3.889873, 3.494579, 3.713783, 3.949135, 4.469674, 4.442397, 3.759427, 3.793161, 3.677819, 4.1672], "supply_TWh_nocap": [4.543632, 4.425555, 5.272816, 5.706253, 5.357656, 4.776923, 4.364131, 4.061576, 4.22237, 4.592547, 4.415429, 4.300527], "supply_TWh_1pct": [4.543632, 4.425555, 5.272816, 5.706253, 5.357656, 4.776923, 4.364131, 4.061576, 4.22237, 4.592547, 4.415429, 4.300527], "supply_TWh_oilgas2x": [4.543632, 4.425555, 5.272816, 5.706253, 5.357656, 4.776923, 4.364131, 4.061576, 4.22237, 4.592547, 4.415429, 4.300527], "supply_TWh_oilgas_all": [4.543632, 4.425555, 5.272816, 5.706253, 5.357656, 4.776923, 4.364131, 4.061576, 4.22237, 4.592547, 4.415429, 4.300527]}, "consumption_TWh": 47.136052}, "nldas": {"real": {"annual_consumption_TWh": 47.136052, "state_land_km2": 145448.626834, "mix_solar_nameplate_GW": 7.419045, "mix_wind_nameplate_GW": 12.458371, "mix_capacity_TWh": 174.126168, "mix_land_km2": 371.885225, "mix_land_pct": 0.255681, "solar_land_pct": 0.905571, "wind_land_pct": 0.110056, "caps": {"1pct": {"label": "1% of land (NREL)", "cap_pct": 1.0, "feasible": true, "storage_TWh": 4.837112, "supply_capped_TWh": null, "shortfall_TWh": 0.0}, "oilgas2x": {"label": "1.88% (2\u00d7 onshore oil & gas)", "cap_pct": 1.8800000000000001, "feasible": true, "storage_TWh": 4.837112, "supply_capped_TWh": null, "shortfall_TWh": 0.0}, "oilgas_all": {"label": "5% (all onshore oil & gas land)", "cap_pct": 5.0, "feasible": true, "storage_TWh": 4.837112, "supply_capped_TWh": null, "shortfall_TWh": 0.0}}}, "metrics": {"solar_cf": 0.173854, "wind_cf": 0.414125, "solar_f_adj": 1.276701, "wind_f_adj": 1.231988, "mix_alpha": 0.2, "mix_f_adj": 1.198543, "solar_s_tot_pct": 22.691163, "wind_s_tot_pct": 14.316983, "mix_s_tot_pct": 10.262021, "solar_s_seasonal_pct": 21.458886, "solar_s_diurnal_pct": 1.232276, "wind_s_seasonal_pct": 14.188043, "wind_s_diurnal_pct": 0.12894, "solar_flaute_days": 0.833333, "wind_flaute_days": 5.208333, "solar_gap30d_max": 0.726329, "wind_gap30d_max": 0.612143, "solar_trend_pct_decade": 1.533722, "wind_trend_pct_decade": 0.977681}, "series_real": {"months": [1, 2, 3, 4, 5, 6, 7, 8, 9, 10, 11, 12], "demand_TWh": [4.250573, 3.556474, 3.891074, 3.495134, 3.714354, 3.949129, 4.47036, 4.443079, 3.759421, 3.793743, 3.678992, 4.168487], "supply_TWh_nocap": [4.498438, 4.282292, 5.32376, 5.78574, 5.471785, 4.77449, 4.229555, 3.922671, 4.416232, 4.846668, 4.617407, 4.367214], "supply_TWh_1pct": [4.498438, 4.282292, 5.32376, 5.78574, 5.471785, 4.77449, 4.229555, 3.922671, 4.416232, 4.846668, 4.617407, 4.367214], "supply_TWh_oilgas2x": [4.498438, 4.282292, 5.32376, 5.78574, 5.471785, 4.77449, 4.229555, 3.922671, 4.416232, 4.846668, 4.617407, 4.367214], "supply_TWh_oilgas_all": [4.498438, 4.282292, 5.32376, 5.78574, 5.471785, 4.77449, 4.229555, 3.922671, 4.416232, 4.846668, 4.617407, 4.367214]}, "series_norm": {"months": [1, 2, 3, 4, 5, 6, 7, 8, 9, 10, 11, 12], "demand": [1.061758, 0.974194, 0.971958, 0.902157, 0.927815, 1.019342, 1.116659, 1.109844, 0.970375, 0.947646, 0.949614, 1.041253], "solar_supply": [0.644932, 0.82263, 1.212424, 1.490073, 1.748802, 1.992587, 2.087319, 1.713321, 1.438557, 0.982429, 0.626363, 0.53519], "wind_supply": [1.288198, 1.308724, 1.416183, 1.559374, 1.334294, 1.102763, 0.853932, 0.845662, 1.117603, 1.318545, 1.380261, 1.272556], "mix_supply": [1.123672, 1.173011, 1.329831, 1.493404, 1.366806, 1.232382, 1.056508, 0.979851, 1.139909, 1.210657, 1.191836, 1.090894], "mix_storage": [0.071262, 0.069535, 0.078099, 0.090892, 0.098276, 0.096264, 0.085767, 0.064784, 0.056752, 0.065156, 0.075655, 0.074347], "mix_s_tot": 0.10262}, "consumption_TWh": 47.136052}}, "usa": {"annual_consumption_TWh": 47.136052, "state_land_km2": 145448.626834, "mix_solar_nameplate_GW": 13.496531, "mix_wind_nameplate_GW": 11.079112, "mix_capacity_TWh": 215.282634, "mix_land_km2": 560.675497, "mix_land_pct": 0.38548, "solar_land_pct": 0.967782, "wind_land_pct": 0.125985, "mix_storage_TWh": 4.169514, "caps": {"1pct": {"label": "1% of land (NREL)", "cap_pct": 1.0, "feasible": true, "storage_TWh": 4.169514, "supply_capped_TWh": null, "shortfall_TWh": 0.0}, "oilgas2x": {"label": "1.88% (2\u00d7 onshore oil & gas)", "cap_pct": 1.8800000000000001, "feasible": true, "storage_TWh": 4.169514, "supply_capped_TWh": null, "shortfall_TWh": 0.0}, "oilgas_all": {"label": "5% (all onshore oil & gas land)", "cap_pct": 5.0, "feasible": true, "storage_TWh": 4.169514, "supply_capped_TWh": null, "shortfall_TWh": 0.0}}}, "siting": {"scenarios": [{"key": "today", "label": "1.00\u00d7 \u2014 today (EIA)", "land_pct": 0.0813, "solar_share": 0.0, "feasible": {"1pct": true, "oilgas2x": true, "oilgas_all": true}}, {"key": "2030ref", "label": "1.14\u00d7 \u2014 2030 reference (Goldman)", "land_pct": 0.0927, "solar_share": 0.0, "feasible": {"1pct": true, "oilgas2x": true, "oilgas_all": true}}, {"key": "2030hi", "label": "1.25\u00d7 \u2014 2030 high-AI (EPRI)", "land_pct": 0.1017, "solar_share": 0.0, "feasible": {"1pct": true, "oilgas2x": true, "oilgas_all": true}}], "land_pct_today": 0.0813}, "pdf": "figures/621.pdf"}