{"id": 621, "name": "Iowa", "country": "United States of America", "level": "admin1", "continent": "North America", "metrics": {"solar_cf": 0.1658, "wind_cf": 0.3751, "solar_f_adj": 1.3036, "wind_f_adj": 1.2716, "mix_alpha": 0.35, "mix_f_adj": 1.1842, "solar_s_tot_pct": 23.6264, "wind_s_tot_pct": 19.548, "mix_s_tot_pct": 7.2488, "solar_s_seasonal_pct": 22.4698, "solar_s_diurnal_pct": 1.1566, "wind_s_seasonal_pct": 19.3914, "wind_s_diurnal_pct": 0.1566, "solar_flaute_days": 1.75, "wind_flaute_days": 9.25, "solar_gap30d_max": 0.7367, "wind_gap30d_max": 0.7738, "solar_trend_pct_decade": 0.0067, "wind_trend_pct_decade": 4.426}, "colocation": {"k": [0, 17, 35, 50], "storage_pct_cons": [7.2488, 3.5212, 2.2139, 1.4776], "pick": ["base", "wind", "solar", "solar"], "usa_feasible": {"1pct": [true, true, true, true], "oilgas2x": [true, true, true, true], "oilgas_all": [true, true, true, true]}}, "datasets": {"gldas": {"series_norm": {"months": [1, 2, 3, 4, 5, 6, 7, 8, 9, 10, 11, 12], "demand": [1.0, 1.0, 1.0, 1.0, 1.0, 1.0, 1.0, 1.0, 1.0, 1.0, 1.0, 1.0], "solar_supply": [0.603244, 0.880654, 1.186993, 1.550827, 1.818644, 2.059881, 2.107559, 1.825499, 1.46868, 0.968374, 0.644185, 0.506924], "wind_supply": [1.552606, 1.533279, 1.545675, 1.610764, 1.248459, 0.948062, 0.688051, 0.711756, 1.022927, 1.380361, 1.538639, 1.502899], "mix_supply": [1.131632, 1.208135, 1.313038, 1.468118, 1.333958, 1.228821, 1.086589, 1.011258, 1.086167, 1.14346, 1.136194, 1.070918], "mix_storage": [0.040573, 0.042649, 0.049958, 0.061053, 0.067219, 0.066723, 0.062501, 0.052682, 0.044786, 0.042736, 0.042693, 0.040057], "mix_s_tot": 0.072488}, "series_real": {"months": [1, 2, 3, 4, 5, 6, 7, 8, 9, 10, 11, 12], "demand_TWh": [4.248602, 3.556479, 3.889873, 3.494579, 3.713783, 3.949135, 4.469674, 4.442397, 3.759427, 3.793161, 3.677819, 4.1672], "supply_TWh_nocap": [4.543632, 4.425555, 5.272816, 5.706253, 5.357656, 4.776923, 4.364131, 4.061576, 4.22237, 4.592547, 4.415429, 4.300527], "supply_TWh_1pct": [4.543632, 4.425555, 5.272816, 5.706253, 5.357656, 4.776923, 4.364131, 4.061576, 4.22237, 4.592547, 4.415429, 4.300527], "supply_TWh_oilgas2x": [4.543632, 4.425555, 5.272816, 5.706253, 5.357656, 4.776923, 4.364131, 4.061576, 4.22237, 4.592547, 4.415429, 4.300527], "supply_TWh_oilgas_all": [4.543632, 4.425555, 5.272816, 5.706253, 5.357656, 4.776923, 4.364131, 4.061576, 4.22237, 4.592547, 4.415429, 4.300527]}, "consumption_TWh": 47.136052}, "nldas": null}, "usa": {"annual_consumption_TWh": 47.136052, "state_land_km2": 145448.626834, "mix_solar_nameplate_GW": 13.496531, "mix_wind_nameplate_GW": 11.079112, "mix_capacity_TWh": 215.282634, "mix_land_km2": 560.675497, "mix_land_pct": 0.38548, "solar_land_pct": 0.967782, "wind_land_pct": 0.125985, "mix_storage_TWh": 4.169514, "caps": {"1pct": {"label": "1% of land (NREL)", "cap_pct": 1.0, "feasible": true, "storage_TWh": 4.169514, "supply_capped_TWh": null, "shortfall_TWh": 0.0}, "oilgas2x": {"label": "1.88% (2\u00d7 onshore oil & gas)", "cap_pct": 1.8800000000000001, "feasible": true, "storage_TWh": 4.169514, "supply_capped_TWh": null, "shortfall_TWh": 0.0}, "oilgas_all": {"label": "5% (all onshore oil & gas land)", "cap_pct": 5.0, "feasible": true, "storage_TWh": 4.169514, "supply_capped_TWh": null, "shortfall_TWh": 0.0}}}, "pdf": "figures/621.pdf"}