{"id": 622, "name": "Missouri", "country": "United States of America", "level": "admin1", "continent": "North America", "metrics": {"solar_cf": 0.1757, "wind_cf": 0.285, "solar_f_adj": 1.2854, "wind_f_adj": 1.3129, "mix_alpha": 0.45, "mix_f_adj": 1.2055, "solar_s_tot_pct": 21.5872, "wind_s_tot_pct": 24.2118, "mix_s_tot_pct": 12.3303, "solar_s_seasonal_pct": 20.7236, "solar_s_diurnal_pct": 0.8636, "wind_s_seasonal_pct": 23.3747, "wind_s_diurnal_pct": 0.8372, "solar_flaute_days": 2.75, "wind_flaute_days": 7.625, "solar_gap30d_max": 0.7156, "wind_gap30d_max": 0.7981, "solar_trend_pct_decade": -0.6823, "wind_trend_pct_decade": -0.9553}, "colocation": {"k": [0, 17, 35, 50], "storage_pct_cons": [12.3303, 3.3675, 2.1282, 1.4134], "pick": ["base", "wind", "wind", "solar"], "usa_feasible": {"1pct": [true, true, true, true], "oilgas2x": [true, true, true, true], "oilgas_all": [true, true, true, true]}}, "datasets": {"gldas": {"series_norm": {"months": [1, 2, 3, 4, 5, 6, 7, 8, 9, 10, 11, 12], "demand": [1.0, 1.0, 1.0, 1.0, 1.0, 1.0, 1.0, 1.0, 1.0, 1.0, 1.0, 1.0], "solar_supply": [0.648863, 0.876795, 1.172148, 1.525425, 1.727661, 1.960797, 1.943534, 1.742083, 1.480443, 1.036934, 0.722566, 0.568555], "wind_supply": [1.775852, 1.76097, 1.772631, 1.731232, 1.214456, 0.857301, 0.590845, 0.603966, 0.810639, 1.343013, 1.619241, 1.706992], "mix_supply": [1.170647, 1.259325, 1.389862, 1.518048, 1.342424, 1.26045, 1.118603, 1.040212, 1.034162, 1.115839, 1.122663, 1.101981], "mix_storage": [0.080182, 0.083757, 0.092125, 0.102934, 0.108253, 0.109139, 0.10716, 0.098103, 0.087141, 0.079819, 0.079119, 0.076674], "mix_s_tot": 0.123303}, "series_real": {"months": [1, 2, 3, 4, 5, 6, 7, 8, 9, 10, 11, 12], "demand_TWh": [7.39386, 6.091599, 6.263801, 5.432352, 6.008481, 6.910312, 8.156015, 8.054685, 6.611962, 5.955211, 5.742474, 6.965387], "supply_TWh_nocap": [7.207064, 7.260946, 9.020176, 9.8087, 9.398833, 8.918659, 8.411569, 7.747017, 7.174586, 7.35322, 6.80132, 6.73677], "supply_TWh_1pct": [7.207064, 7.260946, 9.020176, 9.8087, 9.398833, 8.918659, 8.411569, 7.747017, 7.174586, 7.35322, 6.80132, 6.73677], "supply_TWh_oilgas2x": [7.207064, 7.260946, 9.020176, 9.8087, 9.398833, 8.918659, 8.411569, 7.747017, 7.174586, 7.35322, 6.80132, 6.73677], "supply_TWh_oilgas_all": [7.207064, 7.260946, 9.020176, 9.8087, 9.398833, 8.918659, 8.411569, 7.747017, 7.174586, 7.35322, 6.80132, 6.73677]}, "consumption_TWh": 79.542135}, "nldas": {"real": {"annual_consumption_TWh": 79.542135, "state_land_km2": 180474.590539, "mix_solar_nameplate_GW": 21.203114, "mix_wind_nameplate_GW": 19.847118, "mix_capacity_TWh": 359.600033, "mix_land_km2": 905.241655, "mix_land_pct": 0.50159, "solar_land_pct": 1.162919, "wind_land_pct": 0.180209, "caps": {"1pct": {"label": "1% of land (NREL)", "cap_pct": 1.0, "feasible": true, "storage_TWh": 8.038804, "supply_capped_TWh": null, "shortfall_TWh": 0.0}, "oilgas2x": {"label": "1.88% (2\u00d7 onshore oil & gas)", "cap_pct": 1.8800000000000001, "feasible": true, "storage_TWh": 8.038804, "supply_capped_TWh": null, "shortfall_TWh": 0.0}, "oilgas_all": {"label": "5% (all onshore oil & gas land)", "cap_pct": 5.0, "feasible": true, "storage_TWh": 8.038804, "supply_capped_TWh": null, "shortfall_TWh": 0.0}}}, "metrics": {"solar_cf": 0.185247, "wind_cf": 0.367535, "solar_f_adj": 1.284532, "wind_f_adj": 1.316432, "mix_alpha": 0.35, "mix_f_adj": 1.235918, "solar_s_tot_pct": 20.24233, "wind_s_tot_pct": 19.71337, "mix_s_tot_pct": 10.106347, "solar_s_seasonal_pct": 19.195579, "solar_s_diurnal_pct": 1.046751, "wind_s_seasonal_pct": 19.654519, "wind_s_diurnal_pct": 0.058851, "solar_flaute_days": 0.833333, "wind_flaute_days": 7.333333, "solar_gap30d_max": 0.711435, "wind_gap30d_max": 0.696022, "solar_trend_pct_decade": 1.356862, "wind_trend_pct_decade": 1.730504}, "series_real": {"months": [1, 2, 3, 4, 5, 6, 7, 8, 9, 10, 11, 12], "demand_TWh": [7.397305, 6.091602, 6.265748, 5.433226, 6.009416, 6.910316, 8.157284, 8.055938, 6.611965, 5.956137, 5.744318, 6.967551], "supply_TWh_nocap": [7.768069, 7.590024, 9.575355, 10.224997, 9.414129, 8.537364, 7.79213, 7.239545, 7.16087, 8.063462, 7.535939, 7.478188], "supply_TWh_1pct": [7.768069, 7.590024, 9.575355, 10.224997, 9.414129, 8.537364, 7.79213, 7.239545, 7.16087, 8.063462, 7.535939, 7.478188], "supply_TWh_oilgas2x": [7.768069, 7.590024, 9.575355, 10.224997, 9.414129, 8.537364, 7.79213, 7.239545, 7.16087, 8.063462, 7.535939, 7.478188], "supply_TWh_oilgas_all": [7.768069, 7.590024, 9.575355, 10.224997, 9.414129, 8.537364, 7.79213, 7.239545, 7.16087, 8.063462, 7.535939, 7.478188]}, "series_norm": {"months": [1, 2, 3, 4, 5, 6, 7, 8, 9, 10, 11, 12], "demand": [1.094983, 0.988811, 0.927485, 0.83106, 0.889541, 1.056993, 1.207479, 1.192477, 1.011358, 0.881655, 0.878644, 1.031369], "solar_supply": [0.631225, 0.795647, 1.180171, 1.521632, 1.708053, 1.92518, 1.952854, 1.785973, 1.497863, 1.096941, 0.704371, 0.587884], "wind_supply": [1.535935, 1.579859, 1.671394, 1.723219, 1.340983, 1.07752, 0.812452, 0.770504, 0.968309, 1.350589, 1.500196, 1.489537], "mix_supply": [1.149865, 1.23204, 1.417388, 1.564003, 1.393523, 1.305865, 1.153427, 1.071631, 1.095318, 1.193591, 1.152688, 1.106956], "mix_storage": [0.069857, 0.069536, 0.082269, 0.093587, 0.098534, 0.097449, 0.08666, 0.063884, 0.049757, 0.055378, 0.069898, 0.071653], "mix_s_tot": 0.101063}, "consumption_TWh": 79.542135}}, "usa": {"annual_consumption_TWh": 79.542135, "state_land_km2": 180474.590539, "mix_solar_nameplate_GW": 34.228092, "mix_wind_nameplate_GW": 17.264715, "mix_capacity_TWh": 451.076987, "mix_land_km2": 1313.583542, "mix_land_pct": 0.72785, "solar_land_pct": 1.221115, "wind_land_pct": 0.234016, "mix_storage_TWh": 11.777804, "caps": {"1pct": {"label": "1% of land (NREL)", "cap_pct": 1.0, "feasible": true, "storage_TWh": 11.777804, "supply_capped_TWh": null, "shortfall_TWh": 0.0}, "oilgas2x": {"label": "1.88% (2\u00d7 onshore oil & gas)", "cap_pct": 1.8800000000000001, "feasible": true, "storage_TWh": 11.777804, "supply_capped_TWh": null, "shortfall_TWh": 0.0}, "oilgas_all": {"label": "5% (all onshore oil & gas land)", "cap_pct": 5.0, "feasible": true, "storage_TWh": 11.777804, "supply_capped_TWh": null, "shortfall_TWh": 0.0}}}, "pdf": "figures/622.pdf"}