{"id": 622, "name": "Missouri", "country": "United States of America", "level": "admin1", "continent": "North America", "metrics": {"solar_cf": 0.1757, "wind_cf": 0.285, "solar_f_adj": 1.2854, "wind_f_adj": 1.3129, "mix_alpha": 0.45, "mix_f_adj": 1.2055, "solar_s_tot_pct": 21.5872, "wind_s_tot_pct": 24.2118, "mix_s_tot_pct": 12.3303, "solar_s_seasonal_pct": 20.7236, "solar_s_diurnal_pct": 0.8636, "wind_s_seasonal_pct": 23.3747, "wind_s_diurnal_pct": 0.8372, "solar_flaute_days": 2.75, "wind_flaute_days": 7.625, "solar_gap30d_max": 0.7156, "wind_gap30d_max": 0.7981, "solar_trend_pct_decade": -0.6823, "wind_trend_pct_decade": -0.9553}, "colocation": {"k": [0, 17, 35, 50], "storage_pct_cons": [12.3303, 3.3675, 2.1282, 1.4134], "pick": ["base", "wind", "wind", "solar"], "usa_feasible": {"1pct": [true, true, true, true], "oilgas2x": [true, true, true, true], "oilgas_all": [true, true, true, true]}}, "datasets": {"gldas": {"series_norm": {"months": [1, 2, 3, 4, 5, 6, 7, 8, 9, 10, 11, 12], "demand": [1.0, 1.0, 1.0, 1.0, 1.0, 1.0, 1.0, 1.0, 1.0, 1.0, 1.0, 1.0], "solar_supply": [0.648863, 0.876795, 1.172148, 1.525425, 1.727661, 1.960797, 1.943534, 1.742083, 1.480443, 1.036934, 0.722566, 0.568555], "wind_supply": [1.775852, 1.76097, 1.772631, 1.731232, 1.214456, 0.857301, 0.590845, 0.603966, 0.810639, 1.343013, 1.619241, 1.706992], "mix_supply": [1.170647, 1.259325, 1.389862, 1.518048, 1.342424, 1.26045, 1.118603, 1.040212, 1.034162, 1.115839, 1.122663, 1.101981], "mix_storage": [0.080182, 0.083757, 0.092125, 0.102934, 0.108253, 0.109139, 0.10716, 0.098103, 0.087141, 0.079819, 0.079119, 0.076674], "mix_s_tot": 0.123303}, "series_real": {"months": [1, 2, 3, 4, 5, 6, 7, 8, 9, 10, 11, 12], "demand_TWh": [7.39386, 6.091599, 6.263801, 5.432352, 6.008481, 6.910312, 8.156015, 8.054685, 6.611962, 5.955211, 5.742474, 6.965387], "supply_TWh_nocap": [7.207064, 7.260946, 9.020176, 9.8087, 9.398833, 8.918659, 8.411569, 7.747017, 7.174586, 7.35322, 6.80132, 6.73677], "supply_TWh_1pct": [7.207064, 7.260946, 9.020176, 9.8087, 9.398833, 8.918659, 8.411569, 7.747017, 7.174586, 7.35322, 6.80132, 6.73677], "supply_TWh_oilgas2x": [7.207064, 7.260946, 9.020176, 9.8087, 9.398833, 8.918659, 8.411569, 7.747017, 7.174586, 7.35322, 6.80132, 6.73677], "supply_TWh_oilgas_all": [7.207064, 7.260946, 9.020176, 9.8087, 9.398833, 8.918659, 8.411569, 7.747017, 7.174586, 7.35322, 6.80132, 6.73677]}, "consumption_TWh": 79.542135}, "nldas": null}, "usa": {"annual_consumption_TWh": 79.542135, "state_land_km2": 180474.590539, "mix_solar_nameplate_GW": 34.228092, "mix_wind_nameplate_GW": 17.264715, "mix_capacity_TWh": 451.076987, "mix_land_km2": 1313.583542, "mix_land_pct": 0.72785, "solar_land_pct": 1.221115, "wind_land_pct": 0.234016, "mix_storage_TWh": 11.777804, "caps": {"1pct": {"label": "1% of land (NREL)", "cap_pct": 1.0, "feasible": true, "storage_TWh": 11.777804, "supply_capped_TWh": null, "shortfall_TWh": 0.0}, "oilgas2x": {"label": "1.88% (2\u00d7 onshore oil & gas)", "cap_pct": 1.8800000000000001, "feasible": true, "storage_TWh": 11.777804, "supply_capped_TWh": null, "shortfall_TWh": 0.0}, "oilgas_all": {"label": "5% (all onshore oil & gas land)", "cap_pct": 5.0, "feasible": true, "storage_TWh": 11.777804, "supply_capped_TWh": null, "shortfall_TWh": 0.0}}}, "pdf": "figures/622.pdf"}