{"id": 623, "name": "Semnan", "country": "Iran", "level": "admin1", "continent": "Asia", "metrics": {"solar_cf": 0.2104, "wind_cf": 0.2947, "solar_f_adj": 1.2857, "wind_f_adj": 1.5047, "mix_alpha": 0.9, "mix_f_adj": 1.2683, "solar_s_tot_pct": 19.2817, "wind_s_tot_pct": 36.7655, "mix_s_tot_pct": 18.463, "solar_s_seasonal_pct": 16.5644, "solar_s_diurnal_pct": 2.7173, "wind_s_seasonal_pct": 36.4599, "wind_s_diurnal_pct": 0.3056, "solar_flaute_days": 0.875, "wind_flaute_days": 17.0, "solar_gap30d_max": 0.6789, "wind_gap30d_max": 0.9586, "solar_trend_pct_decade": 1.0385, "wind_trend_pct_decade": -8.5126}, "colocation": {"k": [0, 17, 35, 50], "storage_pct_cons": [18.463, 14.6407, 12.354, 10.8838], "pick": ["base", "wind", "wind", "wind"]}, "datasets": {"gldas": {"series_norm": {"months": [1, 2, 3, 4, 5, 6, 7, 8, 9, 10, 11, 12], "demand": [1.0, 1.0, 1.0, 1.0, 1.0, 1.0, 1.0, 1.0, 1.0, 1.0, 1.0, 1.0], "solar_supply": [0.717438, 0.939169, 1.194888, 1.452459, 1.711804, 1.88964, 1.831199, 1.71858, 1.459837, 1.094235, 0.767289, 0.634758], "wind_supply": [0.734232, 1.062076, 1.408763, 1.554143, 1.822029, 2.424959, 2.793588, 2.213448, 1.603548, 1.06474, 0.755511, 0.590305], "mix_supply": [0.698813, 0.923294, 1.179537, 1.420457, 1.673277, 1.881974, 1.861162, 1.712283, 1.43117, 1.061183, 0.744863, 0.61328], "mix_storage": [0.056674, 0.024855, 0.013615, 0.022558, 0.050434, 0.095466, 0.145922, 0.176659, 0.18286, 0.177188, 0.147595, 0.100684], "mix_s_tot": 0.18463}}, "nldas": null}, "pdf": "figures/623.pdf"}