{"id": 624, "name": "Zanjan", "country": "Iran", "level": "admin1", "continent": "Asia", "metrics": {"solar_cf": 0.2062, "wind_cf": 0.1897, "solar_f_adj": 1.2882, "wind_f_adj": 1.7331, "mix_alpha": 0.85, "mix_f_adj": 1.2658, "solar_s_tot_pct": 21.817, "wind_s_tot_pct": 35.3331, "mix_s_tot_pct": 18.5564, "solar_s_seasonal_pct": 19.0573, "solar_s_diurnal_pct": 2.7597, "wind_s_seasonal_pct": 33.8457, "wind_s_diurnal_pct": 1.4874, "solar_flaute_days": 1.75, "wind_flaute_days": 14.75, "solar_gap30d_max": 0.725, "wind_gap30d_max": 0.8832, "solar_trend_pct_decade": 1.7327, "wind_trend_pct_decade": -4.5602}, "colocation": {"k": [0, 17, 35, 50], "storage_pct_cons": [18.5564, 13.7588, 10.4834, 8.3569], "pick": ["base", "wind", "wind", "wind"]}, "datasets": {"gldas": {"series_norm": {"months": [1, 2, 3, 4, 5, 6, 7, 8, 9, 10, 11, 12], "demand": [1.0, 1.0, 1.0, 1.0, 1.0, 1.0, 1.0, 1.0, 1.0, 1.0, 1.0, 1.0], "solar_supply": [0.675485, 0.891244, 1.161687, 1.420903, 1.726069, 2.002202, 1.936502, 1.782587, 1.498143, 1.04842, 0.715398, 0.580403], "wind_supply": [1.785747, 1.87536, 2.333111, 2.167198, 1.797155, 1.647139, 1.965814, 1.612567, 1.303944, 1.394546, 1.318345, 1.59337], "mix_supply": [0.759789, 0.949806, 1.225824, 1.424142, 1.638474, 1.852662, 1.832702, 1.665455, 1.39408, 1.028403, 0.741919, 0.659302], "mix_storage": [0.06169, 0.034989, 0.027768, 0.039383, 0.0645, 0.105556, 0.148445, 0.174586, 0.180804, 0.173746, 0.143303, 0.099285], "mix_s_tot": 0.185564}}, "nldas": null}, "pdf": "figures/624.pdf"}