{"id": 625, "name": "Qazvin", "country": "Iran", "level": "admin1", "continent": "Asia", "metrics": {"solar_cf": 0.2073, "wind_cf": 0.2013, "solar_f_adj": 1.2937, "wind_f_adj": 1.5807, "mix_alpha": 0.8, "mix_f_adj": 1.276, "solar_s_tot_pct": 22.2922, "wind_s_tot_pct": 27.7654, "mix_s_tot_pct": 17.6801, "solar_s_seasonal_pct": 20.7516, "solar_s_diurnal_pct": 1.5406, "wind_s_seasonal_pct": 27.0645, "wind_s_diurnal_pct": 0.7009, "solar_flaute_days": 1.75, "wind_flaute_days": 8.25, "solar_gap30d_max": 0.7213, "wind_gap30d_max": 0.8442, "solar_trend_pct_decade": 2.1217, "wind_trend_pct_decade": 0.4959}, "colocation": {"k": [0, 17, 35, 50], "storage_pct_cons": [17.6801, 12.4318, 9.1683, 7.2056], "pick": ["base", "wind", "wind", "wind"]}, "datasets": {"gldas": {"series_norm": {"months": [1, 2, 3, 4, 5, 6, 7, 8, 9, 10, 11, 12], "demand": [1.0, 1.0, 1.0, 1.0, 1.0, 1.0, 1.0, 1.0, 1.0, 1.0, 1.0, 1.0], "solar_supply": [0.680611, 0.897791, 1.164113, 1.42888, 1.734097, 1.990396, 1.925266, 1.786706, 1.510564, 1.064347, 0.72566, 0.596006], "wind_supply": [1.528792, 1.767791, 1.978951, 1.796277, 1.562586, 1.727263, 1.952148, 1.611066, 1.318741, 1.238828, 1.14485, 1.346709], "mix_supply": [0.783882, 0.99384, 1.238082, 1.417511, 1.620622, 1.84945, 1.834365, 1.669962, 1.404868, 1.039865, 0.757441, 0.687724], "mix_storage": [0.061593, 0.038493, 0.033939, 0.04614, 0.070401, 0.110662, 0.150137, 0.170923, 0.1738, 0.166908, 0.138062, 0.096746], "mix_s_tot": 0.176801}}, "nldas": null}, "pdf": "figures/625.pdf"}