{"id": 626, "name": "Gezira", "country": "Sudan", "level": "admin1", "continent": "Africa", "metrics": {"solar_cf": 0.2642, "wind_cf": 0.2764, "solar_f_adj": 1.2437, "wind_f_adj": 27.6083, "mix_alpha": 0.5, "mix_f_adj": 2.1494, "solar_s_tot_pct": 8.4748, "wind_s_tot_pct": 25.0183, "mix_s_tot_pct": 5.9617, "solar_s_seasonal_pct": 4.5595, "solar_s_diurnal_pct": 3.9152, "wind_s_seasonal_pct": 24.0987, "wind_s_diurnal_pct": 0.9196, "solar_flaute_days": 1.75, "wind_flaute_days": 86.125, "solar_gap30d_max": 0.5904, "wind_gap30d_max": 0.9987, "solar_trend_pct_decade": 3.5533, "wind_trend_pct_decade": 79.4496}, "colocation": {"k": [0, 17, 35, 50], "storage_pct_cons": [5.9617, 0.7974, 0.4792, 0.4195], "pick": ["base", "solar", "wind", "wind"]}, "datasets": {"gldas": {"series_norm": {"months": [1, 2, 3, 4, 5, 6, 7, 8, 9, 10, 11, 12], "demand": [1.0, 1.0, 1.0, 1.0, 1.0, 1.0, 1.0, 1.0, 1.0, 1.0, 1.0, 1.0], "solar_supply": [1.145344, 1.267372, 1.379953, 1.416211, 1.355564, 1.320291, 1.192451, 1.156013, 1.229554, 1.2195, 1.156646, 1.091755], "wind_supply": [30.586673, 32.920473, 31.022073, 26.871145, 21.138857, 28.99919, 38.399782, 30.821015, 21.900149, 14.602843, 25.630626, 28.649514], "mix_supply": [2.180354, 2.376649, 2.400037, 2.269788, 1.994246, 2.269738, 2.525195, 2.198696, 1.91499, 1.622246, 1.997201, 2.05864], "mix_storage": [0.038606, 0.039974, 0.045324, 0.050903, 0.05396, 0.056593, 0.058196, 0.057811, 0.056995, 0.053236, 0.048245, 0.042844], "mix_s_tot": 0.059617}}, "nldas": null}, "pdf": "figures/626.pdf"}