{"id": 627, "name": "Khartoum", "country": "Sudan", "level": "admin1", "continent": "Africa", "metrics": {"solar_cf": 0.2664, "wind_cf": 0.3431, "solar_f_adj": 1.2357, "wind_f_adj": 7.6497, "mix_alpha": 0.45, "mix_f_adj": 2.0526, "solar_s_tot_pct": 10.5202, "wind_s_tot_pct": 17.0523, "mix_s_tot_pct": 6.8491, "solar_s_seasonal_pct": 4.3899, "solar_s_diurnal_pct": 6.1303, "wind_s_seasonal_pct": 16.1166, "wind_s_diurnal_pct": 0.9357, "solar_flaute_days": 0.875, "wind_flaute_days": 77.625, "solar_gap30d_max": 0.5939, "wind_gap30d_max": 0.9739, "solar_trend_pct_decade": 3.0981, "wind_trend_pct_decade": 60.0521}, "colocation": {"k": [0, 17, 35, 50], "storage_pct_cons": [6.8491, 1.1992, 0.4752, 0.3529], "pick": ["base", "solar", "solar", "solar"]}, "datasets": {"gldas": {"series_norm": {"months": [1, 2, 3, 4, 5, 6, 7, 8, 9, 10, 11, 12], "demand": [1.0, 1.0, 1.0, 1.0, 1.0, 1.0, 1.0, 1.0, 1.0, 1.0, 1.0, 1.0], "solar_supply": [1.088804, 1.214325, 1.346463, 1.40447, 1.371055, 1.352853, 1.255751, 1.199349, 1.240424, 1.198902, 1.117622, 1.042128], "wind_supply": [8.82102, 9.366851, 8.926562, 8.078152, 6.654106, 6.245479, 9.002512, 8.234983, 5.169806, 5.444675, 7.60971, 8.281695], "mix_supply": [2.115618, 2.289994, 2.323786, 2.241939, 2.006807, 1.932897, 2.26719, 2.111763, 1.690117, 1.699644, 1.958398, 2.001138], "mix_storage": [0.050504, 0.053351, 0.059868, 0.065313, 0.065859, 0.065197, 0.066468, 0.06778, 0.065815, 0.059055, 0.055048, 0.052004], "mix_s_tot": 0.068491}}, "nldas": null}, "pdf": "figures/627.pdf"}