{"id": 628, "name": "North Kordufan", "country": "Sudan", "level": "admin1", "continent": "Africa", "metrics": {"solar_cf": 0.2699, "wind_cf": 0.387, "solar_f_adj": 1.2433, "wind_f_adj": 1.8513, "mix_alpha": 1.0, "mix_f_adj": 1.2433, "solar_s_tot_pct": 6.9356, "wind_s_tot_pct": 12.5172, "mix_s_tot_pct": 6.9356, "solar_s_seasonal_pct": 4.6333, "solar_s_diurnal_pct": 2.3023, "wind_s_seasonal_pct": 12.138, "wind_s_diurnal_pct": 0.3792, "solar_flaute_days": 0.75, "wind_flaute_days": 9.625, "solar_gap30d_max": 0.5982, "wind_gap30d_max": 0.7787, "solar_trend_pct_decade": 3.0934, "wind_trend_pct_decade": 31.7518}, "colocation": {"k": [0, 17, 35, 50], "storage_pct_cons": [6.9356, 0.5444, 0.349, 0.2653], "pick": ["base", "wind", "wind", "wind"]}, "datasets": {"gldas": {"series_norm": {"months": [1, 2, 3, 4, 5, 6, 7, 8, 9, 10, 11, 12], "demand": [1.0, 1.0, 1.0, 1.0, 1.0, 1.0, 1.0, 1.0, 1.0, 1.0, 1.0, 1.0], "solar_supply": [1.124338, 1.243388, 1.360681, 1.423211, 1.386975, 1.324484, 1.210807, 1.16198, 1.23121, 1.215638, 1.160257, 1.082141], "wind_supply": [2.292156, 2.41628, 2.278194, 1.93919, 1.578418, 1.44266, 1.868522, 1.552861, 1.154587, 1.53393, 2.006877, 2.173738], "mix_supply": [1.124338, 1.243388, 1.360681, 1.423211, 1.386975, 1.324484, 1.210807, 1.16198, 1.23121, 1.215638, 1.160257, 1.082141], "mix_storage": [0.022572, 0.01922, 0.025274, 0.037516, 0.046146, 0.050474, 0.050973, 0.04623, 0.04367, 0.043563, 0.040529, 0.031346], "mix_s_tot": 0.069356}}, "nldas": null}, "pdf": "figures/628.pdf"}