{"id": 629, "name": "Ar Riyad", "country": "Saudi Arabia", "level": "admin1", "continent": "Asia", "metrics": {"solar_cf": 0.254, "wind_cf": 0.2878, "solar_f_adj": 1.2227, "wind_f_adj": 1.6882, "mix_alpha": 0.8, "mix_f_adj": 1.2524, "solar_s_tot_pct": 12.2202, "wind_s_tot_pct": 19.7237, "mix_s_tot_pct": 9.6691, "solar_s_seasonal_pct": 11.308, "solar_s_diurnal_pct": 0.9122, "wind_s_seasonal_pct": 18.8919, "wind_s_diurnal_pct": 0.8318, "solar_flaute_days": 0.75, "wind_flaute_days": 6.375, "solar_gap30d_max": 0.6417, "wind_gap30d_max": 0.7869, "solar_trend_pct_decade": 1.3521, "wind_trend_pct_decade": 25.1447}, "colocation": {"k": [0, 17, 35, 50], "storage_pct_cons": [9.6691, 4.2104, 1.9501, 0.904], "pick": ["base", "solar", "wind", "wind"]}, "datasets": {"gldas": {"series_norm": {"months": [1, 2, 3, 4, 5, 6, 7, 8, 9, 10, 11, 12], "demand": [1.0, 1.0, 1.0, 1.0, 1.0, 1.0, 1.0, 1.0, 1.0, 1.0, 1.0, 1.0], "solar_supply": [0.890744, 1.061892, 1.225861, 1.330394, 1.46048, 1.534647, 1.475359, 1.409028, 1.329436, 1.161522, 0.939606, 0.846472], "wind_supply": [1.715878, 2.067106, 2.21569, 2.059889, 1.669495, 1.57266, 1.747192, 1.528896, 1.194942, 1.229206, 1.677528, 1.604948], "mix_supply": [0.984481, 1.176836, 1.333241, 1.395783, 1.444456, 1.490862, 1.468176, 1.381434, 1.266666, 1.134157, 1.01883, 0.931745], "mix_storage": [0.042601, 0.035609, 0.042996, 0.055666, 0.066048, 0.074557, 0.082395, 0.087699, 0.089669, 0.086889, 0.077426, 0.059581], "mix_s_tot": 0.096691}}, "nldas": null}, "pdf": "figures/629.pdf"}