{"id": 63, "name": "Romania", "country": "Romania", "level": "admin0", "continent": "Europe", "metrics": {"solar_cf": 0.1421, "wind_cf": 0.1456, "solar_f_adj": 1.325, "wind_f_adj": 1.661, "mix_alpha": 0.15, "mix_f_adj": 1.5069, "solar_s_tot_pct": 32.7392, "wind_s_tot_pct": 17.4217, "mix_s_tot_pct": 12.8551, "solar_s_seasonal_pct": 32.0082, "solar_s_diurnal_pct": 0.731, "wind_s_seasonal_pct": 17.2075, "wind_s_diurnal_pct": 0.2142, "solar_flaute_days": 1.875, "wind_flaute_days": 12.875, "solar_gap30d_max": 0.7927, "wind_gap30d_max": 0.8742, "solar_trend_pct_decade": -2.3403, "wind_trend_pct_decade": -10.415}, "colocation": {"k": [0, 17, 35, 50], "storage_pct_cons": [12.8551, 9.2907, 8.0243, 7.0157], "pick": ["base", "solar", "solar", "solar"]}, "datasets": {"gldas": {"series_norm": {"months": [1, 2, 3, 4, 5, 6, 7, 8, 9, 10, 11, 12], "demand": [1.0, 1.0, 1.0, 1.0, 1.0, 1.0, 1.0, 1.0, 1.0, 1.0, 1.0, 1.0], "solar_supply": [0.494484, 0.769584, 1.188765, 1.625837, 2.025895, 2.241627, 2.260728, 2.013262, 1.413702, 0.908806, 0.525593, 0.398265], "wind_supply": [2.149173, 2.225211, 2.346902, 1.982033, 1.491601, 1.148793, 1.134776, 0.99457, 1.35787, 1.452464, 1.752918, 1.932781], "mix_supply": [1.74163, 1.847195, 2.012542, 1.805743, 1.495807, 1.268262, 1.260711, 1.11038, 1.288249, 1.275062, 1.441376, 1.558351], "mix_storage": [0.102109, 0.11118, 0.117466, 0.123491, 0.124054, 0.120142, 0.116151, 0.105292, 0.100756, 0.096948, 0.09086, 0.092433], "mix_s_tot": 0.128551}}, "nldas": null}, "pdf": "figures/63.pdf"}