{"id": 630, "name": "Al Quassim", "country": "Saudi Arabia", "level": "admin1", "continent": "Asia", "metrics": {"solar_cf": 0.2433, "wind_cf": 0.2886, "solar_f_adj": 1.2295, "wind_f_adj": 1.7097, "mix_alpha": 0.6, "mix_f_adj": 1.3, "solar_s_tot_pct": 14.3219, "wind_s_tot_pct": 15.3768, "mix_s_tot_pct": 10.9336, "solar_s_seasonal_pct": 13.4242, "solar_s_diurnal_pct": 0.8977, "wind_s_seasonal_pct": 14.9559, "wind_s_diurnal_pct": 0.4209, "solar_flaute_days": 1.75, "wind_flaute_days": 4.875, "solar_gap30d_max": 0.6607, "wind_gap30d_max": 0.7881, "solar_trend_pct_decade": 1.5692, "wind_trend_pct_decade": 24.4812}, "colocation": {"k": [0, 17, 35, 50], "storage_pct_cons": [10.9336, 4.6078, 2.0733, 1.4473], "pick": ["base", "wind", "solar", "solar"]}, "datasets": {"gldas": {"series_norm": {"months": [1, 2, 3, 4, 5, 6, 7, 8, 9, 10, 11, 12], "demand": [1.0, 1.0, 1.0, 1.0, 1.0, 1.0, 1.0, 1.0, 1.0, 1.0, 1.0, 1.0], "solar_supply": [0.843617, 1.028287, 1.216951, 1.346724, 1.497123, 1.617542, 1.577571, 1.482687, 1.348868, 1.131821, 0.871479, 0.78177], "wind_supply": [1.640593, 1.972149, 2.200994, 2.14678, 1.92321, 1.599339, 1.504803, 1.46466, 1.240373, 1.417395, 1.774378, 1.652306], "mix_supply": [1.034215, 1.252221, 1.44152, 1.507363, 1.534779, 1.512669, 1.458556, 1.386149, 1.233032, 1.149173, 1.092584, 0.998541], "mix_storage": [0.067581, 0.064572, 0.068962, 0.076185, 0.084234, 0.093028, 0.098293, 0.101555, 0.101386, 0.09701, 0.090748, 0.078379], "mix_s_tot": 0.109336}}, "nldas": null}, "pdf": "figures/630.pdf"}