{"id": 631, "name": "Ha'il", "country": "Saudi Arabia", "level": "admin1", "continent": "Asia", "metrics": {"solar_cf": 0.2469, "wind_cf": 0.293, "solar_f_adj": 1.229, "wind_f_adj": 1.4063, "mix_alpha": 0.65, "mix_f_adj": 1.2305, "solar_s_tot_pct": 14.9616, "wind_s_tot_pct": 15.4538, "mix_s_tot_pct": 11.4902, "solar_s_seasonal_pct": 13.8542, "solar_s_diurnal_pct": 1.1074, "wind_s_seasonal_pct": 15.0339, "wind_s_diurnal_pct": 0.4199, "solar_flaute_days": 0.875, "wind_flaute_days": 4.375, "solar_gap30d_max": 0.6605, "wind_gap30d_max": 0.6463, "solar_trend_pct_decade": 1.2886, "wind_trend_pct_decade": 15.6248}, "colocation": {"k": [0, 17, 35, 50], "storage_pct_cons": [11.4902, 5.3138, 2.1123, 1.3911], "pick": ["base", "wind", "wind", "wind"]}, "datasets": {"gldas": {"series_norm": {"months": [1, 2, 3, 4, 5, 6, 7, 8, 9, 10, 11, 12], "demand": [1.0, 1.0, 1.0, 1.0, 1.0, 1.0, 1.0, 1.0, 1.0, 1.0, 1.0, 1.0], "solar_supply": [0.822313, 1.008928, 1.229192, 1.38049, 1.51393, 1.640473, 1.601759, 1.491203, 1.345402, 1.096102, 0.853745, 0.754184], "wind_supply": [1.34947, 1.617458, 1.785076, 1.762236, 1.613629, 1.395739, 1.306139, 1.167998, 1.024941, 1.194813, 1.366088, 1.308601], "mix_supply": [0.948435, 1.151956, 1.346638, 1.43811, 1.479445, 1.495074, 1.442439, 1.328184, 1.189484, 1.079258, 0.97398, 0.89158], "mix_storage": [0.049121, 0.040721, 0.049525, 0.066938, 0.081357, 0.093648, 0.10193, 0.105209, 0.104716, 0.099405, 0.08816, 0.067854], "mix_s_tot": 0.114902}}, "nldas": null}, "pdf": "figures/631.pdf"}