{"id": 632, "name": "Al Bahah", "country": "Saudi Arabia", "level": "admin1", "continent": "Asia", "metrics": {"solar_cf": 0.2516, "wind_cf": 0.2017, "solar_f_adj": 1.2721, "wind_f_adj": 1.7051, "mix_alpha": 0.4, "mix_f_adj": 1.4525, "solar_s_tot_pct": 11.2202, "wind_s_tot_pct": 13.0827, "mix_s_tot_pct": 8.5056, "solar_s_seasonal_pct": 10.5223, "solar_s_diurnal_pct": 0.6979, "wind_s_seasonal_pct": 12.8748, "wind_s_diurnal_pct": 0.208, "solar_flaute_days": 1.5, "wind_flaute_days": 2.75, "solar_gap30d_max": 0.6468, "wind_gap30d_max": 0.7646, "solar_trend_pct_decade": 2.9795, "wind_trend_pct_decade": 5.4861}, "colocation": {"k": [0, 17, 35, 50], "storage_pct_cons": [8.5056, 4.4163, 0.9348, 0.4639], "pick": ["base", "solar", "solar", "solar"]}, "datasets": {"gldas": {"series_norm": {"months": [1, 2, 3, 4, 5, 6, 7, 8, 9, 10, 11, 12], "demand": [1.0, 1.0, 1.0, 1.0, 1.0, 1.0, 1.0, 1.0, 1.0, 1.0, 1.0, 1.0], "solar_supply": [0.986549, 1.166273, 1.331941, 1.440024, 1.486715, 1.498632, 1.408599, 1.349869, 1.340847, 1.255087, 1.043593, 0.955109], "wind_supply": [1.52872, 1.879368, 2.119289, 1.938252, 1.541632, 1.77599, 2.139309, 1.733926, 1.453435, 1.676992, 1.393094, 1.288103], "mix_supply": [1.23194, 1.493246, 1.691539, 1.648373, 1.466979, 1.592206, 1.736784, 1.502763, 1.355278, 1.430373, 1.188672, 1.094597], "mix_storage": [0.054137, 0.053032, 0.061058, 0.071638, 0.074766, 0.077775, 0.082853, 0.083819, 0.081662, 0.081468, 0.075948, 0.064705], "mix_s_tot": 0.085056}}, "nldas": null}, "pdf": "figures/632.pdf"}