{"id": 633, "name": "Beijing", "country": "China", "level": "admin1", "continent": "Asia", "metrics": {"solar_cf": 0.1743, "wind_cf": 0.1595, "solar_f_adj": 1.2757, "wind_f_adj": 2.2209, "mix_alpha": 0.35, "mix_f_adj": 1.6706, "solar_s_tot_pct": 19.2851, "wind_s_tot_pct": 26.955, "mix_s_tot_pct": 17.5766, "solar_s_seasonal_pct": 18.2855, "solar_s_diurnal_pct": 0.9996, "wind_s_seasonal_pct": 26.0475, "wind_s_diurnal_pct": 0.9076, "solar_flaute_days": 1.75, "wind_flaute_days": 9.375, "solar_gap30d_max": 0.7029, "wind_gap30d_max": 0.927, "solar_trend_pct_decade": -2.4183, "wind_trend_pct_decade": -39.0926}, "colocation": {"k": [0, 17, 35, 50], "storage_pct_cons": [17.5766, 10.9567, 6.3503, 3.756], "pick": ["base", "solar", "solar", "solar"]}, "datasets": {"gldas": {"series_norm": {"months": [1, 2, 3, 4, 5, 6, 7, 8, 9, 10, 11, 12], "demand": [1.0, 1.0, 1.0, 1.0, 1.0, 1.0, 1.0, 1.0, 1.0, 1.0, 1.0, 1.0], "solar_supply": [0.74681, 0.996572, 1.358641, 1.642888, 1.820119, 1.785065, 1.646842, 1.53954, 1.327526, 1.010939, 0.763114, 0.658552], "wind_supply": [2.820687, 2.653278, 3.10258, 3.352314, 2.866136, 1.714804, 1.149233, 0.975239, 1.254659, 1.823052, 2.242013, 2.725065], "mix_supply": [1.721426, 1.754051, 2.139682, 2.392068, 2.235592, 1.6566, 1.316719, 1.182466, 1.221909, 1.35471, 1.445965, 1.63422], "mix_storage": [0.125027, 0.123677, 0.128315, 0.143387, 0.158446, 0.166188, 0.16498, 0.156548, 0.147643, 0.139401, 0.132093, 0.127234], "mix_s_tot": 0.175766}}, "nldas": null}, "pdf": "figures/633.pdf"}