{"id": 634, "name": "Kasa\u00ef-Oriental", "country": "Democratic Republic of the Congo", "level": "admin1", "continent": "Africa", "metrics": {"solar_cf": 0.2065, "wind_cf": 0.0048, "solar_f_adj": 1.257, "wind_f_adj": 9.3477, "mix_alpha": 1.0, "mix_f_adj": 1.257, "solar_s_tot_pct": 4.7982, "wind_s_tot_pct": 57.1489, "mix_s_tot_pct": 4.7982, "solar_s_seasonal_pct": 4.0549, "solar_s_diurnal_pct": 0.7433, "wind_s_seasonal_pct": 56.7898, "wind_s_diurnal_pct": 0.359, "solar_flaute_days": 1.625, "wind_flaute_days": 84.75, "solar_gap30d_max": 0.5964, "wind_gap30d_max": 1.0, "solar_trend_pct_decade": 1.3902, "wind_trend_pct_decade": 7.239}, "colocation": {"k": [0, 17, 35, 50], "storage_pct_cons": [4.7982, 2.3805, 1.012, 0.488], "pick": ["base", "wind", "wind", "wind"]}, "datasets": {"gldas": {"series_norm": {"months": [1, 2, 3, 4, 5, 6, 7, 8, 9, 10, 11, 12], "demand": [1.0, 1.0, 1.0, 1.0, 1.0, 1.0, 1.0, 1.0, 1.0, 1.0, 1.0, 1.0], "solar_supply": [1.19459, 1.237102, 1.259981, 1.238941, 1.28048, 1.288525, 1.301786, 1.300274, 1.333496, 1.271071, 1.214126, 1.163162], "wind_supply": [1.409424, 2.457158, 3.020968, 10.12311, 20.435728, 25.643169, 29.245833, 9.580713, 4.381745, 3.507874, 1.205035, 0.676181], "mix_supply": [1.19459, 1.237102, 1.259981, 1.238941, 1.28048, 1.288525, 1.301786, 1.300274, 1.333496, 1.271071, 1.214126, 1.163162], "mix_storage": [0.02978, 0.027818, 0.027528, 0.027444, 0.028612, 0.031662, 0.03486, 0.036694, 0.039538, 0.040992, 0.03947, 0.034878], "mix_s_tot": 0.047982}}, "nldas": null}, "pdf": "figures/634.pdf"}