{"id": 635, "name": "Maniema", "country": "Democratic Republic of the Congo", "level": "admin1", "continent": "Africa", "metrics": {"solar_cf": 0.2031, "wind_cf": 0.0005, "solar_f_adj": 1.2651, "wind_f_adj": 43.9318, "mix_alpha": 1.0, "mix_f_adj": 1.2651, "solar_s_tot_pct": 5.2633, "wind_s_tot_pct": 68.7264, "mix_s_tot_pct": 5.2633, "solar_s_seasonal_pct": 3.7807, "solar_s_diurnal_pct": 1.4826, "wind_s_seasonal_pct": 68.3673, "wind_s_diurnal_pct": 0.3592, "solar_flaute_days": 0.75, "wind_flaute_days": 199.625, "solar_gap30d_max": 0.605, "wind_gap30d_max": 1.0, "solar_trend_pct_decade": 1.0981, "wind_trend_pct_decade": -10.2253}, "colocation": {"k": [0, 17, 35, 50], "storage_pct_cons": [5.2633, 1.8592, 0.6706, 0.5235], "pick": ["base", "wind", "wind", "wind"]}, "datasets": {"gldas": {"series_norm": {"months": [1, 2, 3, 4, 5, 6, 7, 8, 9, 10, 11, 12], "demand": [1.0, 1.0, 1.0, 1.0, 1.0, 1.0, 1.0, 1.0, 1.0, 1.0, 1.0, 1.0], "solar_supply": [1.217251, 1.296286, 1.309206, 1.270498, 1.291846, 1.280164, 1.27983, 1.286792, 1.316045, 1.244653, 1.212532, 1.179456], "wind_supply": [3.457762, 18.772581, 19.246806, 21.734181, 79.731687, 104.818495, 180.481034, 43.067269, 25.469634, 12.810157, 4.770536, 9.963507], "mix_supply": [1.217251, 1.296286, 1.309206, 1.270498, 1.291846, 1.280164, 1.27983, 1.286792, 1.316045, 1.244653, 1.212532, 1.179456], "mix_storage": [0.034715, 0.034647, 0.037215, 0.038301, 0.039794, 0.041574, 0.042511, 0.042919, 0.044828, 0.045678, 0.042954, 0.038838], "mix_s_tot": 0.052633}}, "nldas": null}, "pdf": "figures/635.pdf"}