{"id": 636, "name": "Sichuan", "country": "China", "level": "admin1", "continent": "Asia", "metrics": {"solar_cf": 0.1703, "wind_cf": 0.1137, "solar_f_adj": 1.3115, "wind_f_adj": 8.4606, "mix_alpha": 0.9, "mix_f_adj": 1.3691, "solar_s_tot_pct": 12.1526, "wind_s_tot_pct": 37.7252, "mix_s_tot_pct": 11.961, "solar_s_seasonal_pct": 10.4935, "solar_s_diurnal_pct": 1.6591, "wind_s_seasonal_pct": 35.9476, "wind_s_diurnal_pct": 1.7775, "solar_flaute_days": 0.75, "wind_flaute_days": 37.75, "solar_gap30d_max": 0.6224, "wind_gap30d_max": 0.9923, "solar_trend_pct_decade": -1.1077, "wind_trend_pct_decade": -80.7845}, "colocation": {"k": [0, 17, 35, 50], "storage_pct_cons": [11.961, 6.3267, 1.717, 0.7376], "pick": ["base", "wind", "wind", "wind"]}, "datasets": {"gldas": {"series_norm": {"months": [1, 2, 3, 4, 5, 6, 7, 8, 9, 10, 11, 12], "demand": [1.0, 1.0, 1.0, 1.0, 1.0, 1.0, 1.0, 1.0, 1.0, 1.0, 1.0, 1.0], "solar_supply": [0.987856, 1.172201, 1.406999, 1.582711, 1.648266, 1.546498, 1.601315, 1.516372, 1.285099, 1.095116, 0.979713, 0.908247], "wind_supply": [12.136011, 14.107915, 12.654965, 10.77117, 8.820293, 5.706334, 4.764229, 4.330984, 5.651681, 5.843745, 7.606871, 9.499684], "mix_supply": [1.124461, 1.329561, 1.52664, 1.661237, 1.691257, 1.545258, 1.581514, 1.4947, 1.298792, 1.123412, 1.043523, 1.00701], "mix_storage": [0.05781, 0.053528, 0.061501, 0.07619, 0.09045, 0.098267, 0.10389, 0.110501, 0.110344, 0.103696, 0.089491, 0.070904], "mix_s_tot": 0.11961}}, "nldas": null}, "pdf": "figures/636.pdf"}