{"id": 637, "name": "Chongqing", "country": "China", "level": "admin1", "continent": "Asia", "metrics": {"solar_cf": 0.122, "wind_cf": 0.0314, "solar_f_adj": 1.3871, "wind_f_adj": 25.5457, "mix_alpha": 0.1, "mix_f_adj": 8.4173, "solar_s_tot_pct": 18.8271, "wind_s_tot_pct": 17.3641, "mix_s_tot_pct": 9.3312, "solar_s_seasonal_pct": 17.7415, "solar_s_diurnal_pct": 1.0857, "wind_s_seasonal_pct": 17.2027, "wind_s_diurnal_pct": 0.1614, "solar_flaute_days": 1.75, "wind_flaute_days": 33.75, "solar_gap30d_max": 0.6934, "wind_gap30d_max": 1.0, "solar_trend_pct_decade": -6.402, "wind_trend_pct_decade": -101.8521}, "colocation": {"k": [0, 17, 35, 50], "storage_pct_cons": [9.3312, 6.614, 4.1265, 2.0999], "pick": ["base", "solar", "solar", "solar"]}, "datasets": {"gldas": {"series_norm": {"months": [1, 2, 3, 4, 5, 6, 7, 8, 9, 10, 11, 12], "demand": [1.0, 1.0, 1.0, 1.0, 1.0, 1.0, 1.0, 1.0, 1.0, 1.0, 1.0, 1.0], "solar_supply": [0.831623, 1.001244, 1.374487, 1.650268, 1.732934, 1.723559, 2.051575, 1.953247, 1.507842, 1.099697, 0.91253, 0.779484], "wind_supply": [23.50118, 34.286108, 40.770375, 40.451512, 29.24638, 15.946842, 22.866877, 19.158291, 25.469171, 17.187506, 19.842142, 18.576225], "mix_supply": [7.473966, 10.775182, 12.924598, 12.997394, 9.724663, 5.77498, 8.026178, 6.866723, 8.467932, 5.764316, 6.437971, 5.981824], "mix_storage": [0.06917, 0.077381, 0.086832, 0.091648, 0.091852, 0.090102, 0.091018, 0.091514, 0.090431, 0.083205, 0.080371, 0.076896], "mix_s_tot": 0.093312}}, "nldas": null}, "pdf": "figures/637.pdf"}