{"id": 638, "name": "Guizhou", "country": "China", "level": "admin1", "continent": "Asia", "metrics": {"solar_cf": 0.1347, "wind_cf": 0.0478, "solar_f_adj": 1.344, "wind_f_adj": 3.8261, "mix_alpha": 0.8, "mix_f_adj": 1.4277, "solar_s_tot_pct": 14.4885, "wind_s_tot_pct": 31.1276, "mix_s_tot_pct": 13.1881, "solar_s_seasonal_pct": 13.735, "solar_s_diurnal_pct": 0.7535, "wind_s_seasonal_pct": 29.2485, "wind_s_diurnal_pct": 1.8792, "solar_flaute_days": 1.75, "wind_flaute_days": 13.25, "solar_gap30d_max": 0.6802, "wind_gap30d_max": 0.9614, "solar_trend_pct_decade": -0.8967, "wind_trend_pct_decade": -17.4591}, "colocation": {"k": [0, 17, 35, 50], "storage_pct_cons": [13.1881, 7.014, 3.4442, 2.3017], "pick": ["base", "wind", "wind", "wind"]}, "datasets": {"gldas": {"series_norm": {"months": [1, 2, 3, 4, 5, 6, 7, 8, 9, 10, 11, 12], "demand": [1.0, 1.0, 1.0, 1.0, 1.0, 1.0, 1.0, 1.0, 1.0, 1.0, 1.0, 1.0], "solar_supply": [0.847394, 1.069802, 1.372394, 1.602845, 1.633065, 1.528412, 1.822292, 1.760071, 1.505866, 1.133399, 1.021997, 0.814997], "wind_supply": [3.611408, 5.866734, 6.315855, 6.274173, 4.207547, 2.808181, 4.513892, 2.524494, 2.607343, 2.327545, 2.440969, 2.557495], "mix_supply": [0.989658, 1.34698, 1.63765, 1.830384, 1.701836, 1.508465, 1.88551, 1.684165, 1.474317, 1.136901, 1.050693, 0.883474], "mix_storage": [0.059093, 0.052569, 0.066654, 0.08936, 0.107503, 0.114354, 0.122602, 0.127711, 0.127351, 0.120059, 0.104846, 0.082264], "mix_s_tot": 0.131881}}, "nldas": null}, "pdf": "figures/638.pdf"}