{"id": 639, "name": "Hunan", "country": "China", "level": "admin1", "continent": "Asia", "metrics": {"solar_cf": 0.1287, "wind_cf": 0.0694, "solar_f_adj": 1.3573, "wind_f_adj": 2.2454, "mix_alpha": 0.55, "mix_f_adj": 1.5391, "solar_s_tot_pct": 14.759, "wind_s_tot_pct": 29.9396, "mix_s_tot_pct": 13.0073, "solar_s_seasonal_pct": 13.7945, "solar_s_diurnal_pct": 0.9646, "wind_s_seasonal_pct": 29.0826, "wind_s_diurnal_pct": 0.857, "solar_flaute_days": 2.625, "wind_flaute_days": 13.25, "solar_gap30d_max": 0.7007, "wind_gap30d_max": 0.9444, "solar_trend_pct_decade": -3.7487, "wind_trend_pct_decade": -35.8241}, "colocation": {"k": [0, 17, 35, 50], "storage_pct_cons": [13.0073, 7.1772, 3.8821, 2.8096], "pick": ["base", "wind", "solar", "solar"]}, "datasets": {"gldas": {"series_norm": {"months": [1, 2, 3, 4, 5, 6, 7, 8, 9, 10, 11, 12], "demand": [1.0, 1.0, 1.0, 1.0, 1.0, 1.0, 1.0, 1.0, 1.0, 1.0, 1.0, 1.0], "solar_supply": [0.845961, 0.960533, 1.21936, 1.451523, 1.601018, 1.629337, 1.970996, 1.820361, 1.567383, 1.253269, 1.045746, 0.89498], "wind_supply": [2.900488, 3.131004, 2.800867, 2.714563, 1.688084, 1.384563, 2.272511, 1.527401, 1.773855, 2.070046, 2.151119, 2.578122], "mix_supply": [1.422218, 1.564773, 1.624368, 1.742541, 1.51917, 1.443214, 1.930172, 1.606406, 1.524649, 1.420103, 1.315683, 1.35336], "mix_storage": [0.100528, 0.100146, 0.102016, 0.107567, 0.110307, 0.107686, 0.115031, 0.119773, 0.119768, 0.119434, 0.112038, 0.105133], "mix_s_tot": 0.130073}}, "nldas": null}, "pdf": "figures/639.pdf"}