{"id": 64, "name": "Hungary", "country": "Hungary", "level": "admin0", "continent": "Europe", "metrics": {"solar_cf": 0.1409, "wind_cf": 0.2114, "solar_f_adj": 1.3194, "wind_f_adj": 1.6453, "mix_alpha": 0.3, "mix_f_adj": 1.4035, "solar_s_tot_pct": 32.5679, "wind_s_tot_pct": 21.5445, "mix_s_tot_pct": 9.8248, "solar_s_seasonal_pct": 31.5084, "solar_s_diurnal_pct": 1.0594, "wind_s_seasonal_pct": 20.954, "wind_s_diurnal_pct": 0.5905, "solar_flaute_days": 2.875, "wind_flaute_days": 13.75, "solar_gap30d_max": 0.8017, "wind_gap30d_max": 0.863, "solar_trend_pct_decade": -1.4933, "wind_trend_pct_decade": 6.4275}, "colocation": {"k": [0, 17, 35, 50], "storage_pct_cons": [9.8248, 6.6206, 6.0396, 5.6394], "pick": ["base", "wind", "wind", "solar"]}, "datasets": {"gldas": {"series_norm": {"months": [1, 2, 3, 4, 5, 6, 7, 8, 9, 10, 11, 12], "demand": [1.0, 1.0, 1.0, 1.0, 1.0, 1.0, 1.0, 1.0, 1.0, 1.0, 1.0, 1.0], "solar_supply": [0.448531, 0.735105, 1.180205, 1.694676, 2.083847, 2.312503, 2.256268, 1.993528, 1.388217, 0.872883, 0.484417, 0.350304], "wind_supply": [2.060569, 2.237308, 2.216342, 1.965795, 1.605228, 1.224857, 1.235733, 1.003254, 1.286365, 1.454214, 1.683328, 1.810003], "mix_supply": [1.373535, 1.57052, 1.700041, 1.714613, 1.623504, 1.469346, 1.457895, 1.235232, 1.211117, 1.146889, 1.15973, 1.192572], "mix_storage": [0.068633, 0.079695, 0.088765, 0.095097, 0.095758, 0.095412, 0.095279, 0.091355, 0.086486, 0.077816, 0.069082, 0.06371], "mix_s_tot": 0.098248}}, "nldas": null}, "pdf": "figures/64.pdf"}