{"id": 640, "name": "Ningxia", "country": "China", "level": "admin1", "continent": "Asia", "metrics": {"solar_cf": 0.1775, "wind_cf": 0.2702, "solar_f_adj": 1.2983, "wind_f_adj": 1.3925, "mix_alpha": 0.8, "mix_f_adj": 1.261, "solar_s_tot_pct": 17.8238, "wind_s_tot_pct": 17.2019, "mix_s_tot_pct": 15.1276, "solar_s_seasonal_pct": 15.5578, "solar_s_diurnal_pct": 2.266, "wind_s_seasonal_pct": 17.1496, "wind_s_diurnal_pct": 0.0523, "solar_flaute_days": 1.875, "wind_flaute_days": 7.625, "solar_gap30d_max": 0.651, "wind_gap30d_max": 0.826, "solar_trend_pct_decade": -3.4786, "wind_trend_pct_decade": -5.5632}, "colocation": {"k": [0, 17, 35, 50], "storage_pct_cons": [15.1276, 9.8216, 6.0705, 3.7476], "pick": ["base", "wind", "wind", "wind"]}, "datasets": {"gldas": {"series_norm": {"months": [1, 2, 3, 4, 5, 6, 7, 8, 9, 10, 11, 12], "demand": [1.0, 1.0, 1.0, 1.0, 1.0, 1.0, 1.0, 1.0, 1.0, 1.0, 1.0, 1.0], "solar_supply": [0.824048, 1.058865, 1.356836, 1.616639, 1.762674, 1.787418, 1.735503, 1.558584, 1.256943, 1.021611, 0.844269, 0.745432], "wind_supply": [1.042364, 1.265391, 1.625507, 1.85597, 1.824054, 1.484981, 1.46774, 1.339729, 1.285379, 1.116786, 1.214999, 1.185019], "mix_supply": [0.829025, 1.051858, 1.348588, 1.592181, 1.699864, 1.657682, 1.614225, 1.453583, 1.209377, 0.996001, 0.876, 0.793779], "mix_storage": [0.046925, 0.026068, 0.02697, 0.049934, 0.085509, 0.115157, 0.13369, 0.144124, 0.143326, 0.130889, 0.107199, 0.076442], "mix_s_tot": 0.151276}}, "nldas": null}, "pdf": "figures/640.pdf"}