{"id": 641, "name": "Shaanxi", "country": "China", "level": "admin1", "continent": "Asia", "metrics": {"solar_cf": 0.1592, "wind_cf": 0.1386, "solar_f_adj": 1.3426, "wind_f_adj": 1.8426, "mix_alpha": 0.6, "mix_f_adj": 1.41, "solar_s_tot_pct": 17.3956, "wind_s_tot_pct": 20.3285, "mix_s_tot_pct": 15.4244, "solar_s_seasonal_pct": 16.2229, "solar_s_diurnal_pct": 1.1728, "wind_s_seasonal_pct": 19.0121, "wind_s_diurnal_pct": 1.3164, "solar_flaute_days": 1.75, "wind_flaute_days": 9.0, "solar_gap30d_max": 0.656, "wind_gap30d_max": 0.8767, "solar_trend_pct_decade": -4.5096, "wind_trend_pct_decade": -25.7866}, "colocation": {"k": [0, 17, 35, 50], "storage_pct_cons": [15.4244, 9.5532, 4.94, 4.0828], "pick": ["base", "wind", "solar", "solar"]}, "datasets": {"gldas": {"series_norm": {"months": [1, 2, 3, 4, 5, 6, 7, 8, 9, 10, 11, 12], "demand": [1.0, 1.0, 1.0, 1.0, 1.0, 1.0, 1.0, 1.0, 1.0, 1.0, 1.0, 1.0], "solar_supply": [0.882858, 1.072266, 1.396205, 1.666965, 1.812062, 1.836658, 1.812963, 1.637092, 1.286497, 1.028654, 0.868479, 0.795811], "wind_supply": [1.749278, 2.090353, 2.609525, 2.799029, 2.39472, 1.622063, 1.371645, 1.21941, 1.346715, 1.37536, 1.708507, 1.850285], "mix_supply": [1.091764, 1.315517, 1.678558, 1.90718, 1.874853, 1.653846, 1.562264, 1.404842, 1.222888, 1.069181, 1.070223, 1.06783], "mix_storage": [0.091272, 0.084175, 0.092049, 0.109398, 0.127505, 0.137653, 0.143755, 0.147759, 0.144157, 0.13303, 0.117358, 0.103464], "mix_s_tot": 0.154244}}, "nldas": null}, "pdf": "figures/641.pdf"}