{"id": 642, "name": "Qinghai", "country": "China", "level": "admin1", "continent": "Asia", "metrics": {"solar_cf": 0.2004, "wind_cf": 0.2602, "solar_f_adj": 1.2943, "wind_f_adj": 1.9418, "mix_alpha": 1.0, "mix_f_adj": 1.2943, "solar_s_tot_pct": 14.9254, "wind_s_tot_pct": 19.9124, "mix_s_tot_pct": 14.9254, "solar_s_seasonal_pct": 13.6615, "solar_s_diurnal_pct": 1.2639, "wind_s_seasonal_pct": 17.7948, "wind_s_diurnal_pct": 2.1176, "solar_flaute_days": 0.75, "wind_flaute_days": 5.875, "solar_gap30d_max": 0.6569, "wind_gap30d_max": 0.7922, "solar_trend_pct_decade": -1.5104, "wind_trend_pct_decade": -34.5707}, "colocation": {"k": [0, 17, 35, 50], "storage_pct_cons": [14.9254, 7.8075, 3.9807, 1.9772], "pick": ["base", "wind", "wind", "wind"]}, "datasets": {"gldas": {"series_norm": {"months": [1, 2, 3, 4, 5, 6, 7, 8, 9, 10, 11, 12], "demand": [1.0, 1.0, 1.0, 1.0, 1.0, 1.0, 1.0, 1.0, 1.0, 1.0, 1.0, 1.0], "solar_supply": [0.846651, 1.053236, 1.341356, 1.584753, 1.698165, 1.664837, 1.666263, 1.535529, 1.319596, 1.12953, 0.904061, 0.776044], "wind_supply": [2.254756, 2.612227, 2.475762, 2.456565, 2.215695, 1.812763, 1.565008, 1.331429, 1.320349, 1.413269, 1.812355, 2.078568], "mix_supply": [0.846651, 1.053236, 1.341356, 1.584753, 1.698165, 1.664837, 1.666263, 1.535529, 1.319596, 1.12953, 0.904061, 0.776044], "mix_storage": [0.05294, 0.031108, 0.029371, 0.048587, 0.08191, 0.114814, 0.134444, 0.144025, 0.145797, 0.140501, 0.120839, 0.086598], "mix_s_tot": 0.149254}}, "nldas": null}, "pdf": "figures/642.pdf"}