{"id": 643, "name": "Shanxi", "country": "China", "level": "admin1", "continent": "Asia", "metrics": {"solar_cf": 0.1736, "wind_cf": 0.1633, "solar_f_adj": 1.296, "wind_f_adj": 1.6544, "mix_alpha": 0.6, "mix_f_adj": 1.3129, "solar_s_tot_pct": 17.4551, "wind_s_tot_pct": 27.7488, "mix_s_tot_pct": 15.5796, "solar_s_seasonal_pct": 15.9856, "solar_s_diurnal_pct": 1.4695, "wind_s_seasonal_pct": 27.7983, "wind_s_diurnal_pct": -0.0495, "solar_flaute_days": 1.875, "wind_flaute_days": 11.625, "solar_gap30d_max": 0.6691, "wind_gap30d_max": 0.9146, "solar_trend_pct_decade": -3.2953, "wind_trend_pct_decade": -11.1959}, "colocation": {"k": [0, 17, 35, 50], "storage_pct_cons": [15.5796, 9.9549, 5.9874, 4.6438], "pick": ["base", "solar", "solar", "wind"]}, "datasets": {"gldas": {"series_norm": {"months": [1, 2, 3, 4, 5, 6, 7, 8, 9, 10, 11, 12], "demand": [1.0, 1.0, 1.0, 1.0, 1.0, 1.0, 1.0, 1.0, 1.0, 1.0, 1.0, 1.0], "solar_supply": [0.808793, 1.035327, 1.37099, 1.639871, 1.802612, 1.800481, 1.688284, 1.544428, 1.269834, 1.025374, 0.82658, 0.726933], "wind_supply": [1.802109, 1.976544, 2.498471, 2.648122, 2.212866, 1.298267, 0.846595, 0.663408, 0.838147, 1.21335, 1.816371, 2.067138], "mix_supply": [1.06367, 1.256741, 1.626449, 1.837393, 1.798153, 1.506536, 1.294963, 1.14937, 1.037925, 1.00843, 1.07901, 1.098039], "mix_storage": [0.077934, 0.070874, 0.080574, 0.105432, 0.129718, 0.143672, 0.146167, 0.143659, 0.131501, 0.113749, 0.098061, 0.088357], "mix_s_tot": 0.155796}}, "nldas": null}, "pdf": "figures/643.pdf"}