{"id": 644, "name": "Jiangxi", "country": "China", "level": "admin1", "continent": "Asia", "metrics": {"solar_cf": 0.1442, "wind_cf": 0.0593, "solar_f_adj": 1.3039, "wind_f_adj": 2.0726, "mix_alpha": 0.35, "mix_f_adj": 1.5563, "solar_s_tot_pct": 16.4265, "wind_s_tot_pct": 31.0219, "mix_s_tot_pct": 11.3472, "solar_s_seasonal_pct": 15.3831, "solar_s_diurnal_pct": 1.0435, "wind_s_seasonal_pct": 30.0737, "wind_s_diurnal_pct": 0.9483, "solar_flaute_days": 1.75, "wind_flaute_days": 17.625, "solar_gap30d_max": 0.6895, "wind_gap30d_max": 0.9644, "solar_trend_pct_decade": -0.7311, "wind_trend_pct_decade": -25.7442}, "colocation": {"k": [0, 17, 35, 50], "storage_pct_cons": [11.3472, 6.8699, 5.1644, 3.721], "pick": ["base", "solar", "solar", "solar"]}, "datasets": {"gldas": {"series_norm": {"months": [1, 2, 3, 4, 5, 6, 7, 8, 9, 10, 11, 12], "demand": [1.0, 1.0, 1.0, 1.0, 1.0, 1.0, 1.0, 1.0, 1.0, 1.0, 1.0, 1.0], "solar_supply": [0.857255, 0.951822, 1.150494, 1.371495, 1.514823, 1.495374, 1.851421, 1.714497, 1.529588, 1.2644, 1.010129, 0.910001], "wind_supply": [2.627935, 2.758132, 2.378925, 2.267457, 1.378991, 1.331503, 2.047423, 1.229483, 1.738819, 2.317443, 2.196552, 2.635051], "mix_supply": [1.640791, 1.743846, 1.641759, 1.67968, 1.30591, 1.274607, 1.772782, 1.316354, 1.487705, 1.659336, 1.494105, 1.6663], "mix_storage": [0.090606, 0.090832, 0.091147, 0.096124, 0.09399, 0.081505, 0.094888, 0.094317, 0.090807, 0.094291, 0.089947, 0.090657], "mix_s_tot": 0.113472}}, "nldas": null}, "pdf": "figures/644.pdf"}