{"id": 645, "name": "Henan", "country": "China", "level": "admin1", "continent": "Asia", "metrics": {"solar_cf": 0.1529, "wind_cf": 0.1464, "solar_f_adj": 1.3273, "wind_f_adj": 1.5703, "mix_alpha": 0.55, "mix_f_adj": 1.2988, "solar_s_tot_pct": 16.9526, "wind_s_tot_pct": 27.0073, "mix_s_tot_pct": 13.6252, "solar_s_seasonal_pct": 15.8144, "solar_s_diurnal_pct": 1.1382, "wind_s_seasonal_pct": 26.3136, "wind_s_diurnal_pct": 0.6937, "solar_flaute_days": 1.75, "wind_flaute_days": 9.5, "solar_gap30d_max": 0.6942, "wind_gap30d_max": 0.8916, "solar_trend_pct_decade": -5.5017, "wind_trend_pct_decade": 1.7372}, "colocation": {"k": [0, 17, 35, 50], "storage_pct_cons": [13.6252, 7.0161, 3.8046, 2.887], "pick": ["base", "wind", "wind", "wind"]}, "datasets": {"gldas": {"series_norm": {"months": [1, 2, 3, 4, 5, 6, 7, 8, 9, 10, 11, 12], "demand": [1.0, 1.0, 1.0, 1.0, 1.0, 1.0, 1.0, 1.0, 1.0, 1.0, 1.0, 1.0], "solar_supply": [0.876824, 1.049879, 1.386744, 1.645674, 1.75767, 1.796122, 1.715476, 1.602001, 1.315728, 1.063983, 0.896132, 0.808259], "wind_supply": [1.715042, 1.981745, 2.256768, 2.267247, 1.882187, 1.254917, 1.057318, 0.916634, 0.977554, 1.177323, 1.617894, 1.76982], "mix_supply": [1.110186, 1.30258, 1.586226, 1.72947, 1.646425, 1.433655, 1.31671, 1.203282, 1.071898, 1.010773, 1.084419, 1.093676], "mix_storage": [0.068745, 0.067102, 0.081306, 0.102775, 0.120929, 0.127134, 0.125893, 0.122018, 0.111414, 0.096807, 0.083561, 0.075221], "mix_s_tot": 0.136252}}, "nldas": null}, "pdf": "figures/645.pdf"}