{"id": 646, "name": "Hubei", "country": "China", "level": "admin1", "continent": "Asia", "metrics": {"solar_cf": 0.1378, "wind_cf": 0.0795, "solar_f_adj": 1.3348, "wind_f_adj": 2.0507, "mix_alpha": 0.45, "mix_f_adj": 1.522, "solar_s_tot_pct": 16.6493, "wind_s_tot_pct": 27.0351, "mix_s_tot_pct": 10.0363, "solar_s_seasonal_pct": 15.9807, "solar_s_diurnal_pct": 0.6686, "wind_s_seasonal_pct": 26.0246, "wind_s_diurnal_pct": 1.0105, "solar_flaute_days": 3.625, "wind_flaute_days": 16.375, "solar_gap30d_max": 0.674, "wind_gap30d_max": 0.9138, "solar_trend_pct_decade": -5.1521, "wind_trend_pct_decade": -25.1036}, "colocation": {"k": [0, 17, 35, 50], "storage_pct_cons": [10.0363, 4.7617, 2.6378, 1.9111], "pick": ["base", "wind", "solar", "solar"]}, "datasets": {"gldas": {"series_norm": {"months": [1, 2, 3, 4, 5, 6, 7, 8, 9, 10, 11, 12], "demand": [1.0, 1.0, 1.0, 1.0, 1.0, 1.0, 1.0, 1.0, 1.0, 1.0, 1.0, 1.0], "solar_supply": [0.879217, 1.00004, 1.317312, 1.549411, 1.652348, 1.688094, 1.823872, 1.739825, 1.432915, 1.130236, 0.949675, 0.833555], "wind_supply": [2.355666, 2.780218, 2.970312, 2.879171, 2.008368, 1.18139, 1.68308, 1.44346, 1.564912, 1.649019, 1.958158, 2.178929], "mix_supply": [1.412738, 1.648039, 1.888434, 1.970325, 1.667677, 1.348442, 1.622905, 1.481965, 1.374061, 1.253083, 1.286626, 1.317163], "mix_storage": [0.063844, 0.06758, 0.076493, 0.088949, 0.095343, 0.093655, 0.093805, 0.094694, 0.090677, 0.084902, 0.073966, 0.068918], "mix_s_tot": 0.100363}}, "nldas": null}, "pdf": "figures/646.pdf"}