{"id": 647, "name": "Anhui", "country": "China", "level": "admin1", "continent": "Asia", "metrics": {"solar_cf": 0.1507, "wind_cf": 0.1344, "solar_f_adj": 1.3024, "wind_f_adj": 1.5348, "mix_alpha": 0.55, "mix_f_adj": 1.275, "solar_s_tot_pct": 16.2555, "wind_s_tot_pct": 28.2693, "mix_s_tot_pct": 9.6178, "solar_s_seasonal_pct": 15.4956, "solar_s_diurnal_pct": 0.7599, "wind_s_seasonal_pct": 27.5443, "wind_s_diurnal_pct": 0.725, "solar_flaute_days": 1.875, "wind_flaute_days": 17.0, "solar_gap30d_max": 0.6793, "wind_gap30d_max": 0.8511, "solar_trend_pct_decade": -3.1101, "wind_trend_pct_decade": 1.8639}, "colocation": {"k": [0, 17, 35, 50], "storage_pct_cons": [9.6178, 4.9395, 2.0626, 1.6672], "pick": ["base", "wind", "solar", "solar"]}, "datasets": {"gldas": {"series_norm": {"months": [1, 2, 3, 4, 5, 6, 7, 8, 9, 10, 11, 12], "demand": [1.0, 1.0, 1.0, 1.0, 1.0, 1.0, 1.0, 1.0, 1.0, 1.0, 1.0, 1.0], "solar_supply": [0.862711, 1.005415, 1.311741, 1.542481, 1.663096, 1.617216, 1.684537, 1.629878, 1.390594, 1.140475, 0.939187, 0.823943], "wind_supply": [1.769138, 2.092932, 2.1146, 1.904907, 1.468677, 1.112587, 1.19763, 0.963995, 1.149946, 1.303825, 1.620067, 1.757576], "mix_supply": [1.12589, 1.323774, 1.496815, 1.542666, 1.444533, 1.286711, 1.354752, 1.23798, 1.178653, 1.101501, 1.11134, 1.100693], "mix_storage": [0.047854, 0.048644, 0.061309, 0.075836, 0.08707, 0.089177, 0.087707, 0.085989, 0.080174, 0.072565, 0.063275, 0.055862], "mix_s_tot": 0.096178}}, "nldas": null}, "pdf": "figures/647.pdf"}