{"id": 648, "name": "Goi\u00e1s", "country": "Brazil", "level": "admin1", "continent": "South America", "metrics": {"solar_cf": 0.2314, "wind_cf": 0.0377, "solar_f_adj": 1.2345, "wind_f_adj": 3.2446, "mix_alpha": 1.0, "mix_f_adj": 1.2345, "solar_s_tot_pct": 5.911, "wind_s_tot_pct": 42.5148, "mix_s_tot_pct": 5.911, "solar_s_seasonal_pct": 5.204, "solar_s_diurnal_pct": 0.707, "wind_s_seasonal_pct": 41.0645, "wind_s_diurnal_pct": 1.4503, "solar_flaute_days": 1.5, "wind_flaute_days": 23.75, "solar_gap30d_max": 0.5771, "wind_gap30d_max": 0.9917, "solar_trend_pct_decade": 2.231, "wind_trend_pct_decade": 30.7957}, "colocation": {"k": [0, 17, 35, 50], "storage_pct_cons": [5.911, 1.4127, 0.7189, 0.661], "pick": ["base", "wind", "wind", "wind"]}, "datasets": {"gldas": {"series_norm": {"months": [1, 2, 3, 4, 5, 6, 7, 8, 9, 10, 11, 12], "demand": [1.0, 1.0, 1.0, 1.0, 1.0, 1.0, 1.0, 1.0, 1.0, 1.0, 1.0, 1.0], "solar_supply": [1.255693, 1.263284, 1.222275, 1.214424, 1.147769, 1.1019, 1.161395, 1.297925, 1.374059, 1.315411, 1.228256, 1.233628], "wind_supply": [1.769981, 1.086603, 0.784024, 1.180338, 2.319236, 3.70714, 5.634999, 7.023443, 6.703214, 4.219424, 2.536189, 1.816493], "mix_supply": [1.255693, 1.263284, 1.222275, 1.214424, 1.147769, 1.1019, 1.161395, 1.297925, 1.374059, 1.315411, 1.228256, 1.233628], "mix_storage": [0.040833, 0.042218, 0.041973, 0.040046, 0.038083, 0.029924, 0.02314, 0.024674, 0.034471, 0.041034, 0.041873, 0.040369], "mix_s_tot": 0.05911}}, "nldas": null}, "pdf": "figures/648.pdf"}