{"id": 649, "name": "Distrito Federal", "country": "Brazil", "level": "admin1", "continent": "South America", "metrics": {"solar_cf": 0.2305, "wind_cf": 0.0669, "solar_f_adj": 1.2386, "wind_f_adj": 3.1029, "mix_alpha": 0.75, "mix_f_adj": 1.3956, "solar_s_tot_pct": 6.082, "wind_s_tot_pct": 32.9461, "mix_s_tot_pct": 5.2787, "solar_s_seasonal_pct": 5.2419, "solar_s_diurnal_pct": 0.8401, "wind_s_seasonal_pct": 31.4916, "wind_s_diurnal_pct": 1.4545, "solar_flaute_days": 2.75, "wind_flaute_days": 33.625, "solar_gap30d_max": 0.6175, "wind_gap30d_max": 1.0, "solar_trend_pct_decade": 1.7989, "wind_trend_pct_decade": 23.0439}, "colocation": {"k": [0, 17, 35, 50], "storage_pct_cons": [5.2787, 1.3799, 1.0194, 0.8606], "pick": ["base", "solar", "wind", "wind"]}, "datasets": {"gldas": {"series_norm": {"months": [1, 2, 3, 4, 5, 6, 7, 8, 9, 10, 11, 12], "demand": [1.0, 1.0, 1.0, 1.0, 1.0, 1.0, 1.0, 1.0, 1.0, 1.0, 1.0, 1.0], "solar_supply": [1.267872, 1.284676, 1.224131, 1.204496, 1.151549, 1.117609, 1.176073, 1.314203, 1.391623, 1.331116, 1.192834, 1.209441], "wind_supply": [2.368756, 1.861197, 1.564105, 1.904979, 2.43125, 3.436291, 4.576861, 5.201572, 5.05143, 3.890838, 2.684455, 2.174892], "mix_supply": [1.337748, 1.294879, 1.210311, 1.232046, 1.246476, 1.3308, 1.508449, 1.695416, 1.743958, 1.562332, 1.309834, 1.266574], "mix_storage": [0.044876, 0.044841, 0.041549, 0.038211, 0.038017, 0.037975, 0.041899, 0.047972, 0.050058, 0.049906, 0.048104, 0.04556], "mix_s_tot": 0.052787}}, "nldas": null}, "pdf": "figures/649.pdf"}