{"id": 65, "name": "Slovakia", "country": "Slovakia", "level": "admin0", "continent": "Europe", "metrics": {"solar_cf": 0.1277, "wind_cf": 0.1526, "solar_f_adj": 1.3498, "wind_f_adj": 1.8331, "mix_alpha": 0.25, "mix_f_adj": 1.5852, "solar_s_tot_pct": 34.2135, "wind_s_tot_pct": 18.9366, "mix_s_tot_pct": 18.0949, "solar_s_seasonal_pct": 33.3786, "solar_s_diurnal_pct": 0.8348, "wind_s_seasonal_pct": 18.3212, "wind_s_diurnal_pct": 0.6154, "solar_flaute_days": 2.875, "wind_flaute_days": 13.5, "solar_gap30d_max": 0.8258, "wind_gap30d_max": 0.8964, "solar_trend_pct_decade": -2.5339, "wind_trend_pct_decade": -32.7213}, "colocation": {"k": [0, 17, 35, 50], "storage_pct_cons": [18.0949, 12.902, 11.219, 9.5072], "pick": ["base", "wind", "solar", "solar"]}, "datasets": {"gldas": {"series_norm": {"months": [1, 2, 3, 4, 5, 6, 7, 8, 9, 10, 11, 12], "demand": [1.0, 1.0, 1.0, 1.0, 1.0, 1.0, 1.0, 1.0, 1.0, 1.0, 1.0, 1.0], "solar_supply": [0.440232, 0.742469, 1.215707, 1.754854, 2.168335, 2.405319, 2.31252, 2.047648, 1.42881, 0.846394, 0.458565, 0.343352], "wind_supply": [2.193406, 2.318201, 2.346133, 2.1357, 1.898112, 1.522481, 1.497691, 1.137015, 1.433161, 1.668626, 1.930407, 1.948875], "mix_supply": [1.551906, 1.721588, 1.878652, 1.900464, 1.867766, 1.693711, 1.650385, 1.338681, 1.349065, 1.330785, 1.386707, 1.364857], "mix_storage": [0.13257, 0.134844, 0.143195, 0.159685, 0.169573, 0.172966, 0.175604, 0.171548, 0.165554, 0.157704, 0.147811, 0.134411], "mix_s_tot": 0.180949}}, "nldas": null}, "pdf": "figures/65.pdf"}