{"id": 650, "name": "Minas Gerais", "country": "Brazil", "level": "admin1", "continent": "South America", "metrics": {"solar_cf": 0.2247, "wind_cf": 0.045, "solar_f_adj": 1.249, "wind_f_adj": 2.3877, "mix_alpha": 0.95, "mix_f_adj": 1.2548, "solar_s_tot_pct": 7.4714, "wind_s_tot_pct": 43.2341, "mix_s_tot_pct": 7.4161, "solar_s_seasonal_pct": 6.1305, "solar_s_diurnal_pct": 1.3409, "wind_s_seasonal_pct": 41.7215, "wind_s_diurnal_pct": 1.5125, "solar_flaute_days": 1.5, "wind_flaute_days": 15.125, "solar_gap30d_max": 0.6087, "wind_gap30d_max": 0.9646, "solar_trend_pct_decade": 2.3424, "wind_trend_pct_decade": -8.1624}, "colocation": {"k": [0, 17, 35, 50], "storage_pct_cons": [7.4161, 3.5488, 0.7639, 0.5487], "pick": ["base", "wind", "wind", "wind"]}, "datasets": {"gldas": {"series_norm": {"months": [1, 2, 3, 4, 5, 6, 7, 8, 9, 10, 11, 12], "demand": [1.0, 1.0, 1.0, 1.0, 1.0, 1.0, 1.0, 1.0, 1.0, 1.0, 1.0, 1.0], "solar_supply": [1.379813, 1.384716, 1.28731, 1.196209, 1.06907, 1.01329, 1.069453, 1.234242, 1.37296, 1.37254, 1.284454, 1.332225], "wind_supply": [1.448464, 0.977391, 0.761069, 0.950541, 1.398057, 1.734858, 2.951315, 4.107808, 5.226675, 4.496744, 2.825257, 1.687414], "mix_supply": [1.354894, 1.347196, 1.248552, 1.166587, 1.05701, 1.012626, 1.098188, 1.285844, 1.44763, 1.428049, 1.300064, 1.315757], "mix_storage": [0.064808, 0.066857, 0.066661, 0.063221, 0.055269, 0.03974, 0.027198, 0.026351, 0.039986, 0.055847, 0.06156, 0.063191], "mix_s_tot": 0.074161}}, "nldas": null}, "pdf": "figures/650.pdf"}