{"id": 651, "name": "Tocantins", "country": "Brazil", "level": "admin1", "continent": "South America", "metrics": {"solar_cf": 0.2308, "wind_cf": 0.0359, "solar_f_adj": 1.2585, "wind_f_adj": 5.0849, "mix_alpha": 1.0, "mix_f_adj": 1.2585, "solar_s_tot_pct": 5.7816, "wind_s_tot_pct": 46.4897, "mix_s_tot_pct": 5.7816, "solar_s_seasonal_pct": 5.7389, "solar_s_diurnal_pct": 0.0426, "wind_s_seasonal_pct": 45.6713, "wind_s_diurnal_pct": 0.8184, "solar_flaute_days": 0.75, "wind_flaute_days": 54.625, "solar_gap30d_max": 0.5853, "wind_gap30d_max": 1.0, "solar_trend_pct_decade": 2.0104, "wind_trend_pct_decade": 35.2419}, "colocation": {"k": [0, 17, 35, 50], "storage_pct_cons": [5.7816, 2.9276, 1.3114, 1.0828], "pick": ["base", "wind", "wind", "wind"]}, "datasets": {"gldas": {"series_norm": {"months": [1, 2, 3, 4, 5, 6, 7, 8, 9, 10, 11, 12], "demand": [1.0, 1.0, 1.0, 1.0, 1.0, 1.0, 1.0, 1.0, 1.0, 1.0, 1.0, 1.0], "solar_supply": [1.207575, 1.190667, 1.171418, 1.180231, 1.222986, 1.252559, 1.315132, 1.419958, 1.431253, 1.305791, 1.202573, 1.196361], "wind_supply": [1.014159, 0.927692, 0.591878, 1.351235, 4.065074, 8.379688, 11.589825, 13.095007, 10.752675, 5.256484, 2.128701, 1.569852], "mix_supply": [1.207575, 1.190667, 1.171418, 1.180231, 1.222986, 1.252559, 1.315132, 1.419958, 1.431253, 1.305791, 1.202573, 1.196361], "mix_storage": [0.045359, 0.042361, 0.038004, 0.033717, 0.032649, 0.034147, 0.038577, 0.04701, 0.053509, 0.054396, 0.051713, 0.047585], "mix_s_tot": 0.057816}}, "nldas": null}, "pdf": "figures/651.pdf"}