{"id": 652, "name": "Australian Capital Territory", "country": "Australia", "level": "admin1", "continent": "Oceania", "metrics": {"solar_cf": 0.1952, "wind_cf": 0.1187, "solar_f_adj": 1.3139, "wind_f_adj": 1.837, "mix_alpha": 0.75, "mix_f_adj": 1.3424, "solar_s_tot_pct": 21.8411, "wind_s_tot_pct": 28.3015, "mix_s_tot_pct": 16.2146, "solar_s_seasonal_pct": 20.5694, "solar_s_diurnal_pct": 1.2717, "wind_s_seasonal_pct": 26.1182, "wind_s_diurnal_pct": 2.1833, "solar_flaute_days": 3.75, "wind_flaute_days": 10.0, "solar_gap30d_max": 0.7871, "wind_gap30d_max": 0.9298, "solar_trend_pct_decade": 1.2118, "wind_trend_pct_decade": -24.1642}, "colocation": {"k": [0, 17, 35, 50], "storage_pct_cons": [16.2146, 10.8942, 6.8572, 4.9313], "pick": ["base", "solar", "wind", "wind"]}, "datasets": {"gldas": {"series_norm": {"months": [1, 2, 3, 4, 5, 6, 7, 8, 9, 10, 11, 12], "demand": [1.0, 1.0, 1.0, 1.0, 1.0, 1.0, 1.0, 1.0, 1.0, 1.0, 1.0, 1.0], "solar_supply": [1.924696, 1.682305, 1.411229, 1.079989, 0.800163, 0.613296, 0.68953, 0.930824, 1.295588, 1.599364, 1.797945, 1.959813], "wind_supply": [1.773082, 1.49936, 1.418209, 1.183271, 1.490408, 1.754724, 1.986509, 2.338944, 2.494833, 2.179506, 1.977863, 1.919124], "mix_supply": [1.798715, 1.562978, 1.340441, 1.043709, 0.885404, 0.790505, 0.891264, 1.14054, 1.448519, 1.62368, 1.739004, 1.852304], "mix_storage": [0.152518, 0.157036, 0.157136, 0.146765, 0.123438, 0.091225, 0.062086, 0.047178, 0.054101, 0.08106, 0.112607, 0.140712], "mix_s_tot": 0.162146}}, "nldas": null}, "pdf": "figures/652.pdf"}