{"id": 653, "name": "Santa Fe", "country": "Argentina", "level": "admin1", "continent": "South America", "metrics": {"solar_cf": 0.2065, "wind_cf": 0.2669, "solar_f_adj": 1.2819, "wind_f_adj": 1.4297, "mix_alpha": 0.4, "mix_f_adj": 1.2761, "solar_s_tot_pct": 18.6168, "wind_s_tot_pct": 15.7795, "mix_s_tot_pct": 10.651, "solar_s_seasonal_pct": 16.8838, "solar_s_diurnal_pct": 1.7329, "wind_s_seasonal_pct": 15.5974, "wind_s_diurnal_pct": 0.1822, "solar_flaute_days": 2.75, "wind_flaute_days": 6.375, "solar_gap30d_max": 0.7072, "wind_gap30d_max": 0.6979, "solar_trend_pct_decade": 1.6297, "wind_trend_pct_decade": 9.2724}, "colocation": {"k": [0, 17, 35, 50], "storage_pct_cons": [10.651, 4.8807, 2.2438, 1.2579], "pick": ["base", "wind", "wind", "solar"]}, "datasets": {"gldas": {"series_norm": {"months": [1, 2, 3, 4, 5, 6, 7, 8, 9, 10, 11, 12], "demand": [1.0, 1.0, 1.0, 1.0, 1.0, 1.0, 1.0, 1.0, 1.0, 1.0, 1.0, 1.0], "solar_supply": [1.804666, 1.624632, 1.360637, 1.022182, 0.771437, 0.657326, 0.746573, 1.014058, 1.297234, 1.521713, 1.752821, 1.827088], "wind_supply": [1.184472, 1.112776, 1.098029, 1.108891, 1.220244, 1.313269, 1.533567, 1.799514, 1.88546, 1.864858, 1.668315, 1.347456], "mix_supply": [1.352973, 1.242886, 1.129863, 1.000905, 0.960692, 0.965072, 1.118591, 1.367533, 1.526324, 1.604679, 1.59145, 1.449187], "mix_storage": [0.103138, 0.101372, 0.096421, 0.085523, 0.070721, 0.056285, 0.048687, 0.057661, 0.078456, 0.093527, 0.100684, 0.103249], "mix_s_tot": 0.10651}}, "nldas": null}, "pdf": "figures/653.pdf"}