{"id": 654, "name": "Tucum\u00e1n", "country": "Argentina", "level": "admin1", "continent": "South America", "metrics": {"solar_cf": 0.2135, "wind_cf": 0.1452, "solar_f_adj": 1.3228, "wind_f_adj": 2.8805, "mix_alpha": 0.95, "mix_f_adj": 1.311, "solar_s_tot_pct": 12.7207, "wind_s_tot_pct": 24.6285, "mix_s_tot_pct": 12.6691, "solar_s_seasonal_pct": 11.657, "solar_s_diurnal_pct": 1.0637, "wind_s_seasonal_pct": 23.1945, "wind_s_diurnal_pct": 1.434, "solar_flaute_days": 1.875, "wind_flaute_days": 7.5, "solar_gap30d_max": 0.6546, "wind_gap30d_max": 0.8903, "solar_trend_pct_decade": 0.7656, "wind_trend_pct_decade": -49.1055}, "colocation": {"k": [0, 17, 35, 50], "storage_pct_cons": [12.6691, 8.7318, 4.9469, 2.6705], "pick": ["base", "wind", "wind", "wind"]}, "datasets": {"gldas": {"series_norm": {"months": [1, 2, 3, 4, 5, 6, 7, 8, 9, 10, 11, 12], "demand": [1.0, 1.0, 1.0, 1.0, 1.0, 1.0, 1.0, 1.0, 1.0, 1.0, 1.0, 1.0], "solar_supply": [1.633235, 1.50941, 1.35096, 1.097039, 0.905488, 0.867474, 0.950727, 1.196407, 1.442901, 1.588144, 1.679443, 1.662777], "wind_supply": [2.700566, 2.466566, 2.346452, 2.143614, 2.124652, 2.162542, 2.52211, 3.159266, 3.757165, 4.125956, 3.83616, 3.196838], "mix_supply": [1.599155, 1.477249, 1.325333, 1.081649, 0.900872, 0.865943, 0.952509, 1.198318, 1.443999, 1.589139, 1.668503, 1.638262], "mix_storage": [0.11952, 0.123601, 0.12364, 0.116283, 0.094989, 0.065579, 0.038474, 0.025521, 0.032854, 0.057064, 0.085973, 0.10839], "mix_s_tot": 0.126691}}, "nldas": null}, "pdf": "figures/654.pdf"}