{"id": 655, "name": "Santiago del Estero", "country": "Argentina", "level": "admin1", "continent": "South America", "metrics": {"solar_cf": 0.2089, "wind_cf": 0.2475, "solar_f_adj": 1.2814, "wind_f_adj": 2.09, "mix_alpha": 0.6, "mix_f_adj": 1.3866, "solar_s_tot_pct": 16.291, "wind_s_tot_pct": 22.7661, "mix_s_tot_pct": 14.6299, "solar_s_seasonal_pct": 13.8776, "solar_s_diurnal_pct": 2.4134, "wind_s_seasonal_pct": 21.7708, "wind_s_diurnal_pct": 0.9953, "solar_flaute_days": 4.625, "wind_flaute_days": 9.0, "solar_gap30d_max": 0.6968, "wind_gap30d_max": 0.8332, "solar_trend_pct_decade": 2.3467, "wind_trend_pct_decade": 34.4501}, "colocation": {"k": [0, 17, 35, 50], "storage_pct_cons": [14.6299, 8.4002, 3.7962, 1.7965], "pick": ["base", "wind", "wind", "wind"]}, "datasets": {"gldas": {"series_norm": {"months": [1, 2, 3, 4, 5, 6, 7, 8, 9, 10, 11, 12], "demand": [1.0, 1.0, 1.0, 1.0, 1.0, 1.0, 1.0, 1.0, 1.0, 1.0, 1.0, 1.0], "solar_supply": [1.723066, 1.573957, 1.310092, 1.005042, 0.801871, 0.717264, 0.839164, 1.115964, 1.364449, 1.536058, 1.691412, 1.712757], "wind_supply": [1.794532, 1.720157, 1.642135, 1.586392, 1.626871, 1.693515, 1.963309, 2.504181, 2.779605, 2.887849, 2.695462, 2.166516], "mix_supply": [1.594967, 1.478417, 1.286391, 1.073536, 0.952363, 0.915115, 1.065857, 1.38911, 1.623536, 1.763683, 1.813497, 1.686989], "mix_storage": [0.13532, 0.137421, 0.134101, 0.123786, 0.106449, 0.085399, 0.069436, 0.072372, 0.087038, 0.104687, 0.120111, 0.130241], "mix_s_tot": 0.146299}}, "nldas": null}, "pdf": "figures/655.pdf"}