{"id": 656, "name": "San Luis", "country": "Argentina", "level": "admin1", "continent": "South America", "metrics": {"solar_cf": 0.2209, "wind_cf": 0.3839, "solar_f_adj": 1.3001, "wind_f_adj": 1.8544, "mix_alpha": 0.2, "mix_f_adj": 1.6087, "solar_s_tot_pct": 22.3277, "wind_s_tot_pct": 16.6574, "mix_s_tot_pct": 16.1503, "solar_s_seasonal_pct": 20.7874, "solar_s_diurnal_pct": 1.5402, "wind_s_seasonal_pct": 15.8988, "wind_s_diurnal_pct": 0.7586, "solar_flaute_days": 1.75, "wind_flaute_days": 7.75, "solar_gap30d_max": 0.6748, "wind_gap30d_max": 0.7147, "solar_trend_pct_decade": 2.0514, "wind_trend_pct_decade": 26.0637}, "colocation": {"k": [0, 17, 35, 50], "storage_pct_cons": [16.1503, 8.6751, 4.6986, 2.4195], "pick": ["base", "wind", "solar", "solar"]}, "datasets": {"gldas": {"series_norm": {"months": [1, 2, 3, 4, 5, 6, 7, 8, 9, 10, 11, 12], "demand": [1.0, 1.0, 1.0, 1.0, 1.0, 1.0, 1.0, 1.0, 1.0, 1.0, 1.0, 1.0], "solar_supply": [1.878744, 1.67881, 1.366214, 1.004628, 0.733996, 0.655228, 0.713526, 0.958344, 1.279784, 1.575605, 1.83273, 1.943884], "wind_supply": [1.959666, 1.778663, 1.750263, 1.546208, 1.361649, 1.417481, 1.571732, 1.886612, 2.152679, 2.347395, 2.338105, 2.137155], "mix_supply": [1.824895, 1.649806, 1.552741, 1.32165, 1.126599, 1.145853, 1.267327, 1.546432, 1.810622, 2.018957, 2.076138, 1.964189], "mix_storage": [0.15917, 0.159581, 0.158195, 0.152921, 0.141949, 0.130964, 0.122767, 0.124828, 0.132053, 0.145194, 0.154304, 0.158513], "mix_s_tot": 0.161503}}, "nldas": null}, "pdf": "figures/656.pdf"}