{"id": 657, "name": "La Pampa", "country": "Argentina", "level": "admin1", "continent": "South America", "metrics": {"solar_cf": 0.208, "wind_cf": 0.4234, "solar_f_adj": 1.2868, "wind_f_adj": 1.6766, "mix_alpha": 0.0, "mix_f_adj": 1.6766, "solar_s_tot_pct": 25.0809, "wind_s_tot_pct": 12.398, "mix_s_tot_pct": 12.398, "solar_s_seasonal_pct": 23.745, "solar_s_diurnal_pct": 1.3359, "wind_s_seasonal_pct": 11.8687, "wind_s_diurnal_pct": 0.5293, "solar_flaute_days": 2.75, "wind_flaute_days": 5.125, "solar_gap30d_max": 0.7262, "wind_gap30d_max": 0.6479, "solar_trend_pct_decade": 1.3691, "wind_trend_pct_decade": 23.2351}, "colocation": {"k": [0, 17, 35, 50], "storage_pct_cons": [12.398, 5.7025, 2.6519, 1.6888], "pick": ["base", "solar", "solar", "solar"]}, "datasets": {"gldas": {"series_norm": {"months": [1, 2, 3, 4, 5, 6, 7, 8, 9, 10, 11, 12], "demand": [1.0, 1.0, 1.0, 1.0, 1.0, 1.0, 1.0, 1.0, 1.0, 1.0, 1.0, 1.0], "solar_supply": [2.005462, 1.769665, 1.403562, 0.984369, 0.657131, 0.548915, 0.607988, 0.841987, 1.192887, 1.52908, 1.878984, 2.046976], "wind_supply": [1.831572, 1.604433, 1.6018, 1.458375, 1.308061, 1.43734, 1.544429, 1.709608, 1.837416, 1.912284, 1.961305, 1.906418], "mix_supply": [1.831572, 1.604433, 1.6018, 1.458375, 1.308061, 1.43734, 1.544429, 1.709608, 1.837416, 1.912284, 1.961305, 1.906418], "mix_storage": [0.12217, 0.120869, 0.118505, 0.114123, 0.107349, 0.103066, 0.103541, 0.107494, 0.111158, 0.116355, 0.120519, 0.122088], "mix_s_tot": 0.12398}}, "nldas": null}, "pdf": "figures/657.pdf"}