{"id": 658, "name": "C\u00f3rdoba", "country": "Argentina", "level": "admin1", "continent": "South America", "metrics": {"solar_cf": 0.2098, "wind_cf": 0.3209, "solar_f_adj": 1.2809, "wind_f_adj": 1.4091, "mix_alpha": 0.5, "mix_f_adj": 1.2469, "solar_s_tot_pct": 20.6266, "wind_s_tot_pct": 16.2038, "mix_s_tot_pct": 12.8952, "solar_s_seasonal_pct": 19.1261, "solar_s_diurnal_pct": 1.5005, "wind_s_seasonal_pct": 15.9795, "wind_s_diurnal_pct": 0.2243, "solar_flaute_days": 1.75, "wind_flaute_days": 6.375, "solar_gap30d_max": 0.673, "wind_gap30d_max": 0.6769, "solar_trend_pct_decade": 1.3235, "wind_trend_pct_decade": 9.8261}, "colocation": {"k": [0, 17, 35, 50], "storage_pct_cons": [12.8952, 6.3527, 1.5748, 1.2563], "pick": ["base", "wind", "wind", "wind"]}, "datasets": {"gldas": {"series_norm": {"months": [1, 2, 3, 4, 5, 6, 7, 8, 9, 10, 11, 12], "demand": [1.0, 1.0, 1.0, 1.0, 1.0, 1.0, 1.0, 1.0, 1.0, 1.0, 1.0, 1.0], "solar_supply": [1.808103, 1.60944, 1.339579, 1.001326, 0.752252, 0.679049, 0.743293, 1.003685, 1.301592, 1.541289, 1.760951, 1.846913], "wind_supply": [1.300604, 1.180577, 1.203127, 1.159947, 1.141215, 1.192843, 1.353739, 1.623626, 1.774806, 1.816421, 1.718819, 1.430366], "mix_supply": [1.455567, 1.30576, 1.18438, 1.000628, 0.871101, 0.858312, 0.960773, 1.206933, 1.418832, 1.553919, 1.617656, 1.531872], "mix_storage": [0.120617, 0.122122, 0.1183, 0.108331, 0.088831, 0.064953, 0.044867, 0.040443, 0.055562, 0.083346, 0.105294, 0.115525], "mix_s_tot": 0.128952}}, "nldas": null}, "pdf": "figures/658.pdf"}