{"id": 659, "name": "S\u00e9tif", "country": "Algeria", "level": "admin1", "continent": "Africa", "metrics": {"solar_cf": 0.1962, "wind_cf": 0.1344, "solar_f_adj": 1.2992, "wind_f_adj": 5.1084, "mix_alpha": 0.1, "mix_f_adj": 3.7362, "solar_s_tot_pct": 22.7728, "wind_s_tot_pct": 13.411, "mix_s_tot_pct": 12.8883, "solar_s_seasonal_pct": 21.6124, "solar_s_diurnal_pct": 1.1605, "wind_s_seasonal_pct": 13.4175, "wind_s_diurnal_pct": -0.0065, "solar_flaute_days": 3.75, "wind_flaute_days": 11.75, "solar_gap30d_max": 0.7299, "wind_gap30d_max": 0.9531, "solar_trend_pct_decade": 2.6258, "wind_trend_pct_decade": 43.8732}, "colocation": {"k": [0, 17, 35, 50], "storage_pct_cons": [12.8883, 8.1392, 5.4261, 3.8777], "pick": ["base", "solar", "solar", "solar"]}, "datasets": {"gldas": {"series_norm": {"months": [1, 2, 3, 4, 5, 6, 7, 8, 9, 10, 11, 12], "demand": [1.0, 1.0, 1.0, 1.0, 1.0, 1.0, 1.0, 1.0, 1.0, 1.0, 1.0, 1.0], "solar_supply": [0.669839, 0.892197, 1.201808, 1.521051, 1.773188, 2.009047, 2.003351, 1.796668, 1.367491, 1.037762, 0.706174, 0.588601], "wind_supply": [5.047417, 5.249795, 6.262445, 5.720732, 5.216624, 5.315352, 5.129312, 4.378113, 4.169995, 3.991479, 5.754558, 5.0953], "mix_supply": [3.515022, 3.71218, 4.467779, 4.20301, 3.943697, 4.07651, 3.952414, 3.398511, 3.138099, 2.925771, 3.990937, 3.523178], "mix_storage": [0.112951, 0.113758, 0.12043, 0.124359, 0.124794, 0.127495, 0.127947, 0.127827, 0.126227, 0.120969, 0.119053, 0.115864], "mix_s_tot": 0.128883}}, "nldas": null}, "pdf": "figures/659.pdf"}