{"id": 66, "name": "Poland", "country": "Poland", "level": "admin0", "continent": "Europe", "metrics": {"solar_cf": 0.1169, "wind_cf": 0.267, "solar_f_adj": 1.4545, "wind_f_adj": 1.5616, "mix_alpha": 0.3, "mix_f_adj": 1.3369, "solar_s_tot_pct": 35.068, "wind_s_tot_pct": 23.2676, "mix_s_tot_pct": 9.3893, "solar_s_seasonal_pct": 34.2093, "solar_s_diurnal_pct": 0.8587, "wind_s_seasonal_pct": 22.3967, "wind_s_diurnal_pct": 0.8709, "solar_flaute_days": 3.875, "wind_flaute_days": 8.625, "solar_gap30d_max": 0.8799, "wind_gap30d_max": 0.7462, "solar_trend_pct_decade": -2.2056, "wind_trend_pct_decade": 12.7587}, "colocation": {"k": [0, 17, 35, 50], "storage_pct_cons": [9.3893, 3.8255, 3.1149, 3.1149], "pick": ["base", "wind", "wind", "wind"]}, "datasets": {"gldas": {"series_norm": {"months": [1, 2, 3, 4, 5, 6, 7, 8, 9, 10, 11, 12], "demand": [1.0, 1.0, 1.0, 1.0, 1.0, 1.0, 1.0, 1.0, 1.0, 1.0, 1.0, 1.0], "solar_supply": [0.389955, 0.714444, 1.279442, 1.964742, 2.505256, 2.711122, 2.552272, 2.229928, 1.535213, 0.827368, 0.406615, 0.297564], "wind_supply": [2.195545, 1.999701, 1.790437, 1.489046, 1.283159, 1.158204, 1.08855, 0.983229, 1.27637, 1.654731, 1.773724, 2.067863], "mix_supply": [1.423298, 1.395409, 1.425798, 1.434148, 1.459809, 1.441693, 1.356147, 1.204142, 1.188251, 1.219811, 1.1751, 1.321303], "mix_storage": [0.079217, 0.078299, 0.0787, 0.082564, 0.085635, 0.08833, 0.088663, 0.085911, 0.082134, 0.077137, 0.073622, 0.073437], "mix_s_tot": 0.093893}}, "nldas": null}, "pdf": "figures/66.pdf"}