{"id": 660, "name": "Bordj Bou Arr\u00e9ridj", "country": "Algeria", "level": "admin1", "continent": "Africa", "metrics": {"solar_cf": 0.1958, "wind_cf": 0.1496, "solar_f_adj": 1.2976, "wind_f_adj": 3.8909, "mix_alpha": 0.25, "mix_f_adj": 2.3762, "solar_s_tot_pct": 22.2799, "wind_s_tot_pct": 24.2834, "mix_s_tot_pct": 19.7827, "solar_s_seasonal_pct": 21.2232, "solar_s_diurnal_pct": 1.0567, "wind_s_seasonal_pct": 22.9351, "wind_s_diurnal_pct": 1.3483, "solar_flaute_days": 2.75, "wind_flaute_days": 10.625, "solar_gap30d_max": 0.7319, "wind_gap30d_max": 0.937, "solar_trend_pct_decade": 1.639, "wind_trend_pct_decade": 48.5073}, "colocation": {"k": [0, 17, 35, 50], "storage_pct_cons": [19.7827, 13.1352, 9.2927, 5.9586], "pick": ["base", "wind", "solar", "solar"]}, "datasets": {"gldas": {"series_norm": {"months": [1, 2, 3, 4, 5, 6, 7, 8, 9, 10, 11, 12], "demand": [1.0, 1.0, 1.0, 1.0, 1.0, 1.0, 1.0, 1.0, 1.0, 1.0, 1.0, 1.0], "solar_supply": [0.668742, 0.890825, 1.201673, 1.521252, 1.788212, 1.994488, 1.993971, 1.787675, 1.368615, 1.03359, 0.707208, 0.591231], "wind_supply": [3.377564, 3.709966, 4.870814, 4.607887, 4.383001, 4.525213, 4.243313, 3.42819, 3.408778, 3.07181, 3.827411, 3.247353], "mix_supply": [1.853196, 2.107121, 2.78114, 2.807022, 2.826237, 2.985813, 2.856457, 2.388658, 2.187912, 1.880188, 2.076851, 1.758069], "mix_storage": [0.164198, 0.16328, 0.16953, 0.176439, 0.181245, 0.188751, 0.193973, 0.195243, 0.194059, 0.187775, 0.180104, 0.171051], "mix_s_tot": 0.197827}}, "nldas": null}, "pdf": "figures/660.pdf"}