{"id": 661, "name": "Bouira", "country": "Algeria", "level": "admin1", "continent": "Africa", "metrics": {"solar_cf": 0.1969, "wind_cf": 0.1422, "solar_f_adj": 1.2962, "wind_f_adj": 2.6782, "mix_alpha": 0.1, "mix_f_adj": 2.338, "solar_s_tot_pct": 21.2847, "wind_s_tot_pct": 15.3839, "mix_s_tot_pct": 13.0205, "solar_s_seasonal_pct": 20.321, "solar_s_diurnal_pct": 0.9637, "wind_s_seasonal_pct": 13.8495, "wind_s_diurnal_pct": 1.5343, "solar_flaute_days": 2.75, "wind_flaute_days": 11.375, "solar_gap30d_max": 0.7313, "wind_gap30d_max": 0.861, "solar_trend_pct_decade": 2.331, "wind_trend_pct_decade": 34.8732}, "colocation": {"k": [0, 17, 35, 50], "storage_pct_cons": [13.0205, 6.6897, 4.5411, 3.2674], "pick": ["base", "solar", "solar", "solar"]}, "datasets": {"gldas": {"series_norm": {"months": [1, 2, 3, 4, 5, 6, 7, 8, 9, 10, 11, 12], "demand": [1.0, 1.0, 1.0, 1.0, 1.0, 1.0, 1.0, 1.0, 1.0, 1.0, 1.0, 1.0], "solar_supply": [0.669218, 0.894916, 1.208062, 1.513748, 1.762694, 1.983754, 1.969152, 1.785727, 1.383088, 1.051724, 0.709912, 0.599939], "wind_supply": [2.877931, 3.062134, 3.447492, 3.01862, 2.650131, 2.603145, 2.366567, 2.061509, 2.009076, 2.152428, 3.149598, 2.775911], "mix_supply": [2.381838, 2.567271, 2.926522, 2.644702, 2.40009, 2.403046, 2.214539, 1.941776, 1.827957, 1.880817, 2.602621, 2.289187], "mix_storage": [0.112616, 0.115517, 0.124339, 0.12708, 0.126822, 0.128674, 0.128646, 0.127636, 0.124157, 0.115417, 0.115254, 0.114], "mix_s_tot": 0.130205}}, "nldas": null}, "pdf": "figures/661.pdf"}