{"id": 662, "name": "Blida", "country": "Algeria", "level": "admin1", "continent": "Africa", "metrics": {"solar_cf": 0.2018, "wind_cf": 0.2478, "solar_f_adj": 1.2883, "wind_f_adj": 1.5997, "mix_alpha": 0.35, "mix_f_adj": 1.3956, "solar_s_tot_pct": 21.3844, "wind_s_tot_pct": 18.372, "mix_s_tot_pct": 10.9358, "solar_s_seasonal_pct": 20.2052, "solar_s_diurnal_pct": 1.1792, "wind_s_seasonal_pct": 16.832, "wind_s_diurnal_pct": 1.54, "solar_flaute_days": 1.75, "wind_flaute_days": 8.75, "solar_gap30d_max": 0.7086, "wind_gap30d_max": 0.7808, "solar_trend_pct_decade": 0.4535, "wind_trend_pct_decade": -22.106}, "colocation": {"k": [0, 17, 35, 50], "storage_pct_cons": [10.9358, 7.1069, 4.912, 3.4826], "pick": ["base", "solar", "solar", "solar"]}, "datasets": {"gldas": {"series_norm": {"months": [1, 2, 3, 4, 5, 6, 7, 8, 9, 10, 11, 12], "demand": [1.0, 1.0, 1.0, 1.0, 1.0, 1.0, 1.0, 1.0, 1.0, 1.0, 1.0, 1.0], "solar_supply": [0.657342, 0.883352, 1.191716, 1.509918, 1.759662, 1.983971, 1.960301, 1.779317, 1.387073, 1.043603, 0.694356, 0.58662], "wind_supply": [1.958207, 2.02544, 1.910684, 1.736287, 1.462228, 1.30116, 1.268731, 1.215022, 1.235039, 1.279679, 1.96934, 1.867098], "mix_supply": [1.359686, 1.483504, 1.535344, 1.557093, 1.496371, 1.490079, 1.462715, 1.363638, 1.22627, 1.121358, 1.380034, 1.281206], "mix_storage": [0.076617, 0.076145, 0.081206, 0.08894, 0.093892, 0.098295, 0.102485, 0.103748, 0.101006, 0.090886, 0.087388, 0.083876], "mix_s_tot": 0.109358}}, "nldas": null}, "pdf": "figures/662.pdf"}