{"id": 663, "name": "Tissemsilt", "country": "Algeria", "level": "admin1", "continent": "Africa", "metrics": {"solar_cf": 0.1951, "wind_cf": 0.1364, "solar_f_adj": 1.2926, "wind_f_adj": 6.5905, "mix_alpha": 0.25, "mix_f_adj": 2.9888, "solar_s_tot_pct": 21.0824, "wind_s_tot_pct": 19.9016, "mix_s_tot_pct": 19.2052, "solar_s_seasonal_pct": 20.2894, "solar_s_diurnal_pct": 0.793, "wind_s_seasonal_pct": 19.717, "wind_s_diurnal_pct": 0.1846, "solar_flaute_days": 3.75, "wind_flaute_days": 17.125, "solar_gap30d_max": 0.7348, "wind_gap30d_max": 0.9715, "solar_trend_pct_decade": 2.0195, "wind_trend_pct_decade": 67.1252}, "colocation": {"k": [0, 17, 35, 50], "storage_pct_cons": [19.2052, 12.2765, 7.9033, 4.1442], "pick": ["base", "wind", "solar", "solar"]}, "datasets": {"gldas": {"series_norm": {"months": [1, 2, 3, 4, 5, 6, 7, 8, 9, 10, 11, 12], "demand": [1.0, 1.0, 1.0, 1.0, 1.0, 1.0, 1.0, 1.0, 1.0, 1.0, 1.0, 1.0], "solar_supply": [0.686792, 0.91466, 1.212521, 1.511011, 1.756852, 1.970241, 1.947508, 1.760899, 1.366583, 1.036943, 0.717954, 0.608771], "wind_supply": [6.923485, 7.527903, 8.564856, 7.970742, 6.508191, 6.162577, 6.006878, 5.308276, 4.858324, 4.966049, 7.959675, 6.431723], "mix_supply": [2.751878, 3.089176, 3.614052, 3.584518, 3.22917, 3.234965, 3.168866, 2.823383, 2.442408, 2.288501, 3.122329, 2.539516], "mix_storage": [0.167669, 0.168009, 0.174134, 0.183116, 0.186851, 0.188896, 0.189948, 0.191149, 0.189835, 0.184443, 0.179516, 0.173226], "mix_s_tot": 0.192052}}, "nldas": null}, "pdf": "figures/663.pdf"}