{"id": 664, "name": "A\u00efn Defla", "country": "Algeria", "level": "admin1", "continent": "Africa", "metrics": {"solar_cf": 0.2059, "wind_cf": 0.1281, "solar_f_adj": 1.278, "wind_f_adj": 2.5409, "mix_alpha": 0.6, "mix_f_adj": 1.4819, "solar_s_tot_pct": 21.916, "wind_s_tot_pct": 29.3592, "mix_s_tot_pct": 19.7367, "solar_s_seasonal_pct": 20.7544, "solar_s_diurnal_pct": 1.1616, "wind_s_seasonal_pct": 28.3345, "wind_s_diurnal_pct": 1.0247, "solar_flaute_days": 3.75, "wind_flaute_days": 10.625, "solar_gap30d_max": 0.7265, "wind_gap30d_max": 0.9021, "solar_trend_pct_decade": 1.096, "wind_trend_pct_decade": 11.2337}, "colocation": {"k": [0, 17, 35, 50], "storage_pct_cons": [19.7367, 12.8134, 7.012, 4.9339], "pick": ["base", "wind", "wind", "wind"]}, "datasets": {"gldas": {"series_norm": {"months": [1, 2, 3, 4, 5, 6, 7, 8, 9, 10, 11, 12], "demand": [1.0, 1.0, 1.0, 1.0, 1.0, 1.0, 1.0, 1.0, 1.0, 1.0, 1.0, 1.0], "solar_supply": [0.657427, 0.884899, 1.178682, 1.498095, 1.740851, 1.961109, 1.941295, 1.762949, 1.379791, 1.032662, 0.688668, 0.587811], "wind_supply": [2.878362, 3.031896, 3.239706, 2.962009, 2.447678, 2.257949, 2.095109, 1.950397, 1.848707, 1.992168, 3.102343, 2.728312], "mix_supply": [1.128851, 1.322923, 1.57579, 1.733229, 1.782133, 1.891109, 1.839337, 1.6815, 1.39121, 1.183174, 1.202836, 1.045415], "mix_storage": [0.128475, 0.124217, 0.134053, 0.148101, 0.16041, 0.171214, 0.181521, 0.188331, 0.189607, 0.180625, 0.166626, 0.148497], "mix_s_tot": 0.197367}}, "nldas": null}, "pdf": "figures/664.pdf"}