{"id": 665, "name": "Relizane", "country": "Algeria", "level": "admin1", "continent": "Africa", "metrics": {"solar_cf": 0.1978, "wind_cf": 0.1734, "solar_f_adj": 1.2777, "wind_f_adj": 2.1415, "mix_alpha": 0.35, "mix_f_adj": 1.6252, "solar_s_tot_pct": 22.4209, "wind_s_tot_pct": 16.2456, "mix_s_tot_pct": 14.8158, "solar_s_seasonal_pct": 21.2343, "solar_s_diurnal_pct": 1.1867, "wind_s_seasonal_pct": 16.3165, "wind_s_diurnal_pct": -0.0709, "solar_flaute_days": 1.875, "wind_flaute_days": 18.25, "solar_gap30d_max": 0.7119, "wind_gap30d_max": 0.8943, "solar_trend_pct_decade": 0.8892, "wind_trend_pct_decade": 12.2065}, "colocation": {"k": [0, 17, 35, 50], "storage_pct_cons": [14.8158, 7.5619, 5.3753, 3.6024], "pick": ["base", "wind", "wind", "solar"]}, "datasets": {"gldas": {"series_norm": {"months": [1, 2, 3, 4, 5, 6, 7, 8, 9, 10, 11, 12], "demand": [1.0, 1.0, 1.0, 1.0, 1.0, 1.0, 1.0, 1.0, 1.0, 1.0, 1.0, 1.0], "solar_supply": [0.670961, 0.897956, 1.194302, 1.490615, 1.747497, 1.948132, 1.929153, 1.746256, 1.365889, 1.029769, 0.696469, 0.59386], "wind_supply": [2.312516, 2.531601, 2.687851, 2.582837, 2.227612, 2.109648, 1.863629, 1.722265, 1.561058, 1.60589, 2.423253, 2.108559], "mix_supply": [1.439461, 1.648594, 1.857606, 1.937725, 1.876861, 1.907995, 1.778186, 1.627025, 1.378161, 1.250633, 1.505443, 1.304525], "mix_storage": [0.103755, 0.108588, 0.11992, 0.128558, 0.134591, 0.139157, 0.141293, 0.142903, 0.141316, 0.131429, 0.125093, 0.116756], "mix_s_tot": 0.148158}}, "nldas": null}, "pdf": "figures/665.pdf"}