{"id": 666, "name": "El Bayadh", "country": "Algeria", "level": "admin1", "continent": "Africa", "metrics": {"solar_cf": 0.2252, "wind_cf": 0.3221, "solar_f_adj": 1.2496, "wind_f_adj": 1.8797, "mix_alpha": 0.05, "mix_f_adj": 1.8003, "solar_s_tot_pct": 19.239, "wind_s_tot_pct": 13.4956, "mix_s_tot_pct": 13.4938, "solar_s_seasonal_pct": 18.4987, "solar_s_diurnal_pct": 0.7403, "wind_s_seasonal_pct": 12.6993, "wind_s_diurnal_pct": 0.7963, "solar_flaute_days": 1.75, "wind_flaute_days": 14.625, "solar_gap30d_max": 0.6826, "wind_gap30d_max": 0.7951, "solar_trend_pct_decade": 1.5015, "wind_trend_pct_decade": 27.2316}, "colocation": {"k": [0, 17, 35, 50], "storage_pct_cons": [13.4938, 8.0799, 4.3302, 3.1786], "pick": ["base", "solar", "solar", "solar"]}, "datasets": {"gldas": {"series_norm": {"months": [1, 2, 3, 4, 5, 6, 7, 8, 9, 10, 11, 12], "demand": [1.0, 1.0, 1.0, 1.0, 1.0, 1.0, 1.0, 1.0, 1.0, 1.0, 1.0, 1.0], "solar_supply": [0.746854, 0.975305, 1.244117, 1.520724, 1.673114, 1.754483, 1.727809, 1.58757, 1.29166, 1.016997, 0.779397, 0.664028], "wind_supply": [1.562403, 1.937925, 2.262461, 2.534543, 2.392542, 2.185434, 1.793721, 1.557822, 1.689871, 1.471008, 1.624922, 1.564854], "mix_supply": [1.475385, 1.833518, 2.148167, 2.415652, 2.297427, 2.114846, 1.756516, 1.531776, 1.630609, 1.411686, 1.534613, 1.471649], "mix_storage": [0.104891, 0.103418, 0.11121, 0.125726, 0.133728, 0.133326, 0.131722, 0.129165, 0.127671, 0.122869, 0.115121, 0.109814], "mix_s_tot": 0.134938}}, "nldas": null}, "pdf": "figures/666.pdf"}