{"id": 667, "name": "Sa\u00efda", "country": "Algeria", "level": "admin1", "continent": "Africa", "metrics": {"solar_cf": 0.2037, "wind_cf": 0.2158, "solar_f_adj": 1.2687, "wind_f_adj": 6.1889, "mix_alpha": 0.0, "mix_f_adj": 6.1889, "solar_s_tot_pct": 20.4123, "wind_s_tot_pct": 14.6085, "mix_s_tot_pct": 14.6085, "solar_s_seasonal_pct": 19.3693, "solar_s_diurnal_pct": 1.043, "wind_s_seasonal_pct": 13.1644, "wind_s_diurnal_pct": 1.4442, "solar_flaute_days": 1.75, "wind_flaute_days": 20.875, "solar_gap30d_max": 0.72, "wind_gap30d_max": 0.9651, "solar_trend_pct_decade": 1.5425, "wind_trend_pct_decade": 67.7542}, "colocation": {"k": [0, 17, 35, 50], "storage_pct_cons": [14.6085, 8.5955, 5.6703, 3.6746], "pick": ["base", "solar", "solar", "solar"]}, "datasets": {"gldas": {"series_norm": {"months": [1, 2, 3, 4, 5, 6, 7, 8, 9, 10, 11, 12], "demand": [1.0, 1.0, 1.0, 1.0, 1.0, 1.0, 1.0, 1.0, 1.0, 1.0, 1.0, 1.0], "solar_supply": [0.700513, 0.927722, 1.196507, 1.492383, 1.722709, 1.893871, 1.867265, 1.687547, 1.326455, 1.029064, 0.737932, 0.623887], "wind_supply": [6.030977, 7.106693, 7.619555, 7.374314, 6.642342, 6.330597, 5.868576, 5.264429, 4.915062, 4.896404, 6.514446, 5.797033], "mix_supply": [6.030977, 7.106693, 7.619555, 7.374314, 6.642342, 6.330597, 5.868576, 5.264429, 4.915062, 4.896404, 6.514446, 5.797033], "mix_storage": [0.130227, 0.131363, 0.142088, 0.144701, 0.143323, 0.144486, 0.144792, 0.143464, 0.139568, 0.133697, 0.132543, 0.133864], "mix_s_tot": 0.146085}}, "nldas": null}, "pdf": "figures/667.pdf"}