{"id": 668, "name": "Sidi Bel Abb\u00e8s", "country": "Algeria", "level": "admin1", "continent": "Africa", "metrics": {"solar_cf": 0.2017, "wind_cf": 0.1957, "solar_f_adj": 1.2776, "wind_f_adj": 4.5136, "mix_alpha": 0.15, "mix_f_adj": 3.1074, "solar_s_tot_pct": 20.544, "wind_s_tot_pct": 15.5002, "mix_s_tot_pct": 15.0802, "solar_s_seasonal_pct": 19.5077, "solar_s_diurnal_pct": 1.0363, "wind_s_seasonal_pct": 14.776, "wind_s_diurnal_pct": 0.7243, "solar_flaute_days": 1.75, "wind_flaute_days": 9.875, "solar_gap30d_max": 0.7248, "wind_gap30d_max": 0.9321, "solar_trend_pct_decade": 1.74, "wind_trend_pct_decade": 59.3031}, "colocation": {"k": [0, 17, 35, 50], "storage_pct_cons": [15.0802, 9.0162, 5.5589, 3.6392], "pick": ["base", "wind", "solar", "solar"]}, "datasets": {"gldas": {"series_norm": {"months": [1, 2, 3, 4, 5, 6, 7, 8, 9, 10, 11, 12], "demand": [1.0, 1.0, 1.0, 1.0, 1.0, 1.0, 1.0, 1.0, 1.0, 1.0, 1.0, 1.0], "solar_supply": [0.703678, 0.934983, 1.197307, 1.506242, 1.731604, 1.908137, 1.885228, 1.703614, 1.346995, 1.03357, 0.735547, 0.626518], "wind_supply": [4.786195, 5.443845, 5.730626, 5.357867, 4.593349, 4.287196, 3.989735, 3.704353, 3.367665, 3.534038, 4.950505, 4.497628], "mix_supply": [3.057535, 3.526769, 3.790292, 3.684866, 3.319699, 3.204947, 3.022519, 2.78926, 2.46213, 2.445143, 3.165313, 2.860519], "mix_storage": [0.131733, 0.130833, 0.137011, 0.143338, 0.147154, 0.149474, 0.150041, 0.149985, 0.148229, 0.142496, 0.138781, 0.136245], "mix_s_tot": 0.150802}}, "nldas": null}, "pdf": "figures/668.pdf"}