{"id": 669, "name": "Mascara", "country": "Algeria", "level": "admin1", "continent": "Africa", "metrics": {"solar_cf": 0.1955, "wind_cf": 0.1905, "solar_f_adj": 1.2764, "wind_f_adj": 2.0082, "mix_alpha": 0.1, "mix_f_adj": 1.8566, "solar_s_tot_pct": 22.2808, "wind_s_tot_pct": 12.6067, "mix_s_tot_pct": 11.4437, "solar_s_seasonal_pct": 21.1752, "solar_s_diurnal_pct": 1.1056, "wind_s_seasonal_pct": 10.4824, "wind_s_diurnal_pct": 2.1244, "solar_flaute_days": 1.75, "wind_flaute_days": 7.25, "solar_gap30d_max": 0.7163, "wind_gap30d_max": 0.8444, "solar_trend_pct_decade": 0.7777, "wind_trend_pct_decade": 15.9066}, "colocation": {"k": [0, 17, 35, 50], "storage_pct_cons": [11.4437, 5.4527, 4.4125, 3.5402], "pick": ["base", "solar", "solar", "solar"]}, "datasets": {"gldas": {"series_norm": {"months": [1, 2, 3, 4, 5, 6, 7, 8, 9, 10, 11, 12], "demand": [1.0, 1.0, 1.0, 1.0, 1.0, 1.0, 1.0, 1.0, 1.0, 1.0, 1.0, 1.0], "solar_supply": [0.685744, 0.912575, 1.197001, 1.493501, 1.737513, 1.926111, 1.905291, 1.727517, 1.357407, 1.035547, 0.712481, 0.606172], "wind_supply": [2.313417, 2.511364, 2.551821, 2.363561, 2.018495, 1.863374, 1.703919, 1.585508, 1.410678, 1.490203, 2.253436, 2.07303], "mix_supply": [2.02457, 2.222261, 2.297292, 2.183781, 1.932168, 1.830535, 1.694836, 1.570457, 1.37116, 1.390512, 1.978554, 1.812988], "mix_storage": [0.08924, 0.093895, 0.104491, 0.108857, 0.109569, 0.109615, 0.109709, 0.109384, 0.104691, 0.093121, 0.093259, 0.092528], "mix_s_tot": 0.114437}}, "nldas": null}, "pdf": "figures/669.pdf"}