{"id": 67, "name": "Ireland", "country": "Ireland", "level": "admin0", "continent": "Europe", "metrics": {"solar_cf": 0.1054, "wind_cf": 0.4546, "solar_f_adj": 1.4445, "wind_f_adj": 1.5069, "mix_alpha": 0.2, "mix_f_adj": 1.403, "solar_s_tot_pct": 33.4724, "wind_s_tot_pct": 16.8194, "mix_s_tot_pct": 7.6237, "solar_s_seasonal_pct": 32.8676, "solar_s_diurnal_pct": 0.6048, "wind_s_seasonal_pct": 16.2665, "wind_s_diurnal_pct": 0.5529, "solar_flaute_days": 4.75, "wind_flaute_days": 12.75, "solar_gap30d_max": 0.8615, "wind_gap30d_max": 0.7817, "solar_trend_pct_decade": -1.5395, "wind_trend_pct_decade": -13.4696}, "colocation": {"k": [0, 17, 35, 50], "storage_pct_cons": [7.6237, 3.5832, 2.9621, 2.6551], "pick": ["base", "solar", "solar", "solar"]}, "datasets": {"gldas": {"series_norm": {"months": [1, 2, 3, 4, 5, 6, 7, 8, 9, 10, 11, 12], "demand": [1.0, 1.0, 1.0, 1.0, 1.0, 1.0, 1.0, 1.0, 1.0, 1.0, 1.0, 1.0], "solar_supply": [0.372297, 0.708244, 1.303608, 2.061165, 2.570803, 2.652938, 2.471503, 2.1085, 1.490541, 0.834088, 0.440256, 0.282426], "wind_supply": [1.936797, 1.97325, 1.672584, 1.391569, 1.290538, 1.144775, 1.028756, 1.141662, 1.260278, 1.59123, 1.736858, 1.940133], "mix_supply": [1.514918, 1.607328, 1.499033, 1.436882, 1.46063, 1.368016, 1.246356, 1.259938, 1.228246, 1.347232, 1.379197, 1.499944], "mix_storage": [0.067675, 0.070545, 0.072376, 0.073242, 0.07247, 0.072383, 0.071023, 0.068704, 0.065911, 0.065877, 0.067432, 0.066886], "mix_s_tot": 0.076237}}, "nldas": null}, "pdf": "figures/67.pdf"}