{"id": 670, "name": "Gharda\u00efa", "country": "Algeria", "level": "admin1", "continent": "Africa", "metrics": {"solar_cf": 0.2363, "wind_cf": 0.3554, "solar_f_adj": 1.2469, "wind_f_adj": 1.7878, "mix_alpha": 0.0, "mix_f_adj": 1.7878, "solar_s_tot_pct": 17.5676, "wind_s_tot_pct": 8.93, "mix_s_tot_pct": 8.93, "solar_s_seasonal_pct": 16.7934, "solar_s_diurnal_pct": 0.7741, "wind_s_seasonal_pct": 8.2797, "wind_s_diurnal_pct": 0.6503, "solar_flaute_days": 1.75, "wind_flaute_days": 7.625, "solar_gap30d_max": 0.6733, "wind_gap30d_max": 0.7654, "solar_trend_pct_decade": 1.3851, "wind_trend_pct_decade": 24.8477}, "colocation": {"k": [0, 17, 35, 50], "storage_pct_cons": [8.93, 4.8544, 3.6138, 2.6547], "pick": ["base", "solar", "solar", "solar"]}, "datasets": {"gldas": {"series_norm": {"months": [1, 2, 3, 4, 5, 6, 7, 8, 9, 10, 11, 12], "demand": [1.0, 1.0, 1.0, 1.0, 1.0, 1.0, 1.0, 1.0, 1.0, 1.0, 1.0, 1.0], "solar_supply": [0.781109, 0.995312, 1.264361, 1.505959, 1.607574, 1.70029, 1.682881, 1.565486, 1.301732, 1.028503, 0.815051, 0.703199], "wind_supply": [1.45217, 1.837126, 1.990839, 2.287911, 2.255625, 2.143085, 1.767607, 1.596111, 1.655472, 1.507096, 1.439594, 1.536788], "mix_supply": [1.45217, 1.837126, 1.990839, 2.287911, 2.255625, 2.143085, 1.767607, 1.596111, 1.655472, 1.507096, 1.439594, 1.536788], "mix_storage": [0.072816, 0.072625, 0.076045, 0.082979, 0.088253, 0.088376, 0.087276, 0.084147, 0.08336, 0.08136, 0.076787, 0.073214], "mix_s_tot": 0.0893}}, "nldas": null}, "pdf": "figures/670.pdf"}