{"id": 671, "name": "Laghouat", "country": "Algeria", "level": "admin1", "continent": "Africa", "metrics": {"solar_cf": 0.2152, "wind_cf": 0.32, "solar_f_adj": 1.2491, "wind_f_adj": 2.1206, "mix_alpha": 0.25, "mix_f_adj": 1.675, "solar_s_tot_pct": 19.4198, "wind_s_tot_pct": 15.8357, "mix_s_tot_pct": 14.6623, "solar_s_seasonal_pct": 18.569, "solar_s_diurnal_pct": 0.8508, "wind_s_seasonal_pct": 14.7516, "wind_s_diurnal_pct": 1.0841, "solar_flaute_days": 1.75, "wind_flaute_days": 8.625, "solar_gap30d_max": 0.6884, "wind_gap30d_max": 0.8516, "solar_trend_pct_decade": 1.2133, "wind_trend_pct_decade": 36.8473}, "colocation": {"k": [0, 17, 35, 50], "storage_pct_cons": [14.6623, 7.6016, 5.5178, 3.4748], "pick": ["base", "wind", "wind", "solar"]}, "datasets": {"gldas": {"series_norm": {"months": [1, 2, 3, 4, 5, 6, 7, 8, 9, 10, 11, 12], "demand": [1.0, 1.0, 1.0, 1.0, 1.0, 1.0, 1.0, 1.0, 1.0, 1.0, 1.0, 1.0], "solar_supply": [0.728158, 0.955553, 1.226799, 1.505836, 1.686711, 1.790331, 1.770559, 1.604321, 1.286102, 1.012529, 0.759946, 0.647828], "wind_supply": [2.035829, 2.28944, 2.620644, 2.779045, 2.556128, 2.31225, 1.892371, 1.643378, 1.787088, 1.57649, 2.010648, 1.971674], "mix_supply": [1.450117, 1.676584, 1.963717, 2.151093, 2.079671, 1.969933, 1.71457, 1.51134, 1.489799, 1.273333, 1.445856, 1.385183], "mix_storage": [0.110214, 0.108843, 0.115618, 0.127942, 0.138843, 0.143438, 0.144263, 0.142368, 0.139489, 0.132365, 0.12422, 0.116061], "mix_s_tot": 0.146623}}, "nldas": null}, "pdf": "figures/671.pdf"}