{"id": 672, "name": "M\u00e9d\u00e9a", "country": "Algeria", "level": "admin1", "continent": "Africa", "metrics": {"solar_cf": 0.1993, "wind_cf": 0.1479, "solar_f_adj": 1.2776, "wind_f_adj": 4.1888, "mix_alpha": 0.15, "mix_f_adj": 2.9164, "solar_s_tot_pct": 21.7424, "wind_s_tot_pct": 19.067, "mix_s_tot_pct": 17.9116, "solar_s_seasonal_pct": 20.9467, "solar_s_diurnal_pct": 0.7956, "wind_s_seasonal_pct": 17.6517, "wind_s_diurnal_pct": 1.4153, "solar_flaute_days": 1.75, "wind_flaute_days": 12.125, "solar_gap30d_max": 0.724, "wind_gap30d_max": 0.9346, "solar_trend_pct_decade": 2.1078, "wind_trend_pct_decade": 50.3441}, "colocation": {"k": [0, 17, 35, 50], "storage_pct_cons": [17.9116, 11.113, 5.7121, 3.7527], "pick": ["base", "wind", "solar", "solar"]}, "datasets": {"gldas": {"series_norm": {"months": [1, 2, 3, 4, 5, 6, 7, 8, 9, 10, 11, 12], "demand": [1.0, 1.0, 1.0, 1.0, 1.0, 1.0, 1.0, 1.0, 1.0, 1.0, 1.0, 1.0], "solar_supply": [0.66988, 0.894727, 1.198088, 1.498146, 1.742387, 1.943883, 1.934734, 1.746643, 1.351439, 1.028303, 0.7042, 0.596535], "wind_supply": [4.327357, 4.832214, 5.467883, 4.985736, 4.24678, 4.080853, 3.760813, 3.244959, 3.138661, 3.236462, 4.921356, 4.091493], "mix_supply": [2.790352, 3.166124, 3.646197, 3.463605, 3.109918, 3.080718, 2.888182, 2.518488, 2.320253, 2.267483, 3.153638, 2.625651], "mix_storage": [0.158525, 0.159762, 0.167212, 0.173487, 0.174207, 0.176375, 0.177195, 0.177359, 0.174971, 0.166996, 0.16438, 0.161085], "mix_s_tot": 0.179116}}, "nldas": null}, "pdf": "figures/672.pdf"}