{"id": 673, "name": "Tiaret", "country": "Algeria", "level": "admin1", "continent": "Africa", "metrics": {"solar_cf": 0.2013, "wind_cf": 0.2137, "solar_f_adj": 1.2663, "wind_f_adj": 7.0269, "mix_alpha": 0.0, "mix_f_adj": 7.0269, "solar_s_tot_pct": 21.5299, "wind_s_tot_pct": 10.9932, "mix_s_tot_pct": 10.9932, "solar_s_seasonal_pct": 20.6276, "solar_s_diurnal_pct": 0.9023, "wind_s_seasonal_pct": 10.0093, "wind_s_diurnal_pct": 0.984, "solar_flaute_days": 2.75, "wind_flaute_days": 29.0, "solar_gap30d_max": 0.7207, "wind_gap30d_max": 0.9635, "solar_trend_pct_decade": 1.2907, "wind_trend_pct_decade": 69.21}, "colocation": {"k": [0, 17, 35, 50], "storage_pct_cons": [10.9932, 6.4176, 4.478, 3.0968], "pick": ["base", "solar", "solar", "solar"]}, "datasets": {"gldas": {"series_norm": {"months": [1, 2, 3, 4, 5, 6, 7, 8, 9, 10, 11, 12], "demand": [1.0, 1.0, 1.0, 1.0, 1.0, 1.0, 1.0, 1.0, 1.0, 1.0, 1.0, 1.0], "solar_supply": [0.686092, 0.908832, 1.190343, 1.488654, 1.731906, 1.90386, 1.876622, 1.704747, 1.331246, 1.024521, 0.722323, 0.606842], "wind_supply": [7.322183, 8.120177, 8.805943, 8.553677, 7.287792, 6.75294, 6.32651, 5.410139, 5.527018, 5.430564, 7.980846, 6.924571], "mix_supply": [7.322183, 8.120177, 8.805943, 8.553677, 7.287792, 6.75294, 6.32651, 5.410139, 5.527018, 5.430564, 7.980846, 6.924571], "mix_storage": [0.099054, 0.102861, 0.107866, 0.108675, 0.107015, 0.107058, 0.107386, 0.106615, 0.101964, 0.100027, 0.101549, 0.102403], "mix_s_tot": 0.109932}}, "nldas": null}, "pdf": "figures/673.pdf"}