{"id": 674, "name": "M'Sila", "country": "Algeria", "level": "admin1", "continent": "Africa", "metrics": {"solar_cf": 0.2061, "wind_cf": 0.2415, "solar_f_adj": 1.2761, "wind_f_adj": 3.4666, "mix_alpha": 0.2, "mix_f_adj": 2.3998, "solar_s_tot_pct": 21.5112, "wind_s_tot_pct": 23.6137, "mix_s_tot_pct": 16.8824, "solar_s_seasonal_pct": 20.6593, "solar_s_diurnal_pct": 0.8519, "wind_s_seasonal_pct": 21.9297, "wind_s_diurnal_pct": 1.684, "solar_flaute_days": 1.75, "wind_flaute_days": 11.5, "solar_gap30d_max": 0.7005, "wind_gap30d_max": 0.8975, "solar_trend_pct_decade": 1.853, "wind_trend_pct_decade": 46.4503}, "colocation": {"k": [0, 17, 35, 50], "storage_pct_cons": [16.8824, 10.1419, 7.5742, 4.6265], "pick": ["base", "wind", "solar", "solar"]}, "datasets": {"gldas": {"series_norm": {"months": [1, 2, 3, 4, 5, 6, 7, 8, 9, 10, 11, 12], "demand": [1.0, 1.0, 1.0, 1.0, 1.0, 1.0, 1.0, 1.0, 1.0, 1.0, 1.0, 1.0], "solar_supply": [0.695733, 0.917503, 1.210752, 1.521609, 1.765641, 1.906588, 1.893219, 1.713849, 1.320843, 1.008384, 0.725678, 0.612862], "wind_supply": [3.626223, 3.840212, 4.53344, 4.315272, 4.03801, 3.60015, 3.133575, 2.482984, 2.671549, 2.534474, 3.655346, 3.213364], "mix_supply": [2.269893, 2.471813, 2.966022, 2.962121, 2.900358, 2.710883, 2.447464, 2.0197, 1.97631, 1.782874, 2.297284, 2.010081], "mix_storage": [0.14093, 0.141941, 0.150047, 0.161426, 0.164877, 0.167019, 0.166612, 0.164656, 0.161129, 0.155099, 0.150065, 0.143308], "mix_s_tot": 0.168824}}, "nldas": null}, "pdf": "figures/674.pdf"}