{"id": 675, "name": "Batna", "country": "Algeria", "level": "admin1", "continent": "Africa", "metrics": {"solar_cf": 0.203, "wind_cf": 0.1963, "solar_f_adj": 1.2809, "wind_f_adj": 2.3503, "mix_alpha": 0.45, "mix_f_adj": 1.582, "solar_s_tot_pct": 20.891, "wind_s_tot_pct": 24.8379, "mix_s_tot_pct": 19.5904, "solar_s_seasonal_pct": 19.9196, "solar_s_diurnal_pct": 0.9715, "wind_s_seasonal_pct": 24.0421, "wind_s_diurnal_pct": 0.7958, "solar_flaute_days": 1.75, "wind_flaute_days": 9.125, "solar_gap30d_max": 0.7101, "wind_gap30d_max": 0.8997, "solar_trend_pct_decade": 1.6114, "wind_trend_pct_decade": 26.4337}, "colocation": {"k": [0, 17, 35, 50], "storage_pct_cons": [19.5904, 13.1307, 9.0319, 6.0845], "pick": ["base", "solar", "solar", "solar"]}, "datasets": {"gldas": {"series_norm": {"months": [1, 2, 3, 4, 5, 6, 7, 8, 9, 10, 11, 12], "demand": [1.0, 1.0, 1.0, 1.0, 1.0, 1.0, 1.0, 1.0, 1.0, 1.0, 1.0, 1.0], "solar_supply": [0.693952, 0.912267, 1.209713, 1.509982, 1.754711, 1.936888, 1.935781, 1.725879, 1.323789, 1.014289, 0.724535, 0.60783], "wind_supply": [2.082834, 2.369514, 2.948936, 2.934296, 2.878479, 2.721395, 2.497921, 2.103284, 1.913508, 1.688626, 2.162852, 1.913859], "mix_supply": [1.156784, 1.384254, 1.764081, 1.925548, 2.040902, 2.083999, 2.000651, 1.73789, 1.444155, 1.188883, 1.203405, 1.046361], "mix_storage": [0.134033, 0.132699, 0.14426, 0.157525, 0.165269, 0.17522, 0.183186, 0.186592, 0.185329, 0.177068, 0.164403, 0.149696], "mix_s_tot": 0.195904}}, "nldas": null}, "pdf": "figures/675.pdf"}