{"id": 676, "name": "Khenchela", "country": "Algeria", "level": "admin1", "continent": "Africa", "metrics": {"solar_cf": 0.2046, "wind_cf": 0.2276, "solar_f_adj": 1.2761, "wind_f_adj": 1.8517, "mix_alpha": 0.4, "mix_f_adj": 1.4767, "solar_s_tot_pct": 20.3545, "wind_s_tot_pct": 22.8547, "mix_s_tot_pct": 19.5404, "solar_s_seasonal_pct": 19.4139, "solar_s_diurnal_pct": 0.9406, "wind_s_seasonal_pct": 22.4055, "wind_s_diurnal_pct": 0.4492, "solar_flaute_days": 1.75, "wind_flaute_days": 9.75, "solar_gap30d_max": 0.6923, "wind_gap30d_max": 0.9084, "solar_trend_pct_decade": 2.187, "wind_trend_pct_decade": 9.77}, "colocation": {"k": [0, 17, 35, 50], "storage_pct_cons": [19.5404, 13.0172, 8.6875, 5.7933], "pick": ["base", "solar", "wind", "solar"]}, "datasets": {"gldas": {"series_norm": {"months": [1, 2, 3, 4, 5, 6, 7, 8, 9, 10, 11, 12], "demand": [1.0, 1.0, 1.0, 1.0, 1.0, 1.0, 1.0, 1.0, 1.0, 1.0, 1.0, 1.0], "solar_supply": [0.712361, 0.940759, 1.235432, 1.512739, 1.720428, 1.880696, 1.879664, 1.682754, 1.327849, 1.0204, 0.751955, 0.629585], "wind_supply": [1.576469, 1.873234, 2.316533, 2.452818, 2.425966, 2.187261, 1.88522, 1.645612, 1.529037, 1.338463, 1.535219, 1.466368], "mix_supply": [1.084041, 1.331758, 1.680265, 1.873835, 1.957125, 1.917097, 1.7721, 1.566307, 1.346248, 1.112749, 1.082632, 0.993045], "mix_storage": [0.132678, 0.129278, 0.142794, 0.162302, 0.173056, 0.183416, 0.189886, 0.191503, 0.189982, 0.180672, 0.165765, 0.149929], "mix_s_tot": 0.195404}}, "nldas": null}, "pdf": "figures/676.pdf"}