{"id": 677, "name": "Guelma", "country": "Algeria", "level": "admin1", "continent": "Africa", "metrics": {"solar_cf": 0.1915, "wind_cf": 0.1595, "solar_f_adj": 1.3124, "wind_f_adj": 1.9926, "mix_alpha": 0.3, "mix_f_adj": 1.5887, "solar_s_tot_pct": 22.9914, "wind_s_tot_pct": 15.2457, "mix_s_tot_pct": 8.2714, "solar_s_seasonal_pct": 22.2048, "solar_s_diurnal_pct": 0.7866, "wind_s_seasonal_pct": 12.7719, "wind_s_diurnal_pct": 2.4737, "solar_flaute_days": 2.875, "wind_flaute_days": 9.75, "solar_gap30d_max": 0.7444, "wind_gap30d_max": 0.8522, "solar_trend_pct_decade": 2.2086, "wind_trend_pct_decade": 4.6827}, "colocation": {"k": [0, 17, 35, 50], "storage_pct_cons": [8.2714, 5.6473, 4.492, 3.5376], "pick": ["base", "solar", "solar", "solar"]}, "datasets": {"gldas": {"series_norm": {"months": [1, 2, 3, 4, 5, 6, 7, 8, 9, 10, 11, 12], "demand": [1.0, 1.0, 1.0, 1.0, 1.0, 1.0, 1.0, 1.0, 1.0, 1.0, 1.0, 1.0], "solar_supply": [0.651197, 0.877459, 1.212999, 1.529412, 1.782894, 2.048786, 2.058784, 1.825422, 1.389574, 1.04758, 0.720062, 0.579601], "wind_supply": [2.610162, 2.578724, 2.464797, 2.024131, 1.795534, 1.665838, 1.737462, 1.529321, 1.338989, 1.507501, 2.24941, 2.438895], "mix_supply": [1.693222, 1.757845, 1.816117, 1.685089, 1.649563, 1.67374, 1.717345, 1.516434, 1.251927, 1.221775, 1.516895, 1.571636], "mix_storage": [0.065473, 0.071653, 0.077648, 0.07967, 0.080308, 0.080637, 0.081215, 0.080998, 0.07691, 0.067486, 0.063934, 0.066179], "mix_s_tot": 0.082714}}, "nldas": null}, "pdf": "figures/677.pdf"}