{"id": 678, "name": "Constantine", "country": "Algeria", "level": "admin1", "continent": "Africa", "metrics": {"solar_cf": 0.19, "wind_cf": 0.103, "solar_f_adj": 1.2942, "wind_f_adj": 3.5278, "mix_alpha": 0.35, "mix_f_adj": 2.027, "solar_s_tot_pct": 23.6726, "wind_s_tot_pct": 21.9413, "mix_s_tot_pct": 17.4173, "solar_s_seasonal_pct": 22.7462, "solar_s_diurnal_pct": 0.9264, "wind_s_seasonal_pct": 21.3197, "wind_s_diurnal_pct": 0.6216, "solar_flaute_days": 2.75, "wind_flaute_days": 19.875, "solar_gap30d_max": 0.7393, "wind_gap30d_max": 0.9851, "solar_trend_pct_decade": 2.3239, "wind_trend_pct_decade": 7.906}, "colocation": {"k": [0, 17, 35, 50], "storage_pct_cons": [17.4173, 11.7898, 7.7439, 5.8266], "pick": ["base", "wind", "solar", "solar"]}, "datasets": {"gldas": {"series_norm": {"months": [1, 2, 3, 4, 5, 6, 7, 8, 9, 10, 11, 12], "demand": [1.0, 1.0, 1.0, 1.0, 1.0, 1.0, 1.0, 1.0, 1.0, 1.0, 1.0, 1.0], "solar_supply": [0.650066, 0.87092, 1.195582, 1.513003, 1.760896, 2.008787, 2.027128, 1.805107, 1.360073, 1.034041, 0.702907, 0.577848], "wind_supply": [3.820341, 3.766236, 4.043715, 3.575665, 3.273829, 3.532101, 3.800268, 3.36812, 2.638979, 2.623728, 3.958802, 3.940363], "mix_supply": [1.7831, 1.883953, 2.165544, 2.164736, 2.187891, 2.420228, 2.530433, 2.24734, 1.731087, 1.546678, 1.863775, 1.788338], "mix_storage": [0.129507, 0.127492, 0.134241, 0.144662, 0.153413, 0.161599, 0.16863, 0.172523, 0.171574, 0.163212, 0.153895, 0.143677], "mix_s_tot": 0.174173}}, "nldas": null}, "pdf": "figures/678.pdf"}