{"id": 679, "name": "Mila", "country": "Algeria", "level": "admin1", "continent": "Africa", "metrics": {"solar_cf": 0.1925, "wind_cf": 0.1259, "solar_f_adj": 1.304, "wind_f_adj": 4.0006, "mix_alpha": 0.2, "mix_f_adj": 2.628, "solar_s_tot_pct": 23.4607, "wind_s_tot_pct": 15.6724, "mix_s_tot_pct": 14.6834, "solar_s_seasonal_pct": 22.359, "solar_s_diurnal_pct": 1.1017, "wind_s_seasonal_pct": 15.5505, "wind_s_diurnal_pct": 0.1219, "solar_flaute_days": 1.875, "wind_flaute_days": 14.625, "solar_gap30d_max": 0.733, "wind_gap30d_max": 0.9685, "solar_trend_pct_decade": 2.4943, "wind_trend_pct_decade": 33.497}, "colocation": {"k": [0, 17, 35, 50], "storage_pct_cons": [14.6834, 9.638, 6.8246, 4.4559], "pick": ["base", "solar", "solar", "solar"]}, "datasets": {"gldas": {"series_norm": {"months": [1, 2, 3, 4, 5, 6, 7, 8, 9, 10, 11, 12], "demand": [1.0, 1.0, 1.0, 1.0, 1.0, 1.0, 1.0, 1.0, 1.0, 1.0, 1.0, 1.0], "solar_supply": [0.668441, 0.892169, 1.211423, 1.530752, 1.77196, 2.014835, 2.015128, 1.802714, 1.371186, 1.045649, 0.711187, 0.588597], "wind_supply": [4.107888, 4.121838, 4.644573, 4.219665, 3.86662, 4.118869, 4.236255, 3.733774, 3.140335, 2.99965, 4.597764, 4.233712], "mix_supply": [2.428226, 2.525738, 2.929133, 2.834551, 2.746245, 2.976706, 3.038513, 2.688828, 2.20302, 1.997868, 2.702896, 2.462165], "mix_storage": [0.115901, 0.118191, 0.124703, 0.131161, 0.134342, 0.1402, 0.145297, 0.145907, 0.144483, 0.137555, 0.132285, 0.12489], "mix_s_tot": 0.146834}}, "nldas": null}, "pdf": "figures/679.pdf"}