{"id": 68, "name": "United Kingdom", "country": "United Kingdom", "level": "admin0", "continent": "Europe", "metrics": {"solar_cf": 0.1072, "wind_cf": 0.4398, "solar_f_adj": 1.4636, "wind_f_adj": 1.3662, "mix_alpha": 0.3, "mix_f_adj": 1.2798, "solar_s_tot_pct": 34.7108, "wind_s_tot_pct": 20.5516, "mix_s_tot_pct": 5.7795, "solar_s_seasonal_pct": 34.1181, "solar_s_diurnal_pct": 0.5927, "wind_s_seasonal_pct": 20.3245, "wind_s_diurnal_pct": 0.2271, "solar_flaute_days": 3.875, "wind_flaute_days": 7.625, "solar_gap30d_max": 0.8583, "wind_gap30d_max": 0.7217, "solar_trend_pct_decade": -1.865, "wind_trend_pct_decade": -10.4247}, "colocation": {"k": [0, 17, 35, 50], "storage_pct_cons": [5.7795, 3.4258, 2.9792, 2.9792], "pick": ["base", "wind", "wind", "wind"]}, "datasets": {"gldas": {"series_norm": {"months": [1, 2, 3, 4, 5, 6, 7, 8, 9, 10, 11, 12], "demand": [1.0, 1.0, 1.0, 1.0, 1.0, 1.0, 1.0, 1.0, 1.0, 1.0, 1.0, 1.0], "solar_supply": [0.349315, 0.69316, 1.292414, 2.064624, 2.605429, 2.734505, 2.607548, 2.175891, 1.511136, 0.811767, 0.412628, 0.26447], "wind_supply": [1.838256, 1.816055, 1.543352, 1.243624, 1.11117, 0.968134, 0.888327, 0.977871, 1.146935, 1.495902, 1.623415, 1.765874], "mix_supply": [1.297043, 1.372684, 1.351062, 1.357089, 1.412101, 1.352167, 1.266531, 1.212014, 1.148494, 1.193861, 1.172772, 1.227322], "mix_storage": [0.043514, 0.045737, 0.049128, 0.051844, 0.053678, 0.055752, 0.054994, 0.053254, 0.049797, 0.048021, 0.046926, 0.043421], "mix_s_tot": 0.057795}}, "nldas": null}, "pdf": "figures/68.pdf"}