{"id": 680, "name": "Oum el Bouaghi", "country": "Algeria", "level": "admin1", "continent": "Africa", "metrics": {"solar_cf": 0.1939, "wind_cf": 0.2019, "solar_f_adj": 1.3064, "wind_f_adj": 2.1832, "mix_alpha": 0.4, "mix_f_adj": 1.6048, "solar_s_tot_pct": 21.6923, "wind_s_tot_pct": 21.8331, "mix_s_tot_pct": 15.7973, "solar_s_seasonal_pct": 20.7084, "solar_s_diurnal_pct": 0.984, "wind_s_seasonal_pct": 21.2039, "wind_s_diurnal_pct": 0.6292, "solar_flaute_days": 3.75, "wind_flaute_days": 9.5, "solar_gap30d_max": 0.7258, "wind_gap30d_max": 0.9178, "solar_trend_pct_decade": 2.8583, "wind_trend_pct_decade": 29.7441}, "colocation": {"k": [0, 17, 35, 50], "storage_pct_cons": [15.7973, 9.0579, 5.4324, 3.3928], "pick": ["base", "solar", "solar", "solar"]}, "datasets": {"gldas": {"series_norm": {"months": [1, 2, 3, 4, 5, 6, 7, 8, 9, 10, 11, 12], "demand": [1.0, 1.0, 1.0, 1.0, 1.0, 1.0, 1.0, 1.0, 1.0, 1.0, 1.0, 1.0], "solar_supply": [0.687471, 0.90445, 1.220829, 1.540097, 1.776996, 1.998297, 2.002603, 1.773238, 1.36037, 1.044184, 0.740467, 0.604948], "wind_supply": [2.340865, 2.436189, 2.714247, 2.456435, 2.247562, 2.209852, 2.063315, 1.844291, 1.639698, 1.681461, 2.321587, 2.262395], "mix_supply": [1.370181, 1.518837, 1.796926, 1.840102, 1.864388, 1.956497, 1.893986, 1.684689, 1.391588, 1.254644, 1.387719, 1.295025], "mix_storage": [0.119641, 0.121894, 0.131524, 0.139897, 0.143293, 0.148335, 0.152719, 0.153498, 0.150808, 0.141992, 0.133966, 0.12643], "mix_s_tot": 0.157973}}, "nldas": null}, "pdf": "figures/680.pdf"}