{"id": 681, "name": "Biskra", "country": "Algeria", "level": "admin1", "continent": "Africa", "metrics": {"solar_cf": 0.2123, "wind_cf": 0.2718, "solar_f_adj": 1.2668, "wind_f_adj": 1.9087, "mix_alpha": 0.15, "mix_f_adj": 1.7041, "solar_s_tot_pct": 21.1439, "wind_s_tot_pct": 21.3459, "mix_s_tot_pct": 19.0373, "solar_s_seasonal_pct": 20.4181, "solar_s_diurnal_pct": 0.7258, "wind_s_seasonal_pct": 20.5531, "wind_s_diurnal_pct": 0.7928, "solar_flaute_days": 1.75, "wind_flaute_days": 15.5, "solar_gap30d_max": 0.6943, "wind_gap30d_max": 0.9649, "solar_trend_pct_decade": 1.6743, "wind_trend_pct_decade": 17.4766}, "colocation": {"k": [0, 17, 35, 50], "storage_pct_cons": [19.0373, 12.459, 8.2553, 5.6323], "pick": ["base", "solar", "solar", "solar"]}, "datasets": {"gldas": {"series_norm": {"months": [1, 2, 3, 4, 5, 6, 7, 8, 9, 10, 11, 12], "demand": [1.0, 1.0, 1.0, 1.0, 1.0, 1.0, 1.0, 1.0, 1.0, 1.0, 1.0, 1.0], "solar_supply": [0.712324, 0.945387, 1.233221, 1.523207, 1.723681, 1.852608, 1.835718, 1.666373, 1.311727, 1.007246, 0.745932, 0.627205], "wind_supply": [1.756129, 1.976746, 2.40813, 2.486698, 2.481359, 2.157108, 1.809298, 1.554114, 1.561751, 1.399541, 1.745428, 1.583836], "mix_supply": [1.476432, 1.690883, 2.076332, 2.194468, 2.230868, 2.010813, 1.743457, 1.515632, 1.449867, 1.265331, 1.475092, 1.328506], "mix_storage": [0.150423, 0.150268, 0.163221, 0.175282, 0.181323, 0.185405, 0.186624, 0.18536, 0.182225, 0.174791, 0.167856, 0.159874], "mix_s_tot": 0.190373}}, "nldas": null}, "pdf": "figures/681.pdf"}