{"id": 682, "name": "Djelfa", "country": "Algeria", "level": "admin1", "continent": "Africa", "metrics": {"solar_cf": 0.2093, "wind_cf": 0.2812, "solar_f_adj": 1.254, "wind_f_adj": 2.695, "mix_alpha": 0.25, "mix_f_adj": 1.9376, "solar_s_tot_pct": 20.741, "wind_s_tot_pct": 22.1073, "mix_s_tot_pct": 17.4208, "solar_s_seasonal_pct": 19.7933, "solar_s_diurnal_pct": 0.9477, "wind_s_seasonal_pct": 21.3059, "wind_s_diurnal_pct": 0.8015, "solar_flaute_days": 1.0, "wind_flaute_days": 9.75, "solar_gap30d_max": 0.6917, "wind_gap30d_max": 0.9195, "solar_trend_pct_decade": 1.1224, "wind_trend_pct_decade": 44.9151}, "colocation": {"k": [0, 17, 35, 50], "storage_pct_cons": [17.4208, 10.4413, 7.0515, 4.1079], "pick": ["base", "wind", "solar", "solar"]}, "datasets": {"gldas": {"series_norm": {"months": [1, 2, 3, 4, 5, 6, 7, 8, 9, 10, 11, 12], "demand": [1.0, 1.0, 1.0, 1.0, 1.0, 1.0, 1.0, 1.0, 1.0, 1.0, 1.0, 1.0], "solar_supply": [0.700893, 0.924764, 1.207531, 1.503412, 1.71123, 1.842643, 1.821684, 1.65248, 1.299988, 1.006097, 0.737946, 0.622269], "wind_supply": [2.768649, 3.015601, 3.426077, 3.464265, 3.151923, 2.815746, 2.323197, 1.987217, 2.137729, 1.992477, 2.744107, 2.553579], "mix_supply": [1.763697, 1.983339, 2.31391, 2.448796, 2.360646, 2.230129, 1.956433, 1.7099, 1.654901, 1.463052, 1.764776, 1.617352], "mix_storage": [0.13819, 0.137929, 0.144682, 0.156453, 0.164256, 0.169592, 0.170483, 0.168816, 0.164774, 0.157521, 0.150398, 0.142379], "mix_s_tot": 0.174208}}, "nldas": null}, "pdf": "figures/682.pdf"}