{"id": 683, "name": "Bashkortostan", "country": "Russia", "level": "admin1", "continent": "Europe", "metrics": {"solar_cf": 0.1265, "wind_cf": 0.2616, "solar_f_adj": 1.3553, "wind_f_adj": 1.3439, "mix_alpha": 0.15, "mix_f_adj": 1.2703, "solar_s_tot_pct": 33.8116, "wind_s_tot_pct": 19.221, "mix_s_tot_pct": 13.1092, "solar_s_seasonal_pct": 33.049, "solar_s_diurnal_pct": 0.7626, "wind_s_seasonal_pct": 18.7061, "wind_s_diurnal_pct": 0.5149, "solar_flaute_days": 2.875, "wind_flaute_days": 15.5, "solar_gap30d_max": 0.8449, "wind_gap30d_max": 0.8279, "solar_trend_pct_decade": 1.3083, "wind_trend_pct_decade": -4.0003}, "colocation": {"k": [0, 17, 35, 50], "storage_pct_cons": [13.1092, 7.4129, 7.4129, 6.7951], "pick": ["base", "wind", "wind", "solar"]}, "datasets": {"gldas": {"series_norm": {"months": [1, 2, 3, 4, 5, 6, 7, 8, 9, 10, 11, 12], "demand": [1.0, 1.0, 1.0, 1.0, 1.0, 1.0, 1.0, 1.0, 1.0, 1.0, 1.0, 1.0], "solar_supply": [0.357809, 0.725842, 1.290625, 1.811822, 2.300632, 2.532892, 2.539773, 2.053994, 1.314966, 0.675809, 0.358062, 0.264706], "wind_supply": [1.599313, 1.472259, 1.634278, 1.437947, 1.323426, 1.087441, 0.873316, 0.907633, 1.144234, 1.539951, 1.618948, 1.496505], "mix_supply": [1.335296, 1.284955, 1.494534, 1.410064, 1.386773, 1.22982, 1.058747, 1.018023, 1.104223, 1.332309, 1.351107, 1.239604], "mix_storage": [0.093074, 0.088509, 0.093157, 0.105854, 0.116453, 0.116858, 0.108149, 0.094489, 0.085033, 0.084658, 0.093267, 0.091609], "mix_s_tot": 0.131092}}, "nldas": null}, "pdf": "figures/683.pdf"}