{"id": 684, "name": "Sverdlovsk", "country": "Russia", "level": "admin1", "continent": "Europe", "metrics": {"solar_cf": 0.115, "wind_cf": 0.1862, "solar_f_adj": 1.3736, "wind_f_adj": 1.8088, "mix_alpha": 0.1, "mix_f_adj": 1.6627, "solar_s_tot_pct": 38.862, "wind_s_tot_pct": 15.7764, "mix_s_tot_pct": 12.5875, "solar_s_seasonal_pct": 37.2189, "solar_s_diurnal_pct": 1.6431, "wind_s_seasonal_pct": 14.9808, "wind_s_diurnal_pct": 0.7956, "solar_flaute_days": 6.875, "wind_flaute_days": 10.75, "solar_gap30d_max": 0.9112, "wind_gap30d_max": 0.8069, "solar_trend_pct_decade": 1.0875, "wind_trend_pct_decade": 3.4324}, "colocation": {"k": [0, 17, 35, 50], "storage_pct_cons": [12.5875, 7.9919, 6.6474, 5.9061], "pick": ["base", "solar", "solar", "solar"]}, "datasets": {"gldas": {"series_norm": {"months": [1, 2, 3, 4, 5, 6, 7, 8, 9, 10, 11, 12], "demand": [1.0, 1.0, 1.0, 1.0, 1.0, 1.0, 1.0, 1.0, 1.0, 1.0, 1.0, 1.0], "solar_supply": [0.253716, 0.633756, 1.242919, 1.913402, 2.499938, 2.749507, 2.738824, 2.080172, 1.248239, 0.62599, 0.290835, 0.163105], "wind_supply": [1.93286, 1.700372, 2.240276, 1.939528, 1.842821, 1.605079, 1.239477, 1.272471, 1.716806, 2.142736, 2.131021, 1.937586], "mix_supply": [1.629784, 1.483446, 2.003848, 1.836193, 1.827182, 1.660705, 1.356946, 1.304517, 1.57142, 1.848477, 1.798217, 1.622726], "mix_storage": [0.112853, 0.106231, 0.111859, 0.119958, 0.122726, 0.123544, 0.118559, 0.113246, 0.115802, 0.118363, 0.118334, 0.113656], "mix_s_tot": 0.125875}}, "nldas": null}, "pdf": "figures/684.pdf"}