{"id": 685, "name": "Khanty-Mansiy", "country": "Russia", "level": "admin1", "continent": "Europe", "metrics": {"solar_cf": 0.1118, "wind_cf": 0.2354, "solar_f_adj": 1.4251, "wind_f_adj": 1.5328, "mix_alpha": 0.05, "mix_f_adj": 1.4857, "solar_s_tot_pct": 42.4801, "wind_s_tot_pct": 13.5908, "mix_s_tot_pct": 13.1348, "solar_s_seasonal_pct": 41.3021, "solar_s_diurnal_pct": 1.1781, "wind_s_seasonal_pct": 13.1752, "wind_s_diurnal_pct": 0.4156, "solar_flaute_days": 46.875, "wind_flaute_days": 12.875, "solar_gap30d_max": 0.9526, "wind_gap30d_max": 0.785, "solar_trend_pct_decade": 2.4663, "wind_trend_pct_decade": 18.6086}, "colocation": {"k": [0, 17, 35, 50], "storage_pct_cons": [13.1348, 9.891, 7.8748, 6.1811], "pick": ["base", "solar", "solar", "solar"]}, "datasets": {"gldas": {"series_norm": {"months": [1, 2, 3, 4, 5, 6, 7, 8, 9, 10, 11, 12], "demand": [1.0, 1.0, 1.0, 1.0, 1.0, 1.0, 1.0, 1.0, 1.0, 1.0, 1.0, 1.0], "solar_supply": [0.173006, 0.554339, 1.2451, 2.099075, 2.732878, 3.007258, 2.959966, 2.156866, 1.241125, 0.579085, 0.217244, 0.086067], "wind_supply": [1.596557, 1.422721, 1.831621, 1.702698, 1.594243, 1.378375, 1.128447, 1.163559, 1.484046, 1.747896, 1.697645, 1.639964], "mix_supply": [1.479146, 1.338952, 1.751477, 1.677275, 1.610444, 1.425971, 1.19337, 1.183842, 1.431218, 1.639667, 1.574535, 1.514584], "mix_storage": [0.116829, 0.11054, 0.113164, 0.11925, 0.121826, 0.123924, 0.116408, 0.106367, 0.103619, 0.109673, 0.116239, 0.116286], "mix_s_tot": 0.131348}}, "nldas": null}, "pdf": "figures/685.pdf"}