{"id": 686, "name": "Lipetsk", "country": "Russia", "level": "admin1", "continent": "Europe", "metrics": {"solar_cf": 0.1275, "wind_cf": 0.3047, "solar_f_adj": 1.354, "wind_f_adj": 1.4578, "mix_alpha": 0.35, "mix_f_adj": 1.2753, "solar_s_tot_pct": 35.7339, "wind_s_tot_pct": 25.7835, "mix_s_tot_pct": 8.9791, "solar_s_seasonal_pct": 34.8157, "solar_s_diurnal_pct": 0.9181, "wind_s_seasonal_pct": 25.3514, "wind_s_diurnal_pct": 0.4321, "solar_flaute_days": 6.875, "wind_flaute_days": 25.125, "solar_gap30d_max": 0.8688, "wind_gap30d_max": 0.8834, "solar_trend_pct_decade": -0.1903, "wind_trend_pct_decade": 15.4896}, "colocation": {"k": [0, 17, 35, 50], "storage_pct_cons": [8.9791, 4.9048, 3.3561, 3.3561], "pick": ["base", "wind", "wind", "wind"]}, "datasets": {"gldas": {"series_norm": {"months": [1, 2, 3, 4, 5, 6, 7, 8, 9, 10, 11, 12], "demand": [1.0, 1.0, 1.0, 1.0, 1.0, 1.0, 1.0, 1.0, 1.0, 1.0, 1.0, 1.0], "solar_supply": [0.381697, 0.737321, 1.276931, 1.721433, 2.324981, 2.482968, 2.463658, 2.115518, 1.365601, 0.70471, 0.367973, 0.266466], "wind_supply": [1.978396, 1.881296, 1.69919, 1.398082, 1.202057, 1.097275, 0.878532, 0.954938, 1.176397, 1.553417, 1.716739, 1.981218], "mix_supply": [1.250747, 1.312772, 1.387116, 1.362441, 1.449948, 1.442452, 1.311709, 1.240384, 1.119086, 1.115589, 1.097445, 1.214364], "mix_storage": [0.057846, 0.064265, 0.072077, 0.077489, 0.079637, 0.083697, 0.08308, 0.079879, 0.073931, 0.063924, 0.056367, 0.053372], "mix_s_tot": 0.089791}}, "nldas": null}, "pdf": "figures/686.pdf"}