{"id": 687, "name": "Tambov", "country": "Russia", "level": "admin1", "continent": "Europe", "metrics": {"solar_cf": 0.1295, "wind_cf": 0.3062, "solar_f_adj": 1.3423, "wind_f_adj": 1.435, "mix_alpha": 0.35, "mix_f_adj": 1.3016, "solar_s_tot_pct": 35.2562, "wind_s_tot_pct": 26.2979, "mix_s_tot_pct": 7.9067, "solar_s_seasonal_pct": 34.3186, "solar_s_diurnal_pct": 0.9376, "wind_s_seasonal_pct": 25.9078, "wind_s_diurnal_pct": 0.39, "solar_flaute_days": 3.875, "wind_flaute_days": 13.375, "solar_gap30d_max": 0.8611, "wind_gap30d_max": 0.8232, "solar_trend_pct_decade": -0.2156, "wind_trend_pct_decade": 14.5216}, "colocation": {"k": [0, 17, 35, 50], "storage_pct_cons": [7.9067, 3.9294, 3.1706, 3.1706], "pick": ["base", "wind", "wind", "wind"]}, "datasets": {"gldas": {"series_norm": {"months": [1, 2, 3, 4, 5, 6, 7, 8, 9, 10, 11, 12], "demand": [1.0, 1.0, 1.0, 1.0, 1.0, 1.0, 1.0, 1.0, 1.0, 1.0, 1.0, 1.0], "solar_supply": [0.376681, 0.727017, 1.269555, 1.719535, 2.280727, 2.447971, 2.470393, 2.092806, 1.35017, 0.706508, 0.363322, 0.263925], "wind_supply": [1.928684, 1.884622, 1.668058, 1.414289, 1.186463, 1.041284, 0.853273, 0.927257, 1.151849, 1.543514, 1.718387, 1.928911], "mix_supply": [1.264928, 1.357852, 1.414308, 1.417415, 1.473562, 1.444732, 1.341497, 1.256964, 1.13733, 1.149786, 1.13641, 1.226793], "mix_storage": [0.055536, 0.062634, 0.069099, 0.07125, 0.073035, 0.075189, 0.074569, 0.07234, 0.067274, 0.05964, 0.054029, 0.051335], "mix_s_tot": 0.079067}}, "nldas": null}, "pdf": "figures/687.pdf"}