{"id": 688, "name": "Tomsk", "country": "Russia", "level": "admin1", "continent": "Europe", "metrics": {"solar_cf": 0.1211, "wind_cf": 0.2051, "solar_f_adj": 1.3906, "wind_f_adj": 1.8209, "mix_alpha": 0.25, "mix_f_adj": 1.498, "solar_s_tot_pct": 38.6747, "wind_s_tot_pct": 19.5411, "mix_s_tot_pct": 11.6733, "solar_s_seasonal_pct": 37.6947, "solar_s_diurnal_pct": 0.98, "wind_s_seasonal_pct": 18.948, "wind_s_diurnal_pct": 0.5931, "solar_flaute_days": 10.875, "wind_flaute_days": 10.875, "solar_gap30d_max": 0.9016, "wind_gap30d_max": 0.8185, "solar_trend_pct_decade": 2.233, "wind_trend_pct_decade": 2.9923}, "colocation": {"k": [0, 17, 35, 50], "storage_pct_cons": [11.6733, 8.281, 7.1882, 6.1698], "pick": ["base", "wind", "wind", "solar"]}, "datasets": {"gldas": {"series_norm": {"months": [1, 2, 3, 4, 5, 6, 7, 8, 9, 10, 11, 12], "demand": [1.0, 1.0, 1.0, 1.0, 1.0, 1.0, 1.0, 1.0, 1.0, 1.0, 1.0, 1.0], "solar_supply": [0.267421, 0.666984, 1.277063, 1.986337, 2.505818, 2.790596, 2.680036, 2.091922, 1.267766, 0.649411, 0.299792, 0.165303], "wind_supply": [2.088114, 1.899658, 2.430256, 2.122387, 1.903633, 1.250211, 0.993502, 1.120435, 1.572867, 2.077757, 2.261414, 2.135493], "mix_supply": [1.36037, 1.351694, 1.843362, 1.844413, 1.849337, 1.522868, 1.334707, 1.254648, 1.311854, 1.456848, 1.476012, 1.362103], "mix_storage": [0.097701, 0.0911, 0.10025, 0.109994, 0.114883, 0.115339, 0.113401, 0.109733, 0.107544, 0.105606, 0.10626, 0.102411], "mix_s_tot": 0.116733}}, "nldas": null}, "pdf": "figures/688.pdf"}