{"id": 689, "name": "Tatarstan", "country": "Russia", "level": "admin1", "continent": "Europe", "metrics": {"solar_cf": 0.125, "wind_cf": 0.2998, "solar_f_adj": 1.3876, "wind_f_adj": 1.4739, "mix_alpha": 0.25, "mix_f_adj": 1.3523, "solar_s_tot_pct": 36.162, "wind_s_tot_pct": 22.8702, "mix_s_tot_pct": 9.8939, "solar_s_seasonal_pct": 35.4716, "solar_s_diurnal_pct": 0.6904, "wind_s_seasonal_pct": 22.3749, "wind_s_diurnal_pct": 0.4953, "solar_flaute_days": 4.75, "wind_flaute_days": 11.375, "solar_gap30d_max": 0.8883, "wind_gap30d_max": 0.8685, "solar_trend_pct_decade": 0.9924, "wind_trend_pct_decade": 13.9306}, "colocation": {"k": [0, 17, 35, 50], "storage_pct_cons": [9.8939, 6.0899, 4.3139, 3.1502], "pick": ["base", "wind", "solar", "solar"]}, "datasets": {"gldas": {"series_norm": {"months": [1, 2, 3, 4, 5, 6, 7, 8, 9, 10, 11, 12], "demand": [1.0, 1.0, 1.0, 1.0, 1.0, 1.0, 1.0, 1.0, 1.0, 1.0, 1.0, 1.0], "solar_supply": [0.319382, 0.694962, 1.298203, 1.863776, 2.40686, 2.68434, 2.699206, 2.134514, 1.313141, 0.647848, 0.31899, 0.228146], "wind_supply": [1.879401, 1.692722, 1.716439, 1.52916, 1.337762, 1.119612, 0.909966, 1.001269, 1.216099, 1.669138, 1.842507, 1.786384], "mix_supply": [1.37103, 1.334082, 1.497375, 1.506304, 1.506919, 1.424416, 1.283779, 1.209024, 1.15673, 1.306375, 1.345548, 1.284797], "mix_storage": [0.078719, 0.079719, 0.083807, 0.087897, 0.090269, 0.092663, 0.091084, 0.086391, 0.080506, 0.077789, 0.078069, 0.074782], "mix_s_tot": 0.098939}}, "nldas": null}, "pdf": "figures/689.pdf"}