{"id": 69, "name": "Greece", "country": "Greece", "level": "admin0", "continent": "Europe", "metrics": {"solar_cf": 0.1862, "wind_cf": 0.1678, "solar_f_adj": 1.2841, "wind_f_adj": 2.347, "mix_alpha": 0.0, "mix_f_adj": 2.347, "solar_s_tot_pct": 24.7745, "wind_s_tot_pct": 11.4023, "mix_s_tot_pct": 11.4023, "solar_s_seasonal_pct": 23.7064, "solar_s_diurnal_pct": 1.068, "wind_s_seasonal_pct": 11.0507, "wind_s_diurnal_pct": 0.3517, "solar_flaute_days": 0.875, "wind_flaute_days": 19.75, "solar_gap30d_max": 0.7474, "wind_gap30d_max": 0.8665, "solar_trend_pct_decade": 1.7766, "wind_trend_pct_decade": -44.1536}, "colocation": {"k": [0, 17, 35, 50], "storage_pct_cons": [11.4023, 8.1366, 5.7671, 4.3007], "pick": ["base", "solar", "solar", "solar"]}, "datasets": {"gldas": {"series_norm": {"months": [1, 2, 3, 4, 5, 6, 7, 8, 9, 10, 11, 12], "demand": [1.0, 1.0, 1.0, 1.0, 1.0, 1.0, 1.0, 1.0, 1.0, 1.0, 1.0, 1.0], "solar_supply": [0.566931, 0.791137, 1.137091, 1.494851, 1.818261, 2.066279, 2.114331, 1.885037, 1.414155, 0.963616, 0.637815, 0.490944], "wind_supply": [3.256659, 3.30483, 2.862053, 2.357185, 1.79794, 1.644846, 1.937082, 1.990637, 1.861991, 1.927024, 2.302628, 2.966342], "mix_supply": [3.256659, 3.30483, 2.862053, 2.357185, 1.79794, 1.644846, 1.937082, 1.990637, 1.861991, 1.927024, 2.302628, 2.966342], "mix_storage": [0.107206, 0.10897, 0.10839, 0.107752, 0.1049, 0.097797, 0.100413, 0.105984, 0.106524, 0.102078, 0.097894, 0.102087], "mix_s_tot": 0.114023}}, "nldas": null}, "pdf": "figures/69.pdf"}