{"id": 690, "name": "Ul'yanovsk", "country": "Russia", "level": "admin1", "continent": "Europe", "metrics": {"solar_cf": 0.1272, "wind_cf": 0.2953, "solar_f_adj": 1.3378, "wind_f_adj": 1.4083, "mix_alpha": 0.35, "mix_f_adj": 1.2834, "solar_s_tot_pct": 35.1335, "wind_s_tot_pct": 22.8381, "mix_s_tot_pct": 9.1392, "solar_s_seasonal_pct": 34.2571, "solar_s_diurnal_pct": 0.8764, "wind_s_seasonal_pct": 22.2677, "wind_s_diurnal_pct": 0.5704, "solar_flaute_days": 5.875, "wind_flaute_days": 9.625, "solar_gap30d_max": 0.871, "wind_gap30d_max": 0.8086, "solar_trend_pct_decade": 0.7842, "wind_trend_pct_decade": 11.6074}, "colocation": {"k": [0, 17, 35, 50], "storage_pct_cons": [9.1392, 4.4875, 3.4227, 3.4227], "pick": ["base", "wind", "wind", "wind"]}, "datasets": {"gldas": {"series_norm": {"months": [1, 2, 3, 4, 5, 6, 7, 8, 9, 10, 11, 12], "demand": [1.0, 1.0, 1.0, 1.0, 1.0, 1.0, 1.0, 1.0, 1.0, 1.0, 1.0, 1.0], "solar_supply": [0.3475, 0.715687, 1.287707, 1.752324, 2.251756, 2.506611, 2.522515, 2.074075, 1.305944, 0.673076, 0.334489, 0.244075], "wind_supply": [1.819299, 1.698861, 1.620437, 1.447226, 1.250987, 1.040402, 0.881776, 0.938318, 1.120862, 1.564017, 1.764152, 1.770574], "mix_supply": [1.19435, 1.246632, 1.392241, 1.445641, 1.49709, 1.45792, 1.369297, 1.25222, 1.102439, 1.152449, 1.157315, 1.130761], "mix_storage": [0.058758, 0.061161, 0.067604, 0.076636, 0.081307, 0.085837, 0.086376, 0.084462, 0.078314, 0.07202, 0.067109, 0.060301], "mix_s_tot": 0.091392}}, "nldas": null}, "pdf": "figures/690.pdf"}