{"id": 691, "name": "Penza", "country": "Russia", "level": "admin1", "continent": "Europe", "metrics": {"solar_cf": 0.1283, "wind_cf": 0.2763, "solar_f_adj": 1.3427, "wind_f_adj": 1.5918, "mix_alpha": 0.3, "mix_f_adj": 1.3818, "solar_s_tot_pct": 35.1131, "wind_s_tot_pct": 21.2028, "mix_s_tot_pct": 8.7394, "solar_s_seasonal_pct": 34.189, "solar_s_diurnal_pct": 0.9241, "wind_s_seasonal_pct": 20.505, "wind_s_diurnal_pct": 0.6978, "solar_flaute_days": 5.75, "wind_flaute_days": 13.375, "solar_gap30d_max": 0.8647, "wind_gap30d_max": 0.8074, "solar_trend_pct_decade": 1.0286, "wind_trend_pct_decade": 15.3039}, "colocation": {"k": [0, 17, 35, 50], "storage_pct_cons": [8.7394, 5.1543, 4.5387, 4.4459], "pick": ["base", "wind", "wind", "solar"]}, "datasets": {"gldas": {"series_norm": {"months": [1, 2, 3, 4, 5, 6, 7, 8, 9, 10, 11, 12], "demand": [1.0, 1.0, 1.0, 1.0, 1.0, 1.0, 1.0, 1.0, 1.0, 1.0, 1.0, 1.0], "solar_supply": [0.358765, 0.718042, 1.274922, 1.738214, 2.269285, 2.474979, 2.517141, 2.091391, 1.338274, 0.691796, 0.347496, 0.253631], "wind_supply": [2.120546, 2.039145, 1.821888, 1.569273, 1.368107, 1.14954, 0.968896, 1.019455, 1.270558, 1.729174, 1.966296, 2.105252], "mix_supply": [1.399323, 1.460781, 1.50069, 1.490221, 1.531941, 1.462632, 1.365879, 1.265159, 1.18523, 1.264322, 1.302114, 1.357571], "mix_storage": [0.070608, 0.07424, 0.075446, 0.07828, 0.081744, 0.08382, 0.082829, 0.079942, 0.074793, 0.069127, 0.065468, 0.065546], "mix_s_tot": 0.087394}}, "nldas": null}, "pdf": "figures/691.pdf"}