{"id": 692, "name": "Kemerovo", "country": "Russia", "level": "admin1", "continent": "Europe", "metrics": {"solar_cf": 0.1276, "wind_cf": 0.2018, "solar_f_adj": 1.3608, "wind_f_adj": 2.1089, "mix_alpha": 0.25, "mix_f_adj": 1.6214, "solar_s_tot_pct": 33.8407, "wind_s_tot_pct": 17.6765, "mix_s_tot_pct": 13.4507, "solar_s_seasonal_pct": 32.8292, "solar_s_diurnal_pct": 1.0115, "wind_s_seasonal_pct": 16.8208, "wind_s_diurnal_pct": 0.8557, "solar_flaute_days": 3.75, "wind_flaute_days": 17.75, "solar_gap30d_max": 0.8434, "wind_gap30d_max": 0.9081, "solar_trend_pct_decade": 1.0993, "wind_trend_pct_decade": -8.3412}, "colocation": {"k": [0, 17, 35, 50], "storage_pct_cons": [13.4507, 11.178, 8.8146, 7.1443], "pick": ["base", "solar", "solar", "solar"]}, "datasets": {"gldas": {"series_norm": {"months": [1, 2, 3, 4, 5, 6, 7, 8, 9, 10, 11, 12], "demand": [1.0, 1.0, 1.0, 1.0, 1.0, 1.0, 1.0, 1.0, 1.0, 1.0, 1.0, 1.0], "solar_supply": [0.368794, 0.753371, 1.301969, 1.864365, 2.29148, 2.562466, 2.441722, 2.025756, 1.322169, 0.726867, 0.380214, 0.25805], "wind_supply": [2.614657, 2.322493, 2.848632, 2.377272, 2.123174, 1.261971, 0.881932, 0.986615, 1.599906, 2.502214, 3.02471, 2.777609], "mix_supply": [1.61747, 1.563562, 2.030347, 1.926083, 1.906795, 1.490944, 1.235846, 1.172302, 1.316347, 1.659295, 1.857308, 1.67844], "mix_storage": [0.122259, 0.114183, 0.123355, 0.129334, 0.132438, 0.131924, 0.128746, 0.122453, 0.119622, 0.120167, 0.126628, 0.125289], "mix_s_tot": 0.134507}}, "nldas": null}, "pdf": "figures/692.pdf"}