{"id": 693, "name": "Orel", "country": "Russia", "level": "admin1", "continent": "Europe", "metrics": {"solar_cf": 0.1257, "wind_cf": 0.261, "solar_f_adj": 1.3633, "wind_f_adj": 1.6649, "mix_alpha": 0.3, "mix_f_adj": 1.4022, "solar_s_tot_pct": 35.5277, "wind_s_tot_pct": 20.8139, "mix_s_tot_pct": 9.1964, "solar_s_seasonal_pct": 34.7394, "solar_s_diurnal_pct": 0.7884, "wind_s_seasonal_pct": 20.201, "wind_s_diurnal_pct": 0.6129, "solar_flaute_days": 8.75, "wind_flaute_days": 24.25, "solar_gap30d_max": 0.868, "wind_gap30d_max": 0.8901, "solar_trend_pct_decade": 0.4823, "wind_trend_pct_decade": 22.823}, "colocation": {"k": [0, 17, 35, 50], "storage_pct_cons": [9.1964, 4.2733, 3.6749, 3.6503], "pick": ["base", "wind", "wind", "solar"]}, "datasets": {"gldas": {"series_norm": {"months": [1, 2, 3, 4, 5, 6, 7, 8, 9, 10, 11, 12], "demand": [1.0, 1.0, 1.0, 1.0, 1.0, 1.0, 1.0, 1.0, 1.0, 1.0, 1.0, 1.0], "solar_supply": [0.375641, 0.728318, 1.275883, 1.75096, 2.351014, 2.505687, 2.464683, 2.132077, 1.384339, 0.716904, 0.368289, 0.266826], "wind_supply": [2.217099, 2.035462, 1.915688, 1.557026, 1.382198, 1.324854, 1.034123, 1.141776, 1.387684, 1.787791, 1.957601, 2.256372], "mix_supply": [1.423018, 1.424757, 1.523104, 1.458245, 1.54033, 1.554249, 1.370194, 1.331031, 1.245281, 1.275219, 1.267761, 1.412595], "mix_storage": [0.066566, 0.070866, 0.074061, 0.078292, 0.081381, 0.085898, 0.085731, 0.083133, 0.07764, 0.067607, 0.061218, 0.060606], "mix_s_tot": 0.091964}}, "nldas": null}, "pdf": "figures/693.pdf"}