{"id": 694, "name": "Irkutsk", "country": "Russia", "level": "admin1", "continent": "Europe", "metrics": {"solar_cf": 0.1234, "wind_cf": 0.1282, "solar_f_adj": 1.3751, "wind_f_adj": 1.7133, "mix_alpha": 0.15, "mix_f_adj": 1.5472, "solar_s_tot_pct": 34.2493, "wind_s_tot_pct": 22.7961, "mix_s_tot_pct": 16.5898, "solar_s_seasonal_pct": 33.4847, "solar_s_diurnal_pct": 0.7647, "wind_s_seasonal_pct": 21.2217, "wind_s_diurnal_pct": 1.5745, "solar_flaute_days": 1.875, "wind_flaute_days": 22.625, "solar_gap30d_max": 0.8633, "wind_gap30d_max": 0.9228, "solar_trend_pct_decade": 0.1108, "wind_trend_pct_decade": -8.7802}, "colocation": {"k": [0, 17, 35, 50], "storage_pct_cons": [16.5898, 13.9252, 12.6826, 11.6475], "pick": ["base", "solar", "solar", "solar"]}, "datasets": {"gldas": {"series_norm": {"months": [1, 2, 3, 4, 5, 6, 7, 8, 9, 10, 11, 12], "demand": [1.0, 1.0, 1.0, 1.0, 1.0, 1.0, 1.0, 1.0, 1.0, 1.0, 1.0, 1.0], "solar_supply": [0.323637, 0.71197, 1.325817, 1.963194, 2.392623, 2.650044, 2.502754, 2.027727, 1.281789, 0.706408, 0.359368, 0.220775], "wind_supply": [1.823843, 1.722456, 2.236136, 2.340018, 2.103948, 1.16124, 0.794039, 0.868078, 1.581105, 2.021085, 2.142104, 1.778432], "mix_supply": [1.454562, 1.442279, 1.940168, 2.127476, 2.018748, 1.338591, 1.031878, 1.008538, 1.42995, 1.670561, 1.704883, 1.402346], "mix_storage": [0.127591, 0.120987, 0.130277, 0.149157, 0.160046, 0.160714, 0.148381, 0.1308, 0.129247, 0.139284, 0.144879, 0.138333], "mix_s_tot": 0.165898}}, "nldas": null}, "pdf": "figures/694.pdf"}