{"id": 695, "name": "Khakass", "country": "Russia", "level": "admin1", "continent": "Europe", "metrics": {"solar_cf": 0.1283, "wind_cf": 0.1296, "solar_f_adj": 1.3417, "wind_f_adj": 2.9237, "mix_alpha": 0.2, "mix_f_adj": 2.1376, "solar_s_tot_pct": 31.1202, "wind_s_tot_pct": 27.8861, "mix_s_tot_pct": 13.471, "solar_s_seasonal_pct": 30.4394, "solar_s_diurnal_pct": 0.6808, "wind_s_seasonal_pct": 26.4326, "wind_s_diurnal_pct": 1.4534, "solar_flaute_days": 1.875, "wind_flaute_days": 30.125, "solar_gap30d_max": 0.8048, "wind_gap30d_max": 0.9885, "solar_trend_pct_decade": -0.2129, "wind_trend_pct_decade": -18.1354}, "colocation": {"k": [0, 17, 35, 50], "storage_pct_cons": [13.471, 11.959, 10.6176, 9.5329], "pick": ["base", "solar", "solar", "solar"]}, "datasets": {"gldas": {"series_norm": {"months": [1, 2, 3, 4, 5, 6, 7, 8, 9, 10, 11, 12], "demand": [1.0, 1.0, 1.0, 1.0, 1.0, 1.0, 1.0, 1.0, 1.0, 1.0, 1.0, 1.0], "solar_supply": [0.412696, 0.79065, 1.336393, 1.835691, 2.207806, 2.410036, 2.281165, 1.938029, 1.333316, 0.791273, 0.434622, 0.300839], "wind_supply": [2.987636, 2.783113, 3.848501, 3.922471, 3.695718, 1.942826, 1.237264, 1.305365, 2.376181, 3.447895, 4.205738, 3.344399], "mix_supply": [1.878942, 1.879744, 2.67677, 2.879124, 2.865064, 1.904246, 1.450507, 1.381006, 1.814641, 2.268769, 2.598387, 2.05197], "mix_storage": [0.116329, 0.106747, 0.115228, 0.126955, 0.13333, 0.133357, 0.130387, 0.1265, 0.125122, 0.123676, 0.125889, 0.12042], "mix_s_tot": 0.13471}}, "nldas": null}, "pdf": "figures/695.pdf"}