{"id": 696, "name": "Mordovia", "country": "Russia", "level": "admin1", "continent": "Europe", "metrics": {"solar_cf": 0.1223, "wind_cf": 0.3008, "solar_f_adj": 1.3662, "wind_f_adj": 1.4195, "mix_alpha": 0.35, "mix_f_adj": 1.2531, "solar_s_tot_pct": 35.941, "wind_s_tot_pct": 23.9452, "mix_s_tot_pct": 9.8949, "solar_s_seasonal_pct": 34.9408, "solar_s_diurnal_pct": 1.0001, "wind_s_seasonal_pct": 23.4761, "wind_s_diurnal_pct": 0.4692, "solar_flaute_days": 4.875, "wind_flaute_days": 10.25, "solar_gap30d_max": 0.8776, "wind_gap30d_max": 0.7812, "solar_trend_pct_decade": 0.0856, "wind_trend_pct_decade": 4.1017}, "colocation": {"k": [0, 17, 35, 50], "storage_pct_cons": [9.8949, 5.5388, 3.9461, 3.9461], "pick": ["base", "wind", "wind", "wind"]}, "datasets": {"gldas": {"series_norm": {"months": [1, 2, 3, 4, 5, 6, 7, 8, 9, 10, 11, 12], "demand": [1.0, 1.0, 1.0, 1.0, 1.0, 1.0, 1.0, 1.0, 1.0, 1.0, 1.0, 1.0], "solar_supply": [0.340399, 0.70357, 1.305734, 1.791471, 2.357418, 2.561127, 2.606021, 2.116982, 1.323467, 0.671709, 0.333317, 0.241302], "wind_supply": [1.899639, 1.805128, 1.665586, 1.436879, 1.212659, 0.986199, 0.830244, 0.85789, 1.105852, 1.575659, 1.809465, 1.872495], "mix_supply": [1.1993, 1.261661, 1.374909, 1.399616, 1.452648, 1.388102, 1.313028, 1.171891, 1.059425, 1.119762, 1.145285, 1.151911], "mix_storage": [0.065297, 0.068709, 0.074531, 0.082189, 0.087893, 0.091703, 0.091142, 0.088008, 0.08074, 0.073311, 0.069185, 0.06371], "mix_s_tot": 0.098949}}, "nldas": null}, "pdf": "figures/696.pdf"}