{"id": 697, "name": "Kaluga", "country": "Russia", "level": "admin1", "continent": "Europe", "metrics": {"solar_cf": 0.1195, "wind_cf": 0.2516, "solar_f_adj": 1.3969, "wind_f_adj": 1.4504, "mix_alpha": 0.2, "mix_f_adj": 1.3272, "solar_s_tot_pct": 36.3494, "wind_s_tot_pct": 17.5725, "mix_s_tot_pct": 8.1535, "solar_s_seasonal_pct": 36.038, "solar_s_diurnal_pct": 0.3114, "wind_s_seasonal_pct": 17.2373, "wind_s_diurnal_pct": 0.3352, "solar_flaute_days": 11.75, "wind_flaute_days": 9.75, "solar_gap30d_max": 0.8879, "wind_gap30d_max": 0.8111, "solar_trend_pct_decade": -0.5078, "wind_trend_pct_decade": -2.1735}, "colocation": {"k": [0, 17, 35, 50], "storage_pct_cons": [8.1535, 4.0675, 3.9011, 3.9011], "pick": ["base", "wind", "wind", "wind"]}, "datasets": {"gldas": {"series_norm": {"months": [1, 2, 3, 4, 5, 6, 7, 8, 9, 10, 11, 12], "demand": [1.0, 1.0, 1.0, 1.0, 1.0, 1.0, 1.0, 1.0, 1.0, 1.0, 1.0, 1.0], "solar_supply": [0.347108, 0.708567, 1.303357, 1.821435, 2.448807, 2.647649, 2.601491, 2.171073, 1.395304, 0.692541, 0.337301, 0.246942], "wind_supply": [1.912781, 1.716506, 1.664238, 1.430584, 1.245503, 1.149557, 0.891134, 0.98994, 1.196436, 1.584412, 1.734542, 1.902992], "mix_supply": [1.46622, 1.391218, 1.465972, 1.393365, 1.377084, 1.344629, 1.146678, 1.137225, 1.140986, 1.291472, 1.333876, 1.440021], "mix_storage": [0.072042, 0.071333, 0.071616, 0.075272, 0.075505, 0.076101, 0.072308, 0.065546, 0.062738, 0.062105, 0.065324, 0.067158], "mix_s_tot": 0.081535}}, "nldas": null}, "pdf": "figures/697.pdf"}