{"id": 698, "name": "Kostroma", "country": "Russia", "level": "admin1", "continent": "Europe", "metrics": {"solar_cf": 0.1162, "wind_cf": 0.2176, "solar_f_adj": 1.5051, "wind_f_adj": 1.3272, "mix_alpha": 0.2, "mix_f_adj": 1.2406, "solar_s_tot_pct": 38.3688, "wind_s_tot_pct": 19.8584, "mix_s_tot_pct": 9.3072, "solar_s_seasonal_pct": 37.7406, "solar_s_diurnal_pct": 0.6283, "wind_s_seasonal_pct": 19.2801, "wind_s_diurnal_pct": 0.5783, "solar_flaute_days": 26.875, "wind_flaute_days": 9.875, "solar_gap30d_max": 0.9285, "wind_gap30d_max": 0.8026, "solar_trend_pct_decade": 0.8, "wind_trend_pct_decade": -6.5316}, "colocation": {"k": [0, 17, 35, 50], "storage_pct_cons": [9.3072, 6.6651, 5.8098, 5.0158], "pick": ["base", "wind", "solar", "solar"]}, "datasets": {"gldas": {"series_norm": {"months": [1, 2, 3, 4, 5, 6, 7, 8, 9, 10, 11, 12], "demand": [1.0, 1.0, 1.0, 1.0, 1.0, 1.0, 1.0, 1.0, 1.0, 1.0, 1.0, 1.0], "solar_supply": [0.261655, 0.644741, 1.326416, 2.067524, 2.765158, 3.090605, 3.071753, 2.344864, 1.372948, 0.621531, 0.275595, 0.166856], "wind_supply": [1.700014, 1.535065, 1.531097, 1.232959, 1.210885, 1.026976, 0.728036, 0.860905, 1.206136, 1.506277, 1.730433, 1.672179], "mix_supply": [1.314425, 1.254227, 1.363636, 1.262858, 1.361359, 1.27748, 1.050821, 1.030353, 1.128297, 1.228872, 1.339471, 1.277982], "mix_storage": [0.068426, 0.067868, 0.067229, 0.070051, 0.075805, 0.081726, 0.076792, 0.06489, 0.058116, 0.059093, 0.065142, 0.066023], "mix_s_tot": 0.093072}}, "nldas": null}, "pdf": "figures/698.pdf"}