{"id": 699, "name": "Yaroslavl'", "country": "Russia", "level": "admin1", "continent": "Europe", "metrics": {"solar_cf": 0.1172, "wind_cf": 0.297, "solar_f_adj": 1.5074, "wind_f_adj": 1.2658, "mix_alpha": 0.2, "mix_f_adj": 1.2017, "solar_s_tot_pct": 38.7556, "wind_s_tot_pct": 18.7288, "mix_s_tot_pct": 7.1578, "solar_s_seasonal_pct": 38.2286, "solar_s_diurnal_pct": 0.527, "wind_s_seasonal_pct": 18.3159, "wind_s_diurnal_pct": 0.4129, "solar_flaute_days": 19.75, "wind_flaute_days": 9.5, "solar_gap30d_max": 0.9229, "wind_gap30d_max": 0.7912, "solar_trend_pct_decade": 0.0398, "wind_trend_pct_decade": -2.3477}, "colocation": {"k": [0, 17, 35, 50], "storage_pct_cons": [7.1578, 6.3209, 5.5143, 4.8501], "pick": ["base", "solar", "solar", "solar"]}, "datasets": {"gldas": {"series_norm": {"months": [1, 2, 3, 4, 5, 6, 7, 8, 9, 10, 11, 12], "demand": [1.0, 1.0, 1.0, 1.0, 1.0, 1.0, 1.0, 1.0, 1.0, 1.0, 1.0, 1.0], "solar_supply": [0.279677, 0.660827, 1.340592, 2.050318, 2.781921, 3.048288, 3.013557, 2.351926, 1.399467, 0.639365, 0.288957, 0.182511], "wind_supply": [1.601553, 1.467428, 1.347291, 1.15121, 1.103774, 0.963297, 0.789931, 0.902801, 1.18552, 1.440469, 1.626734, 1.623168], "mix_supply": [1.260957, 1.219863, 1.237003, 1.201242, 1.281864, 1.217644, 1.080437, 1.060668, 1.123527, 1.195965, 1.281561, 1.261881], "mix_storage": [0.055673, 0.056476, 0.054522, 0.055223, 0.058721, 0.061445, 0.05791, 0.048687, 0.044124, 0.044336, 0.05041, 0.050892], "mix_s_tot": 0.071578}}, "nldas": null}, "pdf": "figures/699.pdf"}