{"id": 7, "name": "Palestine", "country": "Palestine", "level": "admin0", "continent": "Asia", "metrics": {"solar_cf": 0.2189, "wind_cf": 0.2098, "solar_f_adj": 1.2571, "wind_f_adj": 2.1316, "mix_alpha": 0.6, "mix_f_adj": 1.4442, "solar_s_tot_pct": 20.8935, "wind_s_tot_pct": 22.5704, "mix_s_tot_pct": 14.7244, "solar_s_seasonal_pct": 20.0607, "solar_s_diurnal_pct": 0.8328, "wind_s_seasonal_pct": 22.7874, "wind_s_diurnal_pct": -0.217, "solar_flaute_days": 1.75, "wind_flaute_days": 9.75, "solar_gap30d_max": 0.6853, "wind_gap30d_max": 0.8525, "solar_trend_pct_decade": 0.9516, "wind_trend_pct_decade": 0.1202}, "colocation": {"k": [0, 17, 35, 50], "storage_pct_cons": [14.7244, 8.7712, 3.1185, 2.1159], "pick": ["base", "wind", "wind", "wind"]}, "datasets": {"gldas": {"series_norm": {"months": [1, 2, 3, 4, 5, 6, 7, 8, 9, 10, 11, 12], "demand": [1.0, 1.0, 1.0, 1.0, 1.0, 1.0, 1.0, 1.0, 1.0, 1.0, 1.0, 1.0], "solar_supply": [0.680592, 0.857014, 1.158075, 1.451052, 1.704297, 1.833852, 1.804676, 1.649647, 1.427265, 1.071921, 0.787975, 0.638917], "wind_supply": [2.488895, 2.463696, 2.527812, 2.30649, 2.369318, 2.170495, 2.140253, 1.970442, 1.802685, 1.489028, 1.768141, 2.09567], "mix_supply": [1.143604, 1.258375, 1.48326, 1.625219, 1.816797, 1.852212, 1.823907, 1.671032, 1.47229, 1.142364, 1.022292, 1.008313], "mix_storage": [0.097144, 0.095145, 0.100056, 0.110314, 0.123243, 0.135492, 0.141212, 0.144018, 0.144516, 0.139362, 0.125575, 0.107607], "mix_s_tot": 0.147244}}, "nldas": null}, "pdf": "figures/7.pdf"}