{"id": 70, "name": "Zambia", "country": "Zambia", "level": "admin0", "continent": "Africa", "metrics": {"solar_cf": 0.2484, "wind_cf": 0.0921, "solar_f_adj": 1.2516, "wind_f_adj": 1.7157, "mix_alpha": 1.0, "mix_f_adj": 1.2516, "solar_s_tot_pct": 9.0114, "wind_s_tot_pct": 43.5024, "mix_s_tot_pct": 9.0114, "solar_s_seasonal_pct": 6.528, "solar_s_diurnal_pct": 2.4834, "wind_s_seasonal_pct": 42.5603, "wind_s_diurnal_pct": 0.942, "solar_flaute_days": 0.625, "wind_flaute_days": 18.0, "solar_gap30d_max": 0.5962, "wind_gap30d_max": 0.9805, "solar_trend_pct_decade": 3.4072, "wind_trend_pct_decade": -13.923}, "colocation": {"k": [0, 17, 35, 50], "storage_pct_cons": [9.0114, 4.679, 3.2617, 2.2243], "pick": ["base", "wind", "wind", "wind"]}, "datasets": {"gldas": {"series_norm": {"months": [1, 2, 3, 4, 5, 6, 7, 8, 9, 10, 11, 12], "demand": [1.0, 1.0, 1.0, 1.0, 1.0, 1.0, 1.0, 1.0, 1.0, 1.0, 1.0, 1.0], "solar_supply": [1.137202, 1.191693, 1.208664, 1.23719, 1.19534, 1.127987, 1.174827, 1.33317, 1.464636, 1.473033, 1.300887, 1.173024], "wind_supply": [0.386911, 0.322043, 0.521385, 1.319534, 1.67864, 2.369844, 2.875766, 3.195463, 3.366566, 2.844103, 1.194337, 0.434285], "mix_supply": [1.137202, 1.191693, 1.208664, 1.23719, 1.19534, 1.127987, 1.174827, 1.33317, 1.464636, 1.473033, 1.300887, 1.173024], "mix_storage": [0.060068, 0.053869, 0.049716, 0.048126, 0.047324, 0.040898, 0.033488, 0.034856, 0.048317, 0.06359, 0.070336, 0.067646], "mix_s_tot": 0.090114}}, "nldas": null}, "pdf": "figures/70.pdf"}