{"id": 700, "name": "Vladimir", "country": "Russia", "level": "admin1", "continent": "Europe", "metrics": {"solar_cf": 0.1208, "wind_cf": 0.2521, "solar_f_adj": 1.4485, "wind_f_adj": 1.3001, "mix_alpha": 0.3, "mix_f_adj": 1.2022, "solar_s_tot_pct": 36.8862, "wind_s_tot_pct": 20.8106, "mix_s_tot_pct": 10.9724, "solar_s_seasonal_pct": 36.3104, "solar_s_diurnal_pct": 0.5759, "wind_s_seasonal_pct": 20.299, "wind_s_diurnal_pct": 0.5116, "solar_flaute_days": 15.875, "wind_flaute_days": 9.125, "solar_gap30d_max": 0.91, "wind_gap30d_max": 0.7782, "solar_trend_pct_decade": -0.2143, "wind_trend_pct_decade": -3.133}, "colocation": {"k": [0, 17, 35, 50], "storage_pct_cons": [10.9724, 5.1435, 4.623, 4.623], "pick": ["base", "wind", "wind", "wind"]}, "datasets": {"gldas": {"series_norm": {"months": [1, 2, 3, 4, 5, 6, 7, 8, 9, 10, 11, 12], "demand": [1.0, 1.0, 1.0, 1.0, 1.0, 1.0, 1.0, 1.0, 1.0, 1.0, 1.0, 1.0], "solar_supply": [0.314195, 0.677845, 1.30729, 1.922816, 2.602277, 2.812103, 2.829479, 2.264305, 1.400928, 0.66666, 0.320537, 0.216098], "wind_supply": [1.677732, 1.538686, 1.468687, 1.289675, 1.165438, 0.98925, 0.806152, 0.859964, 1.118339, 1.444796, 1.617029, 1.641335], "mix_supply": [1.164148, 1.164693, 1.27611, 1.313501, 1.402265, 1.34047, 1.226286, 1.120395, 1.072661, 1.101138, 1.126437, 1.116165], "mix_storage": [0.071119, 0.069905, 0.069994, 0.077244, 0.086057, 0.093856, 0.095777, 0.092577, 0.087395, 0.081715, 0.077744, 0.070705], "mix_s_tot": 0.109724}}, "nldas": null}, "pdf": "figures/700.pdf"}