{"id": 701, "name": "Ryazan'", "country": "Russia", "level": "admin1", "continent": "Europe", "metrics": {"solar_cf": 0.1228, "wind_cf": 0.2835, "solar_f_adj": 1.3911, "wind_f_adj": 1.442, "mix_alpha": 0.35, "mix_f_adj": 1.2689, "solar_s_tot_pct": 36.4544, "wind_s_tot_pct": 22.2394, "mix_s_tot_pct": 10.0471, "solar_s_seasonal_pct": 35.589, "solar_s_diurnal_pct": 0.8654, "wind_s_seasonal_pct": 21.8665, "wind_s_diurnal_pct": 0.3729, "solar_flaute_days": 6.875, "wind_flaute_days": 11.875, "solar_gap30d_max": 0.8828, "wind_gap30d_max": 0.7987, "solar_trend_pct_decade": -0.3323, "wind_trend_pct_decade": 10.0768}, "colocation": {"k": [0, 17, 35, 50], "storage_pct_cons": [10.0471, 4.8571, 3.8617, 3.8617], "pick": ["base", "wind", "wind", "wind"]}, "datasets": {"gldas": {"series_norm": {"months": [1, 2, 3, 4, 5, 6, 7, 8, 9, 10, 11, 12], "demand": [1.0, 1.0, 1.0, 1.0, 1.0, 1.0, 1.0, 1.0, 1.0, 1.0, 1.0, 1.0], "solar_supply": [0.344732, 0.708447, 1.311303, 1.803253, 2.443922, 2.608144, 2.628262, 2.17049, 1.36137, 0.686595, 0.340617, 0.242705], "wind_supply": [1.890185, 1.77406, 1.674817, 1.432361, 1.232767, 1.082961, 0.873536, 0.942266, 1.177607, 1.591716, 1.78068, 1.870717], "mix_supply": [1.191175, 1.24087, 1.376565, 1.394942, 1.485312, 1.452055, 1.338694, 1.231864, 1.108162, 1.129599, 1.127228, 1.147468], "mix_storage": [0.068655, 0.070535, 0.076103, 0.084105, 0.089224, 0.093889, 0.09474, 0.09262, 0.087916, 0.080196, 0.074245, 0.068172], "mix_s_tot": 0.100471}}, "nldas": null}, "pdf": "figures/701.pdf"}