{"id": 702, "name": "Ivanovo", "country": "Russia", "level": "admin1", "continent": "Europe", "metrics": {"solar_cf": 0.1192, "wind_cf": 0.2815, "solar_f_adj": 1.4642, "wind_f_adj": 1.2887, "mix_alpha": 0.25, "mix_f_adj": 1.204, "solar_s_tot_pct": 37.8101, "wind_s_tot_pct": 18.3889, "mix_s_tot_pct": 9.0978, "solar_s_seasonal_pct": 37.1954, "solar_s_diurnal_pct": 0.6147, "wind_s_seasonal_pct": 18.0138, "wind_s_diurnal_pct": 0.3751, "solar_flaute_days": 21.875, "wind_flaute_days": 9.625, "solar_gap30d_max": 0.9197, "wind_gap30d_max": 0.7713, "solar_trend_pct_decade": 0.5156, "wind_trend_pct_decade": -4.4916}, "colocation": {"k": [0, 17, 35, 50], "storage_pct_cons": [9.0978, 5.9454, 5.032, 4.452], "pick": ["base", "wind", "solar", "solar"]}, "datasets": {"gldas": {"series_norm": {"months": [1, 2, 3, 4, 5, 6, 7, 8, 9, 10, 11, 12], "demand": [1.0, 1.0, 1.0, 1.0, 1.0, 1.0, 1.0, 1.0, 1.0, 1.0, 1.0, 1.0], "solar_supply": [0.294235, 0.661757, 1.318503, 1.968408, 2.651295, 2.914548, 2.914673, 2.279759, 1.384775, 0.642842, 0.298378, 0.192386], "wind_supply": [1.681336, 1.536701, 1.457209, 1.244422, 1.142714, 0.951744, 0.763696, 0.84888, 1.131595, 1.437734, 1.635494, 1.648525], "mix_supply": [1.238645, 1.212849, 1.292159, 1.276659, 1.345775, 1.266076, 1.134332, 1.063499, 1.077617, 1.139613, 1.207374, 1.194715], "mix_storage": [0.062756, 0.063481, 0.063289, 0.066164, 0.072449, 0.077515, 0.075796, 0.068566, 0.062086, 0.058653, 0.060407, 0.059143], "mix_s_tot": 0.090978}}, "nldas": null}, "pdf": "figures/702.pdf"}