{"id": 703, "name": "Nizhegorod", "country": "Russia", "level": "admin1", "continent": "Europe", "metrics": {"solar_cf": 0.122, "wind_cf": 0.2476, "solar_f_adj": 1.4393, "wind_f_adj": 1.381, "mix_alpha": 0.25, "mix_f_adj": 1.2597, "solar_s_tot_pct": 36.4824, "wind_s_tot_pct": 20.1541, "mix_s_tot_pct": 9.3174, "solar_s_seasonal_pct": 35.8384, "solar_s_diurnal_pct": 0.644, "wind_s_seasonal_pct": 19.665, "wind_s_diurnal_pct": 0.4891, "solar_flaute_days": 10.875, "wind_flaute_days": 10.25, "solar_gap30d_max": 0.9065, "wind_gap30d_max": 0.7782, "solar_trend_pct_decade": 0.7397, "wind_trend_pct_decade": 2.1886}, "colocation": {"k": [0, 17, 35, 50], "storage_pct_cons": [9.3174, 4.963, 4.5652, 4.1142], "pick": ["base", "wind", "solar", "solar"]}, "datasets": {"gldas": {"series_norm": {"months": [1, 2, 3, 4, 5, 6, 7, 8, 9, 10, 11, 12], "demand": [1.0, 1.0, 1.0, 1.0, 1.0, 1.0, 1.0, 1.0, 1.0, 1.0, 1.0, 1.0], "solar_supply": [0.310153, 0.678367, 1.318063, 1.922935, 2.568907, 2.822024, 2.841166, 2.235162, 1.355629, 0.650836, 0.308586, 0.212863], "wind_supply": [1.782434, 1.635445, 1.605096, 1.388725, 1.217375, 1.024856, 0.791719, 0.884117, 1.174666, 1.564162, 1.785654, 1.736229], "mix_supply": [1.287178, 1.267191, 1.386394, 1.370724, 1.394845, 1.318529, 1.163235, 1.093849, 1.100167, 1.212405, 1.289038, 1.234284], "mix_storage": [0.069558, 0.071122, 0.072899, 0.078238, 0.080896, 0.084714, 0.081416, 0.074678, 0.068802, 0.067599, 0.069159, 0.067454], "mix_s_tot": 0.093174}}, "nldas": null}, "pdf": "figures/703.pdf"}