{"id": 704, "name": "Tula", "country": "Russia", "level": "admin1", "continent": "Europe", "metrics": {"solar_cf": 0.1226, "wind_cf": 0.2895, "solar_f_adj": 1.3736, "wind_f_adj": 1.5404, "mix_alpha": 0.3, "mix_f_adj": 1.3368, "solar_s_tot_pct": 36.2665, "wind_s_tot_pct": 21.4762, "mix_s_tot_pct": 9.1991, "solar_s_seasonal_pct": 35.3351, "solar_s_diurnal_pct": 0.9313, "wind_s_seasonal_pct": 21.1197, "wind_s_diurnal_pct": 0.3565, "solar_flaute_days": 7.875, "wind_flaute_days": 25.375, "solar_gap30d_max": 0.8805, "wind_gap30d_max": 0.8813, "solar_trend_pct_decade": -0.0145, "wind_trend_pct_decade": 16.9426}, "colocation": {"k": [0, 17, 35, 50], "storage_pct_cons": [9.1991, 4.6711, 3.654, 3.654], "pick": ["base", "wind", "wind", "wind"]}, "datasets": {"gldas": {"series_norm": {"months": [1, 2, 3, 4, 5, 6, 7, 8, 9, 10, 11, 12], "demand": [1.0, 1.0, 1.0, 1.0, 1.0, 1.0, 1.0, 1.0, 1.0, 1.0, 1.0, 1.0], "solar_supply": [0.356993, 0.7276, 1.317877, 1.778401, 2.391365, 2.550433, 2.534258, 2.137408, 1.359971, 0.687267, 0.349636, 0.251798], "wind_supply": [2.061199, 1.897628, 1.772914, 1.485132, 1.280232, 1.17465, 0.929701, 1.013237, 1.266942, 1.679207, 1.867955, 2.075818], "mix_supply": [1.356341, 1.365177, 1.461753, 1.421387, 1.475876, 1.458179, 1.304658, 1.23954, 1.16668, 1.220718, 1.236803, 1.334509], "mix_storage": [0.070445, 0.074297, 0.077202, 0.082158, 0.083999, 0.08651, 0.085004, 0.080814, 0.075657, 0.067153, 0.063946, 0.064103], "mix_s_tot": 0.091991}}, "nldas": null}, "pdf": "figures/704.pdf"}