{"id": 705, "name": "Chuvash", "country": "Russia", "level": "admin1", "continent": "Europe", "metrics": {"solar_cf": 0.1246, "wind_cf": 0.2602, "solar_f_adj": 1.3899, "wind_f_adj": 1.556, "mix_alpha": 0.25, "mix_f_adj": 1.3735, "solar_s_tot_pct": 36.2056, "wind_s_tot_pct": 22.0077, "mix_s_tot_pct": 8.3911, "solar_s_seasonal_pct": 35.4734, "solar_s_diurnal_pct": 0.7322, "wind_s_seasonal_pct": 21.5038, "wind_s_diurnal_pct": 0.5038, "solar_flaute_days": 7.875, "wind_flaute_days": 10.75, "solar_gap30d_max": 0.894, "wind_gap30d_max": 0.8446, "solar_trend_pct_decade": 0.857, "wind_trend_pct_decade": 11.6806}, "colocation": {"k": [0, 17, 35, 50], "storage_pct_cons": [8.3911, 5.0663, 4.2219, 3.7735], "pick": ["base", "solar", "solar", "solar"]}, "datasets": {"gldas": {"series_norm": {"months": [1, 2, 3, 4, 5, 6, 7, 8, 9, 10, 11, 12], "demand": [1.0, 1.0, 1.0, 1.0, 1.0, 1.0, 1.0, 1.0, 1.0, 1.0, 1.0, 1.0], "solar_supply": [0.314159, 0.678123, 1.281679, 1.858148, 2.445987, 2.694624, 2.714088, 2.14907, 1.312934, 0.65179, 0.311938, 0.223044], "wind_supply": [2.051073, 1.878604, 1.82053, 1.568606, 1.340984, 1.130836, 0.898784, 0.989449, 1.246917, 1.750181, 2.028228, 1.988124], "mix_supply": [1.435511, 1.411243, 1.5219, 1.497528, 1.492053, 1.41435, 1.26553, 1.185971, 1.149865, 1.319716, 1.419838, 1.371326], "mix_storage": [0.067314, 0.06986, 0.071239, 0.074976, 0.077489, 0.078811, 0.07626, 0.071231, 0.064514, 0.060586, 0.061169, 0.061767], "mix_s_tot": 0.083911}}, "nldas": null}, "pdf": "figures/705.pdf"}