{"id": 706, "name": "Vologda", "country": "Russia", "level": "admin1", "continent": "Europe", "metrics": {"solar_cf": 0.1134, "wind_cf": 0.214, "solar_f_adj": 1.4193, "wind_f_adj": 1.3716, "mix_alpha": 0.2, "mix_f_adj": 1.2816, "solar_s_tot_pct": 41.6758, "wind_s_tot_pct": 16.5334, "mix_s_tot_pct": 8.6943, "solar_s_seasonal_pct": 40.3792, "solar_s_diurnal_pct": 1.2966, "wind_s_seasonal_pct": 15.9694, "wind_s_diurnal_pct": 0.5641, "solar_flaute_days": 55.875, "wind_flaute_days": 8.75, "solar_gap30d_max": 0.9383, "wind_gap30d_max": 0.7838, "solar_trend_pct_decade": 1.3718, "wind_trend_pct_decade": -3.8863}, "colocation": {"k": [0, 17, 35, 50], "storage_pct_cons": [8.6943, 5.9035, 5.2357, 4.752], "pick": ["base", "solar", "solar", "solar"]}, "datasets": {"gldas": {"series_norm": {"months": [1, 2, 3, 4, 5, 6, 7, 8, 9, 10, 11, 12], "demand": [1.0, 1.0, 1.0, 1.0, 1.0, 1.0, 1.0, 1.0, 1.0, 1.0, 1.0, 1.0], "solar_supply": [0.204415, 0.566722, 1.240773, 1.997009, 2.701655, 2.961386, 2.915721, 2.204967, 1.270584, 0.564817, 0.230929, 0.122381], "wind_supply": [1.695708, 1.565488, 1.522535, 1.189106, 1.263323, 1.071669, 0.808802, 0.944878, 1.290473, 1.562242, 1.778604, 1.779034], "mix_supply": [1.304456, 1.272547, 1.362168, 1.249501, 1.432232, 1.335877, 1.131137, 1.104497, 1.194086, 1.269776, 1.371209, 1.351928], "mix_storage": [0.072089, 0.068879, 0.067222, 0.069521, 0.074774, 0.080316, 0.077854, 0.07055, 0.066944, 0.068934, 0.073201, 0.072666], "mix_s_tot": 0.086943}}, "nldas": null}, "pdf": "figures/706.pdf"}