{"id": 707, "name": "Novgorod", "country": "Russia", "level": "admin1", "continent": "Europe", "metrics": {"solar_cf": 0.1135, "wind_cf": 0.2413, "solar_f_adj": 1.5035, "wind_f_adj": 1.3981, "mix_alpha": 0.25, "mix_f_adj": 1.2819, "solar_s_tot_pct": 39.2166, "wind_s_tot_pct": 21.9302, "mix_s_tot_pct": 8.0977, "solar_s_seasonal_pct": 38.5879, "solar_s_diurnal_pct": 0.6288, "wind_s_seasonal_pct": 21.4711, "wind_s_diurnal_pct": 0.459, "solar_flaute_days": 22.875, "wind_flaute_days": 10.25, "solar_gap30d_max": 0.9292, "wind_gap30d_max": 0.7944, "solar_trend_pct_decade": -0.719, "wind_trend_pct_decade": -10.0887}, "colocation": {"k": [0, 17, 35, 50], "storage_pct_cons": [8.0977, 6.1541, 5.6308, 4.7245], "pick": ["base", "wind", "solar", "solar"]}, "datasets": {"gldas": {"series_norm": {"months": [1, 2, 3, 4, 5, 6, 7, 8, 9, 10, 11, 12], "demand": [1.0, 1.0, 1.0, 1.0, 1.0, 1.0, 1.0, 1.0, 1.0, 1.0, 1.0, 1.0], "solar_supply": [0.259772, 0.627229, 1.316049, 2.062063, 2.813177, 3.051917, 2.975249, 2.358729, 1.441853, 0.647089, 0.273682, 0.163817], "wind_supply": [1.810548, 1.620665, 1.497204, 1.279127, 1.181569, 1.076773, 0.851629, 1.026586, 1.263897, 1.54555, 1.761357, 1.875442], "mix_supply": [1.300378, 1.248127, 1.310045, 1.319093, 1.412101, 1.390924, 1.219764, 1.208666, 1.176427, 1.200707, 1.269517, 1.32455], "mix_storage": [0.063815, 0.061287, 0.05973, 0.06549, 0.071268, 0.075079, 0.073961, 0.070644, 0.065734, 0.062433, 0.061901, 0.061515], "mix_s_tot": 0.080977}}, "nldas": null}, "pdf": "figures/707.pdf"}