{"id": 708, "name": "Tver'", "country": "Russia", "level": "admin1", "continent": "Europe", "metrics": {"solar_cf": 0.1175, "wind_cf": 0.2472, "solar_f_adj": 1.4451, "wind_f_adj": 1.365, "mix_alpha": 0.25, "mix_f_adj": 1.2593, "solar_s_tot_pct": 37.948, "wind_s_tot_pct": 21.0874, "mix_s_tot_pct": 9.3349, "solar_s_seasonal_pct": 37.281, "solar_s_diurnal_pct": 0.667, "wind_s_seasonal_pct": 20.4967, "wind_s_diurnal_pct": 0.5907, "solar_flaute_days": 33.0, "wind_flaute_days": 10.75, "solar_gap30d_max": 0.9177, "wind_gap30d_max": 0.7763, "solar_trend_pct_decade": 0.1249, "wind_trend_pct_decade": -10.3633}, "colocation": {"k": [0, 17, 35, 50], "storage_pct_cons": [9.3349, 6.3287, 5.4814, 4.9457], "pick": ["base", "wind", "solar", "solar"]}, "datasets": {"gldas": {"series_norm": {"months": [1, 2, 3, 4, 5, 6, 7, 8, 9, 10, 11, 12], "demand": [1.0, 1.0, 1.0, 1.0, 1.0, 1.0, 1.0, 1.0, 1.0, 1.0, 1.0, 1.0], "solar_supply": [0.291157, 0.653153, 1.302777, 1.966221, 2.630795, 2.855479, 2.803349, 2.251168, 1.398124, 0.651004, 0.298331, 0.192364], "wind_supply": [1.779706, 1.60334, 1.491818, 1.281788, 1.188774, 1.045581, 0.829432, 0.981284, 1.186123, 1.506833, 1.705498, 1.793403], "mix_supply": [1.294866, 1.2517, 1.316065, 1.315281, 1.395709, 1.345581, 1.184663, 1.169433, 1.125319, 1.184455, 1.245083, 1.28282], "mix_storage": [0.075161, 0.073064, 0.072038, 0.077118, 0.081504, 0.084813, 0.083456, 0.079351, 0.075299, 0.072511, 0.073061, 0.071587], "mix_s_tot": 0.093349}}, "nldas": null}, "pdf": "figures/708.pdf"}