{"id": 709, "name": "Moskovskaya", "country": "Russia", "level": "admin1", "continent": "Europe", "metrics": {"solar_cf": 0.1209, "wind_cf": 0.2567, "solar_f_adj": 1.4552, "wind_f_adj": 1.4067, "mix_alpha": 0.25, "mix_f_adj": 1.2862, "solar_s_tot_pct": 36.4425, "wind_s_tot_pct": 16.4916, "mix_s_tot_pct": 7.7076, "solar_s_seasonal_pct": 36.0175, "solar_s_diurnal_pct": 0.425, "wind_s_seasonal_pct": 16.0772, "wind_s_diurnal_pct": 0.4143, "solar_flaute_days": 23.875, "wind_flaute_days": 10.5, "solar_gap30d_max": 0.9101, "wind_gap30d_max": 0.7912, "solar_trend_pct_decade": -0.3407, "wind_trend_pct_decade": -0.095}, "colocation": {"k": [0, 17, 35, 50], "storage_pct_cons": [7.7076, 4.7016, 4.3805, 4.3805], "pick": ["base", "wind", "wind", "wind"]}, "datasets": {"gldas": {"series_norm": {"months": [1, 2, 3, 4, 5, 6, 7, 8, 9, 10, 11, 12], "demand": [1.0, 1.0, 1.0, 1.0, 1.0, 1.0, 1.0, 1.0, 1.0, 1.0, 1.0, 1.0], "solar_supply": [0.327203, 0.694741, 1.33143, 1.933134, 2.596831, 2.817391, 2.790185, 2.270907, 1.416129, 0.681558, 0.331624, 0.225585], "wind_supply": [1.84367, 1.694319, 1.589182, 1.388751, 1.236676, 1.070821, 0.844364, 0.924185, 1.174028, 1.556033, 1.740708, 1.835694], "mix_supply": [1.336537, 1.315335, 1.383922, 1.379434, 1.421802, 1.356807, 1.19551, 1.135506, 1.117958, 1.217596, 1.266911, 1.308615], "mix_storage": [0.062083, 0.062978, 0.062995, 0.067597, 0.069432, 0.071765, 0.068969, 0.063202, 0.059845, 0.056943, 0.058234, 0.057857], "mix_s_tot": 0.077076}}, "nldas": null}, "pdf": "figures/709.pdf"}