{"id": 71, "name": "Sierra Leone", "country": "Sierra Leone", "level": "admin0", "continent": "Africa", "metrics": {"solar_cf": 0.2175, "wind_cf": 0.0173, "solar_f_adj": 1.2917, "wind_f_adj": 2.3138, "mix_alpha": 0.95, "mix_f_adj": 1.2915, "solar_s_tot_pct": 9.7143, "wind_s_tot_pct": 42.2263, "mix_s_tot_pct": 8.732, "solar_s_seasonal_pct": 7.6083, "solar_s_diurnal_pct": 2.106, "wind_s_seasonal_pct": 41.4687, "wind_s_diurnal_pct": 0.7576, "solar_flaute_days": 1.625, "wind_flaute_days": 70.75, "solar_gap30d_max": 0.6301, "wind_gap30d_max": 1.0, "solar_trend_pct_decade": 4.0867, "wind_trend_pct_decade": -16.3221}, "colocation": {"k": [0, 17, 35, 50], "storage_pct_cons": [8.732, 3.4336, 1.6322, 0.9564], "pick": ["base", "wind", "wind", "wind"]}, "datasets": {"gldas": {"series_norm": {"months": [1, 2, 3, 4, 5, 6, 7, 8, 9, 10, 11, 12], "demand": [1.0, 1.0, 1.0, 1.0, 1.0, 1.0, 1.0, 1.0, 1.0, 1.0, 1.0, 1.0], "solar_supply": [1.391704, 1.496713, 1.53231, 1.48181, 1.310257, 1.187455, 1.085383, 1.04776, 1.161692, 1.251181, 1.2599, 1.309877], "wind_supply": [1.911069, 3.107113, 4.778747, 4.486469, 2.304312, 1.868167, 2.967309, 3.658478, 1.545672, 0.255206, 0.106091, 0.80593], "mix_supply": [1.375204, 1.508322, 1.588785, 1.532662, 1.308818, 1.180006, 1.113731, 1.097285, 1.146535, 1.19552, 1.19964, 1.26664], "mix_storage": [0.053925, 0.065355, 0.077032, 0.083963, 0.084272, 0.080876, 0.073081, 0.060963, 0.051753, 0.047643, 0.044969, 0.043922], "mix_s_tot": 0.08732}}, "nldas": null}, "pdf": "figures/71.pdf"}