{"id": 710, "name": "Moskva", "country": "Russia", "level": "admin1", "continent": "Europe", "metrics": {"solar_cf": 0.1216, "wind_cf": 0.2401, "solar_f_adj": 1.4926, "wind_f_adj": 1.4516, "mix_alpha": 0.15, "mix_f_adj": 1.3585, "solar_s_tot_pct": 37.2073, "wind_s_tot_pct": 14.4047, "mix_s_tot_pct": 8.5794, "solar_s_seasonal_pct": 36.7386, "solar_s_diurnal_pct": 0.4687, "wind_s_seasonal_pct": 13.6629, "wind_s_diurnal_pct": 0.7419, "solar_flaute_days": 23.875, "wind_flaute_days": 10.0, "solar_gap30d_max": 0.9171, "wind_gap30d_max": 0.7782, "solar_trend_pct_decade": 0.033, "wind_trend_pct_decade": 2.4833}, "colocation": {"k": [0, 17, 35, 50], "storage_pct_cons": [8.5794, 5.0251, 4.7138, 4.4059], "pick": ["base", "solar", "solar", "solar"]}, "datasets": {"gldas": {"series_norm": {"months": [1, 2, 3, 4, 5, 6, 7, 8, 9, 10, 11, 12], "demand": [1.0, 1.0, 1.0, 1.0, 1.0, 1.0, 1.0, 1.0, 1.0, 1.0, 1.0, 1.0], "solar_supply": [0.333775, 0.707043, 1.356031, 1.986662, 2.660456, 2.901988, 2.857135, 2.332878, 1.460741, 0.698402, 0.340028, 0.229244], "wind_supply": [1.819146, 1.667148, 1.600183, 1.429691, 1.336145, 1.181803, 0.940929, 1.028968, 1.258883, 1.612904, 1.75112, 1.805745], "mix_supply": [1.492621, 1.422672, 1.458004, 1.408479, 1.426053, 1.336254, 1.138526, 1.136986, 1.200809, 1.378343, 1.439363, 1.467691], "mix_storage": [0.075299, 0.074283, 0.072804, 0.075922, 0.076006, 0.077887, 0.073113, 0.064852, 0.063824, 0.064978, 0.069113, 0.070435], "mix_s_tot": 0.085794}}, "nldas": null}, "pdf": "figures/710.pdf"}