{"id": 711, "name": "Mariy-El", "country": "Russia", "level": "admin1", "continent": "Europe", "metrics": {"solar_cf": 0.1224, "wind_cf": 0.2178, "solar_f_adj": 1.4477, "wind_f_adj": 1.6485, "mix_alpha": 0.2, "mix_f_adj": 1.4635, "solar_s_tot_pct": 37.1426, "wind_s_tot_pct": 16.2762, "mix_s_tot_pct": 8.2473, "solar_s_seasonal_pct": 36.6439, "solar_s_diurnal_pct": 0.4987, "wind_s_seasonal_pct": 15.3242, "wind_s_diurnal_pct": 0.952, "solar_flaute_days": 9.875, "wind_flaute_days": 8.625, "solar_gap30d_max": 0.9067, "wind_gap30d_max": 0.8341, "solar_trend_pct_decade": 0.9834, "wind_trend_pct_decade": 12.1043}, "colocation": {"k": [0, 17, 35, 50], "storage_pct_cons": [8.2473, 5.4911, 4.2423, 3.5983], "pick": ["base", "solar", "solar", "solar"]}, "datasets": {"gldas": {"series_norm": {"months": [1, 2, 3, 4, 5, 6, 7, 8, 9, 10, 11, 12], "demand": [1.0, 1.0, 1.0, 1.0, 1.0, 1.0, 1.0, 1.0, 1.0, 1.0, 1.0, 1.0], "solar_supply": [0.300478, 0.672046, 1.306911, 1.969251, 2.592086, 2.861438, 2.867547, 2.252046, 1.352799, 0.642273, 0.303886, 0.204552], "wind_supply": [2.061214, 1.851406, 1.924499, 1.658699, 1.512398, 1.317969, 0.950397, 1.112172, 1.41927, 1.882085, 2.118048, 1.989161], "mix_supply": [1.524735, 1.450847, 1.631126, 1.576262, 1.598283, 1.514652, 1.254818, 1.245269, 1.281565, 1.466617, 1.56579, 1.454164], "mix_storage": [0.069784, 0.068711, 0.07021, 0.074106, 0.077091, 0.07934, 0.076143, 0.072149, 0.070072, 0.069353, 0.070062, 0.068329], "mix_s_tot": 0.082473}}, "nldas": null}, "pdf": "figures/711.pdf"}