{"id": 712, "name": "Kirov", "country": "Russia", "level": "admin1", "continent": "Europe", "metrics": {"solar_cf": 0.1164, "wind_cf": 0.2099, "solar_f_adj": 1.4438, "wind_f_adj": 1.5429, "mix_alpha": 0.2, "mix_f_adj": 1.3801, "solar_s_tot_pct": 38.9076, "wind_s_tot_pct": 19.5211, "mix_s_tot_pct": 9.3743, "solar_s_seasonal_pct": 37.7532, "solar_s_diurnal_pct": 1.1544, "wind_s_seasonal_pct": 18.4908, "wind_s_diurnal_pct": 1.0304, "solar_flaute_days": 16.875, "wind_flaute_days": 10.0, "solar_gap30d_max": 0.9234, "wind_gap30d_max": 0.8099, "solar_trend_pct_decade": 1.2339, "wind_trend_pct_decade": 5.1381}, "colocation": {"k": [0, 17, 35, 50], "storage_pct_cons": [9.3743, 5.5115, 5.2566, 5.2566], "pick": ["base", "wind", "wind", "wind"]}, "datasets": {"gldas": {"series_norm": {"months": [1, 2, 3, 4, 5, 6, 7, 8, 9, 10, 11, 12], "demand": [1.0, 1.0, 1.0, 1.0, 1.0, 1.0, 1.0, 1.0, 1.0, 1.0, 1.0, 1.0], "solar_supply": [0.248875, 0.627153, 1.26735, 1.992836, 2.631322, 2.958894, 2.977648, 2.247076, 1.300476, 0.597939, 0.267382, 0.159414], "wind_supply": [1.963519, 1.739937, 1.839003, 1.458728, 1.429627, 1.233173, 0.846963, 1.007855, 1.391294, 1.791407, 1.965484, 1.861322], "mix_supply": [1.452652, 1.364977, 1.55826, 1.424837, 1.526078, 1.448123, 1.17534, 1.150803, 1.244218, 1.396224, 1.457595, 1.362417], "mix_storage": [0.078744, 0.076776, 0.077408, 0.081796, 0.085149, 0.088952, 0.086092, 0.079478, 0.076491, 0.076525, 0.078828, 0.077366], "mix_s_tot": 0.093743}}, "nldas": null}, "pdf": "figures/712.pdf"}