{"id": 713, "name": "Udmurt", "country": "Russia", "level": "admin1", "continent": "Europe", "metrics": {"solar_cf": 0.1196, "wind_cf": 0.2209, "solar_f_adj": 1.4539, "wind_f_adj": 1.5876, "mix_alpha": 0.15, "mix_f_adj": 1.4535, "solar_s_tot_pct": 37.0304, "wind_s_tot_pct": 17.8886, "mix_s_tot_pct": 9.4602, "solar_s_seasonal_pct": 36.2312, "solar_s_diurnal_pct": 0.7992, "wind_s_seasonal_pct": 17.0327, "wind_s_diurnal_pct": 0.8559, "solar_flaute_days": 8.875, "wind_flaute_days": 11.0, "solar_gap30d_max": 0.9083, "wind_gap30d_max": 0.8387, "solar_trend_pct_decade": 0.8903, "wind_trend_pct_decade": 12.4126}, "colocation": {"k": [0, 17, 35, 50], "storage_pct_cons": [9.4602, 6.273, 5.2415, 4.515], "pick": ["base", "wind", "solar", "solar"]}, "datasets": {"gldas": {"series_norm": {"months": [1, 2, 3, 4, 5, 6, 7, 8, 9, 10, 11, 12], "demand": [1.0, 1.0, 1.0, 1.0, 1.0, 1.0, 1.0, 1.0, 1.0, 1.0, 1.0, 1.0], "solar_supply": [0.289877, 0.673311, 1.297601, 1.966141, 2.608503, 2.912176, 2.919858, 2.25404, 1.344726, 0.630616, 0.304091, 0.199456], "wind_supply": [1.944565, 1.738156, 1.881542, 1.562066, 1.519574, 1.311314, 0.983721, 1.113563, 1.401827, 1.82775, 1.973327, 1.803523], "mix_supply": [1.556822, 1.453685, 1.658893, 1.510517, 1.573777, 1.457238, 1.203441, 1.204644, 1.292624, 1.517008, 1.581337, 1.433497], "mix_storage": [0.078309, 0.077058, 0.078694, 0.082656, 0.085386, 0.088149, 0.083945, 0.077932, 0.074549, 0.074776, 0.077023, 0.07501], "mix_s_tot": 0.094602}}, "nldas": null}, "pdf": "figures/713.pdf"}