{"id": 714, "name": "Komi", "country": "Russia", "level": "admin1", "continent": "Europe", "metrics": {"solar_cf": 0.1039, "wind_cf": 0.2366, "solar_f_adj": 1.4433, "wind_f_adj": 1.3992, "mix_alpha": 0.1, "mix_f_adj": 1.3321, "solar_s_tot_pct": 45.6756, "wind_s_tot_pct": 14.1352, "mix_s_tot_pct": 10.6036, "solar_s_seasonal_pct": 44.3547, "solar_s_diurnal_pct": 1.3209, "wind_s_seasonal_pct": 13.505, "wind_s_diurnal_pct": 0.6302, "solar_flaute_days": 75.875, "wind_flaute_days": 9.75, "solar_gap30d_max": 0.9769, "wind_gap30d_max": 0.6855, "solar_trend_pct_decade": 2.9974, "wind_trend_pct_decade": 0.4502}, "colocation": {"k": [0, 17, 35, 50], "storage_pct_cons": [10.6036, 7.0528, 7.0046, 6.6655], "pick": ["base", "wind", "solar", "solar"]}, "datasets": {"gldas": {"series_norm": {"months": [1, 2, 3, 4, 5, 6, 7, 8, 9, 10, 11, 12], "demand": [1.0, 1.0, 1.0, 1.0, 1.0, 1.0, 1.0, 1.0, 1.0, 1.0, 1.0, 1.0], "solar_supply": [0.111278, 0.4651, 1.225591, 2.143353, 2.912426, 3.15793, 3.152587, 2.194119, 1.196267, 0.503889, 0.154334, 0.044441], "wind_supply": [1.62334, 1.535491, 1.602514, 1.376934, 1.329452, 1.262326, 0.909859, 1.002128, 1.340959, 1.581415, 1.617111, 1.621612], "mix_supply": [1.401175, 1.35856, 1.486174, 1.377597, 1.407894, 1.373038, 1.070545, 1.061143, 1.259364, 1.401489, 1.399812, 1.393526], "mix_storage": [0.090187, 0.089492, 0.091203, 0.095576, 0.096422, 0.101322, 0.096279, 0.084494, 0.081837, 0.088736, 0.092958, 0.091701], "mix_s_tot": 0.106036}}, "nldas": null}, "pdf": "figures/714.pdf"}