{"id": 715, "name": "Perm'", "country": "Russia", "level": "admin1", "continent": "Europe", "metrics": {"solar_cf": 0.1134, "wind_cf": 0.1958, "solar_f_adj": 1.3766, "wind_f_adj": 1.5875, "mix_alpha": 0.15, "mix_f_adj": 1.4415, "solar_s_tot_pct": 40.9686, "wind_s_tot_pct": 20.5301, "mix_s_tot_pct": 11.2903, "solar_s_seasonal_pct": 39.3546, "solar_s_diurnal_pct": 1.614, "wind_s_seasonal_pct": 19.5622, "wind_s_diurnal_pct": 0.9679, "solar_flaute_days": 11.875, "wind_flaute_days": 11.625, "solar_gap30d_max": 0.9242, "wind_gap30d_max": 0.8063, "solar_trend_pct_decade": 1.37, "wind_trend_pct_decade": 0.3105}, "colocation": {"k": [0, 17, 35, 50], "storage_pct_cons": [11.2903, 7.2754, 7.2754, 7.0672], "pick": ["base", "wind", "wind", "solar"]}, "datasets": {"gldas": {"series_norm": {"months": [1, 2, 3, 4, 5, 6, 7, 8, 9, 10, 11, 12], "demand": [1.0, 1.0, 1.0, 1.0, 1.0, 1.0, 1.0, 1.0, 1.0, 1.0, 1.0, 1.0], "solar_supply": [0.236518, 0.605753, 1.220495, 1.924219, 2.526021, 2.799904, 2.833663, 2.113143, 1.230441, 0.572582, 0.264012, 0.147106], "wind_supply": [1.909603, 1.712462, 1.943994, 1.570646, 1.514044, 1.344381, 0.961394, 1.053464, 1.443991, 1.886642, 1.934504, 1.784905], "mix_supply": [1.510961, 1.416804, 1.692052, 1.514436, 1.565274, 1.477347, 1.187064, 1.144954, 1.307717, 1.546024, 1.534498, 1.400677], "mix_storage": [0.098449, 0.09485, 0.09665, 0.102778, 0.106542, 0.109541, 0.104198, 0.096806, 0.094633, 0.098027, 0.102004, 0.097054], "mix_s_tot": 0.112903}}, "nldas": null}, "pdf": "figures/715.pdf"}