{"id": 716, "name": "Samara", "country": "Russia", "level": "admin1", "continent": "Europe", "metrics": {"solar_cf": 0.1325, "wind_cf": 0.3414, "solar_f_adj": 1.319, "wind_f_adj": 1.2926, "mix_alpha": 0.3, "mix_f_adj": 1.2244, "solar_s_tot_pct": 34.0224, "wind_s_tot_pct": 18.2491, "mix_s_tot_pct": 9.3061, "solar_s_seasonal_pct": 33.1426, "solar_s_diurnal_pct": 0.8798, "wind_s_seasonal_pct": 17.6479, "wind_s_diurnal_pct": 0.6012, "solar_flaute_days": 6.875, "wind_flaute_days": 9.375, "solar_gap30d_max": 0.86, "wind_gap30d_max": 0.7505, "solar_trend_pct_decade": 0.7404, "wind_trend_pct_decade": 3.3156}, "colocation": {"k": [0, 17, 35, 50], "storage_pct_cons": [9.3061, 5.3653, 4.373, 4.3068], "pick": ["base", "wind", "wind", "solar"]}, "datasets": {"gldas": {"series_norm": {"months": [1, 2, 3, 4, 5, 6, 7, 8, 9, 10, 11, 12], "demand": [1.0, 1.0, 1.0, 1.0, 1.0, 1.0, 1.0, 1.0, 1.0, 1.0, 1.0, 1.0], "solar_supply": [0.363823, 0.733275, 1.286812, 1.719022, 2.200493, 2.428626, 2.438694, 2.03322, 1.303294, 0.685102, 0.342587, 0.257147], "wind_supply": [1.622502, 1.496619, 1.457295, 1.395687, 1.232413, 1.015443, 0.870815, 0.931344, 1.055614, 1.400184, 1.512185, 1.533465], "mix_supply": [1.177131, 1.196552, 1.324633, 1.40415, 1.429975, 1.349645, 1.256552, 1.183766, 1.062886, 1.119195, 1.09807, 1.088386], "mix_storage": [0.056097, 0.056827, 0.060901, 0.07168, 0.081817, 0.085301, 0.084813, 0.082515, 0.076617, 0.070111, 0.064983, 0.056538], "mix_s_tot": 0.093061}}, "nldas": null}, "pdf": "figures/716.pdf"}