{"id": 717, "name": "Stavropol'", "country": "Russia", "level": "admin1", "continent": "Europe", "metrics": {"solar_cf": 0.1502, "wind_cf": 0.3216, "solar_f_adj": 1.3053, "wind_f_adj": 1.3948, "mix_alpha": 0.25, "mix_f_adj": 1.3125, "solar_s_tot_pct": 30.7005, "wind_s_tot_pct": 18.6753, "mix_s_tot_pct": 11.3213, "solar_s_seasonal_pct": 30.4489, "solar_s_diurnal_pct": 0.2516, "wind_s_seasonal_pct": 18.3594, "wind_s_diurnal_pct": 0.3158, "solar_flaute_days": 1.75, "wind_flaute_days": 6.875, "solar_gap30d_max": 0.7793, "wind_gap30d_max": 0.7165, "solar_trend_pct_decade": 1.4182, "wind_trend_pct_decade": 11.0721}, "colocation": {"k": [0, 17, 35, 50], "storage_pct_cons": [11.3213, 7.1013, 5.1277, 4.2573], "pick": ["base", "wind", "wind", "solar"]}, "datasets": {"gldas": {"series_norm": {"months": [1, 2, 3, 4, 5, 6, 7, 8, 9, 10, 11, 12], "demand": [1.0, 1.0, 1.0, 1.0, 1.0, 1.0, 1.0, 1.0, 1.0, 1.0, 1.0, 1.0], "solar_supply": [0.478732, 0.724267, 1.068939, 1.591241, 1.984905, 2.217669, 2.280755, 2.039134, 1.457363, 0.889878, 0.511016, 0.385244], "wind_supply": [1.582878, 1.681389, 1.662018, 1.433511, 1.194873, 1.058427, 1.07841, 1.17397, 1.363476, 1.408834, 1.458231, 1.658363], "mix_supply": [1.237429, 1.368674, 1.441648, 1.411681, 1.342227, 1.304445, 1.334407, 1.341107, 1.3286, 1.217956, 1.157578, 1.2672], "mix_storage": [0.086571, 0.09165, 0.100984, 0.106231, 0.106032, 0.105992, 0.105459, 0.103877, 0.09933, 0.095561, 0.089106, 0.086985], "mix_s_tot": 0.113213}}, "nldas": null}, "pdf": "figures/717.pdf"}