{"id": 718, "name": "Adygey", "country": "Russia", "level": "admin1", "continent": "Europe", "metrics": {"solar_cf": 0.1453, "wind_cf": 0.2509, "solar_f_adj": 1.2983, "wind_f_adj": 2.0175, "mix_alpha": 0.1, "mix_f_adj": 1.7912, "solar_s_tot_pct": 27.7117, "wind_s_tot_pct": 14.3115, "mix_s_tot_pct": 13.8888, "solar_s_seasonal_pct": 26.9437, "solar_s_diurnal_pct": 0.7679, "wind_s_seasonal_pct": 13.6682, "wind_s_diurnal_pct": 0.6434, "solar_flaute_days": 1.875, "wind_flaute_days": 10.625, "solar_gap30d_max": 0.781, "wind_gap30d_max": 0.884, "solar_trend_pct_decade": 0.7642, "wind_trend_pct_decade": -35.4111}, "colocation": {"k": [0, 17, 35, 50], "storage_pct_cons": [13.8888, 10.473, 7.9232, 5.9169], "pick": ["base", "solar", "solar", "solar"]}, "datasets": {"gldas": {"series_norm": {"months": [1, 2, 3, 4, 5, 6, 7, 8, 9, 10, 11, 12], "demand": [1.0, 1.0, 1.0, 1.0, 1.0, 1.0, 1.0, 1.0, 1.0, 1.0, 1.0, 1.0], "solar_supply": [0.509555, 0.767683, 1.082599, 1.530083, 1.88416, 2.131377, 2.258252, 1.992059, 1.449234, 0.931656, 0.585397, 0.426395], "wind_supply": [2.457047, 2.697664, 2.668974, 2.196669, 1.704606, 1.589974, 1.51117, 1.617515, 1.714434, 1.865394, 2.001186, 2.227657], "mix_supply": [2.033549, 2.261421, 2.281944, 1.966296, 1.621974, 1.564487, 1.519024, 1.567272, 1.569823, 1.619037, 1.679767, 1.838787], "mix_storage": [0.116005, 0.119039, 0.126665, 0.130559, 0.127372, 0.125379, 0.124108, 0.12584, 0.127571, 0.125336, 0.118285, 0.114803], "mix_s_tot": 0.138888}}, "nldas": null}, "pdf": "figures/718.pdf"}