{"id": 719, "name": "Darhan-Uul", "country": "Mongolia", "level": "admin1", "continent": "Asia", "metrics": {"solar_cf": 0.1491, "wind_cf": 0.203, "solar_f_adj": 1.3424, "wind_f_adj": 2.0783, "mix_alpha": 0.9, "mix_f_adj": 1.3507, "solar_s_tot_pct": 24.4459, "wind_s_tot_pct": 34.7705, "mix_s_tot_pct": 24.0784, "solar_s_seasonal_pct": 23.4359, "solar_s_diurnal_pct": 1.01, "wind_s_seasonal_pct": 34.0375, "wind_s_diurnal_pct": 0.733, "solar_flaute_days": 2.625, "wind_flaute_days": 24.375, "solar_gap30d_max": 0.7504, "wind_gap30d_max": 0.9618, "solar_trend_pct_decade": -4.1681, "wind_trend_pct_decade": -36.4291}, "colocation": {"k": [0, 17, 35, 50], "storage_pct_cons": [24.0784, 19.198, 15.7786, 13.0501], "pick": ["base", "wind", "wind", "wind"]}, "datasets": {"gldas": {"series_norm": {"months": [1, 2, 3, 4, 5, 6, 7, 8, 9, 10, 11, 12], "demand": [1.0, 1.0, 1.0, 1.0, 1.0, 1.0, 1.0, 1.0, 1.0, 1.0, 1.0, 1.0], "solar_supply": [0.55256, 0.921196, 1.39505, 1.791299, 2.076192, 2.15608, 2.052443, 1.794093, 1.415726, 0.927594, 0.572169, 0.435518], "wind_supply": [1.601797, 1.749072, 2.307034, 3.263383, 3.214489, 1.995059, 1.391998, 1.355152, 2.07694, 2.248265, 2.110454, 1.633514], "mix_supply": [0.604461, 0.947844, 1.413194, 1.834163, 2.088965, 2.082055, 1.949016, 1.712677, 1.416963, 0.986079, 0.655275, 0.500537], "mix_storage": [0.080416, 0.045225, 0.043105, 0.076954, 0.134233, 0.191519, 0.221727, 0.2329, 0.235953, 0.224229, 0.187761, 0.132353], "mix_s_tot": 0.240784}}, "nldas": null}, "pdf": "figures/719.pdf"}