{"id": 72, "name": "Guinea", "country": "Guinea", "level": "admin0", "continent": "Africa", "metrics": {"solar_cf": 0.2343, "wind_cf": 0.021, "solar_f_adj": 1.2493, "wind_f_adj": 1.7667, "mix_alpha": 0.95, "mix_f_adj": 1.2318, "solar_s_tot_pct": 9.2578, "wind_s_tot_pct": 43.1978, "mix_s_tot_pct": 8.9815, "solar_s_seasonal_pct": 5.9991, "solar_s_diurnal_pct": 3.2588, "wind_s_seasonal_pct": 42.2664, "wind_s_diurnal_pct": 0.9314, "solar_flaute_days": 0.75, "wind_flaute_days": 29.625, "solar_gap30d_max": 0.5931, "wind_gap30d_max": 0.9956, "solar_trend_pct_decade": 2.5391, "wind_trend_pct_decade": -12.7867}, "colocation": {"k": [0, 17, 35, 50], "storage_pct_cons": [8.9815, 4.8688, 2.2282, 1.0465], "pick": ["base", "wind", "wind", "wind"]}, "datasets": {"gldas": {"series_norm": {"months": [1, 2, 3, 4, 5, 6, 7, 8, 9, 10, 11, 12], "demand": [1.0, 1.0, 1.0, 1.0, 1.0, 1.0, 1.0, 1.0, 1.0, 1.0, 1.0, 1.0], "solar_supply": [1.273744, 1.391374, 1.462833, 1.435424, 1.303519, 1.198627, 1.106845, 1.060483, 1.141818, 1.195237, 1.216201, 1.218237], "wind_supply": [2.72508, 2.463998, 1.859491, 2.865554, 2.878364, 1.954079, 1.403777, 1.352476, 0.521046, 0.327602, 0.760122, 2.118822], "mix_supply": [1.288047, 1.389122, 1.43498, 1.44438, 1.321279, 1.19081, 1.085659, 1.040446, 1.087643, 1.130934, 1.165647, 1.214921], "mix_storage": [0.03359, 0.042518, 0.055314, 0.06896, 0.077231, 0.077837, 0.070715, 0.057452, 0.044272, 0.036433, 0.030728, 0.027962], "mix_s_tot": 0.089815}}, "nldas": null}, "pdf": "figures/72.pdf"}