{"id": 720, "name": "T\u00f6v", "country": "Mongolia", "level": "admin1", "continent": "Asia", "metrics": {"solar_cf": 0.1638, "wind_cf": 0.2707, "solar_f_adj": 1.3452, "wind_f_adj": 1.9008, "mix_alpha": 1.0, "mix_f_adj": 1.3452, "solar_s_tot_pct": 21.6725, "wind_s_tot_pct": 31.9862, "mix_s_tot_pct": 21.6725, "solar_s_seasonal_pct": 20.5305, "solar_s_diurnal_pct": 1.142, "wind_s_seasonal_pct": 31.0971, "wind_s_diurnal_pct": 0.889, "solar_flaute_days": 0.875, "wind_flaute_days": 26.375, "solar_gap30d_max": 0.7269, "wind_gap30d_max": 0.9726, "solar_trend_pct_decade": -2.024, "wind_trend_pct_decade": -28.2035}, "colocation": {"k": [0, 17, 35, 50], "storage_pct_cons": [21.6725, 17.4965, 14.2595, 11.5048], "pick": ["base", "wind", "wind", "wind"]}, "datasets": {"gldas": {"series_norm": {"months": [1, 2, 3, 4, 5, 6, 7, 8, 9, 10, 11, 12], "demand": [1.0, 1.0, 1.0, 1.0, 1.0, 1.0, 1.0, 1.0, 1.0, 1.0, 1.0, 1.0], "solar_supply": [0.597673, 0.945436, 1.39015, 1.780006, 2.031619, 2.069928, 1.984935, 1.77834, 1.44976, 0.984071, 0.626281, 0.486257], "wind_supply": [1.322647, 1.399411, 2.047779, 2.807609, 2.983044, 2.156329, 1.618546, 1.558864, 1.935911, 1.86182, 1.716661, 1.389321], "mix_supply": [0.597673, 0.945436, 1.39015, 1.780006, 2.031619, 2.069928, 1.984935, 1.77834, 1.44976, 0.984071, 0.626281, 0.486257], "mix_storage": [0.051175, 0.01486, 0.01087, 0.04061, 0.094366, 0.157513, 0.201724, 0.212937, 0.214295, 0.202659, 0.163133, 0.105168], "mix_s_tot": 0.216725}}, "nldas": null}, "pdf": "figures/720.pdf"}