{"id": 721, "name": "Arhangay", "country": "Mongolia", "level": "admin1", "continent": "Asia", "metrics": {"solar_cf": 0.1614, "wind_cf": 0.2356, "solar_f_adj": 1.3015, "wind_f_adj": 2.3908, "mix_alpha": 0.35, "mix_f_adj": 1.6874, "solar_s_tot_pct": 22.9429, "wind_s_tot_pct": 23.505, "mix_s_tot_pct": 21.1312, "solar_s_seasonal_pct": 21.7082, "solar_s_diurnal_pct": 1.2348, "wind_s_seasonal_pct": 22.9168, "wind_s_diurnal_pct": 0.5882, "solar_flaute_days": 1.375, "wind_flaute_days": 24.75, "solar_gap30d_max": 0.7246, "wind_gap30d_max": 0.9612, "solar_trend_pct_decade": -1.6345, "wind_trend_pct_decade": -47.6387}, "colocation": {"k": [0, 17, 35, 50], "storage_pct_cons": [21.1312, 15.8125, 12.0947, 9.9228], "pick": ["base", "wind", "wind", "solar"]}, "datasets": {"gldas": {"series_norm": {"months": [1, 2, 3, 4, 5, 6, 7, 8, 9, 10, 11, 12], "demand": [1.0, 1.0, 1.0, 1.0, 1.0, 1.0, 1.0, 1.0, 1.0, 1.0, 1.0, 1.0], "solar_supply": [0.585425, 0.922504, 1.3593, 1.739622, 1.953378, 1.993081, 1.911087, 1.702848, 1.399008, 0.957792, 0.605753, 0.471895], "wind_supply": [2.043286, 2.157575, 2.82909, 3.450745, 3.483225, 2.132163, 1.622276, 1.701627, 2.207735, 2.277153, 2.550078, 2.239644], "mix_supply": [1.203032, 1.408419, 1.91469, 2.37246, 2.484357, 1.882556, 1.611433, 1.553343, 1.647654, 1.47929, 1.444753, 1.241597], "mix_storage": [0.144673, 0.127795, 0.129265, 0.15329, 0.18604, 0.201632, 0.20249, 0.200908, 0.19925, 0.194698, 0.183051, 0.167196], "mix_s_tot": 0.211312}}, "nldas": null}, "pdf": "figures/721.pdf"}