{"id": 722, "name": "Orhon", "country": "Mongolia", "level": "admin1", "continent": "Asia", "metrics": {"solar_cf": 0.1552, "wind_cf": 0.1843, "solar_f_adj": 1.3252, "wind_f_adj": 2.3657, "mix_alpha": 1.0, "mix_f_adj": 1.3252, "solar_s_tot_pct": 24.3825, "wind_s_tot_pct": 30.106, "mix_s_tot_pct": 24.3825, "solar_s_seasonal_pct": 23.3003, "solar_s_diurnal_pct": 1.0822, "wind_s_seasonal_pct": 29.2628, "wind_s_diurnal_pct": 0.8432, "solar_flaute_days": 1.625, "wind_flaute_days": 15.875, "solar_gap30d_max": 0.7536, "wind_gap30d_max": 0.922, "solar_trend_pct_decade": -2.2322, "wind_trend_pct_decade": -48.7519}, "colocation": {"k": [0, 17, 35, 50], "storage_pct_cons": [24.3825, 19.568, 15.1334, 12.2556], "pick": ["base", "wind", "wind", "wind"]}, "datasets": {"gldas": {"series_norm": {"months": [1, 2, 3, 4, 5, 6, 7, 8, 9, 10, 11, 12], "demand": [1.0, 1.0, 1.0, 1.0, 1.0, 1.0, 1.0, 1.0, 1.0, 1.0, 1.0, 1.0], "solar_supply": [0.546005, 0.902611, 1.374831, 1.78419, 2.04317, 2.110436, 2.009913, 1.769402, 1.412463, 0.929136, 0.568979, 0.432461], "wind_supply": [2.08287, 2.075752, 2.632108, 3.629137, 3.607495, 2.312659, 1.606847, 1.516354, 2.047734, 2.263406, 2.340907, 2.276121], "mix_supply": [0.546005, 0.902611, 1.374831, 1.78419, 2.04317, 2.110436, 2.009913, 1.769402, 1.412463, 0.929136, 0.568979, 0.432461], "mix_storage": [0.058767, 0.018612, 0.01218, 0.041617, 0.096307, 0.161025, 0.216026, 0.236794, 0.240126, 0.225485, 0.180692, 0.117367], "mix_s_tot": 0.243825}}, "nldas": null}, "pdf": "figures/722.pdf"}