{"id": 723, "name": "Dundgovi", "country": "Mongolia", "level": "admin1", "continent": "Asia", "metrics": {"solar_cf": 0.1769, "wind_cf": 0.4417, "solar_f_adj": 1.2744, "wind_f_adj": 1.2381, "mix_alpha": 0.0, "mix_f_adj": 1.2381, "solar_s_tot_pct": 22.2435, "wind_s_tot_pct": 13.8895, "mix_s_tot_pct": 13.8895, "solar_s_seasonal_pct": 21.0064, "solar_s_diurnal_pct": 1.2371, "wind_s_seasonal_pct": 13.6109, "wind_s_diurnal_pct": 0.2786, "solar_flaute_days": 0.875, "wind_flaute_days": 13.875, "solar_gap30d_max": 0.7177, "wind_gap30d_max": 0.7086, "solar_trend_pct_decade": -1.0451, "wind_trend_pct_decade": -2.8785}, "colocation": {"k": [0, 17, 35, 50], "storage_pct_cons": [13.8895, 10.6194, 7.3592, 4.7129], "pick": ["base", "solar", "solar", "solar"]}, "datasets": {"gldas": {"series_norm": {"months": [1, 2, 3, 4, 5, 6, 7, 8, 9, 10, 11, 12], "demand": [1.0, 1.0, 1.0, 1.0, 1.0, 1.0, 1.0, 1.0, 1.0, 1.0, 1.0, 1.0], "solar_supply": [0.600931, 0.905934, 1.296512, 1.645308, 1.892675, 1.929625, 1.851146, 1.675953, 1.374945, 0.96872, 0.63247, 0.501356], "wind_supply": [1.024055, 1.048824, 1.369888, 1.564982, 1.624985, 1.326033, 1.137234, 1.09765, 1.17035, 1.164537, 1.200571, 1.12165], "mix_supply": [1.024055, 1.048824, 1.369888, 1.564982, 1.624985, 1.326033, 1.137234, 1.09765, 1.17035, 1.164537, 1.200571, 1.12165], "mix_storage": [0.104999, 0.09376, 0.096476, 0.110627, 0.126716, 0.13138, 0.128326, 0.122043, 0.117014, 0.116111, 0.116669, 0.115671], "mix_s_tot": 0.138895}}, "nldas": null}, "pdf": "figures/723.pdf"}