{"id": 724, "name": "\u00d6v\u00f6rhangay", "country": "Mongolia", "level": "admin1", "continent": "Asia", "metrics": {"solar_cf": 0.1747, "wind_cf": 0.3182, "solar_f_adj": 1.2883, "wind_f_adj": 1.385, "mix_alpha": 0.0, "mix_f_adj": 1.385, "solar_s_tot_pct": 22.1618, "wind_s_tot_pct": 17.6288, "mix_s_tot_pct": 17.6288, "solar_s_seasonal_pct": 20.743, "solar_s_diurnal_pct": 1.4188, "wind_s_seasonal_pct": 17.3045, "wind_s_diurnal_pct": 0.3243, "solar_flaute_days": 0.875, "wind_flaute_days": 14.5, "solar_gap30d_max": 0.716, "wind_gap30d_max": 0.7766, "solar_trend_pct_decade": -0.9376, "wind_trend_pct_decade": -11.6856}, "colocation": {"k": [0, 17, 35, 50], "storage_pct_cons": [17.6288, 13.0295, 9.554, 7.9289], "pick": ["base", "solar", "solar", "solar"]}, "datasets": {"gldas": {"series_norm": {"months": [1, 2, 3, 4, 5, 6, 7, 8, 9, 10, 11, 12], "demand": [1.0, 1.0, 1.0, 1.0, 1.0, 1.0, 1.0, 1.0, 1.0, 1.0, 1.0, 1.0], "solar_supply": [0.606982, 0.916298, 1.315804, 1.682604, 1.894574, 1.95838, 1.865044, 1.68727, 1.392823, 0.98511, 0.637465, 0.500229], "wind_supply": [0.995081, 1.063754, 1.539104, 1.882963, 2.039358, 1.542706, 1.283234, 1.227571, 1.363736, 1.271479, 1.285214, 1.114111], "mix_supply": [0.995081, 1.063754, 1.539104, 1.882963, 2.039358, 1.542706, 1.283234, 1.227571, 1.363736, 1.271479, 1.285214, 1.114111], "mix_storage": [0.124922, 0.104359, 0.104732, 0.126785, 0.157732, 0.167542, 0.167081, 0.165039, 0.162653, 0.160434, 0.154224, 0.143974], "mix_s_tot": 0.176288}}, "nldas": null}, "pdf": "figures/724.pdf"}