{"id": 725, "name": "Gov\u012d-S\u00fcmber", "country": "Mongolia", "level": "admin1", "continent": "Asia", "metrics": {"solar_cf": 0.1656, "wind_cf": 0.2281, "solar_f_adj": 1.3316, "wind_f_adj": 2.0879, "mix_alpha": 0.95, "mix_f_adj": 1.3265, "solar_s_tot_pct": 23.47, "wind_s_tot_pct": 38.9418, "mix_s_tot_pct": 22.8051, "solar_s_seasonal_pct": 22.5613, "solar_s_diurnal_pct": 0.9088, "wind_s_seasonal_pct": 37.1522, "wind_s_diurnal_pct": 1.7896, "solar_flaute_days": 1.75, "wind_flaute_days": 33.875, "solar_gap30d_max": 0.7319, "wind_gap30d_max": 0.9923, "solar_trend_pct_decade": -1.7371, "wind_trend_pct_decade": -28.5158}, "colocation": {"k": [0, 17, 35, 50], "storage_pct_cons": [22.8051, 19.4618, 16.2976, 14.2707], "pick": ["base", "wind", "wind", "wind"]}, "datasets": {"gldas": {"series_norm": {"months": [1, 2, 3, 4, 5, 6, 7, 8, 9, 10, 11, 12], "demand": [1.0, 1.0, 1.0, 1.0, 1.0, 1.0, 1.0, 1.0, 1.0, 1.0, 1.0, 1.0], "solar_supply": [0.589332, 0.930294, 1.383594, 1.767974, 2.01078, 2.034509, 1.958105, 1.768509, 1.435128, 0.971357, 0.626607, 0.48449], "wind_supply": [1.299281, 1.378558, 2.189521, 3.234422, 3.613084, 2.585938, 1.913682, 1.834391, 2.20551, 1.941168, 1.571671, 1.265179], "mix_supply": [0.598994, 0.924185, 1.378932, 1.775886, 2.017696, 2.007524, 1.913864, 1.731919, 1.428209, 0.980918, 0.642922, 0.498691], "mix_storage": [0.062265, 0.025679, 0.020713, 0.049993, 0.10399, 0.165001, 0.204999, 0.219219, 0.221223, 0.209748, 0.17123, 0.114916], "mix_s_tot": 0.228051}}, "nldas": null}, "pdf": "figures/725.pdf"}