{"id": 726, "name": "M\u00e9xico", "country": "Mexico", "level": "admin1", "continent": "North America", "metrics": {"solar_cf": 0.2418, "wind_cf": 0.052, "solar_f_adj": 1.2646, "wind_f_adj": 3.0633, "mix_alpha": 0.85, "mix_f_adj": 1.2919, "solar_s_tot_pct": 10.4604, "wind_s_tot_pct": 28.0467, "mix_s_tot_pct": 9.4903, "solar_s_seasonal_pct": 9.4459, "solar_s_diurnal_pct": 1.0145, "wind_s_seasonal_pct": 26.6774, "wind_s_diurnal_pct": 1.3693, "solar_flaute_days": 1.625, "wind_flaute_days": 11.875, "solar_gap30d_max": 0.6203, "wind_gap30d_max": 0.942, "solar_trend_pct_decade": 3.4928, "wind_trend_pct_decade": -33.0302}, "colocation": {"k": [0, 17, 35, 50], "storage_pct_cons": [9.4903, 3.9451, 1.9015, 1.4163], "pick": ["base", "solar", "wind", "wind"]}, "datasets": {"gldas": {"series_norm": {"months": [1, 2, 3, 4, 5, 6, 7, 8, 9, 10, 11, 12], "demand": [1.0, 1.0, 1.0, 1.0, 1.0, 1.0, 1.0, 1.0, 1.0, 1.0, 1.0, 1.0], "solar_supply": [1.071718, 1.280325, 1.464754, 1.548374, 1.512314, 1.321709, 1.296487, 1.284744, 1.135009, 1.131831, 1.095789, 1.034364], "wind_supply": [3.986199, 4.623898, 5.406432, 4.518619, 3.006743, 2.175544, 1.202942, 1.39599, 1.600152, 2.896685, 3.111185, 2.94607], "mix_supply": [1.182855, 1.404352, 1.614015, 1.630465, 1.503506, 1.285402, 1.20197, 1.203986, 1.086871, 1.166132, 1.148404, 1.084616], "mix_storage": [0.040087, 0.040728, 0.055751, 0.074435, 0.084644, 0.085979, 0.079992, 0.078448, 0.069897, 0.063002, 0.05706, 0.046557], "mix_s_tot": 0.094903}}, "nldas": null}, "pdf": "figures/726.pdf"}