{"id": 727, "name": "Puebla", "country": "Mexico", "level": "admin1", "continent": "North America", "metrics": {"solar_cf": 0.2424, "wind_cf": 0.0866, "solar_f_adj": 1.2631, "wind_f_adj": 2.0376, "mix_alpha": 0.65, "mix_f_adj": 1.3612, "solar_s_tot_pct": 10.4012, "wind_s_tot_pct": 24.12, "mix_s_tot_pct": 9.1952, "solar_s_seasonal_pct": 9.6315, "solar_s_diurnal_pct": 0.7697, "wind_s_seasonal_pct": 22.0572, "wind_s_diurnal_pct": 2.0628, "solar_flaute_days": 1.5, "wind_flaute_days": 6.5, "solar_gap30d_max": 0.6162, "wind_gap30d_max": 0.8464, "solar_trend_pct_decade": 2.5717, "wind_trend_pct_decade": -28.4665}, "colocation": {"k": [0, 17, 35, 50], "storage_pct_cons": [9.1952, 3.0882, 1.2678, 1.2678], "pick": ["base", "solar", "solar", "solar"]}, "datasets": {"gldas": {"series_norm": {"months": [1, 2, 3, 4, 5, 6, 7, 8, 9, 10, 11, 12], "demand": [1.0, 1.0, 1.0, 1.0, 1.0, 1.0, 1.0, 1.0, 1.0, 1.0, 1.0, 1.0], "solar_supply": [1.036468, 1.224204, 1.398417, 1.498697, 1.506114, 1.360784, 1.378682, 1.342782, 1.166273, 1.148287, 1.080275, 1.014936], "wind_supply": [2.807471, 2.924739, 2.953621, 2.434758, 1.642862, 1.370089, 1.599846, 1.483094, 1.025709, 1.806088, 2.23784, 2.209076], "mix_supply": [1.382429, 1.54135, 1.670132, 1.619058, 1.439097, 1.273521, 1.339778, 1.287333, 1.056753, 1.226617, 1.279927, 1.227434], "mix_storage": [0.049747, 0.051722, 0.063089, 0.077728, 0.085646, 0.085442, 0.082813, 0.083526, 0.072966, 0.064205, 0.060802, 0.053493], "mix_s_tot": 0.091952}}, "nldas": null}, "pdf": "figures/727.pdf"}