{"id": 728, "name": "Morelos", "country": "Mexico", "level": "admin1", "continent": "North America", "metrics": {"solar_cf": 0.2488, "wind_cf": 0.0483, "solar_f_adj": 1.2554, "wind_f_adj": 43.4757, "mix_alpha": 0.8, "mix_f_adj": 1.4651, "solar_s_tot_pct": 11.355, "wind_s_tot_pct": 30.0766, "mix_s_tot_pct": 9.9735, "solar_s_seasonal_pct": 9.2602, "solar_s_diurnal_pct": 2.0948, "wind_s_seasonal_pct": 30.3263, "wind_s_diurnal_pct": -0.2496, "solar_flaute_days": 1.625, "wind_flaute_days": 66.875, "solar_gap30d_max": 0.6155, "wind_gap30d_max": 0.9986, "solar_trend_pct_decade": 0.8582, "wind_trend_pct_decade": -95.1362}, "colocation": {"k": [0, 17, 35, 50], "storage_pct_cons": [9.9735, 4.116, 1.2743, 0.7824], "pick": ["base", "solar", "wind", "wind"]}, "datasets": {"gldas": {"series_norm": {"months": [1, 2, 3, 4, 5, 6, 7, 8, 9, 10, 11, 12], "demand": [1.0, 1.0, 1.0, 1.0, 1.0, 1.0, 1.0, 1.0, 1.0, 1.0, 1.0, 1.0], "solar_supply": [1.060978, 1.257596, 1.427016, 1.507913, 1.469583, 1.330007, 1.353833, 1.296078, 1.119333, 1.121625, 1.093331, 1.029094], "wind_supply": [60.244797, 64.515911, 63.858854, 56.951494, 40.047873, 29.03817, 24.395891, 24.427102, 21.822986, 39.413251, 47.745064, 50.521462], "mix_supply": [1.396544, 1.608889, 1.762628, 1.791598, 1.641887, 1.43738, 1.428335, 1.374627, 1.192069, 1.312763, 1.342503, 1.301244], "mix_storage": [0.063664, 0.061323, 0.06767, 0.078456, 0.088597, 0.092665, 0.093041, 0.094188, 0.088657, 0.08363, 0.077838, 0.07027], "mix_s_tot": 0.099735}}, "nldas": null}, "pdf": "figures/728.pdf"}