{"id": 729, "name": "Quer\u00e9taro", "country": "Mexico", "level": "admin1", "continent": "North America", "metrics": {"solar_cf": 0.2435, "wind_cf": 0.1199, "solar_f_adj": 1.2628, "wind_f_adj": 2.4258, "mix_alpha": 0.2, "mix_f_adj": 1.9436, "solar_s_tot_pct": 11.9282, "wind_s_tot_pct": 7.6635, "mix_s_tot_pct": 7.3404, "solar_s_seasonal_pct": 10.8951, "solar_s_diurnal_pct": 1.033, "wind_s_seasonal_pct": 6.8259, "wind_s_diurnal_pct": 0.8376, "solar_flaute_days": 2.75, "wind_flaute_days": 6.875, "solar_gap30d_max": 0.6259, "wind_gap30d_max": 0.8253, "solar_trend_pct_decade": 3.1783, "wind_trend_pct_decade": -27.89}, "colocation": {"k": [0, 17, 35, 50], "storage_pct_cons": [7.3404, 2.8003, 1.2386, 0.9569], "pick": ["base", "solar", "solar", "solar"]}, "datasets": {"gldas": {"series_norm": {"months": [1, 2, 3, 4, 5, 6, 7, 8, 9, 10, 11, 12], "demand": [1.0, 1.0, 1.0, 1.0, 1.0, 1.0, 1.0, 1.0, 1.0, 1.0, 1.0, 1.0], "solar_supply": [0.987851, 1.192329, 1.408388, 1.524516, 1.554205, 1.428356, 1.390593, 1.380502, 1.184911, 1.12511, 1.023235, 0.950484], "wind_supply": [2.599623, 2.94606, 3.312363, 3.029479, 2.51417, 2.367134, 2.073438, 2.142585, 1.927588, 2.054911, 2.073646, 2.104676], "mix_supply": [1.970416, 2.255423, 2.556728, 2.411151, 2.089985, 1.956997, 1.757117, 1.798333, 1.600314, 1.663517, 1.644165, 1.641659], "mix_storage": [0.055142, 0.062545, 0.069598, 0.071762, 0.072096, 0.071218, 0.067722, 0.068644, 0.066509, 0.065007, 0.060883, 0.053911], "mix_s_tot": 0.073404}}, "nldas": null}, "pdf": "figures/729.pdf"}