{"id": 73, "name": "Liberia", "country": "Liberia", "level": "admin0", "continent": "Africa", "metrics": {"solar_cf": 0.2079, "wind_cf": 0.0066, "solar_f_adj": 1.296, "wind_f_adj": 7.8762, "mix_alpha": 0.45, "mix_f_adj": 2.3452, "solar_s_tot_pct": 9.0812, "wind_s_tot_pct": 52.1188, "mix_s_tot_pct": 5.9016, "solar_s_seasonal_pct": 6.6097, "solar_s_diurnal_pct": 2.4714, "wind_s_seasonal_pct": 52.2616, "wind_s_diurnal_pct": -0.1428, "solar_flaute_days": 1.75, "wind_flaute_days": 62.5, "solar_gap30d_max": 0.6174, "wind_gap30d_max": 1.0, "solar_trend_pct_decade": 5.1488, "wind_trend_pct_decade": 58.1346}, "colocation": {"k": [0, 17, 35, 50], "storage_pct_cons": [5.9016, 2.0104, 0.802, 0.7151], "pick": ["base", "solar", "solar", "solar"]}, "datasets": {"gldas": {"series_norm": {"months": [1, 2, 3, 4, 5, 6, 7, 8, 9, 10, 11, 12], "demand": [1.0, 1.0, 1.0, 1.0, 1.0, 1.0, 1.0, 1.0, 1.0, 1.0, 1.0, 1.0], "solar_supply": [1.414298, 1.448489, 1.461049, 1.407147, 1.303028, 1.177328, 1.103575, 1.114171, 1.199249, 1.2793, 1.307788, 1.346806], "wind_supply": [4.865325, 7.330013, 7.970243, 5.61734, 4.474773, 7.991049, 17.245348, 22.508853, 10.261314, 2.723535, 0.945331, 2.313708], "mix_supply": [1.948442, 2.379913, 2.494988, 2.065773, 1.793876, 2.267359, 3.72283, 4.593434, 2.656999, 1.487763, 1.219753, 1.475618], "mix_storage": [0.049547, 0.05573, 0.0576, 0.057444, 0.056297, 0.056039, 0.055245, 0.05573, 0.055795, 0.051998, 0.04579, 0.041908], "mix_s_tot": 0.059016}}, "nldas": null}, "pdf": "figures/73.pdf"}