{"id": 730, "name": "Hidalgo", "country": "Mexico", "level": "admin1", "continent": "North America", "metrics": {"solar_cf": 0.2325, "wind_cf": 0.0886, "solar_f_adj": 1.2541, "wind_f_adj": 1.9228, "mix_alpha": 0.4, "mix_f_adj": 1.5366, "solar_s_tot_pct": 12.9702, "wind_s_tot_pct": 16.049, "mix_s_tot_pct": 11.2432, "solar_s_seasonal_pct": 11.9808, "solar_s_diurnal_pct": 0.9893, "wind_s_seasonal_pct": 14.6911, "wind_s_diurnal_pct": 1.3579, "solar_flaute_days": 2.5, "wind_flaute_days": 7.625, "solar_gap30d_max": 0.6286, "wind_gap30d_max": 0.847, "solar_trend_pct_decade": 3.6932, "wind_trend_pct_decade": -26.1032}, "colocation": {"k": [0, 17, 35, 50], "storage_pct_cons": [11.2432, 5.938, 3.4562, 1.9584], "pick": ["base", "solar", "solar", "solar"]}, "datasets": {"gldas": {"series_norm": {"months": [1, 2, 3, 4, 5, 6, 7, 8, 9, 10, 11, 12], "demand": [1.0, 1.0, 1.0, 1.0, 1.0, 1.0, 1.0, 1.0, 1.0, 1.0, 1.0, 1.0], "solar_supply": [0.979548, 1.180437, 1.380754, 1.500022, 1.556147, 1.415921, 1.386701, 1.383223, 1.170633, 1.124384, 1.013684, 0.953267], "wind_supply": [1.854314, 2.223785, 2.677111, 2.585779, 2.416302, 2.006828, 1.795368, 1.820182, 1.416221, 1.443688, 1.392775, 1.458867], "mix_supply": [1.369236, 1.644856, 1.960404, 1.975068, 1.921315, 1.656246, 1.540532, 1.550725, 1.252832, 1.243334, 1.164664, 1.166742], "mix_storage": [0.064029, 0.063905, 0.075845, 0.095706, 0.105531, 0.107026, 0.104516, 0.107613, 0.102448, 0.096473, 0.086365, 0.07076], "mix_s_tot": 0.112432}}, "nldas": null}, "pdf": "figures/730.pdf"}