{"id": 731, "name": "Guanajuato", "country": "Mexico", "level": "admin1", "continent": "North America", "metrics": {"solar_cf": 0.2513, "wind_cf": 0.1233, "solar_f_adj": 1.2559, "wind_f_adj": 2.005, "mix_alpha": 0.6, "mix_f_adj": 1.3635, "solar_s_tot_pct": 11.345, "wind_s_tot_pct": 16.4819, "mix_s_tot_pct": 9.2475, "solar_s_seasonal_pct": 9.25, "solar_s_diurnal_pct": 2.095, "wind_s_seasonal_pct": 16.1578, "wind_s_diurnal_pct": 0.3241, "solar_flaute_days": 1.75, "wind_flaute_days": 10.75, "solar_gap30d_max": 0.625, "wind_gap30d_max": 0.9183, "solar_trend_pct_decade": 2.5783, "wind_trend_pct_decade": -16.3726}, "colocation": {"k": [0, 17, 35, 50], "storage_pct_cons": [9.2475, 3.6954, 1.9098, 1.5862], "pick": ["base", "wind", "solar", "solar"]}, "datasets": {"gldas": {"series_norm": {"months": [1, 2, 3, 4, 5, 6, 7, 8, 9, 10, 11, 12], "demand": [1.0, 1.0, 1.0, 1.0, 1.0, 1.0, 1.0, 1.0, 1.0, 1.0, 1.0, 1.0], "solar_supply": [0.990278, 1.186761, 1.403565, 1.514071, 1.527135, 1.410144, 1.373062, 1.353655, 1.186182, 1.131997, 1.041593, 0.949841], "wind_supply": [2.307122, 2.44739, 2.67706, 2.46854, 1.843722, 1.936853, 1.434571, 1.59313, 1.709483, 1.994082, 1.871983, 1.813778], "mix_supply": [1.272693, 1.438844, 1.642552, 1.657816, 1.49636, 1.445483, 1.284692, 1.315182, 1.237736, 1.279857, 1.187751, 1.112148], "mix_storage": [0.055317, 0.056875, 0.064818, 0.078602, 0.086972, 0.088176, 0.084376, 0.083233, 0.079402, 0.077505, 0.072344, 0.061569], "mix_s_tot": 0.092475}}, "nldas": null}, "pdf": "figures/731.pdf"}