{"id": 732, "name": "San Luis Potos\u00ed", "country": "Mexico", "level": "admin1", "continent": "North America", "metrics": {"solar_cf": 0.2406, "wind_cf": 0.1768, "solar_f_adj": 1.273, "wind_f_adj": 1.7738, "mix_alpha": 0.8, "mix_f_adj": 1.2797, "solar_s_tot_pct": 12.4322, "wind_s_tot_pct": 16.8687, "mix_s_tot_pct": 11.5446, "solar_s_seasonal_pct": 11.6446, "solar_s_diurnal_pct": 0.7876, "wind_s_seasonal_pct": 16.1494, "wind_s_diurnal_pct": 0.7193, "solar_flaute_days": 0.875, "wind_flaute_days": 5.75, "solar_gap30d_max": 0.6334, "wind_gap30d_max": 0.7844, "solar_trend_pct_decade": 3.5406, "wind_trend_pct_decade": 4.6919}, "colocation": {"k": [0, 17, 35, 50], "storage_pct_cons": [11.5446, 4.8469, 2.008, 1.3284], "pick": ["base", "wind", "wind", "wind"]}, "datasets": {"gldas": {"series_norm": {"months": [1, 2, 3, 4, 5, 6, 7, 8, 9, 10, 11, 12], "demand": [1.0, 1.0, 1.0, 1.0, 1.0, 1.0, 1.0, 1.0, 1.0, 1.0, 1.0, 1.0], "solar_supply": [0.928663, 1.13695, 1.363714, 1.498698, 1.581464, 1.52802, 1.481429, 1.457731, 1.241815, 1.151649, 1.000574, 0.899296], "wind_supply": [1.549334, 1.85784, 2.334054, 2.373488, 1.996351, 2.031802, 2.057039, 1.932597, 1.460246, 1.242882, 1.160883, 1.29451], "mix_supply": [0.970399, 1.182421, 1.4335, 1.547747, 1.55989, 1.522025, 1.488198, 1.451184, 1.209385, 1.105509, 0.97218, 0.910012], "mix_storage": [0.041572, 0.031334, 0.04103, 0.064596, 0.086833, 0.100486, 0.105365, 0.108722, 0.105884, 0.099089, 0.083776, 0.06116], "mix_s_tot": 0.115446}}, "nldas": null}, "pdf": "figures/732.pdf"}