{"id": 733, "name": "Zacatecas", "country": "Mexico", "level": "admin1", "continent": "North America", "metrics": {"solar_cf": 0.2511, "wind_cf": 0.1787, "solar_f_adj": 1.2588, "wind_f_adj": 1.7216, "mix_alpha": 0.85, "mix_f_adj": 1.2611, "solar_s_tot_pct": 10.9867, "wind_s_tot_pct": 18.9252, "mix_s_tot_pct": 10.0016, "solar_s_seasonal_pct": 9.8268, "solar_s_diurnal_pct": 1.1599, "wind_s_seasonal_pct": 18.1884, "wind_s_diurnal_pct": 0.7368, "solar_flaute_days": 1.625, "wind_flaute_days": 8.5, "solar_gap30d_max": 0.6257, "wind_gap30d_max": 0.7881, "solar_trend_pct_decade": 2.8667, "wind_trend_pct_decade": 12.1053}, "colocation": {"k": [0, 17, 35, 50], "storage_pct_cons": [10.0016, 3.1935, 1.0862, 0.7529], "pick": ["base", "wind", "wind", "wind"]}, "datasets": {"gldas": {"series_norm": {"months": [1, 2, 3, 4, 5, 6, 7, 8, 9, 10, 11, 12], "demand": [1.0, 1.0, 1.0, 1.0, 1.0, 1.0, 1.0, 1.0, 1.0, 1.0, 1.0, 1.0], "solar_supply": [0.946955, 1.149607, 1.376347, 1.515896, 1.579407, 1.480007, 1.400083, 1.369422, 1.200085, 1.156415, 1.019427, 0.907442], "wind_supply": [1.777999, 2.108025, 2.443024, 2.517429, 1.947137, 1.822946, 1.50044, 1.403986, 1.207843, 1.158915, 1.272658, 1.530258], "mix_supply": [1.00177, 1.210607, 1.440503, 1.567516, 1.558937, 1.460645, 1.357146, 1.320438, 1.154682, 1.112117, 1.00796, 0.940901], "mix_storage": [0.032741, 0.024616, 0.034962, 0.059121, 0.082115, 0.091391, 0.093028, 0.09433, 0.090281, 0.083064, 0.070395, 0.050337], "mix_s_tot": 0.100016}}, "nldas": null}, "pdf": "figures/733.pdf"}