{"id": 734, "name": "Aguascalientes", "country": "Mexico", "level": "admin1", "continent": "North America", "metrics": {"solar_cf": 0.2521, "wind_cf": 0.1706, "solar_f_adj": 1.2605, "wind_f_adj": 1.6832, "mix_alpha": 0.7, "mix_f_adj": 1.2883, "solar_s_tot_pct": 10.8867, "wind_s_tot_pct": 19.5094, "mix_s_tot_pct": 9.2339, "solar_s_seasonal_pct": 9.7478, "solar_s_diurnal_pct": 1.1389, "wind_s_seasonal_pct": 18.9673, "wind_s_diurnal_pct": 0.5421, "solar_flaute_days": 1.625, "wind_flaute_days": 10.125, "solar_gap30d_max": 0.6319, "wind_gap30d_max": 0.8393, "solar_trend_pct_decade": 2.9709, "wind_trend_pct_decade": 15.1803}, "colocation": {"k": [0, 17, 35, 50], "storage_pct_cons": [9.2339, 2.6454, 1.1917, 0.9723], "pick": ["base", "wind", "wind", "wind"]}, "datasets": {"gldas": {"series_norm": {"months": [1, 2, 3, 4, 5, 6, 7, 8, 9, 10, 11, 12], "demand": [1.0, 1.0, 1.0, 1.0, 1.0, 1.0, 1.0, 1.0, 1.0, 1.0, 1.0, 1.0], "solar_supply": [0.974989, 1.175357, 1.399484, 1.522424, 1.566857, 1.437612, 1.378856, 1.351867, 1.186426, 1.151936, 1.04367, 0.93407], "wind_supply": [1.813042, 2.017183, 2.303697, 2.326981, 1.755723, 1.656732, 1.244241, 1.337848, 1.40699, 1.48682, 1.393786, 1.486865], "mix_supply": [1.113837, 1.30406, 1.530195, 1.623496, 1.524115, 1.40892, 1.27217, 1.274354, 1.171869, 1.165525, 1.066706, 1.009668], "mix_storage": [0.041472, 0.041993, 0.056527, 0.076206, 0.08551, 0.087356, 0.084683, 0.083123, 0.077754, 0.073529, 0.065497, 0.051459], "mix_s_tot": 0.092339}}, "nldas": null}, "pdf": "figures/734.pdf"}