{"id": 735, "name": "Durango", "country": "Mexico", "level": "admin1", "continent": "North America", "metrics": {"solar_cf": 0.2483, "wind_cf": 0.1257, "solar_f_adj": 1.2539, "wind_f_adj": 1.8415, "mix_alpha": 0.9, "mix_f_adj": 1.2599, "solar_s_tot_pct": 12.0994, "wind_s_tot_pct": 32.2357, "mix_s_tot_pct": 11.3177, "solar_s_seasonal_pct": 10.1693, "solar_s_diurnal_pct": 1.9302, "wind_s_seasonal_pct": 32.1508, "wind_s_diurnal_pct": 0.0849, "solar_flaute_days": 0.875, "wind_flaute_days": 9.25, "solar_gap30d_max": 0.6312, "wind_gap30d_max": 0.9166, "solar_trend_pct_decade": 2.2774, "wind_trend_pct_decade": 11.7446}, "colocation": {"k": [0, 17, 35, 50], "storage_pct_cons": [11.3177, 4.6931, 1.5685, 1.0617], "pick": ["base", "wind", "wind", "wind"]}, "datasets": {"gldas": {"series_norm": {"months": [1, 2, 3, 4, 5, 6, 7, 8, 9, 10, 11, 12], "demand": [1.0, 1.0, 1.0, 1.0, 1.0, 1.0, 1.0, 1.0, 1.0, 1.0, 1.0, 1.0], "solar_supply": [0.917751, 1.119661, 1.355023, 1.537588, 1.629652, 1.522118, 1.386443, 1.354682, 1.189866, 1.159737, 0.994021, 0.875474], "wind_supply": [1.955474, 2.644785, 3.049333, 3.090257, 2.417709, 1.702092, 1.087886, 1.064537, 1.00537, 0.988904, 1.370937, 1.78486], "mix_supply": [0.963728, 1.19348, 1.434001, 1.601897, 1.639137, 1.492932, 1.328215, 1.297895, 1.144801, 1.116429, 0.992707, 0.913823], "mix_storage": [0.033067, 0.021502, 0.030036, 0.054305, 0.083824, 0.101071, 0.10394, 0.104704, 0.099244, 0.090489, 0.076637, 0.053638], "mix_s_tot": 0.113177}}, "nldas": null}, "pdf": "figures/735.pdf"}