{"id": 736, "name": "Ulaanbaatar", "country": "Mongolia", "level": "admin1", "continent": "Asia", "metrics": {"solar_cf": 0.1627, "wind_cf": 0.202, "solar_f_adj": 1.3515, "wind_f_adj": 2.3734, "mix_alpha": 1.0, "mix_f_adj": 1.3515, "solar_s_tot_pct": 22.2336, "wind_s_tot_pct": 36.5516, "mix_s_tot_pct": 22.2336, "solar_s_seasonal_pct": 20.9716, "solar_s_diurnal_pct": 1.262, "wind_s_seasonal_pct": 35.2696, "wind_s_diurnal_pct": 1.282, "solar_flaute_days": 2.625, "wind_flaute_days": 23.75, "solar_gap30d_max": 0.7335, "wind_gap30d_max": 0.9779, "solar_trend_pct_decade": -1.6624, "wind_trend_pct_decade": -38.5273}, "colocation": {"k": [0, 17, 35, 50], "storage_pct_cons": [22.2336, 19.1638, 15.9488, 13.7431], "pick": ["base", "wind", "wind", "wind"]}, "datasets": {"gldas": {"series_norm": {"months": [1, 2, 3, 4, 5, 6, 7, 8, 9, 10, 11, 12], "demand": [1.0, 1.0, 1.0, 1.0, 1.0, 1.0, 1.0, 1.0, 1.0, 1.0, 1.0, 1.0], "solar_supply": [0.597316, 0.953626, 1.406794, 1.791329, 2.055694, 2.097304, 1.992462, 1.782007, 1.440653, 0.972039, 0.624841, 0.485806], "wind_supply": [1.347076, 1.526831, 2.37817, 3.748552, 4.142691, 3.003289, 2.262458, 2.114522, 2.62539, 2.288162, 1.735846, 1.284977], "mix_supply": [0.597316, 0.953626, 1.406794, 1.791329, 2.055694, 2.097304, 1.992462, 1.782007, 1.440653, 0.972039, 0.624841, 0.485806], "mix_storage": [0.054545, 0.018329, 0.01532, 0.045881, 0.100666, 0.165261, 0.207634, 0.21844, 0.219493, 0.207144, 0.16683, 0.108689], "mix_s_tot": 0.222336}}, "nldas": null}, "pdf": "figures/736.pdf"}