{"id": 737, "name": "Tlaxcala", "country": "Mexico", "level": "admin1", "continent": "North America", "metrics": {"solar_cf": 0.238, "wind_cf": 0.0983, "solar_f_adj": 1.2807, "wind_f_adj": 1.6302, "mix_alpha": 0.75, "mix_f_adj": 1.2744, "solar_s_tot_pct": 9.3001, "wind_s_tot_pct": 23.4802, "mix_s_tot_pct": 7.3359, "solar_s_seasonal_pct": 8.3221, "solar_s_diurnal_pct": 0.978, "wind_s_seasonal_pct": 21.6201, "wind_s_diurnal_pct": 1.8601, "solar_flaute_days": 1.875, "wind_flaute_days": 9.875, "solar_gap30d_max": 0.6219, "wind_gap30d_max": 0.8772, "solar_trend_pct_decade": 4.5648, "wind_trend_pct_decade": -11.5861}, "colocation": {"k": [0, 17, 35, 50], "storage_pct_cons": [7.3359, 2.7104, 1.9578, 1.6184], "pick": ["base", "solar", "solar", "wind"]}, "datasets": {"gldas": {"series_norm": {"months": [1, 2, 3, 4, 5, 6, 7, 8, 9, 10, 11, 12], "demand": [1.0, 1.0, 1.0, 1.0, 1.0, 1.0, 1.0, 1.0, 1.0, 1.0, 1.0, 1.0], "solar_supply": [1.082826, 1.27634, 1.440451, 1.509073, 1.523522, 1.380269, 1.35504, 1.333231, 1.143864, 1.161803, 1.106762, 1.055111], "wind_supply": [2.175422, 2.247031, 2.303558, 1.874143, 1.249714, 1.171258, 0.954493, 1.086257, 1.155943, 1.898086, 1.812918, 1.671692], "mix_supply": [1.233281, 1.391698, 1.525223, 1.492514, 1.381261, 1.259016, 1.197824, 1.207299, 1.079592, 1.238021, 1.180299, 1.11415], "mix_storage": [0.038919, 0.042811, 0.055307, 0.065458, 0.06813, 0.066538, 0.061674, 0.060299, 0.051777, 0.049111, 0.048166, 0.042461], "mix_s_tot": 0.073359}}, "nldas": null}, "pdf": "figures/737.pdf"}