{"id": 738, "name": "Distrito Federal", "country": "Mexico", "level": "admin1", "continent": "North America", "metrics": {"solar_cf": 0.2451, "wind_cf": 0.0599, "solar_f_adj": 1.3145, "wind_f_adj": 3.2055, "mix_alpha": 1.0, "mix_f_adj": 1.3145, "solar_s_tot_pct": 8.1886, "wind_s_tot_pct": 21.7818, "mix_s_tot_pct": 8.1886, "solar_s_seasonal_pct": 7.3649, "solar_s_diurnal_pct": 0.8237, "wind_s_seasonal_pct": 21.4775, "wind_s_diurnal_pct": 0.3043, "solar_flaute_days": 2.625, "wind_flaute_days": 11.875, "solar_gap30d_max": 0.6259, "wind_gap30d_max": 0.9655, "solar_trend_pct_decade": 4.085, "wind_trend_pct_decade": -32.1594}, "colocation": {"k": [0, 17, 35, 50], "storage_pct_cons": [8.1886, 2.7164, 1.6984, 1.2869], "pick": ["base", "wind", "wind", "wind"]}, "datasets": {"gldas": {"series_norm": {"months": [1, 2, 3, 4, 5, 6, 7, 8, 9, 10, 11, 12], "demand": [1.0, 1.0, 1.0, 1.0, 1.0, 1.0, 1.0, 1.0, 1.0, 1.0, 1.0, 1.0], "solar_supply": [1.11589, 1.331718, 1.5046, 1.574827, 1.554089, 1.39019, 1.375945, 1.348448, 1.186271, 1.184303, 1.135895, 1.074707], "wind_supply": [4.245072, 4.659581, 4.900881, 3.759787, 2.313359, 2.060706, 1.383886, 1.766258, 2.187567, 4.075441, 3.825847, 3.384473], "mix_supply": [1.11589, 1.331718, 1.5046, 1.574827, 1.554089, 1.39019, 1.375945, 1.348448, 1.186271, 1.184303, 1.135895, 1.074707], "mix_storage": [0.040407, 0.038662, 0.052533, 0.067804, 0.075234, 0.076516, 0.07617, 0.077619, 0.073578, 0.068416, 0.061771, 0.05155], "mix_s_tot": 0.081886}}, "nldas": null}, "pdf": "figures/738.pdf"}