{"id": 739, "name": "Al Jifarah", "country": "Libya", "level": "admin1", "continent": "Africa", "metrics": {"solar_cf": 0.2213, "wind_cf": 0.3754, "solar_f_adj": 1.2511, "wind_f_adj": 1.3519, "mix_alpha": 0.15, "mix_f_adj": 1.3012, "solar_s_tot_pct": 21.6404, "wind_s_tot_pct": 10.1541, "mix_s_tot_pct": 9.7509, "solar_s_seasonal_pct": 20.9795, "solar_s_diurnal_pct": 0.6608, "wind_s_seasonal_pct": 9.1947, "wind_s_diurnal_pct": 0.9594, "solar_flaute_days": 2.75, "wind_flaute_days": 8.125, "solar_gap30d_max": 0.6938, "wind_gap30d_max": 0.6851, "solar_trend_pct_decade": 2.2335, "wind_trend_pct_decade": 2.0137}, "colocation": {"k": [0, 17, 35, 50], "storage_pct_cons": [9.7509, 5.5073, 3.7445, 2.9686], "pick": ["base", "solar", "solar", "solar"]}, "datasets": {"gldas": {"series_norm": {"months": [1, 2, 3, 4, 5, 6, 7, 8, 9, 10, 11, 12], "demand": [1.0, 1.0, 1.0, 1.0, 1.0, 1.0, 1.0, 1.0, 1.0, 1.0, 1.0, 1.0], "solar_supply": [0.708883, 0.914867, 1.213444, 1.479776, 1.650406, 1.796714, 1.811879, 1.656432, 1.356838, 1.010904, 0.764086, 0.63153], "wind_supply": [1.518787, 1.477275, 1.512567, 1.590836, 1.56309, 1.381249, 1.188263, 1.127431, 1.197723, 1.053985, 1.220099, 1.402008], "mix_supply": [1.353178, 1.351351, 1.426806, 1.532393, 1.536312, 1.410366, 1.254842, 1.180821, 1.19159, 1.020022, 1.117421, 1.245568], "mix_storage": [0.073915, 0.076193, 0.081276, 0.088699, 0.093326, 0.094747, 0.09428, 0.09213, 0.090508, 0.083507, 0.073229, 0.073578], "mix_s_tot": 0.097509}}, "nldas": null}, "pdf": "figures/739.pdf"}