{"id": 74, "name": "Central African Republic", "country": "Central African Republic", "level": "admin0", "continent": "Africa", "metrics": {"solar_cf": 0.2383, "wind_cf": 0.0214, "solar_f_adj": 1.2512, "wind_f_adj": 2.6105, "mix_alpha": 1.0, "mix_f_adj": 1.2512, "solar_s_tot_pct": 9.5635, "wind_s_tot_pct": 57.3141, "mix_s_tot_pct": 9.5635, "solar_s_seasonal_pct": 6.3798, "solar_s_diurnal_pct": 3.1836, "wind_s_seasonal_pct": 56.2253, "wind_s_diurnal_pct": 1.0888, "solar_flaute_days": 0.75, "wind_flaute_days": 49.75, "solar_gap30d_max": 0.5912, "wind_gap30d_max": 1.0, "solar_trend_pct_decade": 1.7648, "wind_trend_pct_decade": 12.9445}, "colocation": {"k": [0, 17, 35, 50], "storage_pct_cons": [9.5635, 4.2015, 1.6306, 1.2174], "pick": ["base", "wind", "wind", "wind"]}, "datasets": {"gldas": {"series_norm": {"months": [1, 2, 3, 4, 5, 6, 7, 8, 9, 10, 11, 12], "demand": [1.0, 1.0, 1.0, 1.0, 1.0, 1.0, 1.0, 1.0, 1.0, 1.0, 1.0, 1.0], "solar_supply": [1.383611, 1.406541, 1.355047, 1.289683, 1.230724, 1.160924, 1.115171, 1.118389, 1.170371, 1.181242, 1.280036, 1.332678], "wind_supply": [6.520398, 5.215734, 3.994588, 4.280003, 2.461148, 1.502918, 0.748315, 0.605582, 0.140929, 0.209233, 1.303722, 4.470904], "mix_supply": [1.383611, 1.406541, 1.355047, 1.289683, 1.230724, 1.160924, 1.115171, 1.118389, 1.170371, 1.181242, 1.280036, 1.332678], "mix_storage": [0.049931, 0.05872, 0.064537, 0.068163, 0.067801, 0.064317, 0.056325, 0.046711, 0.040139, 0.035655, 0.034488, 0.039439], "mix_s_tot": 0.095635}}, "nldas": null}, "pdf": "figures/74.pdf"}