{"id": 740, "name": "Mizdah", "country": "Libya", "level": "admin1", "continent": "Africa", "metrics": {"solar_cf": 0.2356, "wind_cf": 0.3707, "solar_f_adj": 1.2579, "wind_f_adj": 1.4928, "mix_alpha": 0.05, "mix_f_adj": 1.4598, "solar_s_tot_pct": 19.7148, "wind_s_tot_pct": 14.0129, "mix_s_tot_pct": 13.9601, "solar_s_seasonal_pct": 19.1974, "solar_s_diurnal_pct": 0.5174, "wind_s_seasonal_pct": 13.8837, "wind_s_diurnal_pct": 0.1291, "solar_flaute_days": 0.875, "wind_flaute_days": 7.125, "solar_gap30d_max": 0.6655, "wind_gap30d_max": 0.7816, "solar_trend_pct_decade": 2.7594, "wind_trend_pct_decade": 14.4115}, "colocation": {"k": [0, 17, 35, 50], "storage_pct_cons": [13.9601, 9.7866, 6.0493, 3.7049], "pick": ["base", "solar", "solar", "solar"]}, "datasets": {"gldas": {"series_norm": {"months": [1, 2, 3, 4, 5, 6, 7, 8, 9, 10, 11, 12], "demand": [1.0, 1.0, 1.0, 1.0, 1.0, 1.0, 1.0, 1.0, 1.0, 1.0, 1.0, 1.0], "solar_supply": [0.785047, 0.996163, 1.269763, 1.478, 1.583619, 1.699422, 1.728319, 1.593617, 1.360594, 1.059651, 0.824058, 0.704007], "wind_supply": [1.492439, 1.549995, 1.65993, 1.872262, 1.825511, 1.671584, 1.432535, 1.353641, 1.348372, 1.182699, 1.18049, 1.352129], "mix_supply": [1.432038, 1.497757, 1.615763, 1.825104, 1.7878, 1.65152, 1.431119, 1.35001, 1.331594, 1.160221, 1.144498, 1.296986], "mix_storage": [0.113615, 0.115727, 0.119449, 0.125861, 0.133548, 0.137182, 0.137078, 0.135786, 0.13381, 0.128437, 0.116759, 0.113041], "mix_s_tot": 0.139601}}, "nldas": null}, "pdf": "figures/740.pdf"}