{"id": 741, "name": "Al Jufrah", "country": "Libya", "level": "admin1", "continent": "Africa", "metrics": {"solar_cf": 0.244, "wind_cf": 0.3471, "solar_f_adj": 1.2464, "wind_f_adj": 1.6715, "mix_alpha": 0.25, "mix_f_adj": 1.4531, "solar_s_tot_pct": 15.5743, "wind_s_tot_pct": 13.2731, "mix_s_tot_pct": 13.0212, "solar_s_seasonal_pct": 14.5684, "solar_s_diurnal_pct": 1.0059, "wind_s_seasonal_pct": 12.986, "wind_s_diurnal_pct": 0.287, "solar_flaute_days": 0.75, "wind_flaute_days": 13.75, "solar_gap30d_max": 0.6393, "wind_gap30d_max": 0.762, "solar_trend_pct_decade": 1.9648, "wind_trend_pct_decade": 24.0902}, "colocation": {"k": [0, 17, 35, 50], "storage_pct_cons": [13.0212, 8.3831, 4.526, 2.4227], "pick": ["base", "wind", "solar", "solar"]}, "datasets": {"gldas": {"series_norm": {"months": [1, 2, 3, 4, 5, 6, 7, 8, 9, 10, 11, 12], "demand": [1.0, 1.0, 1.0, 1.0, 1.0, 1.0, 1.0, 1.0, 1.0, 1.0, 1.0, 1.0], "solar_supply": [0.828391, 1.024612, 1.280351, 1.431467, 1.518322, 1.616694, 1.624462, 1.529924, 1.347823, 1.100418, 0.876399, 0.767093], "wind_supply": [1.48215, 1.606984, 1.842686, 2.129429, 2.086554, 1.915996, 1.851794, 1.698378, 1.559266, 1.38012, 1.162372, 1.338844], "mix_supply": [1.207795, 1.346376, 1.574589, 1.805588, 1.802948, 1.720416, 1.680821, 1.553241, 1.409466, 1.220556, 1.013293, 1.096494], "mix_storage": [0.094822, 0.094039, 0.097576, 0.106772, 0.118901, 0.125992, 0.128564, 0.129158, 0.128067, 0.124431, 0.112838, 0.101754], "mix_s_tot": 0.130212}}, "nldas": null}, "pdf": "figures/741.pdf"}