{"id": 742, "name": "Sabha", "country": "Libya", "level": "admin1", "continent": "Africa", "metrics": {"solar_cf": 0.2472, "wind_cf": 0.362, "solar_f_adj": 1.2524, "wind_f_adj": 1.635, "mix_alpha": 0.0, "mix_f_adj": 1.635, "solar_s_tot_pct": 16.0628, "wind_s_tot_pct": 10.9962, "mix_s_tot_pct": 10.9962, "solar_s_seasonal_pct": 15.182, "solar_s_diurnal_pct": 0.8808, "wind_s_seasonal_pct": 10.832, "wind_s_diurnal_pct": 0.1642, "solar_flaute_days": 1.625, "wind_flaute_days": 7.125, "solar_gap30d_max": 0.6399, "wind_gap30d_max": 0.7175, "solar_trend_pct_decade": 2.1363, "wind_trend_pct_decade": 20.2543}, "colocation": {"k": [0, 17, 35, 50], "storage_pct_cons": [10.9962, 6.6905, 3.5905, 2.0359], "pick": ["base", "solar", "solar", "solar"]}, "datasets": {"gldas": {"series_norm": {"months": [1, 2, 3, 4, 5, 6, 7, 8, 9, 10, 11, 12], "demand": [1.0, 1.0, 1.0, 1.0, 1.0, 1.0, 1.0, 1.0, 1.0, 1.0, 1.0, 1.0], "solar_supply": [0.844077, 1.040428, 1.2907, 1.434438, 1.502985, 1.615212, 1.62639, 1.527577, 1.354092, 1.119075, 0.893037, 0.771113], "wind_supply": [1.281619, 1.508977, 1.795074, 2.072632, 2.091284, 1.946934, 1.816751, 1.693507, 1.56472, 1.440446, 1.207934, 1.197083], "mix_supply": [1.281619, 1.508977, 1.795074, 2.072632, 2.091284, 1.946934, 1.816751, 1.693507, 1.56472, 1.440446, 1.207934, 1.197083], "mix_storage": [0.080878, 0.080504, 0.085552, 0.096713, 0.107332, 0.109454, 0.109374, 0.109388, 0.10747, 0.105203, 0.098574, 0.08854], "mix_s_tot": 0.109962}}, "nldas": null}, "pdf": "figures/742.pdf"}