{"id": 743, "name": "Wadi al Hayaa", "country": "Libya", "level": "admin1", "continent": "Africa", "metrics": {"solar_cf": 0.2489, "wind_cf": 0.3754, "solar_f_adj": 1.2437, "wind_f_adj": 1.3825, "mix_alpha": 0.25, "mix_f_adj": 1.2839, "solar_s_tot_pct": 15.4117, "wind_s_tot_pct": 11.7309, "mix_s_tot_pct": 11.5624, "solar_s_seasonal_pct": 14.5035, "solar_s_diurnal_pct": 0.9082, "wind_s_seasonal_pct": 11.5489, "wind_s_diurnal_pct": 0.182, "solar_flaute_days": 0.875, "wind_flaute_days": 7.75, "solar_gap30d_max": 0.6385, "wind_gap30d_max": 0.6251, "solar_trend_pct_decade": 1.8659, "wind_trend_pct_decade": 6.5218}, "colocation": {"k": [0, 17, 35, 50], "storage_pct_cons": [11.5624, 4.7515, 2.4802, 1.8709], "pick": ["base", "wind", "solar", "solar"]}, "datasets": {"gldas": {"series_norm": {"months": [1, 2, 3, 4, 5, 6, 7, 8, 9, 10, 11, 12], "demand": [1.0, 1.0, 1.0, 1.0, 1.0, 1.0, 1.0, 1.0, 1.0, 1.0, 1.0, 1.0], "solar_supply": [0.852209, 1.045455, 1.286428, 1.428601, 1.486901, 1.572328, 1.603689, 1.497622, 1.352592, 1.115697, 0.892722, 0.780804], "wind_supply": [1.110978, 1.34892, 1.574591, 1.693155, 1.741363, 1.571591, 1.517602, 1.390854, 1.286089, 1.236037, 1.0488, 1.069133], "mix_supply": [0.993787, 1.209398, 1.428781, 1.548059, 1.596685, 1.500481, 1.47097, 1.35531, 1.244906, 1.148901, 0.960935, 0.946212], "mix_storage": [0.067761, 0.066122, 0.07942, 0.095307, 0.107978, 0.113306, 0.114481, 0.114598, 0.112752, 0.109772, 0.098499, 0.083409], "mix_s_tot": 0.115624}}, "nldas": null}, "pdf": "figures/743.pdf"}