{"id": 744, "name": "Aqmola", "country": "Kazakhstan", "level": "admin1", "continent": "Asia", "metrics": {"solar_cf": 0.1421, "wind_cf": 0.4234, "solar_f_adj": 1.3107, "wind_f_adj": 1.3907, "mix_alpha": 0.15, "mix_f_adj": 1.3162, "solar_s_tot_pct": 30.7757, "wind_s_tot_pct": 16.6027, "mix_s_tot_pct": 12.0997, "solar_s_seasonal_pct": 29.6908, "solar_s_diurnal_pct": 1.0849, "wind_s_seasonal_pct": 16.2663, "wind_s_diurnal_pct": 0.3364, "solar_flaute_days": 1.75, "wind_flaute_days": 7.75, "solar_gap30d_max": 0.8135, "wind_gap30d_max": 0.6906, "solar_trend_pct_decade": 0.3151, "wind_trend_pct_decade": 8.7067}, "colocation": {"k": [0, 17, 35, 50], "storage_pct_cons": [12.0997, 3.7176, 2.9837, 2.3807], "pick": ["base", "solar", "solar", "solar"]}, "datasets": {"gldas": {"series_norm": {"months": [1, 2, 3, 4, 5, 6, 7, 8, 9, 10, 11, 12], "demand": [1.0, 1.0, 1.0, 1.0, 1.0, 1.0, 1.0, 1.0, 1.0, 1.0, 1.0, 1.0], "solar_supply": [0.423047, 0.797442, 1.321719, 1.740866, 2.1557, 2.290544, 2.206588, 1.908012, 1.341052, 0.771822, 0.420576, 0.32342], "wind_supply": [1.57926, 1.500512, 1.608757, 1.459059, 1.383741, 1.157136, 1.052231, 1.02663, 1.186027, 1.41115, 1.667814, 1.663548], "mix_supply": [1.334126, 1.327171, 1.493215, 1.435926, 1.437821, 1.275845, 1.17881, 1.113243, 1.156069, 1.251426, 1.404988, 1.386923], "mix_storage": [0.099811, 0.099542, 0.105329, 0.111414, 0.113623, 0.112218, 0.106401, 0.097485, 0.090955, 0.086226, 0.08994, 0.093077], "mix_s_tot": 0.120997}}, "nldas": null}, "pdf": "figures/744.pdf"}