{"id": 745, "name": "Qaraghandy", "country": "Kazakhstan", "level": "admin1", "continent": "Asia", "metrics": {"solar_cf": 0.1644, "wind_cf": 0.4274, "solar_f_adj": 1.2833, "wind_f_adj": 1.3187, "mix_alpha": 0.05, "mix_f_adj": 1.3015, "solar_s_tot_pct": 28.4244, "wind_s_tot_pct": 11.0945, "mix_s_tot_pct": 10.9028, "solar_s_seasonal_pct": 27.3512, "solar_s_diurnal_pct": 1.0732, "wind_s_seasonal_pct": 10.8219, "wind_s_diurnal_pct": 0.2725, "solar_flaute_days": 0.875, "wind_flaute_days": 6.75, "solar_gap30d_max": 0.775, "wind_gap30d_max": 0.6086, "solar_trend_pct_decade": 0.0046, "wind_trend_pct_decade": 6.5731}, "colocation": {"k": [0, 17, 35, 50], "storage_pct_cons": [10.9028, 5.8101, 3.6582, 3.0075], "pick": ["base", "solar", "solar", "solar"]}, "datasets": {"gldas": {"series_norm": {"months": [1, 2, 3, 4, 5, 6, 7, 8, 9, 10, 11, 12], "demand": [1.0, 1.0, 1.0, 1.0, 1.0, 1.0, 1.0, 1.0, 1.0, 1.0, 1.0, 1.0], "solar_supply": [0.482269, 0.804924, 1.22037, 1.630989, 2.017437, 2.143126, 2.085218, 1.866795, 1.406106, 0.852724, 0.487219, 0.377123], "wind_supply": [1.294883, 1.28144, 1.426275, 1.462621, 1.433582, 1.272729, 1.221169, 1.258438, 1.234254, 1.28873, 1.330992, 1.316775], "mix_supply": [1.23859, 1.242347, 1.399218, 1.454119, 1.446488, 1.30204, 1.250758, 1.274627, 1.228589, 1.251606, 1.272698, 1.253785], "mix_storage": [0.086702, 0.087234, 0.092667, 0.099889, 0.103583, 0.103794, 0.102407, 0.099788, 0.097385, 0.093675, 0.091245, 0.087117], "mix_s_tot": 0.109028}}, "nldas": null}, "pdf": "figures/745.pdf"}