{"id": 746, "name": "Markazi", "country": "Iran", "level": "admin1", "continent": "Asia", "metrics": {"solar_cf": 0.215, "wind_cf": 0.1857, "solar_f_adj": 1.2782, "wind_f_adj": 1.7367, "mix_alpha": 0.85, "mix_f_adj": 1.2914, "solar_s_tot_pct": 21.2509, "wind_s_tot_pct": 45.8348, "mix_s_tot_pct": 18.106, "solar_s_seasonal_pct": 19.9846, "solar_s_diurnal_pct": 1.2663, "wind_s_seasonal_pct": 44.8624, "wind_s_diurnal_pct": 0.9725, "solar_flaute_days": 0.875, "wind_flaute_days": 16.625, "solar_gap30d_max": 0.6957, "wind_gap30d_max": 0.9614, "solar_trend_pct_decade": 0.3748, "wind_trend_pct_decade": 5.9188}, "colocation": {"k": [0, 17, 35, 50], "storage_pct_cons": [18.106, 13.2441, 10.4582, 8.8792], "pick": ["base", "solar", "wind", "wind"]}, "datasets": {"gldas": {"series_norm": {"months": [1, 2, 3, 4, 5, 6, 7, 8, 9, 10, 11, 12], "demand": [1.0, 1.0, 1.0, 1.0, 1.0, 1.0, 1.0, 1.0, 1.0, 1.0, 1.0, 1.0], "solar_supply": [0.702789, 0.919169, 1.177936, 1.405456, 1.680682, 1.914835, 1.846028, 1.725714, 1.490684, 1.078961, 0.757403, 0.621503], "wind_supply": [1.500932, 1.905748, 2.40403, 2.249476, 2.086699, 1.948571, 2.184367, 1.665842, 1.252285, 1.3037, 1.087525, 1.252484], "mix_supply": [0.770934, 1.001904, 1.279699, 1.457843, 1.676039, 1.861712, 1.828924, 1.667768, 1.419808, 1.071974, 0.771723, 0.673418], "mix_storage": [0.063922, 0.039392, 0.035601, 0.050282, 0.076458, 0.115484, 0.153611, 0.174008, 0.178121, 0.172406, 0.144273, 0.101567], "mix_s_tot": 0.18106}}, "nldas": null}, "pdf": "figures/746.pdf"}