{"id": 747, "name": "Esfahan", "country": "Iran", "level": "admin1", "continent": "Asia", "metrics": {"solar_cf": 0.2245, "wind_cf": 0.1825, "solar_f_adj": 1.2597, "wind_f_adj": 1.7756, "mix_alpha": 0.95, "mix_f_adj": 1.2602, "solar_s_tot_pct": 17.5611, "wind_s_tot_pct": 39.9148, "mix_s_tot_pct": 17.1857, "solar_s_seasonal_pct": 15.0833, "solar_s_diurnal_pct": 2.4778, "wind_s_seasonal_pct": 38.8121, "wind_s_diurnal_pct": 1.1027, "solar_flaute_days": 1.625, "wind_flaute_days": 16.375, "solar_gap30d_max": 0.6765, "wind_gap30d_max": 0.979, "solar_trend_pct_decade": 0.0145, "wind_trend_pct_decade": -8.3347}, "colocation": {"k": [0, 17, 35, 50], "storage_pct_cons": [17.1857, 13.4351, 9.8927, 8.3155], "pick": ["base", "wind", "wind", "wind"]}, "datasets": {"gldas": {"series_norm": {"months": [1, 2, 3, 4, 5, 6, 7, 8, 9, 10, 11, 12], "demand": [1.0, 1.0, 1.0, 1.0, 1.0, 1.0, 1.0, 1.0, 1.0, 1.0, 1.0, 1.0], "solar_supply": [0.743738, 0.960785, 1.202067, 1.393537, 1.633747, 1.807138, 1.737922, 1.642859, 1.431926, 1.093813, 0.78654, 0.668303], "wind_supply": [1.21903, 1.75687, 2.130515, 2.0944, 2.096059, 2.50108, 2.927955, 2.248651, 1.470035, 1.049943, 0.875506, 0.930063], "mix_supply": [0.750048, 0.975397, 1.217952, 1.398628, 1.626964, 1.806113, 1.755483, 1.641038, 1.412954, 1.076731, 0.778533, 0.668106], "mix_storage": [0.052629, 0.024877, 0.016571, 0.025551, 0.048795, 0.087843, 0.129928, 0.159173, 0.168351, 0.16371, 0.135722, 0.092503], "mix_s_tot": 0.171857}}, "nldas": null}, "pdf": "figures/747.pdf"}