{"id": 748, "name": "Chahar Mahall and Bakhtiari", "country": "Iran", "level": "admin1", "continent": "Asia", "metrics": {"solar_cf": 0.2273, "wind_cf": 0.1253, "solar_f_adj": 1.2643, "wind_f_adj": 2.8053, "mix_alpha": 0.9, "mix_f_adj": 1.3061, "solar_s_tot_pct": 19.9545, "wind_s_tot_pct": 33.724, "mix_s_tot_pct": 17.0221, "solar_s_seasonal_pct": 18.6966, "solar_s_diurnal_pct": 1.2579, "wind_s_seasonal_pct": 33.2496, "wind_s_diurnal_pct": 0.4744, "solar_flaute_days": 1.875, "wind_flaute_days": 17.5, "solar_gap30d_max": 0.6943, "wind_gap30d_max": 0.9806, "solar_trend_pct_decade": -0.5344, "wind_trend_pct_decade": -55.1877}, "colocation": {"k": [0, 17, 35, 50], "storage_pct_cons": [17.0221, 11.8049, 8.2085, 6.2408], "pick": ["base", "wind", "wind", "wind"]}, "datasets": {"gldas": {"series_norm": {"months": [1, 2, 3, 4, 5, 6, 7, 8, 9, 10, 11, 12], "demand": [1.0, 1.0, 1.0, 1.0, 1.0, 1.0, 1.0, 1.0, 1.0, 1.0, 1.0, 1.0], "solar_supply": [0.728465, 0.932711, 1.173589, 1.373125, 1.674018, 1.845016, 1.764708, 1.647538, 1.452721, 1.112835, 0.781849, 0.668642], "wind_supply": [2.48537, 2.784248, 3.260641, 3.525226, 3.650244, 3.159352, 3.230584, 2.759191, 2.33457, 2.154168, 2.038423, 2.27416], "mix_supply": [0.792959, 0.99676, 1.242881, 1.440707, 1.726265, 1.862386, 1.79104, 1.660162, 1.459273, 1.134885, 0.821781, 0.727508], "mix_storage": [0.061155, 0.036776, 0.030538, 0.041833, 0.068765, 0.107119, 0.137386, 0.154364, 0.161359, 0.158794, 0.13497, 0.096544], "mix_s_tot": 0.170221}}, "nldas": null}, "pdf": "figures/748.pdf"}