{"id": 749, "name": "Kohgiluyeh and Buyer Ahmad", "country": "Iran", "level": "admin1", "continent": "Asia", "metrics": {"solar_cf": 0.2295, "wind_cf": 0.1485, "solar_f_adj": 1.2644, "wind_f_adj": 4.4578, "mix_alpha": 0.85, "mix_f_adj": 1.371, "solar_s_tot_pct": 17.4764, "wind_s_tot_pct": 25.0023, "mix_s_tot_pct": 16.7574, "solar_s_seasonal_pct": 16.4698, "solar_s_diurnal_pct": 1.0066, "wind_s_seasonal_pct": 23.275, "wind_s_diurnal_pct": 1.7274, "solar_flaute_days": 2.75, "wind_flaute_days": 18.875, "solar_gap30d_max": 0.6935, "wind_gap30d_max": 0.9494, "solar_trend_pct_decade": -0.6953, "wind_trend_pct_decade": -62.6942}, "colocation": {"k": [0, 17, 35, 50], "storage_pct_cons": [16.7574, 10.9211, 6.75, 3.8133], "pick": ["base", "wind", "wind", "wind"]}, "datasets": {"gldas": {"series_norm": {"months": [1, 2, 3, 4, 5, 6, 7, 8, 9, 10, 11, 12], "demand": [1.0, 1.0, 1.0, 1.0, 1.0, 1.0, 1.0, 1.0, 1.0, 1.0, 1.0, 1.0], "solar_supply": [0.752583, 0.951441, 1.184555, 1.364168, 1.656342, 1.818855, 1.736718, 1.625239, 1.44448, 1.127758, 0.799726, 0.694428], "wind_supply": [3.176544, 3.25873, 4.18188, 4.68735, 5.971713, 6.28614, 5.93387, 5.362784, 5.094235, 4.109386, 2.773648, 2.58313], "mix_supply": [0.840212, 1.027293, 1.284746, 1.473617, 1.80217, 1.966466, 1.874508, 1.74541, 1.566412, 1.229051, 0.865077, 0.759233], "mix_storage": [0.072065, 0.050876, 0.047555, 0.059011, 0.081991, 0.115328, 0.141252, 0.155359, 0.160018, 0.158935, 0.139473, 0.104028], "mix_s_tot": 0.167574}}, "nldas": null}, "pdf": "figures/749.pdf"}