{"id": 75, "name": "Djibouti", "country": "Djibouti", "level": "admin0", "continent": "Africa", "metrics": {"solar_cf": 0.2691, "wind_cf": 0.3415, "solar_f_adj": 1.2511, "wind_f_adj": 1.82, "mix_alpha": 0.95, "mix_f_adj": 1.264, "solar_s_tot_pct": 5.8872, "wind_s_tot_pct": 24.0161, "mix_s_tot_pct": 5.0, "solar_s_seasonal_pct": 4.3641, "solar_s_diurnal_pct": 1.523, "wind_s_seasonal_pct": 23.29, "wind_s_diurnal_pct": 0.7261, "solar_flaute_days": 0.75, "wind_flaute_days": 16.25, "solar_gap30d_max": 0.5899, "wind_gap30d_max": 0.8733, "solar_trend_pct_decade": 3.1201, "wind_trend_pct_decade": 24.5871}, "colocation": {"k": [0, 17, 35, 50], "storage_pct_cons": [5.0, 0.8722, 0.5819, 0.4713], "pick": ["base", "wind", "wind", "wind"]}, "datasets": {"gldas": {"series_norm": {"months": [1, 2, 3, 4, 5, 6, 7, 8, 9, 10, 11, 12], "demand": [1.0, 1.0, 1.0, 1.0, 1.0, 1.0, 1.0, 1.0, 1.0, 1.0, 1.0, 1.0], "solar_supply": [1.123478, 1.24932, 1.335305, 1.355252, 1.356117, 1.302489, 1.224262, 1.241719, 1.259732, 1.273513, 1.185101, 1.109276], "wind_supply": [2.385548, 2.439239, 2.432835, 2.157863, 1.166013, 1.117097, 1.742174, 1.335542, 0.801465, 1.695552, 2.293927, 2.299106], "mix_supply": [1.161165, 1.283814, 1.366121, 1.375718, 1.342108, 1.288937, 1.235558, 1.238194, 1.236938, 1.281211, 1.21713, 1.144532], "mix_storage": [0.035365, 0.034331, 0.037489, 0.041201, 0.044019, 0.045728, 0.044555, 0.042309, 0.041499, 0.041368, 0.041944, 0.039005], "mix_s_tot": 0.05}}, "nldas": null}, "pdf": "figures/75.pdf"}