{"id": 750, "name": "Fars", "country": "Iran", "level": "admin1", "continent": "Asia", "metrics": {"solar_cf": 0.2362, "wind_cf": 0.2023, "solar_f_adj": 1.2405, "wind_f_adj": 2.7379, "mix_alpha": 1.0, "mix_f_adj": 1.2405, "solar_s_tot_pct": 15.4529, "wind_s_tot_pct": 32.8961, "mix_s_tot_pct": 15.4529, "solar_s_seasonal_pct": 14.155, "solar_s_diurnal_pct": 1.298, "wind_s_seasonal_pct": 31.6264, "wind_s_diurnal_pct": 1.2697, "solar_flaute_days": 1.75, "wind_flaute_days": 17.625, "solar_gap30d_max": 0.6647, "wind_gap30d_max": 0.9648, "solar_trend_pct_decade": -0.1301, "wind_trend_pct_decade": -49.359}, "colocation": {"k": [0, 17, 35, 50], "storage_pct_cons": [15.4529, 10.3747, 6.2578, 4.5566], "pick": ["base", "wind", "wind", "wind"]}, "datasets": {"gldas": {"series_norm": {"months": [1, 2, 3, 4, 5, 6, 7, 8, 9, 10, 11, 12], "demand": [1.0, 1.0, 1.0, 1.0, 1.0, 1.0, 1.0, 1.0, 1.0, 1.0, 1.0, 1.0], "solar_supply": [0.791543, 0.974287, 1.195246, 1.379276, 1.602409, 1.70696, 1.618003, 1.535286, 1.382115, 1.121494, 0.836181, 0.730748], "wind_supply": [2.024378, 2.68965, 3.382081, 3.539487, 3.910612, 3.416369, 3.352175, 2.961878, 2.391589, 1.915647, 1.67959, 1.588921], "mix_supply": [0.791543, 0.974287, 1.195246, 1.379276, 1.602409, 1.70696, 1.618003, 1.535286, 1.382115, 1.121494, 0.836181, 0.730748], "mix_storage": [0.041335, 0.015025, 0.005886, 0.011832, 0.034094, 0.068792, 0.101849, 0.126377, 0.139815, 0.138706, 0.11574, 0.077644], "mix_s_tot": 0.154529}}, "nldas": null}, "pdf": "figures/750.pdf"}