{"id": 751, "name": "Kerman", "country": "Iran", "level": "admin1", "continent": "Asia", "metrics": {"solar_cf": 0.2367, "wind_cf": 0.242, "solar_f_adj": 1.2424, "wind_f_adj": 1.5382, "mix_alpha": 0.9, "mix_f_adj": 1.2405, "solar_s_tot_pct": 15.0639, "wind_s_tot_pct": 24.5691, "mix_s_tot_pct": 14.1439, "solar_s_seasonal_pct": 13.8755, "solar_s_diurnal_pct": 1.1884, "wind_s_seasonal_pct": 24.0731, "wind_s_diurnal_pct": 0.4961, "solar_flaute_days": 0.875, "wind_flaute_days": 10.25, "solar_gap30d_max": 0.6506, "wind_gap30d_max": 0.8368, "solar_trend_pct_decade": 0.104, "wind_trend_pct_decade": -3.3537}, "colocation": {"k": [0, 17, 35, 50], "storage_pct_cons": [14.1439, 9.2608, 5.8594, 3.8332], "pick": ["base", "wind", "wind", "wind"]}, "datasets": {"gldas": {"series_norm": {"months": [1, 2, 3, 4, 5, 6, 7, 8, 9, 10, 11, 12], "demand": [1.0, 1.0, 1.0, 1.0, 1.0, 1.0, 1.0, 1.0, 1.0, 1.0, 1.0, 1.0], "solar_supply": [0.802513, 0.982431, 1.202072, 1.401254, 1.581343, 1.650081, 1.613097, 1.543279, 1.375024, 1.135743, 0.866801, 0.74209], "wind_supply": [1.373714, 1.807801, 1.92773, 1.756692, 1.696905, 1.780936, 1.960652, 1.89932, 1.295325, 0.98757, 0.968314, 1.016072], "mix_supply": [0.831965, 1.028656, 1.235708, 1.400911, 1.557927, 1.626476, 1.607733, 1.540044, 1.340132, 1.100282, 0.857044, 0.748823], "mix_storage": [0.041156, 0.020019, 0.015135, 0.024891, 0.047014, 0.077309, 0.105043, 0.126217, 0.135539, 0.131298, 0.109147, 0.073754], "mix_s_tot": 0.141439}}, "nldas": null}, "pdf": "figures/751.pdf"}