{"id": 752, "name": "Hamadan", "country": "Iran", "level": "admin1", "continent": "Asia", "metrics": {"solar_cf": 0.2152, "wind_cf": 0.1725, "solar_f_adj": 1.2779, "wind_f_adj": 1.7466, "mix_alpha": 0.85, "mix_f_adj": 1.2683, "solar_s_tot_pct": 21.6256, "wind_s_tot_pct": 42.6772, "mix_s_tot_pct": 18.3894, "solar_s_seasonal_pct": 20.3496, "solar_s_diurnal_pct": 1.276, "wind_s_seasonal_pct": 42.1832, "wind_s_diurnal_pct": 0.494, "solar_flaute_days": 1.875, "wind_flaute_days": 14.625, "solar_gap30d_max": 0.6985, "wind_gap30d_max": 0.9501, "solar_trend_pct_decade": 0.0689, "wind_trend_pct_decade": -2.1457}, "colocation": {"k": [0, 17, 35, 50], "storage_pct_cons": [18.3894, 13.4095, 10.4841, 8.2312], "pick": ["base", "solar", "wind", "wind"]}, "datasets": {"gldas": {"series_norm": {"months": [1, 2, 3, 4, 5, 6, 7, 8, 9, 10, 11, 12], "demand": [1.0, 1.0, 1.0, 1.0, 1.0, 1.0, 1.0, 1.0, 1.0, 1.0, 1.0, 1.0], "solar_supply": [0.689808, 0.898353, 1.157725, 1.402745, 1.710362, 1.945524, 1.860461, 1.732502, 1.499105, 1.067387, 0.74358, 0.608858], "wind_supply": [1.58944, 1.864349, 2.54239, 2.428766, 2.117589, 1.678437, 1.811276, 1.446781, 1.249771, 1.491204, 1.278062, 1.460577], "mix_supply": [0.755062, 0.960939, 1.253604, 1.447932, 1.67355, 1.824104, 1.766813, 1.619162, 1.400805, 1.062896, 0.766509, 0.672734], "mix_storage": [0.06277, 0.035816, 0.02955, 0.042865, 0.069558, 0.109517, 0.146636, 0.170047, 0.177116, 0.172385, 0.143766, 0.101194], "mix_s_tot": 0.183894}}, "nldas": null}, "pdf": "figures/752.pdf"}