{"id": 753, "name": "Lorestan", "country": "Iran", "level": "admin1", "continent": "Asia", "metrics": {"solar_cf": 0.2228, "wind_cf": 0.1285, "solar_f_adj": 1.2664, "wind_f_adj": 2.61, "mix_alpha": 0.75, "mix_f_adj": 1.3735, "solar_s_tot_pct": 20.4111, "wind_s_tot_pct": 39.5527, "mix_s_tot_pct": 17.706, "solar_s_seasonal_pct": 19.077, "solar_s_diurnal_pct": 1.3341, "wind_s_seasonal_pct": 38.559, "wind_s_diurnal_pct": 0.9937, "solar_flaute_days": 2.75, "wind_flaute_days": 19.0, "solar_gap30d_max": 0.6949, "wind_gap30d_max": 0.9658, "solar_trend_pct_decade": 0.2191, "wind_trend_pct_decade": -32.3911}, "colocation": {"k": [0, 17, 35, 50], "storage_pct_cons": [17.706, 12.5616, 9.2982, 6.7075], "pick": ["base", "solar", "wind", "wind"]}, "datasets": {"gldas": {"series_norm": {"months": [1, 2, 3, 4, 5, 6, 7, 8, 9, 10, 11, 12], "demand": [1.0, 1.0, 1.0, 1.0, 1.0, 1.0, 1.0, 1.0, 1.0, 1.0, 1.0, 1.0], "solar_supply": [0.696544, 0.906185, 1.168853, 1.37506, 1.677173, 1.906058, 1.822867, 1.687067, 1.475824, 1.068369, 0.763519, 0.631514], "wind_supply": [2.242456, 2.536869, 3.234802, 3.17659, 3.340298, 3.12107, 2.883315, 2.53964, 2.311481, 2.241815, 1.738179, 1.943771], "mix_supply": [0.8616, 1.070859, 1.376339, 1.536415, 1.803698, 1.961038, 1.862089, 1.706413, 1.504566, 1.163967, 0.849737, 0.769408], "mix_storage": [0.081667, 0.063813, 0.062923, 0.078653, 0.103749, 0.136687, 0.158823, 0.169621, 0.172618, 0.16938, 0.14723, 0.11177], "mix_s_tot": 0.17706}}, "nldas": null}, "pdf": "figures/753.pdf"}