{"id": 754, "name": "Yazd", "country": "Iran", "level": "admin1", "continent": "Asia", "metrics": {"solar_cf": 0.2287, "wind_cf": 0.2341, "solar_f_adj": 1.2381, "wind_f_adj": 1.6442, "mix_alpha": 1.0, "mix_f_adj": 1.2381, "solar_s_tot_pct": 16.3578, "wind_s_tot_pct": 26.0145, "mix_s_tot_pct": 16.3578, "solar_s_seasonal_pct": 15.0424, "solar_s_diurnal_pct": 1.3154, "wind_s_seasonal_pct": 25.4747, "wind_s_diurnal_pct": 0.5398, "solar_flaute_days": 0.875, "wind_flaute_days": 11.625, "solar_gap30d_max": 0.6704, "wind_gap30d_max": 0.8699, "solar_trend_pct_decade": -0.1127, "wind_trend_pct_decade": -5.5499}, "colocation": {"k": [0, 17, 35, 50], "storage_pct_cons": [16.3578, 11.5296, 7.3554, 5.1392], "pick": ["base", "wind", "wind", "wind"]}, "datasets": {"gldas": {"series_norm": {"months": [1, 2, 3, 4, 5, 6, 7, 8, 9, 10, 11, 12], "demand": [1.0, 1.0, 1.0, 1.0, 1.0, 1.0, 1.0, 1.0, 1.0, 1.0, 1.0, 1.0], "solar_supply": [0.743136, 0.940813, 1.180005, 1.392266, 1.609574, 1.736868, 1.688955, 1.599813, 1.39034, 1.093274, 0.796506, 0.670694], "wind_supply": [1.184658, 1.646171, 1.853216, 1.735807, 1.87604, 2.266329, 2.649717, 2.226582, 1.447262, 1.024071, 0.868247, 0.943717], "mix_supply": [0.743136, 0.940813, 1.180005, 1.392266, 1.609574, 1.736868, 1.688955, 1.599813, 1.39034, 1.093274, 0.796506, 0.670694], "mix_storage": [0.035686, 0.0062, -0.00517, 0.001435, 0.024661, 0.061621, 0.09893, 0.130032, 0.146621, 0.144243, 0.11799, 0.075869], "mix_s_tot": 0.163578}}, "nldas": null}, "pdf": "figures/754.pdf"}