{"id": 755, "name": "Qom", "country": "Iran", "level": "admin1", "continent": "Asia", "metrics": {"solar_cf": 0.2159, "wind_cf": 0.1996, "solar_f_adj": 1.2735, "wind_f_adj": 2.3103, "mix_alpha": 0.7, "mix_f_adj": 1.3803, "solar_s_tot_pct": 19.5664, "wind_s_tot_pct": 33.7169, "mix_s_tot_pct": 17.887, "solar_s_seasonal_pct": 16.972, "solar_s_diurnal_pct": 2.5944, "wind_s_seasonal_pct": 32.3111, "wind_s_diurnal_pct": 1.4057, "solar_flaute_days": 1.625, "wind_flaute_days": 12.75, "solar_gap30d_max": 0.6923, "wind_gap30d_max": 0.9644, "solar_trend_pct_decade": 0.9129, "wind_trend_pct_decade": 20.8636}, "colocation": {"k": [0, 17, 35, 50], "storage_pct_cons": [17.887, 11.78, 8.8413, 7.4849], "pick": ["base", "solar", "solar", "wind"]}, "datasets": {"gldas": {"series_norm": {"months": [1, 2, 3, 4, 5, 6, 7, 8, 9, 10, 11, 12], "demand": [1.0, 1.0, 1.0, 1.0, 1.0, 1.0, 1.0, 1.0, 1.0, 1.0, 1.0, 1.0], "solar_supply": [0.70835, 0.931022, 1.185221, 1.410463, 1.667449, 1.880387, 1.827228, 1.711863, 1.472163, 1.077845, 0.76046, 0.632544], "wind_supply": [1.681637, 2.255955, 2.699458, 2.667801, 2.8459, 3.310495, 3.752118, 2.741436, 1.870939, 1.509218, 1.16824, 1.207297], "mix_supply": [0.838832, 1.110711, 1.383063, 1.548279, 1.775175, 2.020002, 2.058825, 1.790148, 1.452264, 1.088263, 0.786349, 0.6963], "mix_storage": [0.068956, 0.051384, 0.052548, 0.072803, 0.104362, 0.141846, 0.163817, 0.17262, 0.174722, 0.169076, 0.142839, 0.101955], "mix_s_tot": 0.17887}}, "nldas": null}, "pdf": "figures/755.pdf"}