{"id": 756, "name": "Tehran", "country": "Iran", "level": "admin1", "continent": "Asia", "metrics": {"solar_cf": 0.2119, "wind_cf": 0.1675, "solar_f_adj": 1.2738, "wind_f_adj": 1.8028, "mix_alpha": 0.8, "mix_f_adj": 1.2904, "solar_s_tot_pct": 20.4195, "wind_s_tot_pct": 42.1428, "mix_s_tot_pct": 18.4243, "solar_s_seasonal_pct": 18.9019, "solar_s_diurnal_pct": 1.5175, "wind_s_seasonal_pct": 40.811, "wind_s_diurnal_pct": 1.3318, "solar_flaute_days": 1.75, "wind_flaute_days": 12.75, "solar_gap30d_max": 0.6928, "wind_gap30d_max": 0.9483, "solar_trend_pct_decade": 1.2823, "wind_trend_pct_decade": -10.216}, "colocation": {"k": [0, 17, 35, 50], "storage_pct_cons": [18.4243, 13.3996, 9.9242, 7.9692], "pick": ["base", "solar", "wind", "wind"]}, "datasets": {"gldas": {"series_norm": {"months": [1, 2, 3, 4, 5, 6, 7, 8, 9, 10, 11, 12], "demand": [1.0, 1.0, 1.0, 1.0, 1.0, 1.0, 1.0, 1.0, 1.0, 1.0, 1.0, 1.0], "solar_supply": [0.707483, 0.928437, 1.182507, 1.429753, 1.691993, 1.901611, 1.832492, 1.708066, 1.460821, 1.06521, 0.739513, 0.620947], "wind_supply": [1.39585, 1.800484, 2.090594, 2.103722, 2.322222, 2.526744, 2.603612, 1.806309, 1.497841, 1.307813, 1.099845, 1.078978], "mix_supply": [0.773202, 1.0102, 1.257641, 1.4599, 1.703712, 1.902875, 1.857862, 1.642882, 1.398343, 1.050518, 0.756786, 0.657707], "mix_storage": [0.064205, 0.040667, 0.037008, 0.051789, 0.080508, 0.12179, 0.15963, 0.177445, 0.181551, 0.174757, 0.146092, 0.102149], "mix_s_tot": 0.184243}}, "nldas": null}, "pdf": "figures/756.pdf"}