{"id": 757, "name": "Alborz", "country": "Iran", "level": "admin1", "continent": "Asia", "metrics": {"solar_cf": 0.2066, "wind_cf": 0.1588, "solar_f_adj": 1.2798, "wind_f_adj": 1.6873, "mix_alpha": 0.7, "mix_f_adj": 1.304, "solar_s_tot_pct": 22.7858, "wind_s_tot_pct": 30.5722, "mix_s_tot_pct": 18.5917, "solar_s_seasonal_pct": 21.2596, "solar_s_diurnal_pct": 1.5261, "wind_s_seasonal_pct": 29.1354, "wind_s_diurnal_pct": 1.4368, "solar_flaute_days": 1.875, "wind_flaute_days": 8.375, "solar_gap30d_max": 0.7222, "wind_gap30d_max": 0.8736, "solar_trend_pct_decade": 1.631, "wind_trend_pct_decade": 3.0584}, "colocation": {"k": [0, 17, 35, 50], "storage_pct_cons": [18.5917, 13.3277, 9.9592, 7.536], "pick": ["base", "wind", "wind", "wind"]}, "datasets": {"gldas": {"series_norm": {"months": [1, 2, 3, 4, 5, 6, 7, 8, 9, 10, 11, 12], "demand": [1.0, 1.0, 1.0, 1.0, 1.0, 1.0, 1.0, 1.0, 1.0, 1.0, 1.0, 1.0], "solar_supply": [0.660898, 0.879382, 1.151647, 1.41839, 1.724367, 1.973007, 1.902057, 1.767949, 1.496905, 1.060418, 0.719321, 0.583415], "wind_supply": [1.336506, 1.698665, 1.892848, 1.934455, 1.994809, 2.259447, 2.210087, 1.644414, 1.59136, 1.36351, 1.102664, 1.223748], "mix_supply": [0.781224, 1.021014, 1.260216, 1.460107, 1.692325, 1.931013, 1.868967, 1.642171, 1.436559, 1.072426, 0.768676, 0.699819], "mix_storage": [0.072608, 0.050166, 0.046809, 0.060874, 0.088871, 0.130059, 0.166015, 0.179711, 0.181736, 0.176113, 0.148864, 0.108324], "mix_s_tot": 0.185917}}, "nldas": null}, "pdf": "figures/757.pdf"}