{"id": 758, "name": "Chhattisgarh", "country": "India", "level": "admin1", "continent": "Asia", "metrics": {"solar_cf": 0.2179, "wind_cf": 0.0517, "solar_f_adj": 1.2625, "wind_f_adj": 2.1482, "mix_alpha": 0.8, "mix_f_adj": 1.3195, "solar_s_tot_pct": 11.9436, "wind_s_tot_pct": 46.3844, "mix_s_tot_pct": 8.5353, "solar_s_seasonal_pct": 10.8346, "solar_s_diurnal_pct": 1.1091, "wind_s_seasonal_pct": 45.6168, "wind_s_diurnal_pct": 0.7676, "solar_flaute_days": 1.75, "wind_flaute_days": 27.75, "solar_gap30d_max": 0.606, "wind_gap30d_max": 0.9951, "solar_trend_pct_decade": 2.121, "wind_trend_pct_decade": 31.6508}, "colocation": {"k": [0, 17, 35, 50], "storage_pct_cons": [8.5353, 2.5866, 1.9338, 1.9338], "pick": ["base", "solar", "solar", "solar"]}, "datasets": {"gldas": {"series_norm": {"months": [1, 2, 3, 4, 5, 6, 7, 8, 9, 10, 11, 12], "demand": [1.0, 1.0, 1.0, 1.0, 1.0, 1.0, 1.0, 1.0, 1.0, 1.0, 1.0, 1.0], "solar_supply": [1.143366, 1.319231, 1.492161, 1.600973, 1.546623, 1.220702, 1.069561, 1.070176, 1.184773, 1.256767, 1.167522, 1.087097], "wind_supply": [0.654439, 1.253854, 1.659773, 2.498197, 3.201131, 4.449342, 4.664054, 3.615744, 1.836581, 0.889635, 0.459487, 0.537181], "mix_supply": [1.036426, 1.257114, 1.451577, 1.645562, 1.686474, 1.567299, 1.4673, 1.339028, 1.216276, 1.16014, 1.032673, 0.974971], "mix_storage": [0.023749, 0.018974, 0.030105, 0.054648, 0.075138, 0.080561, 0.080374, 0.076833, 0.072242, 0.067388, 0.057243, 0.039473], "mix_s_tot": 0.085353}}, "nldas": null}, "pdf": "figures/758.pdf"}