{"id": 759, "name": "Haryana", "country": "India", "level": "admin1", "continent": "Asia", "metrics": {"solar_cf": 0.2198, "wind_cf": 0.1153, "solar_f_adj": 1.2691, "wind_f_adj": 1.9521, "mix_alpha": 0.95, "mix_f_adj": 1.2777, "solar_s_tot_pct": 11.5081, "wind_s_tot_pct": 27.6542, "mix_s_tot_pct": 11.3083, "solar_s_seasonal_pct": 10.647, "solar_s_diurnal_pct": 0.861, "wind_s_seasonal_pct": 26.3563, "wind_s_diurnal_pct": 1.2978, "solar_flaute_days": 1.75, "wind_flaute_days": 14.875, "solar_gap30d_max": 0.6548, "wind_gap30d_max": 0.9271, "solar_trend_pct_decade": 0.8194, "wind_trend_pct_decade": 30.5154}, "colocation": {"k": [0, 17, 35, 50], "storage_pct_cons": [11.3083, 7.4738, 4.6762, 3.0759], "pick": ["base", "wind", "wind", "wind"]}, "datasets": {"gldas": {"series_norm": {"months": [1, 2, 3, 4, 5, 6, 7, 8, 9, 10, 11, 12], "demand": [1.0, 1.0, 1.0, 1.0, 1.0, 1.0, 1.0, 1.0, 1.0, 1.0, 1.0, 1.0], "solar_supply": [0.842288, 1.100151, 1.380183, 1.574855, 1.671196, 1.577561, 1.380785, 1.336976, 1.333023, 1.217584, 0.982394, 0.829372], "wind_supply": [1.631995, 2.281692, 2.28447, 2.607775, 2.921732, 2.90516, 2.416851, 1.952042, 1.465718, 0.736376, 0.962973, 1.290822], "mix_supply": [0.858993, 1.126881, 1.394801, 1.591571, 1.693989, 1.603891, 1.39971, 1.342599, 1.322903, 1.188625, 0.971099, 0.835475], "mix_storage": [0.03688, 0.019376, 0.023688, 0.046298, 0.078634, 0.104631, 0.109355, 0.108548, 0.108274, 0.106356, 0.092637, 0.065666], "mix_s_tot": 0.113083}}, "nldas": null}, "pdf": "figures/759.pdf"}