{"id": 76, "name": "Eritrea", "country": "Eritrea", "level": "admin0", "continent": "Africa", "metrics": {"solar_cf": 0.2585, "wind_cf": 0.2102, "solar_f_adj": 1.2374, "wind_f_adj": 1.7377, "mix_alpha": 0.85, "mix_f_adj": 1.2775, "solar_s_tot_pct": 6.8316, "wind_s_tot_pct": 42.0238, "mix_s_tot_pct": 5.9158, "solar_s_seasonal_pct": 4.0482, "solar_s_diurnal_pct": 2.7834, "wind_s_seasonal_pct": 40.109, "wind_s_diurnal_pct": 1.9148, "solar_flaute_days": 0.75, "wind_flaute_days": 6.625, "solar_gap30d_max": 0.5906, "wind_gap30d_max": 0.8587, "solar_trend_pct_decade": 2.8763, "wind_trend_pct_decade": 2.8811}, "colocation": {"k": [0, 17, 35, 50], "storage_pct_cons": [5.9158, 0.9307, 0.4241, 0.2422], "pick": ["base", "solar", "wind", "wind"]}, "datasets": {"gldas": {"series_norm": {"months": [1, 2, 3, 4, 5, 6, 7, 8, 9, 10, 11, 12], "demand": [1.0, 1.0, 1.0, 1.0, 1.0, 1.0, 1.0, 1.0, 1.0, 1.0, 1.0, 1.0], "solar_supply": [1.088407, 1.214341, 1.329168, 1.384813, 1.377617, 1.34522, 1.220746, 1.183066, 1.281201, 1.237827, 1.131864, 1.058507], "wind_supply": [1.888416, 2.095836, 2.137057, 2.054663, 1.517965, 1.729573, 2.165465, 1.491836, 1.008506, 1.403464, 1.666591, 1.708287], "mix_supply": [1.163352, 1.296736, 1.402045, 1.44179, 1.37629, 1.371196, 1.310035, 1.202685, 1.235502, 1.240994, 1.177025, 1.117251], "mix_storage": [0.04074, 0.041414, 0.047306, 0.052305, 0.054106, 0.055205, 0.05566, 0.053765, 0.052476, 0.052168, 0.050552, 0.0455], "mix_s_tot": 0.059158}}, "nldas": null}, "pdf": "figures/76.pdf"}