{"id": 760, "name": "Telangana", "country": "India", "level": "admin1", "continent": "Asia", "metrics": {"solar_cf": 0.2262, "wind_cf": 0.1465, "solar_f_adj": 1.2534, "wind_f_adj": 1.9318, "mix_alpha": 0.95, "mix_f_adj": 1.2602, "solar_s_tot_pct": 9.0066, "wind_s_tot_pct": 35.3196, "mix_s_tot_pct": 8.88, "solar_s_seasonal_pct": 7.7777, "solar_s_diurnal_pct": 1.2289, "wind_s_seasonal_pct": 33.7963, "wind_s_diurnal_pct": 1.5233, "solar_flaute_days": 1.875, "wind_flaute_days": 15.875, "solar_gap30d_max": 0.6117, "wind_gap30d_max": 0.9315, "solar_trend_pct_decade": 2.2722, "wind_trend_pct_decade": 29.7266}, "colocation": {"k": [0, 17, 35, 50], "storage_pct_cons": [8.88, 2.1271, 1.0799, 0.7775], "pick": ["base", "wind", "wind", "wind"]}, "datasets": {"gldas": {"series_norm": {"months": [1, 2, 3, 4, 5, 6, 7, 8, 9, 10, 11, 12], "demand": [1.0, 1.0, 1.0, 1.0, 1.0, 1.0, 1.0, 1.0, 1.0, 1.0, 1.0, 1.0], "solar_supply": [1.201158, 1.363871, 1.509985, 1.559525, 1.475394, 1.146714, 1.031663, 1.081837, 1.169199, 1.218895, 1.164895, 1.128778], "wind_supply": [1.020792, 1.357574, 1.408685, 1.622167, 2.484816, 3.78742, 4.188965, 3.189137, 1.736149, 0.765986, 0.754077, 0.819924], "mix_supply": [1.180549, 1.346944, 1.488169, 1.542448, 1.49023, 1.218788, 1.121997, 1.137308, 1.173357, 1.189179, 1.137213, 1.104865], "mix_storage": [0.036154, 0.039193, 0.053389, 0.066955, 0.076234, 0.077939, 0.071068, 0.064008, 0.058695, 0.055, 0.050071, 0.041236], "mix_s_tot": 0.0888}}, "nldas": null}, "pdf": "figures/760.pdf"}