{"id": 761, "name": "Wisconsin", "country": "United States of America", "level": "admin1", "continent": "North America", "metrics": {"solar_cf": 0.1572, "wind_cf": 0.3126, "solar_f_adj": 1.2955, "wind_f_adj": 1.3523, "mix_alpha": 0.25, "mix_f_adj": 1.2636, "solar_s_tot_pct": 26.7868, "wind_s_tot_pct": 13.8221, "mix_s_tot_pct": 6.8587, "solar_s_seasonal_pct": 25.9819, "solar_s_diurnal_pct": 0.8049, "wind_s_seasonal_pct": 13.4407, "wind_s_diurnal_pct": 0.3814, "solar_flaute_days": 2.75, "wind_flaute_days": 9.0, "solar_gap30d_max": 0.764, "wind_gap30d_max": 0.7982, "solar_trend_pct_decade": -0.2091, "wind_trend_pct_decade": -3.4733}, "colocation": {"k": [0, 17, 35, 50], "storage_pct_cons": [6.8587, 3.6161, 2.4142, 2.0386], "pick": ["base", "solar", "solar", "solar"], "usa_feasible": {"1pct": [true, true, true, true], "oilgas2x": [true, true, true, true], "oilgas_all": [true, true, true, true]}}, "datasets": {"gldas": {"series_norm": {"months": [1, 2, 3, 4, 5, 6, 7, 8, 9, 10, 11, 12], "demand": [1.0, 1.0, 1.0, 1.0, 1.0, 1.0, 1.0, 1.0, 1.0, 1.0, 1.0, 1.0], "solar_supply": [0.546885, 0.868159, 1.222338, 1.560418, 1.878536, 2.093179, 2.189748, 1.863813, 1.416774, 0.887721, 0.557184, 0.43735], "wind_supply": [1.621961, 1.626481, 1.523268, 1.685569, 1.319358, 1.01698, 0.787405, 0.789831, 1.120179, 1.50099, 1.653536, 1.608888], "mix_supply": [1.270035, 1.351545, 1.365579, 1.561761, 1.382691, 1.223124, 1.085785, 1.008006, 1.130506, 1.268371, 1.294675, 1.234164], "mix_storage": [0.057056, 0.05667, 0.060157, 0.064891, 0.065951, 0.063765, 0.059855, 0.048986, 0.043523, 0.048535, 0.05464, 0.057266], "mix_s_tot": 0.068587}, "series_real": {"months": [1, 2, 3, 4, 5, 6, 7, 8, 9, 10, 11, 12], "demand_TWh": [6.143172, 5.101414, 5.733988, 5.10482, 5.451719, 5.691314, 6.593896, 6.535651, 5.56701, 5.568968, 5.26871, 6.012743], "supply_TWh_nocap": [7.804437, 7.476793, 8.148794, 8.959682, 8.005553, 6.693608, 6.011516, 5.645953, 6.379659, 7.665187, 7.700439, 7.621384], "supply_TWh_1pct": [7.804437, 7.476793, 8.148794, 8.959682, 8.005553, 6.693608, 6.011516, 5.645953, 6.379659, 7.665187, 7.700439, 7.621384], "supply_TWh_oilgas2x": [7.804437, 7.476793, 8.148794, 8.959682, 8.005553, 6.693608, 6.011516, 5.645953, 6.379659, 7.665187, 7.700439, 7.621384], "supply_TWh_oilgas_all": [7.804437, 7.476793, 8.148794, 8.959682, 8.005553, 6.693608, 6.011516, 5.645953, 6.379659, 7.665187, 7.700439, 7.621384]}, "consumption_TWh": 68.735379}, "nldas": {"real": {"annual_consumption_TWh": 68.735379, "state_land_km2": 169394.562063, "mix_solar_nameplate_GW": 16.612558, "mix_wind_nameplate_GW": 14.847209, "mix_capacity_TWh": 275.587562, "mix_land_km2": 702.22403, "mix_land_pct": 0.414549, "solar_land_pct": 1.167099, "wind_land_pct": 0.130273, "caps": {"1pct": {"label": "1% of land (NREL)", "cap_pct": 1.0, "feasible": true, "storage_TWh": 5.166504, "supply_capped_TWh": null, "shortfall_TWh": 0.0}, "oilgas2x": {"label": "1.88% (2\u00d7 onshore oil & gas)", "cap_pct": 1.8800000000000001, "feasible": true, "storage_TWh": 5.166504, "supply_capped_TWh": null, "shortfall_TWh": 0.0}, "oilgas_all": {"label": "5% (all onshore oil & gas land)", "cap_pct": 5.0, "feasible": true, "storage_TWh": 5.166504, "supply_capped_TWh": null, "shortfall_TWh": 0.0}}}, "metrics": {"solar_cf": 0.16928, "wind_cf": 0.441951, "solar_f_adj": 1.279552, "wind_f_adj": 1.242942, "mix_alpha": 0.3, "mix_f_adj": 1.194661, "solar_s_tot_pct": 23.809591, "wind_s_tot_pct": 14.985059, "mix_s_tot_pct": 7.516514, "solar_s_seasonal_pct": 22.821274, "solar_s_diurnal_pct": 0.988317, "wind_s_seasonal_pct": 14.768302, "wind_s_diurnal_pct": 0.216757, "solar_flaute_days": 0.833333, "wind_flaute_days": 5.291667, "solar_gap30d_max": 0.740329, "wind_gap30d_max": 0.638927, "solar_trend_pct_decade": 1.549143, "wind_trend_pct_decade": 1.498066}, "series_real": {"months": [1, 2, 3, 4, 5, 6, 7, 8, 9, 10, 11, 12], "demand_TWh": [6.146024, 5.101408, 5.73576, 5.105632, 5.452558, 5.691307, 6.594911, 6.536657, 5.567003, 5.569825, 5.270393, 6.014601], "supply_TWh_nocap": [6.59398, 6.297204, 7.227854, 7.839472, 7.80534, 7.11952, 6.760236, 6.174594, 6.424868, 6.808517, 6.642589, 6.481897], "supply_TWh_1pct": [6.59398, 6.297204, 7.227854, 7.839472, 7.80534, 7.11952, 6.760236, 6.174594, 6.424868, 6.808517, 6.642589, 6.481897], "supply_TWh_oilgas2x": [6.59398, 6.297204, 7.227854, 7.839472, 7.80534, 7.11952, 6.760236, 6.174594, 6.424868, 6.808517, 6.642589, 6.481897], "supply_TWh_oilgas_all": [6.59398, 6.297204, 7.227854, 7.839472, 7.80534, 7.11952, 6.760236, 6.174594, 6.424868, 6.808517, 6.642589, 6.481897]}, "series_norm": {"months": [1, 2, 3, 4, 5, 6, 7, 8, 9, 10, 11, 12], "demand": [1.052798, 0.958272, 0.982521, 0.903734, 0.934009, 1.007403, 1.129691, 1.119713, 0.9854, 0.954097, 0.932898, 1.030286], "solar_supply": [0.570072, 0.833891, 1.264997, 1.550073, 1.856676, 2.051497, 2.113696, 1.758214, 1.382185, 0.910619, 0.57049, 0.467018], "wind_supply": [1.441503, 1.410987, 1.313584, 1.417153, 1.21429, 1.018995, 0.841206, 0.840092, 1.114882, 1.354352, 1.510079, 1.455869], "mix_supply": [1.129532, 1.182895, 1.238113, 1.387644, 1.337035, 1.260207, 1.158011, 1.057692, 1.137249, 1.166281, 1.175787, 1.110332], "mix_storage": [0.055122, 0.054972, 0.060071, 0.067653, 0.07285, 0.07169, 0.066099, 0.051102, 0.04486, 0.051377, 0.058283, 0.059077], "mix_s_tot": 0.075165}, "consumption_TWh": 68.735379}}, "usa": {"annual_consumption_TWh": 68.735379, "state_land_km2": 169394.562063, "mix_solar_nameplate_GW": 12.790002, "mix_wind_nameplate_GW": 25.727297, "mix_capacity_TWh": 337.411541, "mix_land_km2": 683.606369, "mix_land_pct": 0.403559, "solar_land_pct": 1.268913, "wind_land_pct": 0.201198, "mix_storage_TWh": 5.628534, "caps": {"1pct": {"label": "1% of land (NREL)", "cap_pct": 1.0, "feasible": true, "storage_TWh": 5.628534, "supply_capped_TWh": null, "shortfall_TWh": 0.0}, "oilgas2x": {"label": "1.88% (2\u00d7 onshore oil & gas)", "cap_pct": 1.8800000000000001, "feasible": true, "storage_TWh": 5.628534, "supply_capped_TWh": null, "shortfall_TWh": 0.0}, "oilgas_all": {"label": "5% (all onshore oil & gas land)", "cap_pct": 5.0, "feasible": true, "storage_TWh": 5.628534, "supply_capped_TWh": null, "shortfall_TWh": 0.0}}}, "siting": {"scenarios": [{"key": "today", "label": "1.00\u00d7 \u2014 today (EIA)", "land_pct": 0.0806, "solar_share": 0.0, "feasible": {"1pct": true, "oilgas2x": true, "oilgas_all": true}}, {"key": "2030ref", "label": "1.14\u00d7 \u2014 2030 reference (Goldman)", "land_pct": 0.0918, "solar_share": 0.0, "feasible": {"1pct": true, "oilgas2x": true, "oilgas_all": true}}, {"key": "2030hi", "label": "1.25\u00d7 \u2014 2030 high-AI (EPRI)", "land_pct": 0.1007, "solar_share": 0.0, "feasible": {"1pct": true, "oilgas2x": true, "oilgas_all": true}}], "land_pct_today": 0.0806}, "pdf": "figures/761.pdf"}