{"id": 762, "name": "Illinois", "country": "United States of America", "level": "admin1", "continent": "North America", "metrics": {"solar_cf": 0.1687, "wind_cf": 0.3228, "solar_f_adj": 1.2908, "wind_f_adj": 1.3301, "mix_alpha": 0.4, "mix_f_adj": 1.1973, "solar_s_tot_pct": 22.9839, "wind_s_tot_pct": 22.7877, "mix_s_tot_pct": 7.4605, "solar_s_seasonal_pct": 21.8953, "solar_s_diurnal_pct": 1.0887, "wind_s_seasonal_pct": 22.5288, "wind_s_diurnal_pct": 0.2589, "solar_flaute_days": 2.75, "wind_flaute_days": 8.5, "solar_gap30d_max": 0.7278, "wind_gap30d_max": 0.8061, "solar_trend_pct_decade": -0.028, "wind_trend_pct_decade": 6.5219}, "colocation": {"k": [0, 17, 35, 50], "storage_pct_cons": [7.4605, 2.3048, 1.6822, 1.3627], "pick": ["base", "solar", "solar", "solar"], "usa_feasible": {"1pct": [false, false, true, true], "oilgas2x": [true, true, true, true], "oilgas_all": [true, true, true, true]}}, "datasets": {"gldas": {"series_norm": {"months": [1, 2, 3, 4, 5, 6, 7, 8, 9, 10, 11, 12], "demand": [1.0, 1.0, 1.0, 1.0, 1.0, 1.0, 1.0, 1.0, 1.0, 1.0, 1.0, 1.0], "solar_supply": [0.604856, 0.866527, 1.169403, 1.537889, 1.768269, 2.021739, 2.022898, 1.796453, 1.489364, 1.004606, 0.672511, 0.51487], "wind_supply": [1.798163, 1.765997, 1.725261, 1.727238, 1.255341, 0.876595, 0.585987, 0.610822, 0.867621, 1.420347, 1.672076, 1.688268], "mix_supply": [1.195648, 1.275365, 1.365741, 1.503531, 1.334129, 1.223608, 1.067075, 0.996469, 1.02123, 1.139905, 1.152649, 1.102904], "mix_storage": [0.040958, 0.046727, 0.055314, 0.065635, 0.071532, 0.070613, 0.065124, 0.053248, 0.041891, 0.036027, 0.038002, 0.037287], "mix_s_tot": 0.074605}, "series_real": {"months": [1, 2, 3, 4, 5, 6, 7, 8, 9, 10, 11, 12], "demand_TWh": [12.504614, 10.363867, 11.222485, 9.882518, 10.809472, 11.980869, 13.971523, 13.834702, 11.411167, 10.800388, 10.372396, 11.972205], "supply_TWh_nocap": [14.199524, 13.818446, 16.222061, 17.285214, 15.849041, 14.069356, 12.676517, 11.83774, 11.742362, 13.541714, 13.249204, 13.100124], "supply_TWh_1pct": [11.422116, 11.115576, 13.049047, 13.904248, 12.748989, 11.317408, 10.197007, 9.522293, 9.445571, 10.892972, 10.657677, 10.537756], "supply_TWh_oilgas2x": [14.199524, 13.818446, 16.222061, 17.285214, 15.849041, 14.069356, 12.676517, 11.83774, 11.742362, 13.541714, 13.249204, 13.100124], "supply_TWh_oilgas_all": [14.199524, 13.818446, 16.222061, 17.285214, 15.849041, 14.069356, 12.676517, 11.83774, 11.742362, 13.541714, 13.249204, 13.100124]}, "consumption_TWh": 139.04928}, "nldas": {"real": {"annual_consumption_TWh": 139.04928, "state_land_km2": 150152.63531, "mix_solar_nameplate_GW": 53.193667, "mix_wind_nameplate_GW": 24.741157, "mix_capacity_TWh": 682.70906, "mix_land_km2": 2020.533811, "mix_land_pct": 1.345653, "solar_land_pct": 2.571701, "wind_land_pct": 0.348187, "caps": {"1pct": {"label": "1% of land (NREL)", "cap_pct": 1.0, "feasible": false, "storage_TWh": null, "supply_capped_TWh": 123.898588, "shortfall_TWh": 15.150693}, "oilgas2x": {"label": "1.88% (2\u00d7 onshore oil & gas)", "cap_pct": 1.8800000000000001, "feasible": true, "storage_TWh": 15.589137, "supply_capped_TWh": null, "shortfall_TWh": 0.0}, "oilgas_all": {"label": "5% (all onshore oil & gas land)", "cap_pct": 5.0, "feasible": true, "storage_TWh": 15.589137, "supply_capped_TWh": null, "shortfall_TWh": 0.0}}}, "metrics": {"solar_cf": 0.178898, "wind_cf": 0.384632, "solar_f_adj": 1.305616, "wind_f_adj": 1.266853, "mix_alpha": 0.5, "mix_f_adj": 1.199032, "solar_s_tot_pct": 21.90268, "wind_s_tot_pct": 20.143198, "mix_s_tot_pct": 11.211232, "solar_s_seasonal_pct": 20.851974, "solar_s_diurnal_pct": 1.050706, "wind_s_seasonal_pct": 19.953809, "wind_s_diurnal_pct": 0.189389, "solar_flaute_days": 0.875, "wind_flaute_days": 5.958333, "solar_gap30d_max": 0.728078, "wind_gap30d_max": 0.699951, "solar_trend_pct_decade": 1.955247, "wind_trend_pct_decade": 1.675763}, "series_real": {"months": [1, 2, 3, 4, 5, 6, 7, 8, 9, 10, 11, 12], "demand_TWh": [12.510439, 10.363871, 11.225971, 9.884105, 10.811152, 11.980873, 13.973695, 13.836853, 11.411172, 10.802067, 10.375725, 11.975924], "supply_TWh_nocap": [11.888233, 11.769663, 15.307286, 16.824276, 16.828797, 16.08581, 15.337778, 14.035139, 13.033417, 13.188297, 11.504974, 11.043826], "supply_TWh_1pct": [8.834544, 8.746431, 11.375357, 12.502683, 12.506042, 11.953904, 11.398017, 10.429982, 9.685569, 9.800665, 8.549731, 8.207037], "supply_TWh_oilgas2x": [11.888233, 11.769663, 15.307286, 16.824276, 16.828797, 16.08581, 15.337778, 14.035139, 13.033417, 13.188297, 11.504974, 11.043826], "supply_TWh_oilgas_all": [11.888233, 11.769663, 15.307286, 16.824276, 16.828797, 16.08581, 15.337778, 14.035139, 13.033417, 13.188297, 11.504974, 11.043826]}, "series_norm": {"months": [1, 2, 3, 4, 5, 6, 7, 8, 9, 10, 11, 12], "demand": [1.059339, 0.962348, 0.950575, 0.864849, 0.91545, 1.048314, 1.183242, 1.171655, 0.998466, 0.91468, 0.907865, 1.014078], "solar_supply": [0.617273, 0.816293, 1.220951, 1.553124, 1.783926, 2.018336, 2.057276, 1.818104, 1.507061, 1.052637, 0.656619, 0.53923], "wind_supply": [1.528238, 1.517345, 1.554261, 1.603734, 1.280247, 1.015795, 0.748222, 0.74721, 0.947514, 1.338423, 1.490104, 1.452873], "mix_supply": [1.006653, 1.092884, 1.296166, 1.472107, 1.425002, 1.407492, 1.298748, 1.188445, 1.14041, 1.116738, 1.006673, 0.935152], "mix_storage": [0.061046, 0.053129, 0.063084, 0.087794, 0.103806, 0.106479, 0.102562, 0.090427, 0.082152, 0.083346, 0.085036, 0.074568], "mix_s_tot": 0.112112}, "consumption_TWh": 139.04928}}, "usa": {"annual_consumption_TWh": 139.04928, "state_land_km2": 150152.63531, "mix_solar_nameplate_GW": 45.336961, "mix_wind_nameplate_GW": 35.540638, "mix_capacity_TWh": 708.487771, "mix_land_km2": 1866.638421, "mix_land_pct": 1.243161, "solar_land_pct": 2.683681, "wind_land_pct": 0.439328, "mix_storage_TWh": null, "caps": {"1pct": {"label": "1% of land (NREL)", "cap_pct": 1.0, "feasible": false, "storage_TWh": null, "supply_capped_TWh": 134.736221, "shortfall_TWh": 4.313059}, "oilgas2x": {"label": "1.88% (2\u00d7 onshore oil & gas)", "cap_pct": 1.8800000000000001, "feasible": true, "storage_TWh": 13.494872, "supply_capped_TWh": null, "shortfall_TWh": 0.0}, "oilgas_all": {"label": "5% (all onshore oil & gas land)", "cap_pct": 5.0, "feasible": true, "storage_TWh": 13.494872, "supply_capped_TWh": null, "shortfall_TWh": 0.0}}}, "siting": {"scenarios": [{"key": "today", "label": "1.00\u00d7 \u2014 today (EIA)", "land_pct": 0.2088, "solar_share": 0.0, "feasible": {"1pct": true, "oilgas2x": true, "oilgas_all": true}}, {"key": "2030ref", "label": "1.14\u00d7 \u2014 2030 reference (Goldman)", "land_pct": 0.2385, "solar_share": 0.0, "feasible": {"1pct": true, "oilgas2x": true, "oilgas_all": true}}, {"key": "2030hi", "label": "1.25\u00d7 \u2014 2030 high-AI (EPRI)", "land_pct": 0.2619, "solar_share": 0.0, "feasible": {"1pct": true, "oilgas2x": true, "oilgas_all": true}}], "land_pct_today": 0.2088}, "pdf": "figures/762.pdf"}