{"id": 762, "name": "Illinois", "country": "United States of America", "level": "admin1", "continent": "North America", "metrics": {"solar_cf": 0.1687, "wind_cf": 0.3228, "solar_f_adj": 1.2908, "wind_f_adj": 1.3301, "mix_alpha": 0.4, "mix_f_adj": 1.1973, "solar_s_tot_pct": 22.9839, "wind_s_tot_pct": 22.7877, "mix_s_tot_pct": 7.4605, "solar_s_seasonal_pct": 21.8953, "solar_s_diurnal_pct": 1.0887, "wind_s_seasonal_pct": 22.5288, "wind_s_diurnal_pct": 0.2589, "solar_flaute_days": 2.75, "wind_flaute_days": 8.5, "solar_gap30d_max": 0.7278, "wind_gap30d_max": 0.8061, "solar_trend_pct_decade": -0.028, "wind_trend_pct_decade": 6.5219}, "colocation": {"k": [0, 17, 35, 50], "storage_pct_cons": [7.4605, 2.3048, 1.6822, 1.3627], "pick": ["base", "solar", "solar", "solar"], "usa_feasible": {"1pct": [false, false, true, true], "oilgas2x": [true, true, true, true], "oilgas_all": [true, true, true, true]}}, "datasets": {"gldas": {"series_norm": {"months": [1, 2, 3, 4, 5, 6, 7, 8, 9, 10, 11, 12], "demand": [1.0, 1.0, 1.0, 1.0, 1.0, 1.0, 1.0, 1.0, 1.0, 1.0, 1.0, 1.0], "solar_supply": [0.604856, 0.866527, 1.169403, 1.537889, 1.768269, 2.021739, 2.022898, 1.796453, 1.489364, 1.004606, 0.672511, 0.51487], "wind_supply": [1.798163, 1.765997, 1.725261, 1.727238, 1.255341, 0.876595, 0.585987, 0.610822, 0.867621, 1.420347, 1.672076, 1.688268], "mix_supply": [1.195648, 1.275365, 1.365741, 1.503531, 1.334129, 1.223608, 1.067075, 0.996469, 1.02123, 1.139905, 1.152649, 1.102904], "mix_storage": [0.040958, 0.046727, 0.055314, 0.065635, 0.071532, 0.070613, 0.065124, 0.053248, 0.041891, 0.036027, 0.038002, 0.037287], "mix_s_tot": 0.074605}, "series_real": {"months": [1, 2, 3, 4, 5, 6, 7, 8, 9, 10, 11, 12], "demand_TWh": [12.504614, 10.363867, 11.222485, 9.882518, 10.809472, 11.980869, 13.971523, 13.834702, 11.411167, 10.800388, 10.372396, 11.972205], "supply_TWh_nocap": [14.199524, 13.818446, 16.222061, 17.285214, 15.849041, 14.069356, 12.676517, 11.83774, 11.742362, 13.541714, 13.249204, 13.100124], "supply_TWh_1pct": [11.422116, 11.115576, 13.049047, 13.904248, 12.748989, 11.317408, 10.197007, 9.522293, 9.445571, 10.892972, 10.657677, 10.537756], "supply_TWh_oilgas2x": [14.199524, 13.818446, 16.222061, 17.285214, 15.849041, 14.069356, 12.676517, 11.83774, 11.742362, 13.541714, 13.249204, 13.100124], "supply_TWh_oilgas_all": [14.199524, 13.818446, 16.222061, 17.285214, 15.849041, 14.069356, 12.676517, 11.83774, 11.742362, 13.541714, 13.249204, 13.100124]}, "consumption_TWh": 139.04928}, "nldas": null}, "usa": {"annual_consumption_TWh": 139.04928, "state_land_km2": 150152.63531, "mix_solar_nameplate_GW": 45.336961, "mix_wind_nameplate_GW": 35.540638, "mix_capacity_TWh": 708.487771, "mix_land_km2": 1866.638421, "mix_land_pct": 1.243161, "solar_land_pct": 2.683681, "wind_land_pct": 0.439328, "mix_storage_TWh": null, "caps": {"1pct": {"label": "1% of land (NREL)", "cap_pct": 1.0, "feasible": false, "storage_TWh": null, "supply_capped_TWh": 134.736221, "shortfall_TWh": 4.313059}, "oilgas2x": {"label": "1.88% (2\u00d7 onshore oil & gas)", "cap_pct": 1.8800000000000001, "feasible": true, "storage_TWh": 13.494872, "supply_capped_TWh": null, "shortfall_TWh": 0.0}, "oilgas_all": {"label": "5% (all onshore oil & gas land)", "cap_pct": 5.0, "feasible": true, "storage_TWh": 13.494872, "supply_capped_TWh": null, "shortfall_TWh": 0.0}}}, "pdf": "figures/762.pdf"}