{"id": 763, "name": "Kentucky", "country": "United States of America", "level": "admin1", "continent": "North America", "metrics": {"solar_cf": 0.1708, "wind_cf": 0.2025, "solar_f_adj": 1.2873, "wind_f_adj": 1.8901, "mix_alpha": 0.4, "mix_f_adj": 1.4459, "solar_s_tot_pct": 21.8751, "wind_s_tot_pct": 28.2912, "mix_s_tot_pct": 12.4883, "solar_s_seasonal_pct": 20.9753, "solar_s_diurnal_pct": 0.8998, "wind_s_seasonal_pct": 27.2751, "wind_s_diurnal_pct": 1.0162, "solar_flaute_days": 3.75, "wind_flaute_days": 11.875, "solar_gap30d_max": 0.7214, "wind_gap30d_max": 0.9194, "solar_trend_pct_decade": -0.1135, "wind_trend_pct_decade": -8.1892}, "colocation": {"k": [0, 17, 35, 50], "storage_pct_cons": [12.4883, 5.0662, 1.7689, 1.6726], "pick": ["base", "solar", "wind", "wind"], "usa_feasible": {"1pct": [false, false, false, true], "oilgas2x": [true, true, true, true], "oilgas_all": [true, true, true, true]}}, "datasets": {"gldas": {"series_norm": {"months": [1, 2, 3, 4, 5, 6, 7, 8, 9, 10, 11, 12], "demand": [1.0, 1.0, 1.0, 1.0, 1.0, 1.0, 1.0, 1.0, 1.0, 1.0, 1.0, 1.0], "solar_supply": [0.627638, 0.854061, 1.180001, 1.542662, 1.747926, 1.971741, 1.917512, 1.757972, 1.468507, 1.067174, 0.740931, 0.551253], "wind_supply": [2.851733, 2.80909, 2.696993, 2.563437, 1.697359, 1.062995, 0.766358, 0.703614, 0.999363, 1.720171, 2.258107, 2.612166], "mix_supply": [1.590943, 1.673101, 1.768093, 1.869735, 1.56443, 1.373817, 1.213295, 1.112815, 1.118507, 1.269039, 1.369371, 1.446662], "mix_storage": [0.106899, 0.109951, 0.114516, 0.119398, 0.120674, 0.120732, 0.119005, 0.113403, 0.105377, 0.102528, 0.104796, 0.105376], "mix_s_tot": 0.124883}, "series_real": {"months": [1, 2, 3, 4, 5, 6, 7, 8, 9, 10, 11, 12], "demand_TWh": [7.708592, 6.3799, 6.876949, 6.076108, 6.435205, 6.607302, 7.498519, 7.558009, 6.661644, 6.472412, 6.200261, 7.223688], "supply_TWh_nocap": [10.280798, 9.976181, 11.73342, 12.190513, 10.830077, 9.473402, 8.755812, 8.03022, 7.628848, 8.562641, 8.687994, 9.337545], "supply_TWh_1pct": [7.096342, 6.886079, 8.099017, 8.414527, 7.475483, 6.539035, 6.043718, 5.542876, 5.265828, 5.910381, 5.996906, 6.44526], "supply_TWh_oilgas2x": [10.280798, 9.976181, 11.73342, 12.190513, 10.830077, 9.473402, 8.755812, 8.03022, 7.628848, 8.562641, 8.687994, 9.337545], "supply_TWh_oilgas_all": [10.280798, 9.976181, 11.73342, 12.190513, 10.830077, 9.473402, 8.755812, 8.03022, 7.628848, 8.562641, 8.687994, 9.337545]}, "consumption_TWh": 81.653418}, "nldas": {"real": {"annual_consumption_TWh": 81.653418, "state_land_km2": 104577.028839, "mix_solar_nameplate_GW": 24.895899, "mix_wind_nameplate_GW": 21.650187, "mix_capacity_TWh": 407.743718, "mix_land_km2": 1046.365179, "mix_land_pct": 1.000569, "solar_land_pct": 2.14284, "wind_land_pct": 0.370878, "caps": {"1pct": {"label": "1% of land (NREL)", "cap_pct": 1.0, "feasible": false, "storage_TWh": null, "supply_capped_TWh": 99.587791, "shortfall_TWh": 0.0}, "oilgas2x": {"label": "1.88% (2\u00d7 onshore oil & gas)", "cap_pct": 1.8800000000000001, "feasible": true, "storage_TWh": 8.383435, "supply_capped_TWh": null, "shortfall_TWh": 0.0}, "oilgas_all": {"label": "5% (all onshore oil & gas land)", "cap_pct": 5.0, "feasible": true, "storage_TWh": 8.383435, "supply_capped_TWh": null, "shortfall_TWh": 0.0}}}, "metrics": {"solar_cf": 0.18276, "wind_cf": 0.315238, "solar_f_adj": 1.31813, "wind_f_adj": 1.311704, "mix_alpha": 0.4, "mix_f_adj": 1.220334, "solar_s_tot_pct": 21.687747, "wind_s_tot_pct": 20.558571, "mix_s_tot_pct": 10.267096, "solar_s_seasonal_pct": 20.950483, "solar_s_diurnal_pct": 0.737263, "wind_s_seasonal_pct": 20.314932, "wind_s_diurnal_pct": 0.243639, "solar_flaute_days": 0.916667, "wind_flaute_days": 9.5, "solar_gap30d_max": 0.723115, "wind_gap30d_max": 0.765606, "solar_trend_pct_decade": 2.634727, "wind_trend_pct_decade": 0.235844}, "series_real": {"months": [1, 2, 3, 4, 5, 6, 7, 8, 9, 10, 11, 12], "demand_TWh": [7.712161, 6.379884, 6.879065, 6.077067, 6.436187, 6.607285, 7.499664, 7.559162, 6.661628, 6.4734, 6.202233, 7.225911], "supply_TWh_nocap": [8.408305, 8.037035, 9.945651, 10.288582, 9.508893, 8.415502, 7.983303, 7.277173, 6.981402, 7.813287, 7.398632, 7.660183], "supply_TWh_1pct": [8.403525, 8.032466, 9.939997, 10.282732, 9.503487, 8.410717, 7.978764, 7.273035, 6.977433, 7.808844, 7.394425, 7.655828], "supply_TWh_oilgas2x": [8.408305, 8.037035, 9.945651, 10.288582, 9.508893, 8.415502, 7.983303, 7.277173, 6.981402, 7.813287, 7.398632, 7.660183], "supply_TWh_oilgas_all": [8.408305, 8.037035, 9.945651, 10.288582, 9.508893, 8.415502, 7.983303, 7.277173, 6.981402, 7.813287, 7.398632, 7.660183]}, "series_norm": {"months": [1, 2, 3, 4, 5, 6, 7, 8, 9, 10, 11, 12], "demand": [1.112072, 1.008828, 0.991942, 0.905506, 0.92808, 0.98451, 1.08143, 1.09001, 0.992608, 0.933446, 0.924156, 1.041956], "solar_supply": [0.624276, 0.823729, 1.239713, 1.506769, 1.814904, 1.973633, 1.968536, 1.860925, 1.515269, 1.143423, 0.746926, 0.571064], "wind_supply": [1.757901, 1.730227, 1.746741, 1.746752, 1.252326, 0.937038, 0.756309, 0.645291, 0.858315, 1.259784, 1.47942, 1.599946], "mix_supply": [1.212454, 1.270868, 1.434135, 1.533037, 1.371156, 1.253941, 1.15117, 1.049348, 1.040255, 1.126654, 1.102424, 1.104577], "mix_storage": [0.062673, 0.065187, 0.080351, 0.093561, 0.098061, 0.097831, 0.091225, 0.076287, 0.062775, 0.060806, 0.065464, 0.064027], "mix_s_tot": 0.102671}, "consumption_TWh": 81.653418}}, "usa": {"annual_consumption_TWh": 81.653418, "state_land_km2": 104577.028839, "mix_solar_nameplate_GW": 34.715342, "mix_wind_nameplate_GW": 35.787755, "mix_capacity_TWh": 617.607132, "mix_land_km2": 1515.055616, "mix_land_pct": 1.448746, "solar_land_pct": 2.237521, "wind_land_pct": 0.833704, "mix_storage_TWh": null, "caps": {"1pct": {"label": "1% of land (NREL)", "cap_pct": 1.0, "feasible": false, "storage_TWh": null, "supply_capped_TWh": 79.672534, "shortfall_TWh": 1.980884}, "oilgas2x": {"label": "1.88% (2\u00d7 onshore oil & gas)", "cap_pct": 1.8800000000000001, "feasible": true, "storage_TWh": 11.352846, "supply_capped_TWh": null, "shortfall_TWh": 0.0}, "oilgas_all": {"label": "5% (all onshore oil & gas land)", "cap_pct": 5.0, "feasible": true, "storage_TWh": 11.352846, "supply_capped_TWh": null, "shortfall_TWh": 0.0}}}, "siting": {"scenarios": [{"key": "today", "label": "1.00\u00d7 \u2014 today (EIA)", "land_pct": 0.2376, "solar_share": 0.0, "feasible": {"1pct": true, "oilgas2x": true, "oilgas_all": true}}, {"key": "2030ref", "label": "1.14\u00d7 \u2014 2030 reference (Goldman)", "land_pct": 0.2712, "solar_share": 0.0, "feasible": {"1pct": true, "oilgas2x": true, "oilgas_all": true}}, {"key": "2030hi", "label": "1.25\u00d7 \u2014 2030 high-AI (EPRI)", "land_pct": 0.2975, "solar_share": 0.0, "feasible": {"1pct": true, "oilgas2x": true, "oilgas_all": true}}], "land_pct_today": 0.2376}, "pdf": "figures/763.pdf"}