{"id": 764, "name": "Arkansas", "country": "United States of America", "level": "admin1", "continent": "North America", "metrics": {"solar_cf": 0.1828, "wind_cf": 0.1967, "solar_f_adj": 1.2751, "wind_f_adj": 1.5208, "mix_alpha": 0.45, "mix_f_adj": 1.3088, "solar_s_tot_pct": 20.7041, "wind_s_tot_pct": 27.1846, "mix_s_tot_pct": 11.1111, "solar_s_seasonal_pct": 19.7739, "solar_s_diurnal_pct": 0.9302, "wind_s_seasonal_pct": 26.3161, "wind_s_diurnal_pct": 0.8685, "solar_flaute_days": 1.875, "wind_flaute_days": 12.75, "solar_gap30d_max": 0.7078, "wind_gap30d_max": 0.9199, "solar_trend_pct_decade": 0.301, "wind_trend_pct_decade": -13.2223}, "colocation": {"k": [0, 17, 35, 50], "storage_pct_cons": [11.1111, 3.0025, 1.8676, 1.4109], "pick": ["base", "solar", "solar", "solar"], "usa_feasible": {"1pct": [true, true, true, true], "oilgas2x": [true, true, true, true], "oilgas_all": [true, true, true, true]}}, "datasets": {"gldas": {"series_norm": {"months": [1, 2, 3, 4, 5, 6, 7, 8, 9, 10, 11, 12], "demand": [1.0, 1.0, 1.0, 1.0, 1.0, 1.0, 1.0, 1.0, 1.0, 1.0, 1.0, 1.0], "solar_supply": [0.705466, 0.879095, 1.182383, 1.496763, 1.662431, 1.858394, 1.839914, 1.696497, 1.455145, 1.091315, 0.782789, 0.631666], "wind_supply": [2.065643, 2.19659, 2.194015, 2.176223, 1.516209, 0.870198, 0.596038, 0.590766, 0.869095, 1.428568, 1.83903, 1.957223], "mix_supply": [1.303511, 1.445683, 1.584547, 1.721331, 1.485464, 1.270217, 1.131921, 1.063184, 1.083443, 1.180198, 1.231968, 1.218109], "mix_storage": [0.078919, 0.083173, 0.089581, 0.097201, 0.102775, 0.102017, 0.098744, 0.089463, 0.080004, 0.075095, 0.076979, 0.076119], "mix_s_tot": 0.111111}, "series_real": {"months": [1, 2, 3, 4, 5, 6, 7, 8, 9, 10, 11, 12], "demand_TWh": [4.074889, 3.486314, 3.59909, 3.236273, 3.487854, 3.940794, 4.702618, 4.85553, 4.316802, 3.821387, 3.331478, 3.73216], "supply_TWh_nocap": [5.463677, 5.495224, 6.520551, 6.778701, 5.905451, 4.728606, 4.284422, 4.036165, 4.080618, 4.778159, 4.955736, 5.116877], "supply_TWh_1pct": [5.463677, 5.495224, 6.520551, 6.778701, 5.905451, 4.728606, 4.284422, 4.036165, 4.080618, 4.778159, 4.955736, 5.116877], "supply_TWh_oilgas2x": [5.463677, 5.495224, 6.520551, 6.778701, 5.905451, 4.728606, 4.284422, 4.036165, 4.080618, 4.778159, 4.955736, 5.116877], "supply_TWh_oilgas_all": [5.463677, 5.495224, 6.520551, 6.778701, 5.905451, 4.728606, 4.284422, 4.036165, 4.080618, 4.778159, 4.955736, 5.116877]}, "consumption_TWh": 46.559431}, "nldas": {"real": {"annual_consumption_TWh": 46.559431, "state_land_km2": 137541.688042, "mix_solar_nameplate_GW": 17.237138, "mix_wind_nameplate_GW": 10.613266, "mix_capacity_TWh": 243.96954, "mix_land_km2": 680.703924, "mix_land_pct": 0.494907, "solar_land_pct": 0.848525, "wind_land_pct": 0.17377, "caps": {"1pct": {"label": "1% of land (NREL)", "cap_pct": 1.0, "feasible": true, "storage_TWh": 4.791158, "supply_capped_TWh": null, "shortfall_TWh": 0.0}, "oilgas2x": {"label": "1.88% (2\u00d7 onshore oil & gas)", "cap_pct": 1.8800000000000001, "feasible": true, "storage_TWh": 4.791158, "supply_capped_TWh": null, "shortfall_TWh": 0.0}, "oilgas_all": {"label": "5% (all onshore oil & gas land)", "cap_pct": 5.0, "feasible": true, "storage_TWh": 4.791158, "supply_capped_TWh": null, "shortfall_TWh": 0.0}}}, "metrics": {"solar_cf": 0.196463, "wind_cf": 0.319078, "solar_f_adj": 1.294188, "wind_f_adj": 1.43484, "mix_alpha": 0.5, "mix_f_adj": 1.274302, "solar_s_tot_pct": 17.569977, "wind_s_tot_pct": 22.250135, "mix_s_tot_pct": 10.290414, "solar_s_seasonal_pct": 16.694706, "solar_s_diurnal_pct": 0.875271, "wind_s_seasonal_pct": 22.100046, "wind_s_diurnal_pct": 0.150089, "solar_flaute_days": 1.666667, "wind_flaute_days": 11.291667, "solar_gap30d_max": 0.705279, "wind_gap30d_max": 0.769115, "solar_trend_pct_decade": 1.629398, "wind_trend_pct_decade": -0.176378}, "series_real": {"months": [1, 2, 3, 4, 5, 6, 7, 8, 9, 10, 11, 12], "demand_TWh": [4.076805, 3.486329, 3.600223, 3.236806, 3.488411, 3.940812, 4.703368, 4.856305, 4.316821, 3.821997, 3.332561, 3.733335], "supply_TWh_nocap": [4.322598, 4.49135, 5.695045, 6.200442, 5.945093, 5.393718, 5.145859, 4.843115, 4.449672, 4.622843, 4.134561, 4.130266], "supply_TWh_1pct": [4.322598, 4.49135, 5.695045, 6.200442, 5.945093, 5.393718, 5.145859, 4.843115, 4.449672, 4.622843, 4.134561, 4.130266], "supply_TWh_oilgas2x": [4.322598, 4.49135, 5.695045, 6.200442, 5.945093, 5.393718, 5.145859, 4.843115, 4.449672, 4.622843, 4.134561, 4.130266], "supply_TWh_oilgas_all": [4.322598, 4.49135, 5.695045, 6.200442, 5.945093, 5.393718, 5.145859, 4.843115, 4.449672, 4.622843, 4.134561, 4.130266]}, "series_norm": {"months": [1, 2, 3, 4, 5, 6, 7, 8, 9, 10, 11, 12], "demand": [1.030964, 0.966807, 0.910443, 0.845825, 0.882168, 1.029792, 1.189412, 1.228088, 1.128049, 0.966527, 0.870847, 0.944105], "solar_supply": [0.670657, 0.847735, 1.19164, 1.503164, 1.70505, 1.91085, 1.902016, 1.756359, 1.476381, 1.137385, 0.764418, 0.640697], "wind_supply": [1.718123, 1.86498, 1.922111, 1.982251, 1.495304, 1.055525, 0.821777, 0.810856, 0.981668, 1.371657, 1.585574, 1.641808], "mix_supply": [1.093121, 1.245513, 1.440193, 1.620267, 1.503426, 1.409458, 1.301312, 1.224752, 1.162765, 1.169049, 1.080422, 1.044483], "mix_storage": [0.066458, 0.067763, 0.084074, 0.097519, 0.101398, 0.101347, 0.095216, 0.080806, 0.06602, 0.062278, 0.067503, 0.068096], "mix_s_tot": 0.102904}, "consumption_TWh": 46.559431}}, "usa": {"annual_consumption_TWh": 46.559431, "state_land_km2": 137541.688042, "mix_solar_nameplate_GW": 15.514693, "mix_wind_nameplate_GW": 21.627498, "mix_capacity_TWh": 325.365591, "mix_land_km2": 733.43141, "mix_land_pct": 0.533243, "solar_land_pct": 0.892506, "wind_land_pct": 0.302129, "mix_storage_TWh": 6.200971, "caps": {"1pct": {"label": "1% of land (NREL)", "cap_pct": 1.0, "feasible": true, "storage_TWh": 6.200971, "supply_capped_TWh": null, "shortfall_TWh": 0.0}, "oilgas2x": {"label": "1.88% (2\u00d7 onshore oil & gas)", "cap_pct": 1.8800000000000001, "feasible": true, "storage_TWh": 6.200971, "supply_capped_TWh": null, "shortfall_TWh": 0.0}, "oilgas_all": {"label": "5% (all onshore oil & gas land)", "cap_pct": 5.0, "feasible": true, "storage_TWh": 6.200971, "supply_capped_TWh": null, "shortfall_TWh": 0.0}}}, "siting": {"scenarios": [{"key": "today", "label": "1.00\u00d7 \u2014 today (EIA)", "land_pct": 0.0909, "solar_share": 0.0, "feasible": {"1pct": true, "oilgas2x": true, "oilgas_all": true}}, {"key": "2030ref", "label": "1.14\u00d7 \u2014 2030 reference (Goldman)", "land_pct": 0.1036, "solar_share": 0.0, "feasible": {"1pct": true, "oilgas2x": true, "oilgas_all": true}}, {"key": "2030hi", "label": "1.25\u00d7 \u2014 2030 high-AI (EPRI)", "land_pct": 0.1136, "solar_share": 0.0, "feasible": {"1pct": true, "oilgas2x": true, "oilgas_all": true}}], "land_pct_today": 0.0909}, "pdf": "figures/764.pdf"}