{"id": 764, "name": "Arkansas", "country": "United States of America", "level": "admin1", "continent": "North America", "metrics": {"solar_cf": 0.1828, "wind_cf": 0.1967, "solar_f_adj": 1.2751, "wind_f_adj": 1.5208, "mix_alpha": 0.45, "mix_f_adj": 1.3088, "solar_s_tot_pct": 20.7041, "wind_s_tot_pct": 27.1846, "mix_s_tot_pct": 11.1111, "solar_s_seasonal_pct": 19.7739, "solar_s_diurnal_pct": 0.9302, "wind_s_seasonal_pct": 26.3161, "wind_s_diurnal_pct": 0.8685, "solar_flaute_days": 1.875, "wind_flaute_days": 12.75, "solar_gap30d_max": 0.7078, "wind_gap30d_max": 0.9199, "solar_trend_pct_decade": 0.301, "wind_trend_pct_decade": -13.2223}, "colocation": {"k": [0, 17, 35, 50], "storage_pct_cons": [11.1111, 3.0025, 1.8676, 1.4109], "pick": ["base", "solar", "solar", "solar"], "usa_feasible": {"1pct": [true, true, true, true], "oilgas2x": [true, true, true, true], "oilgas_all": [true, true, true, true]}}, "datasets": {"gldas": {"series_norm": {"months": [1, 2, 3, 4, 5, 6, 7, 8, 9, 10, 11, 12], "demand": [1.0, 1.0, 1.0, 1.0, 1.0, 1.0, 1.0, 1.0, 1.0, 1.0, 1.0, 1.0], "solar_supply": [0.705466, 0.879095, 1.182383, 1.496763, 1.662431, 1.858394, 1.839914, 1.696497, 1.455145, 1.091315, 0.782789, 0.631666], "wind_supply": [2.065643, 2.19659, 2.194015, 2.176223, 1.516209, 0.870198, 0.596038, 0.590766, 0.869095, 1.428568, 1.83903, 1.957223], "mix_supply": [1.303511, 1.445683, 1.584547, 1.721331, 1.485464, 1.270217, 1.131921, 1.063184, 1.083443, 1.180198, 1.231968, 1.218109], "mix_storage": [0.078919, 0.083173, 0.089581, 0.097201, 0.102775, 0.102017, 0.098744, 0.089463, 0.080004, 0.075095, 0.076979, 0.076119], "mix_s_tot": 0.111111}, "series_real": {"months": [1, 2, 3, 4, 5, 6, 7, 8, 9, 10, 11, 12], "demand_TWh": [4.074889, 3.486314, 3.59909, 3.236273, 3.487854, 3.940794, 4.702618, 4.85553, 4.316802, 3.821387, 3.331478, 3.73216], "supply_TWh_nocap": [5.463677, 5.495224, 6.520551, 6.778701, 5.905451, 4.728606, 4.284422, 4.036165, 4.080618, 4.778159, 4.955736, 5.116877], "supply_TWh_1pct": [5.463677, 5.495224, 6.520551, 6.778701, 5.905451, 4.728606, 4.284422, 4.036165, 4.080618, 4.778159, 4.955736, 5.116877], "supply_TWh_oilgas2x": [5.463677, 5.495224, 6.520551, 6.778701, 5.905451, 4.728606, 4.284422, 4.036165, 4.080618, 4.778159, 4.955736, 5.116877], "supply_TWh_oilgas_all": [5.463677, 5.495224, 6.520551, 6.778701, 5.905451, 4.728606, 4.284422, 4.036165, 4.080618, 4.778159, 4.955736, 5.116877]}, "consumption_TWh": 46.559431}, "nldas": null}, "usa": {"annual_consumption_TWh": 46.559431, "state_land_km2": 137541.688042, "mix_solar_nameplate_GW": 15.514693, "mix_wind_nameplate_GW": 21.627498, "mix_capacity_TWh": 325.365591, "mix_land_km2": 733.43141, "mix_land_pct": 0.533243, "solar_land_pct": 0.892506, "wind_land_pct": 0.302129, "mix_storage_TWh": 6.200971, "caps": {"1pct": {"label": "1% of land (NREL)", "cap_pct": 1.0, "feasible": true, "storage_TWh": 6.200971, "supply_capped_TWh": null, "shortfall_TWh": 0.0}, "oilgas2x": {"label": "1.88% (2\u00d7 onshore oil & gas)", "cap_pct": 1.8800000000000001, "feasible": true, "storage_TWh": 6.200971, "supply_capped_TWh": null, "shortfall_TWh": 0.0}, "oilgas_all": {"label": "5% (all onshore oil & gas land)", "cap_pct": 5.0, "feasible": true, "storage_TWh": 6.200971, "supply_capped_TWh": null, "shortfall_TWh": 0.0}}}, "pdf": "figures/764.pdf"}