{"id": 765, "name": "Tennessee", "country": "United States of America", "level": "admin1", "continent": "North America", "metrics": {"solar_cf": 0.178, "wind_cf": 0.1819, "solar_f_adj": 1.2804, "wind_f_adj": 1.9742, "mix_alpha": 0.45, "mix_f_adj": 1.4248, "solar_s_tot_pct": 21.2632, "wind_s_tot_pct": 31.8372, "mix_s_tot_pct": 11.3849, "solar_s_seasonal_pct": 20.4178, "solar_s_diurnal_pct": 0.8454, "wind_s_seasonal_pct": 30.6359, "wind_s_diurnal_pct": 1.2013, "solar_flaute_days": 1.75, "wind_flaute_days": 13.75, "solar_gap30d_max": 0.7212, "wind_gap30d_max": 0.9249, "solar_trend_pct_decade": 0.018, "wind_trend_pct_decade": -16.993}, "colocation": {"k": [0, 17, 35, 50], "storage_pct_cons": [11.3849, 4.2953, 1.6843, 1.2659], "pick": ["base", "solar", "wind", "solar"], "usa_feasible": {"1pct": [false, false, false, false], "oilgas2x": [true, true, true, true], "oilgas_all": [true, true, true, true]}}, "datasets": {"gldas": {"series_norm": {"months": [1, 2, 3, 4, 5, 6, 7, 8, 9, 10, 11, 12], "demand": [1.0, 1.0, 1.0, 1.0, 1.0, 1.0, 1.0, 1.0, 1.0, 1.0, 1.0, 1.0], "solar_supply": [0.670608, 0.868996, 1.189653, 1.531469, 1.720179, 1.905435, 1.85972, 1.694124, 1.441239, 1.089972, 0.778561, 0.595573], "wind_supply": [3.027633, 3.074227, 2.949659, 2.766703, 1.741266, 0.937145, 0.649774, 0.596533, 1.030781, 1.771698, 2.401152, 2.81676], "mix_supply": [1.537564, 1.655397, 1.766515, 1.865051, 1.552513, 1.326094, 1.189136, 1.085084, 1.130824, 1.249029, 1.342947, 1.416288], "mix_storage": [0.089061, 0.092084, 0.097286, 0.105064, 0.109243, 0.108992, 0.106365, 0.099015, 0.090755, 0.088049, 0.088629, 0.087188], "mix_s_tot": 0.113849}, "series_real": {"months": [1, 2, 3, 4, 5, 6, 7, 8, 9, 10, 11, 12], "demand_TWh": [9.141214, 7.967706, 7.964751, 7.179259, 7.48894, 8.331195, 9.824536, 9.987799, 9.063553, 7.854775, 7.133102, 8.277367], "supply_TWh_nocap": [11.408116, 11.427753, 13.803191, 14.546746, 13.250517, 11.653941, 11.047272, 10.075863, 9.643465, 10.173361, 9.953204, 10.473258], "supply_TWh_1pct": [6.224527, 6.235241, 7.531334, 7.937035, 7.229783, 6.358655, 6.027642, 5.497619, 5.261693, 5.550816, 5.430694, 5.714447], "supply_TWh_oilgas2x": [11.408116, 11.427753, 13.803191, 14.546746, 13.250517, 11.653941, 11.047272, 10.075863, 9.643465, 10.173361, 9.953204, 10.473258], "supply_TWh_oilgas_all": [11.408116, 11.427753, 13.803191, 14.546746, 13.250517, 11.653941, 11.047272, 10.075863, 9.643465, 10.173361, 9.953204, 10.473258]}, "consumption_TWh": 100.158789}, "nldas": {"real": {"annual_consumption_TWh": 100.158789, "state_land_km2": 109298.747146, "mix_solar_nameplate_GW": 37.014415, "mix_wind_nameplate_GW": 24.186317, "mix_capacity_TWh": 536.118413, "mix_land_km2": 1475.676996, "mix_land_pct": 1.350132, "solar_land_pct": 2.407396, "wind_land_pct": 0.483917, "caps": {"1pct": {"label": "1% of land (NREL)", "cap_pct": 1.0, "feasible": false, "storage_TWh": null, "supply_capped_TWh": 90.984718, "shortfall_TWh": 9.174071}, "oilgas2x": {"label": "1.88% (2\u00d7 onshore oil & gas)", "cap_pct": 1.8800000000000001, "feasible": true, "storage_TWh": 9.836369, "supply_capped_TWh": null, "shortfall_TWh": 0.0}, "oilgas_all": {"label": "5% (all onshore oil & gas land)", "cap_pct": 5.0, "feasible": true, "storage_TWh": 9.836369, "supply_capped_TWh": null, "shortfall_TWh": 0.0}}}, "metrics": {"solar_cf": 0.189426, "wind_cf": 0.289895, "solar_f_adj": 1.307792, "wind_f_adj": 1.341041, "mix_alpha": 0.5, "mix_f_adj": 1.226466, "solar_s_tot_pct": 19.249814, "wind_s_tot_pct": 23.309952, "mix_s_tot_pct": 9.820775, "solar_s_seasonal_pct": 18.111423, "solar_s_diurnal_pct": 1.138391, "wind_s_seasonal_pct": 23.208085, "wind_s_diurnal_pct": 0.101867, "solar_flaute_days": 0.875, "wind_flaute_days": 9.625, "solar_gap30d_max": 0.70993, "wind_gap30d_max": 0.818508, "solar_trend_pct_decade": 2.465324, "wind_trend_pct_decade": 0.478787}, "series_real": {"months": [1, 2, 3, 4, 5, 6, 7, 8, 9, 10, 11, 12], "demand_TWh": [9.145495, 7.967729, 7.967245, 7.18043, 7.490123, 8.331218, 9.826088, 9.989377, 9.063579, 7.856016, 7.13541, 8.279959], "supply_TWh_nocap": [9.641664, 9.583861, 12.148884, 12.768076, 12.293718, 10.612977, 10.313643, 9.47968, 8.952387, 9.467797, 8.691819, 8.977458], "supply_TWh_1pct": [7.141277, 7.098464, 8.998296, 9.456911, 9.105569, 7.860697, 7.638991, 7.0213, 6.630751, 7.012499, 6.437757, 6.649321], "supply_TWh_oilgas2x": [9.641664, 9.583861, 12.148884, 12.768076, 12.293718, 10.612977, 10.313643, 9.47968, 8.952387, 9.467797, 8.691819, 8.977458], "supply_TWh_oilgas_all": [9.641664, 9.583861, 12.148884, 12.768076, 12.293718, 10.612977, 10.313643, 9.47968, 8.952387, 9.467797, 8.691819, 8.977458]}, "series_norm": {"months": [1, 2, 3, 4, 5, 6, 7, 8, 9, 10, 11, 12], "demand": [1.075101, 1.027127, 0.936592, 0.872234, 0.880503, 1.012025, 1.155108, 1.174304, 1.100987, 0.923516, 0.866765, 0.973353], "solar_supply": [0.651386, 0.820156, 1.228563, 1.504489, 1.818106, 1.89505, 1.908711, 1.786205, 1.495454, 1.163994, 0.777057, 0.615603], "wind_supply": [1.810677, 1.860753, 1.863368, 1.849017, 1.29607, 0.876038, 0.694135, 0.605365, 0.844669, 1.24034, 1.512112, 1.676619], "mix_supply": [1.133428, 1.235465, 1.428165, 1.550986, 1.445191, 1.289198, 1.212423, 1.114386, 1.08748, 1.112989, 1.055828, 1.055348], "mix_storage": [0.047932, 0.04699, 0.064805, 0.086002, 0.095171, 0.095476, 0.086984, 0.06872, 0.049989, 0.044522, 0.049196, 0.049567], "mix_s_tot": 0.098208}, "consumption_TWh": 100.158789}}, "usa": {"annual_consumption_TWh": 100.158789, "state_land_km2": 109298.747146, "mix_solar_nameplate_GW": 48.456843, "mix_wind_nameplate_GW": 38.796473, "mix_capacity_TWh": 764.339054, "mix_land_km2": 2003.192847, "mix_land_pct": 1.832768, "solar_land_pct": 2.496516, "wind_land_pct": 1.143685, "mix_storage_TWh": null, "caps": {"1pct": {"label": "1% of land (NREL)", "cap_pct": 1.0, "feasible": false, "storage_TWh": null, "supply_capped_TWh": 74.956442, "shortfall_TWh": 25.202347}, "oilgas2x": {"label": "1.88% (2\u00d7 onshore oil & gas)", "cap_pct": 1.8800000000000001, "feasible": true, "storage_TWh": 13.259421, "supply_capped_TWh": null, "shortfall_TWh": 0.0}, "oilgas_all": {"label": "5% (all onshore oil & gas land)", "cap_pct": 5.0, "feasible": true, "storage_TWh": 13.259421, "supply_capped_TWh": null, "shortfall_TWh": 0.0}}}, "pdf": "figures/765.pdf"}