{"id": 765, "name": "Tennessee", "country": "United States of America", "level": "admin1", "continent": "North America", "metrics": {"solar_cf": 0.178, "wind_cf": 0.1819, "solar_f_adj": 1.2804, "wind_f_adj": 1.9742, "mix_alpha": 0.45, "mix_f_adj": 1.4248, "solar_s_tot_pct": 21.2632, "wind_s_tot_pct": 31.8372, "mix_s_tot_pct": 11.3849, "solar_s_seasonal_pct": 20.4178, "solar_s_diurnal_pct": 0.8454, "wind_s_seasonal_pct": 30.6359, "wind_s_diurnal_pct": 1.2013, "solar_flaute_days": 1.75, "wind_flaute_days": 13.75, "solar_gap30d_max": 0.7212, "wind_gap30d_max": 0.9249, "solar_trend_pct_decade": 0.018, "wind_trend_pct_decade": -16.993}, "colocation": {"k": [0, 17, 35, 50], "storage_pct_cons": [11.3849, 4.2953, 1.6843, 1.2659], "pick": ["base", "solar", "wind", "solar"], "usa_feasible": {"1pct": [false, false, false, false], "oilgas2x": [true, true, true, true], "oilgas_all": [true, true, true, true]}}, "datasets": {"gldas": {"series_norm": {"months": [1, 2, 3, 4, 5, 6, 7, 8, 9, 10, 11, 12], "demand": [1.0, 1.0, 1.0, 1.0, 1.0, 1.0, 1.0, 1.0, 1.0, 1.0, 1.0, 1.0], "solar_supply": [0.670608, 0.868996, 1.189653, 1.531469, 1.720179, 1.905435, 1.85972, 1.694124, 1.441239, 1.089972, 0.778561, 0.595573], "wind_supply": [3.027633, 3.074227, 2.949659, 2.766703, 1.741266, 0.937145, 0.649774, 0.596533, 1.030781, 1.771698, 2.401152, 2.81676], "mix_supply": [1.537564, 1.655397, 1.766515, 1.865051, 1.552513, 1.326094, 1.189136, 1.085084, 1.130824, 1.249029, 1.342947, 1.416288], "mix_storage": [0.089061, 0.092084, 0.097286, 0.105064, 0.109243, 0.108992, 0.106365, 0.099015, 0.090755, 0.088049, 0.088629, 0.087188], "mix_s_tot": 0.113849}, "series_real": {"months": [1, 2, 3, 4, 5, 6, 7, 8, 9, 10, 11, 12], "demand_TWh": [9.141214, 7.967706, 7.964751, 7.179259, 7.48894, 8.331195, 9.824536, 9.987799, 9.063553, 7.854775, 7.133102, 8.277367], "supply_TWh_nocap": [11.408116, 11.427753, 13.803191, 14.546746, 13.250517, 11.653941, 11.047272, 10.075863, 9.643465, 10.173361, 9.953204, 10.473258], "supply_TWh_1pct": [6.224527, 6.235241, 7.531334, 7.937035, 7.229783, 6.358655, 6.027642, 5.497619, 5.261693, 5.550816, 5.430694, 5.714447], "supply_TWh_oilgas2x": [11.408116, 11.427753, 13.803191, 14.546746, 13.250517, 11.653941, 11.047272, 10.075863, 9.643465, 10.173361, 9.953204, 10.473258], "supply_TWh_oilgas_all": [11.408116, 11.427753, 13.803191, 14.546746, 13.250517, 11.653941, 11.047272, 10.075863, 9.643465, 10.173361, 9.953204, 10.473258]}, "consumption_TWh": 100.158789}, "nldas": null}, "usa": {"annual_consumption_TWh": 100.158789, "state_land_km2": 109298.747146, "mix_solar_nameplate_GW": 48.456843, "mix_wind_nameplate_GW": 38.796473, "mix_capacity_TWh": 764.339054, "mix_land_km2": 2003.192847, "mix_land_pct": 1.832768, "solar_land_pct": 2.496516, "wind_land_pct": 1.143685, "mix_storage_TWh": null, "caps": {"1pct": {"label": "1% of land (NREL)", "cap_pct": 1.0, "feasible": false, "storage_TWh": null, "supply_capped_TWh": 74.956442, "shortfall_TWh": 25.202347}, "oilgas2x": {"label": "1.88% (2\u00d7 onshore oil & gas)", "cap_pct": 1.8800000000000001, "feasible": true, "storage_TWh": 13.259421, "supply_capped_TWh": null, "shortfall_TWh": 0.0}, "oilgas_all": {"label": "5% (all onshore oil & gas land)", "cap_pct": 5.0, "feasible": true, "storage_TWh": 13.259421, "supply_capped_TWh": null, "shortfall_TWh": 0.0}}}, "pdf": "figures/765.pdf"}