{"id": 766, "name": "West Virginia", "country": "United States of America", "level": "admin1", "continent": "North America", "metrics": {"solar_cf": 0.1617, "wind_cf": 0.1576, "solar_f_adj": 1.3018, "wind_f_adj": 1.8187, "mix_alpha": 0.5, "mix_f_adj": 1.384, "solar_s_tot_pct": 23.0551, "wind_s_tot_pct": 29.8279, "mix_s_tot_pct": 11.1604, "solar_s_seasonal_pct": 22.1874, "solar_s_diurnal_pct": 0.8677, "wind_s_seasonal_pct": 28.654, "wind_s_diurnal_pct": 1.1739, "solar_flaute_days": 2.0, "wind_flaute_days": 17.75, "solar_gap30d_max": 0.7276, "wind_gap30d_max": 0.9415, "solar_trend_pct_decade": -0.6596, "wind_trend_pct_decade": -24.296}, "colocation": {"k": [0, 17, 35, 50], "storage_pct_cons": [11.1604, 4.9619, 2.4868, 2.2003], "pick": ["base", "wind", "wind", "wind"], "usa_feasible": {"1pct": [false, true, true, true], "oilgas2x": [true, true, true, true], "oilgas_all": [true, true, true, true]}}, "datasets": {"gldas": {"series_norm": {"months": [1, 2, 3, 4, 5, 6, 7, 8, 9, 10, 11, 12], "demand": [1.0, 1.0, 1.0, 1.0, 1.0, 1.0, 1.0, 1.0, 1.0, 1.0, 1.0, 1.0], "solar_supply": [0.60748, 0.858234, 1.192611, 1.550653, 1.797967, 2.035373, 1.972123, 1.794401, 1.485544, 1.050402, 0.72351, 0.532647], "wind_supply": [3.015035, 2.877685, 2.656755, 2.414371, 1.594096, 1.064266, 0.726461, 0.569739, 0.8398, 1.438459, 2.063553, 2.629114], "mix_supply": [1.470151, 1.551184, 1.644868, 1.742968, 1.562319, 1.486918, 1.324759, 1.170653, 1.10923, 1.105709, 1.169789, 1.283527], "mix_storage": [0.069955, 0.071947, 0.078809, 0.090611, 0.098291, 0.102485, 0.105423, 0.102264, 0.094386, 0.083333, 0.074832, 0.070517], "mix_s_tot": 0.111604}, "series_real": {"months": [1, 2, 3, 4, 5, 6, 7, 8, 9, 10, 11, 12], "demand_TWh": [3.185435, 2.543353, 2.757565, 2.302494, 2.442884, 2.460905, 2.759629, 2.785015, 2.368183, 2.479052, 2.503286, 2.965712], "supply_TWh_nocap": [4.223763, 4.008557, 4.578081, 4.615003, 4.156543, 3.738141, 3.395033, 2.985142, 2.79782, 3.005986, 3.185652, 3.687503], "supply_TWh_1pct": [4.099539, 3.890663, 4.443437, 4.479273, 4.034296, 3.6282, 3.295183, 2.897347, 2.715535, 2.917578, 3.09196, 3.579051], "supply_TWh_oilgas2x": [4.223763, 4.008557, 4.578081, 4.615003, 4.156543, 3.738141, 3.395033, 2.985142, 2.79782, 3.005986, 3.185652, 3.687503], "supply_TWh_oilgas_all": [4.223763, 4.008557, 4.578081, 4.615003, 4.156543, 3.738141, 3.395033, 2.985142, 2.79782, 3.005986, 3.185652, 3.687503]}, "consumption_TWh": 31.536066}, "nldas": null}, "usa": {"annual_consumption_TWh": 31.536066, "state_land_km2": 62735.352931, "mix_solar_nameplate_GW": 14.090122, "mix_wind_nameplate_GW": 17.669276, "mix_capacity_TWh": 278.212328, "mix_land_km2": 646.363504, "mix_land_pct": 1.030302, "solar_land_pct": 1.545146, "wind_land_pct": 0.660717, "mix_storage_TWh": null, "caps": {"1pct": {"label": "1% of land (NREL)", "cap_pct": 1.0, "feasible": false, "storage_TWh": null, "supply_capped_TWh": 43.047893, "shortfall_TWh": 0.0}, "oilgas2x": {"label": "1.88% (2\u00d7 onshore oil & gas)", "cap_pct": 1.8800000000000001, "feasible": true, "storage_TWh": 3.87408, "supply_capped_TWh": null, "shortfall_TWh": 0.0}, "oilgas_all": {"label": "5% (all onshore oil & gas land)", "cap_pct": 5.0, "feasible": true, "storage_TWh": 3.87408, "supply_capped_TWh": null, "shortfall_TWh": 0.0}}}, "pdf": "figures/766.pdf"}