{"id": 767, "name": "Indiana", "country": "United States of America", "level": "admin1", "continent": "North America", "metrics": {"solar_cf": 0.1664, "wind_cf": 0.2864, "solar_f_adj": 1.2868, "wind_f_adj": 1.3683, "mix_alpha": 0.5, "mix_f_adj": 1.2251, "solar_s_tot_pct": 23.6241, "wind_s_tot_pct": 26.7716, "mix_s_tot_pct": 7.5245, "solar_s_seasonal_pct": 22.7789, "solar_s_diurnal_pct": 0.8451, "wind_s_seasonal_pct": 26.4988, "wind_s_diurnal_pct": 0.2728, "solar_flaute_days": 3.75, "wind_flaute_days": 10.625, "solar_gap30d_max": 0.7344, "wind_gap30d_max": 0.8653, "solar_trend_pct_decade": -0.1548, "wind_trend_pct_decade": 10.3631}, "colocation": {"k": [0, 17, 35, 50], "storage_pct_cons": [7.5245, 2.4443, 1.4228, 1.2265], "pick": ["base", "solar", "wind", "solar"], "usa_feasible": {"1pct": [false, false, false, false], "oilgas2x": [true, true, true, true], "oilgas_all": [true, true, true, true]}}, "datasets": {"gldas": {"series_norm": {"months": [1, 2, 3, 4, 5, 6, 7, 8, 9, 10, 11, 12], "demand": [1.0, 1.0, 1.0, 1.0, 1.0, 1.0, 1.0, 1.0, 1.0, 1.0, 1.0, 1.0], "solar_supply": [0.587703, 0.851665, 1.160939, 1.530651, 1.76841, 2.026257, 2.028451, 1.815663, 1.485816, 1.004972, 0.664725, 0.496042], "wind_supply": [1.959543, 1.883789, 1.797722, 1.758077, 1.241283, 0.882085, 0.58626, 0.588937, 0.832266, 1.407745, 1.710119, 1.80874], "mix_supply": [1.15692, 1.248654, 1.357339, 1.515573, 1.397405, 1.359347, 1.227967, 1.127879, 1.079798, 1.108529, 1.081929, 1.045785], "mix_storage": [0.042041, 0.045392, 0.053894, 0.065125, 0.071842, 0.072411, 0.071561, 0.067119, 0.060566, 0.053468, 0.049587, 0.043499], "mix_s_tot": 0.075245}, "series_real": {"months": [1, 2, 3, 4, 5, 6, 7, 8, 9, 10, 11, 12], "demand_TWh": [9.335827, 7.876933, 8.513316, 7.442922, 8.112918, 8.588373, 9.770673, 9.861031, 8.415215, 8.099417, 7.730915, 8.871606], "supply_TWh_nocap": [10.097261, 9.942527, 11.848294, 12.804689, 12.199928, 11.486614, 10.720658, 9.84685, 9.124403, 9.677917, 9.139478, 9.128716], "supply_TWh_1pct": [5.632565, 5.546249, 6.609345, 7.142852, 6.805498, 6.407589, 5.980315, 5.492878, 5.089875, 5.398642, 5.098284, 5.092281], "supply_TWh_oilgas2x": [10.097261, 9.942527, 11.848294, 12.804689, 12.199928, 11.486614, 10.720658, 9.84685, 9.124403, 9.677917, 9.139478, 9.128716], "supply_TWh_oilgas_all": [10.097261, 9.942527, 11.848294, 12.804689, 12.199928, 11.486614, 10.720658, 9.84685, 9.124403, 9.677917, 9.139478, 9.128716]}, "consumption_TWh": 102.562408}, "nldas": {"real": {"annual_consumption_TWh": 102.562408, "state_land_km2": 94332.25306, "mix_solar_nameplate_GW": 27.996041, "mix_wind_nameplate_GW": 24.968982, "mix_capacity_TWh": 463.973601, "mix_land_km2": 1182.891196, "mix_land_pct": 1.253963, "solar_land_pct": 3.031971, "wind_land_pct": 0.430406, "caps": {"1pct": {"label": "1% of land (NREL)", "cap_pct": 1.0, "feasible": false, "storage_TWh": null, "supply_capped_TWh": 99.080611, "shortfall_TWh": 3.481797}, "oilgas2x": {"label": "1.88% (2\u00d7 onshore oil & gas)", "cap_pct": 1.8800000000000001, "feasible": true, "storage_TWh": 11.505745, "supply_capped_TWh": null, "shortfall_TWh": 0.0}, "oilgas_all": {"label": "5% (all onshore oil & gas land)", "cap_pct": 5.0, "feasible": true, "storage_TWh": 11.505745, "supply_capped_TWh": null, "shortfall_TWh": 0.0}}}, "metrics": {"solar_cf": 0.177313, "wind_cf": 0.369217, "solar_f_adj": 1.29946, "wind_f_adj": 1.280372, "mix_alpha": 0.35, "mix_f_adj": 1.211393, "solar_s_tot_pct": 22.35566, "wind_s_tot_pct": 20.885307, "mix_s_tot_pct": 11.218287, "solar_s_seasonal_pct": 21.280048, "solar_s_diurnal_pct": 1.075612, "wind_s_seasonal_pct": 20.293041, "wind_s_diurnal_pct": 0.592266, "solar_flaute_days": 0.875, "wind_flaute_days": 10.666667, "solar_gap30d_max": 0.73312, "wind_gap30d_max": 0.737581, "solar_trend_pct_decade": 2.00019, "wind_trend_pct_decade": 1.416887}, "series_real": {"months": [1, 2, 3, 4, 5, 6, 7, 8, 9, 10, 11, 12], "demand_TWh": [9.340168, 7.876928, 8.515953, 7.444111, 8.114172, 8.588368, 9.772183, 9.862555, 8.41521, 8.100669, 7.73339, 8.874354], "supply_TWh_nocap": [10.45132, 9.776939, 11.947107, 12.638252, 11.801219, 10.692017, 9.710223, 9.032509, 8.901577, 10.125309, 9.680454, 9.578052], "supply_TWh_1pct": [8.334634, 7.796835, 9.527482, 10.078651, 9.411141, 8.526583, 7.74363, 7.203172, 7.098758, 8.07465, 7.719891, 7.638228], "supply_TWh_oilgas2x": [10.45132, 9.776939, 11.947107, 12.638252, 11.801219, 10.692017, 9.710223, 9.032509, 8.901577, 10.125309, 9.680454, 9.578052], "supply_TWh_oilgas_all": [10.45132, 9.776939, 11.947107, 12.638252, 11.801219, 10.692017, 9.710223, 9.032509, 8.901577, 10.125309, 9.680454, 9.578052]}, "series_norm": {"months": [1, 2, 3, 4, 5, 6, 7, 8, 9, 10, 11, 12], "demand": [1.072254, 0.991625, 0.977634, 0.883072, 0.931509, 1.018812, 1.121849, 1.132224, 0.998271, 0.929959, 0.917389, 1.018778], "solar_supply": [0.612431, 0.809819, 1.203125, 1.534297, 1.779818, 2.009418, 2.030636, 1.83125, 1.511908, 1.050821, 0.669674, 0.524207], "wind_supply": [1.62605, 1.571738, 1.591878, 1.623833, 1.25868, 0.996338, 0.735276, 0.71455, 0.914925, 1.332603, 1.512015, 1.509842], "mix_supply": [1.199815, 1.230817, 1.371531, 1.499237, 1.354783, 1.268361, 1.114736, 1.036935, 1.055967, 1.162388, 1.148363, 1.099563], "mix_storage": [0.076211, 0.079217, 0.090772, 0.102207, 0.107604, 0.107174, 0.098019, 0.078017, 0.063684, 0.06393, 0.073616, 0.075383], "mix_s_tot": 0.112183}, "consumption_TWh": 102.562408}}, "usa": {"annual_consumption_TWh": 102.562408, "state_land_km2": 94332.25306, "mix_solar_nameplate_GW": 43.201532, "mix_wind_nameplate_GW": 25.100332, "mix_capacity_TWh": 598.324327, "mix_land_km2": 1691.054391, "mix_land_pct": 1.792658, "solar_land_pct": 3.190141, "wind_land_pct": 0.595959, "mix_storage_TWh": null, "caps": {"1pct": {"label": "1% of land (NREL)", "cap_pct": 1.0, "feasible": false, "storage_TWh": null, "supply_capped_TWh": 70.256936, "shortfall_TWh": 32.305472}, "oilgas2x": {"label": "1.88% (2\u00d7 onshore oil & gas)", "cap_pct": 1.8800000000000001, "feasible": true, "storage_TWh": 8.552782, "supply_capped_TWh": null, "shortfall_TWh": 0.0}, "oilgas_all": {"label": "5% (all onshore oil & gas land)", "cap_pct": 5.0, "feasible": true, "storage_TWh": 8.552782, "supply_capped_TWh": null, "shortfall_TWh": 0.0}}}, "pdf": "figures/767.pdf"}