{"id": 767, "name": "Indiana", "country": "United States of America", "level": "admin1", "continent": "North America", "metrics": {"solar_cf": 0.1664, "wind_cf": 0.2864, "solar_f_adj": 1.2868, "wind_f_adj": 1.3683, "mix_alpha": 0.5, "mix_f_adj": 1.2251, "solar_s_tot_pct": 23.6241, "wind_s_tot_pct": 26.7716, "mix_s_tot_pct": 7.5245, "solar_s_seasonal_pct": 22.7789, "solar_s_diurnal_pct": 0.8451, "wind_s_seasonal_pct": 26.4988, "wind_s_diurnal_pct": 0.2728, "solar_flaute_days": 3.75, "wind_flaute_days": 10.625, "solar_gap30d_max": 0.7344, "wind_gap30d_max": 0.8653, "solar_trend_pct_decade": -0.1548, "wind_trend_pct_decade": 10.3631}, "colocation": {"k": [0, 17, 35, 50], "storage_pct_cons": [7.5245, 2.4443, 1.4228, 1.2265], "pick": ["base", "solar", "wind", "solar"], "usa_feasible": {"1pct": [false, false, false, false], "oilgas2x": [true, true, true, true], "oilgas_all": [true, true, true, true]}}, "datasets": {"gldas": {"series_norm": {"months": [1, 2, 3, 4, 5, 6, 7, 8, 9, 10, 11, 12], "demand": [1.0, 1.0, 1.0, 1.0, 1.0, 1.0, 1.0, 1.0, 1.0, 1.0, 1.0, 1.0], "solar_supply": [0.587703, 0.851665, 1.160939, 1.530651, 1.76841, 2.026257, 2.028451, 1.815663, 1.485816, 1.004972, 0.664725, 0.496042], "wind_supply": [1.959543, 1.883789, 1.797722, 1.758077, 1.241283, 0.882085, 0.58626, 0.588937, 0.832266, 1.407745, 1.710119, 1.80874], "mix_supply": [1.15692, 1.248654, 1.357339, 1.515573, 1.397405, 1.359347, 1.227967, 1.127879, 1.079798, 1.108529, 1.081929, 1.045785], "mix_storage": [0.042041, 0.045392, 0.053894, 0.065125, 0.071842, 0.072411, 0.071561, 0.067119, 0.060566, 0.053468, 0.049587, 0.043499], "mix_s_tot": 0.075245}, "series_real": {"months": [1, 2, 3, 4, 5, 6, 7, 8, 9, 10, 11, 12], "demand_TWh": [9.335827, 7.876933, 8.513316, 7.442922, 8.112918, 8.588373, 9.770673, 9.861031, 8.415215, 8.099417, 7.730915, 8.871606], "supply_TWh_nocap": [10.097261, 9.942527, 11.848294, 12.804689, 12.199928, 11.486614, 10.720658, 9.84685, 9.124403, 9.677917, 9.139478, 9.128716], "supply_TWh_1pct": [5.632565, 5.546249, 6.609345, 7.142852, 6.805498, 6.407589, 5.980315, 5.492878, 5.089875, 5.398642, 5.098284, 5.092281], "supply_TWh_oilgas2x": [10.097261, 9.942527, 11.848294, 12.804689, 12.199928, 11.486614, 10.720658, 9.84685, 9.124403, 9.677917, 9.139478, 9.128716], "supply_TWh_oilgas_all": [10.097261, 9.942527, 11.848294, 12.804689, 12.199928, 11.486614, 10.720658, 9.84685, 9.124403, 9.677917, 9.139478, 9.128716]}, "consumption_TWh": 102.562408}, "nldas": null}, "usa": {"annual_consumption_TWh": 102.562408, "state_land_km2": 94332.25306, "mix_solar_nameplate_GW": 43.201532, "mix_wind_nameplate_GW": 25.100332, "mix_capacity_TWh": 598.324327, "mix_land_km2": 1691.054391, "mix_land_pct": 1.792658, "solar_land_pct": 3.190141, "wind_land_pct": 0.595959, "mix_storage_TWh": null, "caps": {"1pct": {"label": "1% of land (NREL)", "cap_pct": 1.0, "feasible": false, "storage_TWh": null, "supply_capped_TWh": 70.256936, "shortfall_TWh": 32.305472}, "oilgas2x": {"label": "1.88% (2\u00d7 onshore oil & gas)", "cap_pct": 1.8800000000000001, "feasible": true, "storage_TWh": 8.552782, "supply_capped_TWh": null, "shortfall_TWh": 0.0}, "oilgas_all": {"label": "5% (all onshore oil & gas land)", "cap_pct": 5.0, "feasible": true, "storage_TWh": 8.552782, "supply_capped_TWh": null, "shortfall_TWh": 0.0}}}, "pdf": "figures/767.pdf"}