{"id": 768, "name": "Almaty City", "country": "Kazakhstan", "level": "admin1", "continent": "Asia", "metrics": {"solar_cf": 0.1608, "wind_cf": 0.1576, "solar_f_adj": 1.311, "wind_f_adj": 3.666, "mix_alpha": 0.9, "mix_f_adj": 1.3249, "solar_s_tot_pct": 25.8983, "wind_s_tot_pct": 30.3185, "mix_s_tot_pct": 22.4513, "solar_s_seasonal_pct": 24.8022, "solar_s_diurnal_pct": 1.0961, "wind_s_seasonal_pct": 29.3781, "wind_s_diurnal_pct": 0.9404, "solar_flaute_days": 1.625, "wind_flaute_days": 22.125, "solar_gap30d_max": 0.767, "wind_gap30d_max": 0.984, "solar_trend_pct_decade": -0.1606, "wind_trend_pct_decade": -47.7625}, "colocation": {"k": [0, 17, 35, 50], "storage_pct_cons": [22.4513, 17.3247, 13.2251, 10.4717], "pick": ["base", "wind", "wind", "wind"]}, "datasets": {"gldas": {"series_norm": {"months": [1, 2, 3, 4, 5, 6, 7, 8, 9, 10, 11, 12], "demand": [1.0, 1.0, 1.0, 1.0, 1.0, 1.0, 1.0, 1.0, 1.0, 1.0, 1.0, 1.0], "solar_supply": [0.609741, 0.858537, 1.237168, 1.568082, 1.900864, 2.021199, 2.031118, 1.87325, 1.471554, 0.991482, 0.64224, 0.500877], "wind_supply": [3.347183, 3.451503, 3.968628, 4.223046, 4.032901, 4.053131, 3.754291, 3.657488, 3.362502, 3.47596, 3.33138, 3.324745], "mix_supply": [0.675566, 0.905632, 1.268709, 1.578891, 1.874705, 1.984889, 1.98311, 1.836021, 1.459993, 1.027437, 0.704554, 0.575736], "mix_storage": [0.075727, 0.041646, 0.032848, 0.050358, 0.091017, 0.140426, 0.180668, 0.205925, 0.212874, 0.203938, 0.170591, 0.120623], "mix_s_tot": 0.224513}}, "nldas": null}, "pdf": "figures/768.pdf"}