{"id": 769, "name": "Astana", "country": "Kazakhstan", "level": "admin1", "continent": "Asia", "metrics": {"solar_cf": 0.1431, "wind_cf": 0.3898, "solar_f_adj": 1.3401, "wind_f_adj": 1.3711, "mix_alpha": 0.3, "mix_f_adj": 1.2583, "solar_s_tot_pct": 29.8215, "wind_s_tot_pct": 18.2422, "mix_s_tot_pct": 12.2287, "solar_s_seasonal_pct": 28.7915, "solar_s_diurnal_pct": 1.03, "wind_s_seasonal_pct": 17.7918, "wind_s_diurnal_pct": 0.4504, "solar_flaute_days": 1.875, "wind_flaute_days": 6.625, "solar_gap30d_max": 0.8147, "wind_gap30d_max": 0.6899, "solar_trend_pct_decade": 0.162, "wind_trend_pct_decade": 6.5875}, "colocation": {"k": [0, 17, 35, 50], "storage_pct_cons": [12.2287, 4.3886, 3.5023, 3.5023], "pick": ["base", "wind", "wind", "wind"]}, "datasets": {"gldas": {"series_norm": {"months": [1, 2, 3, 4, 5, 6, 7, 8, 9, 10, 11, 12], "demand": [1.0, 1.0, 1.0, 1.0, 1.0, 1.0, 1.0, 1.0, 1.0, 1.0, 1.0, 1.0], "solar_supply": [0.446182, 0.828124, 1.340147, 1.74647, 2.18945, 2.339168, 2.250656, 1.952468, 1.382192, 0.793983, 0.439863, 0.344038], "wind_supply": [1.564898, 1.503483, 1.579783, 1.425888, 1.373579, 1.14934, 1.020584, 1.040478, 1.135426, 1.387326, 1.633134, 1.646498], "mix_supply": [1.131041, 1.19918, 1.392437, 1.408031, 1.499215, 1.397331, 1.289679, 1.21846, 1.118809, 1.114938, 1.173098, 1.154689], "mix_storage": [0.088035, 0.083732, 0.089067, 0.099582, 0.109885, 0.113808, 0.113028, 0.109998, 0.105146, 0.097658, 0.095626, 0.089901], "mix_s_tot": 0.122287}}, "nldas": null}, "pdf": "figures/769.pdf"}