{"id": 77, "name": "Austria", "country": "Austria", "level": "admin0", "continent": "Europe", "metrics": {"solar_cf": 0.1343, "wind_cf": 0.1156, "solar_f_adj": 1.3178, "wind_f_adj": 2.5596, "mix_alpha": 0.15, "mix_f_adj": 1.9991, "solar_s_tot_pct": 30.4409, "wind_s_tot_pct": 22.8007, "mix_s_tot_pct": 19.0818, "solar_s_seasonal_pct": 29.2206, "solar_s_diurnal_pct": 1.2204, "wind_s_seasonal_pct": 21.4397, "wind_s_diurnal_pct": 1.3609, "solar_flaute_days": 2.875, "wind_flaute_days": 12.75, "solar_gap30d_max": 0.7757, "wind_gap30d_max": 0.9171, "solar_trend_pct_decade": 0.1467, "wind_trend_pct_decade": -48.054}, "colocation": {"k": [0, 17, 35, 50], "storage_pct_cons": [19.0818, 13.2756, 10.6158, 8.4621], "pick": ["base", "wind", "solar", "solar"]}, "datasets": {"gldas": {"series_norm": {"months": [1, 2, 3, 4, 5, 6, 7, 8, 9, 10, 11, 12], "demand": [1.0, 1.0, 1.0, 1.0, 1.0, 1.0, 1.0, 1.0, 1.0, 1.0, 1.0, 1.0], "solar_supply": [0.486403, 0.796691, 1.247222, 1.713084, 2.012546, 2.254508, 2.220093, 1.910741, 1.376374, 0.869789, 0.503031, 0.395312], "wind_supply": [3.712934, 3.76514, 3.361837, 2.697417, 2.312691, 1.681484, 1.718695, 1.266816, 1.863416, 2.260063, 2.991442, 3.157589], "mix_supply": [2.575646, 2.680912, 2.515684, 2.180593, 1.993323, 1.629333, 1.646205, 1.275815, 1.550293, 1.698346, 2.100442, 2.186232], "mix_storage": [0.15929, 0.167069, 0.171153, 0.17911, 0.181801, 0.178827, 0.178862, 0.169349, 0.15823, 0.152411, 0.151098, 0.149732], "mix_s_tot": 0.190818}}, "nldas": null}, "pdf": "figures/77.pdf"}