{"id": 78, "name": "Iraq", "country": "Iraq", "level": "admin0", "continent": "Asia", "metrics": {"solar_cf": 0.2232, "wind_cf": 0.2857, "solar_f_adj": 1.2519, "wind_f_adj": 1.6019, "mix_alpha": 0.45, "mix_f_adj": 1.3581, "solar_s_tot_pct": 19.7407, "wind_s_tot_pct": 20.7925, "mix_s_tot_pct": 15.617, "solar_s_seasonal_pct": 18.8443, "solar_s_diurnal_pct": 0.8964, "wind_s_seasonal_pct": 20.5208, "wind_s_diurnal_pct": 0.2717, "solar_flaute_days": 0.75, "wind_flaute_days": 9.375, "solar_gap30d_max": 0.684, "wind_gap30d_max": 0.8282, "solar_trend_pct_decade": 0.9976, "wind_trend_pct_decade": 25.582}, "colocation": {"k": [0, 17, 35, 50], "storage_pct_cons": [15.617, 10.0257, 6.0574, 4.1167], "pick": ["base", "wind", "wind", "solar"]}, "datasets": {"gldas": {"series_norm": {"months": [1, 2, 3, 4, 5, 6, 7, 8, 9, 10, 11, 12], "demand": [1.0, 1.0, 1.0, 1.0, 1.0, 1.0, 1.0, 1.0, 1.0, 1.0, 1.0, 1.0], "solar_supply": [0.707296, 0.921097, 1.195305, 1.409584, 1.646419, 1.834342, 1.787247, 1.6513, 1.424086, 1.039256, 0.759002, 0.632183], "wind_supply": [1.316155, 1.507252, 1.747052, 1.707145, 1.78815, 2.262517, 2.225009, 1.785512, 1.425191, 1.213352, 1.040755, 1.196633], "mix_supply": [0.958994, 1.152471, 1.398147, 1.484141, 1.637526, 1.950459, 1.909979, 1.638679, 1.359745, 1.073107, 0.855816, 0.866594], "mix_storage": [0.078477, 0.07201, 0.081773, 0.097484, 0.108259, 0.124077, 0.142824, 0.150406, 0.150488, 0.143407, 0.124437, 0.098959], "mix_s_tot": 0.15617}}, "nldas": null}, "pdf": "figures/78.pdf"}