{"id": 79, "name": "Italy", "country": "Italy", "level": "admin0", "continent": "Europe", "metrics": {"solar_cf": 0.1706, "wind_cf": 0.1472, "solar_f_adj": 1.3011, "wind_f_adj": 2.2381, "mix_alpha": 0.05, "mix_f_adj": 2.0943, "solar_s_tot_pct": 26.7677, "wind_s_tot_pct": 14.6759, "mix_s_tot_pct": 13.1527, "solar_s_seasonal_pct": 25.5843, "solar_s_diurnal_pct": 1.1834, "wind_s_seasonal_pct": 14.054, "wind_s_diurnal_pct": 0.6219, "solar_flaute_days": 0.875, "wind_flaute_days": 18.25, "solar_gap30d_max": 0.7461, "wind_gap30d_max": 0.913, "solar_trend_pct_decade": 1.1078, "wind_trend_pct_decade": -36.8471}, "colocation": {"k": [0, 17, 35, 50], "storage_pct_cons": [13.1527, 10.8673, 8.3082, 6.1668], "pick": ["base", "solar", "solar", "solar"]}, "datasets": {"gldas": {"series_norm": {"months": [1, 2, 3, 4, 5, 6, 7, 8, 9, 10, 11, 12], "demand": [1.0, 1.0, 1.0, 1.0, 1.0, 1.0, 1.0, 1.0, 1.0, 1.0, 1.0, 1.0], "solar_supply": [0.527971, 0.799275, 1.179642, 1.549722, 1.893776, 2.169243, 2.223403, 1.913353, 1.389528, 0.913567, 0.566978, 0.456824], "wind_supply": [3.231663, 3.337301, 3.07054, 2.431295, 1.880474, 1.3177, 1.454005, 1.241793, 1.587291, 1.749479, 2.609409, 3.011356], "mix_supply": [2.915268, 3.03101, 2.824486, 2.286016, 1.824057, 1.345951, 1.471477, 1.257878, 1.522849, 1.628719, 2.365257, 2.7137], "mix_storage": [0.120456, 0.124463, 0.125967, 0.127888, 0.12626, 0.118766, 0.116342, 0.11101, 0.104865, 0.101232, 0.104922, 0.11323], "mix_s_tot": 0.131527}}, "nldas": null}, "pdf": "figures/79.pdf"}