{"id": 8, "name": "Lebanon", "country": "Lebanon", "level": "admin0", "continent": "Asia", "metrics": {"solar_cf": 0.2174, "wind_cf": 0.2037, "solar_f_adj": 1.269, "wind_f_adj": 2.211, "mix_alpha": 0.3, "mix_f_adj": 1.695, "solar_s_tot_pct": 22.0821, "wind_s_tot_pct": 15.5809, "mix_s_tot_pct": 13.4128, "solar_s_seasonal_pct": 21.1465, "solar_s_diurnal_pct": 0.9356, "wind_s_seasonal_pct": 15.1419, "wind_s_diurnal_pct": 0.439, "solar_flaute_days": 2.625, "wind_flaute_days": 12.75, "solar_gap30d_max": 0.7075, "wind_gap30d_max": 0.8801, "solar_trend_pct_decade": 0.8781, "wind_trend_pct_decade": -29.4688}, "colocation": {"k": [0, 17, 35, 50], "storage_pct_cons": [13.4128, 9.1276, 6.2456, 3.9174], "pick": ["base", "wind", "solar", "solar"]}, "datasets": {"gldas": {"series_norm": {"months": [1, 2, 3, 4, 5, 6, 7, 8, 9, 10, 11, 12], "demand": [1.0, 1.0, 1.0, 1.0, 1.0, 1.0, 1.0, 1.0, 1.0, 1.0, 1.0, 1.0], "solar_supply": [0.62864, 0.817403, 1.130972, 1.443217, 1.768474, 1.940345, 1.90246, 1.72943, 1.457018, 1.058834, 0.742597, 0.584321], "wind_supply": [2.736439, 2.720882, 2.923531, 2.617871, 2.488776, 2.297953, 2.10442, 1.780269, 1.711936, 1.400033, 1.584751, 2.190207], "mix_supply": [1.720384, 1.787679, 2.022083, 1.983179, 2.044241, 2.010711, 1.891673, 1.648384, 1.502552, 1.175611, 1.148012, 1.409497], "mix_storage": [0.097189, 0.102304, 0.108519, 0.119087, 0.126244, 0.130446, 0.13176, 0.132694, 0.131093, 0.122743, 0.105708, 0.093667], "mix_s_tot": 0.134128}}, "nldas": null}, "pdf": "figures/8.pdf"}