{"id": 80, "name": "Switzerland", "country": "Switzerland", "level": "admin0", "continent": "Europe", "metrics": {"solar_cf": 0.1404, "wind_cf": 0.1066, "solar_f_adj": 1.3463, "wind_f_adj": 3.1707, "mix_alpha": 0.3, "mix_f_adj": 2.0538, "solar_s_tot_pct": 29.3859, "wind_s_tot_pct": 32.9244, "mix_s_tot_pct": 18.3209, "solar_s_seasonal_pct": 28.4337, "solar_s_diurnal_pct": 0.9522, "wind_s_seasonal_pct": 31.9439, "wind_s_diurnal_pct": 0.9805, "solar_flaute_days": 1.875, "wind_flaute_days": 16.75, "solar_gap30d_max": 0.7787, "wind_gap30d_max": 0.9449, "solar_trend_pct_decade": 2.0426, "wind_trend_pct_decade": -62.833}, "colocation": {"k": [0, 17, 35, 50], "storage_pct_cons": [18.3209, 9.9091, 7.4421, 5.9485], "pick": ["base", "wind", "wind", "solar"]}, "datasets": {"gldas": {"series_norm": {"months": [1, 2, 3, 4, 5, 6, 7, 8, 9, 10, 11, 12], "demand": [1.0, 1.0, 1.0, 1.0, 1.0, 1.0, 1.0, 1.0, 1.0, 1.0, 1.0, 1.0], "solar_supply": [0.512177, 0.830337, 1.277554, 1.694554, 1.987115, 2.318715, 2.275746, 1.955094, 1.437489, 0.89432, 0.526905, 0.418047], "wind_supply": [4.878478, 4.713894, 4.162414, 3.149239, 2.433709, 1.911789, 1.842816, 1.472866, 2.071819, 2.947554, 3.904076, 4.643806], "mix_supply": [2.446425, 2.517413, 2.472039, 2.203492, 2.012952, 1.928066, 1.877126, 1.562628, 1.597313, 1.745797, 2.01135, 2.296939], "mix_storage": [0.15748, 0.160806, 0.166323, 0.174665, 0.17623, 0.176785, 0.178718, 0.177449, 0.171421, 0.164601, 0.158249, 0.153323], "mix_s_tot": 0.183209}}, "nldas": null}, "pdf": "figures/80.pdf"}