{"id": 81, "name": "Netherlands", "country": "Netherlands", "level": "admin0", "continent": "Europe", "metrics": {"solar_cf": 0.118, "wind_cf": 0.4188, "solar_f_adj": 1.4341, "wind_f_adj": 1.3969, "mix_alpha": 0.25, "mix_f_adj": 1.2911, "solar_s_tot_pct": 34.5483, "wind_s_tot_pct": 17.2797, "mix_s_tot_pct": 5.8308, "solar_s_seasonal_pct": 33.9489, "solar_s_diurnal_pct": 0.5994, "wind_s_seasonal_pct": 17.0937, "wind_s_diurnal_pct": 0.1861, "solar_flaute_days": 3.75, "wind_flaute_days": 8.5, "solar_gap30d_max": 0.8635, "wind_gap30d_max": 0.7365, "solar_trend_pct_decade": -0.7545, "wind_trend_pct_decade": 1.9572}, "colocation": {"k": [0, 17, 35, 50], "storage_pct_cons": [5.8308, 2.7703, 2.4228, 2.3023], "pick": ["base", "wind", "solar", "solar"]}, "datasets": {"gldas": {"series_norm": {"months": [1, 2, 3, 4, 5, 6, 7, 8, 9, 10, 11, 12], "demand": [1.0, 1.0, 1.0, 1.0, 1.0, 1.0, 1.0, 1.0, 1.0, 1.0, 1.0, 1.0], "solar_supply": [0.358088, 0.675233, 1.265762, 1.999182, 2.483951, 2.70051, 2.543222, 2.158939, 1.510041, 0.800296, 0.403092, 0.271061], "wind_supply": [1.927005, 1.828122, 1.527586, 1.254532, 1.182061, 1.01475, 0.999406, 0.95604, 1.096401, 1.505901, 1.636576, 1.854116], "mix_supply": [1.416352, 1.41919, 1.343779, 1.319579, 1.378453, 1.311218, 1.265181, 1.148628, 1.099873, 1.223983, 1.225163, 1.346239], "mix_storage": [0.051356, 0.051705, 0.052835, 0.052736, 0.055282, 0.05543, 0.054663, 0.050004, 0.044251, 0.042245, 0.044396, 0.046311], "mix_s_tot": 0.058308}}, "nldas": null}, "pdf": "figures/81.pdf"}