{"id": 82, "name": "Liechtenstein", "country": "Liechtenstein", "level": "admin0", "continent": "Europe", "metrics": {"solar_cf": 0.1359, "wind_cf": 0.1149, "solar_f_adj": 1.372, "wind_f_adj": 2.4138, "mix_alpha": 0.3, "mix_f_adj": 1.8284, "solar_s_tot_pct": 29.1948, "wind_s_tot_pct": 22.5759, "mix_s_tot_pct": 7.4572, "solar_s_seasonal_pct": 28.528, "solar_s_diurnal_pct": 0.6668, "wind_s_seasonal_pct": 21.0503, "wind_s_diurnal_pct": 1.5256, "solar_flaute_days": 2.125, "wind_flaute_days": 8.25, "solar_gap30d_max": 0.7848, "wind_gap30d_max": 0.8437, "solar_trend_pct_decade": 0.4965, "wind_trend_pct_decade": -45.5124}, "colocation": {"k": [0, 17, 35, 50], "storage_pct_cons": [7.4572, 5.1598, 3.3076, 3.3076], "pick": ["base", "wind", "wind", "wind"]}, "datasets": {"gldas": {"series_norm": {"months": [1, 2, 3, 4, 5, 6, 7, 8, 9, 10, 11, 12], "demand": [1.0, 1.0, 1.0, 1.0, 1.0, 1.0, 1.0, 1.0, 1.0, 1.0, 1.0, 1.0], "solar_supply": [0.546835, 0.880302, 1.326989, 1.754964, 2.030729, 2.369618, 2.286294, 1.945088, 1.411525, 0.900114, 0.546839, 0.440444], "wind_supply": [3.123011, 3.136266, 2.871101, 2.539364, 1.809393, 1.62398, 1.625627, 1.466996, 1.705493, 2.632713, 3.132052, 3.342331], "mix_supply": [1.874611, 2.014957, 2.052933, 2.048129, 1.771308, 1.808477, 1.776038, 1.555512, 1.468662, 1.755866, 1.879406, 1.948372], "mix_storage": [0.061233, 0.062224, 0.064299, 0.068459, 0.06941, 0.070892, 0.072386, 0.071598, 0.068288, 0.063214, 0.063568, 0.060789], "mix_s_tot": 0.074572}}, "nldas": null}, "pdf": "figures/82.pdf"}