{"id": 83, "name": "Ivory Coast", "country": "Ivory Coast", "level": "admin0", "continent": "Africa", "metrics": {"solar_cf": 0.2178, "wind_cf": 0.0179, "solar_f_adj": 1.2624, "wind_f_adj": 2.3962, "mix_alpha": 0.95, "mix_f_adj": 1.2801, "solar_s_tot_pct": 7.9194, "wind_s_tot_pct": 39.5098, "mix_s_tot_pct": 7.61, "solar_s_seasonal_pct": 6.1477, "solar_s_diurnal_pct": 1.7716, "wind_s_seasonal_pct": 38.2652, "wind_s_diurnal_pct": 1.2446, "solar_flaute_days": 0.875, "wind_flaute_days": 20.75, "solar_gap30d_max": 0.5896, "wind_gap30d_max": 0.9924, "solar_trend_pct_decade": 3.2323, "wind_trend_pct_decade": 7.2096}, "colocation": {"k": [0, 17, 35, 50], "storage_pct_cons": [7.61, 1.5507, 0.6702, 0.6323], "pick": ["base", "wind", "wind", "wind"]}, "datasets": {"gldas": {"series_norm": {"months": [1, 2, 3, 4, 5, 6, 7, 8, 9, 10, 11, 12], "demand": [1.0, 1.0, 1.0, 1.0, 1.0, 1.0, 1.0, 1.0, 1.0, 1.0, 1.0, 1.0], "solar_supply": [1.363881, 1.408492, 1.389823, 1.349269, 1.295808, 1.173382, 1.112777, 1.094481, 1.149287, 1.236706, 1.282118, 1.302182], "wind_supply": [2.623429, 2.910998, 3.257826, 4.135566, 3.268954, 2.637573, 3.10147, 3.215493, 1.00435, 0.353396, 0.528925, 1.720023], "mix_supply": [1.383947, 1.434604, 1.425884, 1.410262, 1.335613, 1.200811, 1.154819, 1.14024, 1.133975, 1.200801, 1.249236, 1.30038], "mix_storage": [0.053681, 0.060566, 0.065795, 0.070081, 0.071795, 0.069916, 0.06388, 0.056539, 0.04873, 0.044004, 0.044727, 0.046827], "mix_s_tot": 0.0761}}, "nldas": null}, "pdf": "figures/83.pdf"}