{"id": 84, "name": "Republic of Serbia", "country": "Republic of Serbia", "level": "admin0", "continent": "Europe", "metrics": {"solar_cf": 0.15, "wind_cf": 0.1388, "solar_f_adj": 1.3275, "wind_f_adj": 1.9191, "mix_alpha": 0.2, "mix_f_adj": 1.6182, "solar_s_tot_pct": 28.7056, "wind_s_tot_pct": 18.3493, "mix_s_tot_pct": 10.2983, "solar_s_seasonal_pct": 27.8956, "solar_s_diurnal_pct": 0.81, "wind_s_seasonal_pct": 17.3282, "wind_s_diurnal_pct": 1.0211, "solar_flaute_days": 1.875, "wind_flaute_days": 15.625, "solar_gap30d_max": 0.7733, "wind_gap30d_max": 0.964, "solar_trend_pct_decade": 1.5617, "wind_trend_pct_decade": -13.1509}, "colocation": {"k": [0, 17, 35, 50], "storage_pct_cons": [10.2983, 8.6605, 7.5187, 6.6592], "pick": ["base", "wind", "solar", "solar"]}, "datasets": {"gldas": {"series_norm": {"months": [1, 2, 3, 4, 5, 6, 7, 8, 9, 10, 11, 12], "demand": [1.0, 1.0, 1.0, 1.0, 1.0, 1.0, 1.0, 1.0, 1.0, 1.0, 1.0, 1.0], "solar_supply": [0.497884, 0.761985, 1.1709, 1.59796, 1.9774, 2.255274, 2.314227, 2.030581, 1.400219, 0.928258, 0.551989, 0.409424], "wind_supply": [2.448567, 2.718261, 2.67467, 2.204554, 1.709364, 1.2338, 1.263871, 1.07868, 1.400639, 1.723983, 2.274427, 2.350642], "mix_supply": [1.77309, 2.019399, 2.08968, 1.876666, 1.63513, 1.382073, 1.416729, 1.222658, 1.286169, 1.389229, 1.668811, 1.685468], "mix_storage": [0.081843, 0.091904, 0.095703, 0.099614, 0.100576, 0.096946, 0.096497, 0.091395, 0.086215, 0.080026, 0.078153, 0.0806], "mix_s_tot": 0.102983}}, "nldas": null}, "pdf": "figures/84.pdf"}