{"id": 85, "name": "Mali", "country": "Mali", "level": "admin0", "continent": "Africa", "metrics": {"solar_cf": 0.2534, "wind_cf": 0.2675, "solar_f_adj": 1.2223, "wind_f_adj": 1.8254, "mix_alpha": 1.0, "mix_f_adj": 1.2223, "solar_s_tot_pct": 7.8428, "wind_s_tot_pct": 21.9671, "mix_s_tot_pct": 7.8428, "solar_s_seasonal_pct": 6.9011, "solar_s_diurnal_pct": 0.9417, "wind_s_seasonal_pct": 21.2727, "wind_s_diurnal_pct": 0.6944, "solar_flaute_days": 0.75, "wind_flaute_days": 10.0, "solar_gap30d_max": 0.5967, "wind_gap30d_max": 0.8022, "solar_trend_pct_decade": 1.514, "wind_trend_pct_decade": 31.3774}, "colocation": {"k": [0, 17, 35, 50], "storage_pct_cons": [7.8428, 1.937, 0.3651, 0.3135], "pick": ["base", "wind", "wind", "wind"]}, "datasets": {"gldas": {"series_norm": {"months": [1, 2, 3, 4, 5, 6, 7, 8, 9, 10, 11, 12], "demand": [1.0, 1.0, 1.0, 1.0, 1.0, 1.0, 1.0, 1.0, 1.0, 1.0, 1.0, 1.0], "solar_supply": [1.014365, 1.170968, 1.330155, 1.408862, 1.381863, 1.350879, 1.304328, 1.250589, 1.250228, 1.180221, 1.056549, 0.970028], "wind_supply": [2.261476, 2.311798, 2.067637, 1.835625, 1.739351, 1.833445, 1.913235, 1.673012, 1.26639, 1.304104, 1.56757, 2.148179], "mix_supply": [1.014365, 1.170968, 1.330155, 1.408862, 1.381863, 1.350879, 1.304328, 1.250589, 1.250228, 1.180221, 1.056549, 0.970028], "mix_storage": [0.023574, 0.014722, 0.01894, 0.031714, 0.045927, 0.055581, 0.061955, 0.064262, 0.065236, 0.064538, 0.057132, 0.040147], "mix_s_tot": 0.078428}}, "nldas": null}, "pdf": "figures/85.pdf"}