{"id": 86, "name": "Senegal", "country": "Senegal", "level": "admin0", "continent": "Africa", "metrics": {"solar_cf": 0.2413, "wind_cf": 0.1986, "solar_f_adj": 1.2302, "wind_f_adj": 2.3592, "mix_alpha": 1.0, "mix_f_adj": 1.2302, "solar_s_tot_pct": 9.8089, "wind_s_tot_pct": 27.1103, "mix_s_tot_pct": 9.8089, "solar_s_seasonal_pct": 7.0212, "solar_s_diurnal_pct": 2.7877, "wind_s_seasonal_pct": 25.8523, "wind_s_diurnal_pct": 1.258, "solar_flaute_days": 1.625, "wind_flaute_days": 18.125, "solar_gap30d_max": 0.6021, "wind_gap30d_max": 0.9496, "solar_trend_pct_decade": 1.7335, "wind_trend_pct_decade": 49.6858}, "colocation": {"k": [0, 17, 35, 50], "storage_pct_cons": [9.8089, 2.1258, 0.9286, 0.8078], "pick": ["base", "wind", "wind", "wind"]}, "datasets": {"gldas": {"series_norm": {"months": [1, 2, 3, 4, 5, 6, 7, 8, 9, 10, 11, 12], "demand": [1.0, 1.0, 1.0, 1.0, 1.0, 1.0, 1.0, 1.0, 1.0, 1.0, 1.0, 1.0], "solar_supply": [1.073787, 1.216235, 1.409182, 1.483737, 1.427916, 1.340288, 1.229824, 1.15005, 1.160125, 1.170391, 1.085991, 1.018484], "wind_supply": [3.102617, 3.266941, 2.765896, 2.86574, 2.687097, 2.71812, 2.498068, 1.88491, 1.18091, 0.994422, 1.613516, 2.777834], "mix_supply": [1.073787, 1.216235, 1.409182, 1.483737, 1.427916, 1.340288, 1.229824, 1.15005, 1.160125, 1.170391, 1.085991, 1.018484], "mix_storage": [0.021227, 0.015117, 0.023052, 0.04105, 0.058578, 0.068401, 0.071506, 0.067543, 0.060619, 0.056176, 0.048696, 0.03381], "mix_s_tot": 0.098089}}, "nldas": null}, "pdf": "figures/86.pdf"}