{"id": 87, "name": "Nigeria", "country": "Nigeria", "level": "admin0", "continent": "Africa", "metrics": {"solar_cf": 0.233, "wind_cf": 0.0691, "solar_f_adj": 1.2303, "wind_f_adj": 3.6393, "mix_alpha": 0.85, "mix_f_adj": 1.3316, "solar_s_tot_pct": 10.4495, "wind_s_tot_pct": 40.5063, "mix_s_tot_pct": 9.0636, "solar_s_seasonal_pct": 5.5552, "solar_s_diurnal_pct": 4.8943, "wind_s_seasonal_pct": 39.3428, "wind_s_diurnal_pct": 1.1636, "solar_flaute_days": 0.75, "wind_flaute_days": 35.75, "solar_gap30d_max": 0.5961, "wind_gap30d_max": 0.9964, "solar_trend_pct_decade": 2.3794, "wind_trend_pct_decade": 58.3924}, "colocation": {"k": [0, 17, 35, 50], "storage_pct_cons": [9.0636, 2.855, 1.4535, 0.8114], "pick": ["base", "solar", "wind", "wind"]}, "datasets": {"gldas": {"series_norm": {"months": [1, 2, 3, 4, 5, 6, 7, 8, 9, 10, 11, 12], "demand": [1.0, 1.0, 1.0, 1.0, 1.0, 1.0, 1.0, 1.0, 1.0, 1.0, 1.0, 1.0], "solar_supply": [1.289297, 1.361768, 1.372519, 1.324956, 1.259338, 1.182744, 1.084728, 1.042775, 1.128011, 1.211613, 1.260523, 1.255735], "wind_supply": [5.751124, 5.579728, 4.729931, 4.402631, 4.022514, 4.027475, 3.515914, 2.757386, 1.072093, 0.843179, 2.311577, 4.741591], "mix_supply": [1.501845, 1.559113, 1.522364, 1.46064, 1.379408, 1.309211, 1.190956, 1.110726, 1.096649, 1.161001, 1.286593, 1.415559], "mix_storage": [0.058356, 0.064507, 0.070385, 0.077003, 0.080223, 0.081271, 0.077811, 0.068781, 0.057514, 0.049433, 0.048054, 0.05172], "mix_s_tot": 0.090636}}, "nldas": null}, "pdf": "figures/87.pdf"}