{"id": 88, "name": "Benin", "country": "Benin", "level": "admin0", "continent": "Africa", "metrics": {"solar_cf": 0.2298, "wind_cf": 0.0444, "solar_f_adj": 1.2337, "wind_f_adj": 3.1884, "mix_alpha": 0.85, "mix_f_adj": 1.3196, "solar_s_tot_pct": 8.7842, "wind_s_tot_pct": 43.6291, "mix_s_tot_pct": 8.4062, "solar_s_seasonal_pct": 6.193, "solar_s_diurnal_pct": 2.5912, "wind_s_seasonal_pct": 41.8494, "wind_s_diurnal_pct": 1.7797, "solar_flaute_days": 1.5, "wind_flaute_days": 20.75, "solar_gap30d_max": 0.585, "wind_gap30d_max": 0.9914, "solar_trend_pct_decade": 1.8329, "wind_trend_pct_decade": 44.4995}, "colocation": {"k": [0, 17, 35, 50], "storage_pct_cons": [8.4062, 2.7748, 1.5106, 1.2069], "pick": ["base", "solar", "wind", "wind"]}, "datasets": {"gldas": {"series_norm": {"months": [1, 2, 3, 4, 5, 6, 7, 8, 9, 10, 11, 12], "demand": [1.0, 1.0, 1.0, 1.0, 1.0, 1.0, 1.0, 1.0, 1.0, 1.0, 1.0, 1.0], "solar_supply": [1.290625, 1.379269, 1.371309, 1.327362, 1.259133, 1.175208, 1.08335, 1.0459, 1.113885, 1.225297, 1.275956, 1.268772], "wind_supply": [4.00386, 3.794772, 3.304605, 5.276694, 5.518492, 4.118986, 3.390383, 2.819693, 0.999909, 0.648292, 1.390267, 3.016918], "mix_supply": [1.421977, 1.489589, 1.451922, 1.534397, 1.487376, 1.324189, 1.195441, 1.125963, 1.074797, 1.154261, 1.246383, 1.340837], "mix_storage": [0.055993, 0.062172, 0.066856, 0.073744, 0.078754, 0.078832, 0.074776, 0.066464, 0.054664, 0.046244, 0.045066, 0.048236], "mix_s_tot": 0.084062}}, "nldas": null}, "pdf": "figures/88.pdf"}