{"id": 89, "name": "Angola", "country": "Angola", "level": "admin0", "continent": "Africa", "metrics": {"solar_cf": 0.2388, "wind_cf": 0.0394, "solar_f_adj": 1.246, "wind_f_adj": 1.6707, "mix_alpha": 1.0, "mix_f_adj": 1.246, "solar_s_tot_pct": 4.4741, "wind_s_tot_pct": 51.5434, "mix_s_tot_pct": 4.4741, "solar_s_seasonal_pct": 2.848, "solar_s_diurnal_pct": 1.6261, "wind_s_seasonal_pct": 49.6332, "wind_s_diurnal_pct": 1.9102, "solar_flaute_days": 0.75, "wind_flaute_days": 18.625, "solar_gap30d_max": 0.6062, "wind_gap30d_max": 0.9854, "solar_trend_pct_decade": 2.3265, "wind_trend_pct_decade": -4.4467}, "colocation": {"k": [0, 17, 35, 50], "storage_pct_cons": [4.4741, 1.6438, 0.8812, 0.7318], "pick": ["base", "wind", "wind", "wind"]}, "datasets": {"gldas": {"series_norm": {"months": [1, 2, 3, 4, 5, 6, 7, 8, 9, 10, 11, 12], "demand": [1.0, 1.0, 1.0, 1.0, 1.0, 1.0, 1.0, 1.0, 1.0, 1.0, 1.0, 1.0], "solar_supply": [1.210968, 1.227928, 1.193432, 1.203807, 1.240829, 1.190578, 1.22429, 1.316578, 1.37803, 1.325624, 1.24068, 1.198014], "wind_supply": [0.941065, 0.753019, 0.508379, 1.109108, 1.903226, 2.942861, 3.504081, 3.019701, 2.407616, 1.458821, 0.726559, 0.708112], "mix_supply": [1.210968, 1.227928, 1.193432, 1.203807, 1.240829, 1.190578, 1.22429, 1.316578, 1.37803, 1.325624, 1.24068, 1.198014], "mix_storage": [0.029447, 0.027675, 0.025414, 0.021493, 0.021878, 0.020428, 0.018043, 0.021326, 0.02982, 0.035083, 0.035135, 0.032364], "mix_s_tot": 0.044741}}, "nldas": null}, "pdf": "figures/89.pdf"}