{"id": 9, "name": "Ethiopia", "country": "Ethiopia", "level": "admin0", "continent": "Africa", "metrics": {"solar_cf": 0.2523, "wind_cf": 0.1283, "solar_f_adj": 1.2518, "wind_f_adj": 2.9609, "mix_alpha": 0.8, "mix_f_adj": 1.3815, "solar_s_tot_pct": 5.359, "wind_s_tot_pct": 37.0628, "mix_s_tot_pct": 4.3104, "solar_s_seasonal_pct": 4.0419, "solar_s_diurnal_pct": 1.3171, "wind_s_seasonal_pct": 34.7829, "wind_s_diurnal_pct": 2.2799, "solar_flaute_days": 0.75, "wind_flaute_days": 34.75, "solar_gap30d_max": 0.5711, "wind_gap30d_max": 0.9548, "solar_trend_pct_decade": 2.7523, "wind_trend_pct_decade": 37.4967}, "colocation": {"k": [0, 17, 35, 50], "storage_pct_cons": [4.3104, 0.5802, 0.5257, 0.3762], "pick": ["base", "solar", "solar", "wind"]}, "datasets": {"gldas": {"series_norm": {"months": [1, 2, 3, 4, 5, 6, 7, 8, 9, 10, 11, 12], "demand": [1.0, 1.0, 1.0, 1.0, 1.0, 1.0, 1.0, 1.0, 1.0, 1.0, 1.0, 1.0], "solar_supply": [1.281565, 1.374267, 1.382834, 1.307202, 1.284205, 1.209056, 1.102227, 1.151895, 1.240012, 1.223997, 1.23365, 1.240931], "wind_supply": [2.472594, 2.861357, 2.495464, 1.7507, 2.466854, 4.841136, 5.598741, 4.798317, 3.275885, 1.347937, 1.495443, 2.100952], "mix_supply": [1.36221, 1.480334, 1.453754, 1.31748, 1.364006, 1.519218, 1.495597, 1.464755, 1.400484, 1.206435, 1.228723, 1.291655], "mix_storage": [0.035381, 0.037598, 0.039005, 0.039041, 0.03813, 0.039633, 0.040227, 0.039586, 0.039223, 0.036537, 0.033616, 0.033731], "mix_s_tot": 0.043104}}, "nldas": null}, "pdf": "figures/9.pdf"}