{"id": 90, "name": "Croatia", "country": "Croatia", "level": "admin0", "continent": "Europe", "metrics": {"solar_cf": 0.1544, "wind_cf": 0.1706, "solar_f_adj": 1.3312, "wind_f_adj": 1.9643, "mix_alpha": 0.15, "mix_f_adj": 1.7165, "solar_s_tot_pct": 30.0718, "wind_s_tot_pct": 24.308, "mix_s_tot_pct": 16.1952, "solar_s_seasonal_pct": 29.2282, "solar_s_diurnal_pct": 0.8436, "wind_s_seasonal_pct": 23.4537, "wind_s_diurnal_pct": 0.8543, "solar_flaute_days": 2.875, "wind_flaute_days": 17.625, "solar_gap30d_max": 0.7956, "wind_gap30d_max": 0.8905, "solar_trend_pct_decade": 1.1473, "wind_trend_pct_decade": -34.9243}, "colocation": {"k": [0, 17, 35, 50], "storage_pct_cons": [16.1952, 11.0156, 8.3787, 6.2068], "pick": ["base", "wind", "solar", "solar"]}, "datasets": {"gldas": {"series_norm": {"months": [1, 2, 3, 4, 5, 6, 7, 8, 9, 10, 11, 12], "demand": [1.0, 1.0, 1.0, 1.0, 1.0, 1.0, 1.0, 1.0, 1.0, 1.0, 1.0, 1.0], "solar_supply": [0.472304, 0.745848, 1.176619, 1.623111, 2.035883, 2.329526, 2.346144, 2.02064, 1.401364, 0.892671, 0.507037, 0.388187], "wind_supply": [2.666309, 2.879856, 2.830974, 2.183067, 1.681902, 1.17876, 1.134518, 0.977255, 1.488726, 1.799116, 2.284611, 2.524341], "mix_supply": [2.071795, 2.283318, 2.330328, 1.935443, 1.643031, 1.32611, 1.296462, 1.116695, 1.376821, 1.508979, 1.795, 1.950076], "mix_storage": [0.133375, 0.140581, 0.148384, 0.157396, 0.156868, 0.151318, 0.146989, 0.137359, 0.127918, 0.123511, 0.124327, 0.124455], "mix_s_tot": 0.161952}}, "nldas": null}, "pdf": "figures/90.pdf"}