{"id": 91, "name": "Slovenia", "country": "Slovenia", "level": "admin0", "continent": "Europe", "metrics": {"solar_cf": 0.1473, "wind_cf": 0.0884, "solar_f_adj": 1.3394, "wind_f_adj": 3.7675, "mix_alpha": 0.25, "mix_f_adj": 2.2951, "solar_s_tot_pct": 30.3015, "wind_s_tot_pct": 27.7724, "mix_s_tot_pct": 22.9268, "solar_s_seasonal_pct": 30.0264, "solar_s_diurnal_pct": 0.2751, "wind_s_seasonal_pct": 27.3046, "wind_s_diurnal_pct": 0.4678, "solar_flaute_days": 3.875, "wind_flaute_days": 26.25, "solar_gap30d_max": 0.7956, "wind_gap30d_max": 0.984, "solar_trend_pct_decade": 1.4071, "wind_trend_pct_decade": -56.1653}, "colocation": {"k": [0, 17, 35, 50], "storage_pct_cons": [22.9268, 17.5413, 15.0836, 12.3948], "pick": ["base", "wind", "solar", "solar"]}, "datasets": {"gldas": {"series_norm": {"months": [1, 2, 3, 4, 5, 6, 7, 8, 9, 10, 11, 12], "demand": [1.0, 1.0, 1.0, 1.0, 1.0, 1.0, 1.0, 1.0, 1.0, 1.0, 1.0, 1.0], "solar_supply": [0.487822, 0.781203, 1.231249, 1.660037, 2.047217, 2.332729, 2.325953, 2.004492, 1.407994, 0.863728, 0.500279, 0.397759], "wind_supply": [4.514897, 5.224067, 5.350866, 4.819751, 3.78974, 2.726639, 2.357645, 1.907688, 2.843039, 3.627564, 3.931133, 4.221319], "mix_supply": [2.271765, 2.721453, 2.972175, 2.913199, 2.608461, 2.245052, 2.073561, 1.730275, 1.902098, 2.027385, 2.010388, 2.099052], "mix_storage": [0.183597, 0.186327, 0.202319, 0.216927, 0.223079, 0.22498, 0.226002, 0.224411, 0.220097, 0.213239, 0.203002, 0.187152], "mix_s_tot": 0.229268}}, "nldas": null}, "pdf": "figures/91.pdf"}