{"id": 92, "name": "Qatar", "country": "Qatar", "level": "admin0", "continent": "Asia", "metrics": {"solar_cf": 0.2447, "wind_cf": 0.3779, "solar_f_adj": 1.236, "wind_f_adj": 1.4922, "mix_alpha": 0.5, "mix_f_adj": 1.2875, "solar_s_tot_pct": 16.8868, "wind_s_tot_pct": 20.4665, "mix_s_tot_pct": 10.0493, "solar_s_seasonal_pct": 15.8211, "solar_s_diurnal_pct": 1.0657, "wind_s_seasonal_pct": 20.2407, "wind_s_diurnal_pct": 0.2258, "solar_flaute_days": 1.75, "wind_flaute_days": 7.0, "solar_gap30d_max": 0.6693, "wind_gap30d_max": 0.7687, "solar_trend_pct_decade": 1.3155, "wind_trend_pct_decade": 15.0605}, "colocation": {"k": [0, 17, 35, 50], "storage_pct_cons": [10.0493, 4.3986, 1.8988, 1.1873], "pick": ["base", "solar", "solar", "solar"]}, "datasets": {"gldas": {"series_norm": {"months": [1, 2, 3, 4, 5, 6, 7, 8, 9, 10, 11, 12], "demand": [1.0, 1.0, 1.0, 1.0, 1.0, 1.0, 1.0, 1.0, 1.0, 1.0, 1.0, 1.0], "solar_supply": [0.833402, 1.01295, 1.200692, 1.34932, 1.556135, 1.635237, 1.557886, 1.481469, 1.364775, 1.145773, 0.897231, 0.787431], "wind_supply": [1.653377, 1.865042, 1.772006, 1.5183, 1.611726, 1.799011, 1.52266, 1.119601, 1.102846, 1.030875, 1.39609, 1.543016], "mix_supply": [1.147309, 1.332131, 1.389773, 1.357731, 1.505746, 1.627738, 1.468235, 1.254557, 1.186554, 1.041447, 1.069558, 1.075757], "mix_storage": [0.05939, 0.06366, 0.070808, 0.077016, 0.082994, 0.08962, 0.094616, 0.094059, 0.089934, 0.080175, 0.067953, 0.061405], "mix_s_tot": 0.100493}}, "nldas": null}, "pdf": "figures/92.pdf"}