{"id": 93, "name": "Botswana", "country": "Botswana", "level": "admin0", "continent": "Africa", "metrics": {"solar_cf": 0.249, "wind_cf": 0.1889, "solar_f_adj": 1.2437, "wind_f_adj": 2.9067, "mix_alpha": 1.0, "mix_f_adj": 1.2437, "solar_s_tot_pct": 10.2421, "wind_s_tot_pct": 22.6531, "mix_s_tot_pct": 10.2421, "solar_s_seasonal_pct": 8.2357, "solar_s_diurnal_pct": 2.0064, "wind_s_seasonal_pct": 21.2519, "wind_s_diurnal_pct": 1.4012, "solar_flaute_days": 0.75, "wind_flaute_days": 10.875, "solar_gap30d_max": 0.6248, "wind_gap30d_max": 0.8953, "solar_trend_pct_decade": 2.1554, "wind_trend_pct_decade": 50.7274}, "colocation": {"k": [0, 17, 35, 50], "storage_pct_cons": [10.2421, 4.0174, 0.7858, 0.408], "pick": ["base", "wind", "wind", "wind"]}, "datasets": {"gldas": {"series_norm": {"months": [1, 2, 3, 4, 5, 6, 7, 8, 9, 10, 11, 12], "demand": [1.0, 1.0, 1.0, 1.0, 1.0, 1.0, 1.0, 1.0, 1.0, 1.0, 1.0, 1.0], "solar_supply": [1.412966, 1.359491, 1.263799, 1.129534, 1.022418, 0.927652, 0.984865, 1.157428, 1.359269, 1.452515, 1.436973, 1.424429], "wind_supply": [2.730623, 2.372862, 2.222329, 2.124289, 1.996236, 2.42397, 2.814073, 3.422957, 3.970847, 4.250031, 3.526213, 2.992629], "mix_supply": [1.412966, 1.359491, 1.263799, 1.129534, 1.022418, 0.927652, 0.984865, 1.157428, 1.359269, 1.452515, 1.436973, 1.424429], "mix_storage": [0.075837, 0.083142, 0.084127, 0.078743, 0.065362, 0.043703, 0.020645, 0.007787, 0.010925, 0.026676, 0.044733, 0.060831], "mix_s_tot": 0.102421}}, "nldas": null}, "pdf": "figures/93.pdf"}