{"id": 94, "name": "Zimbabwe", "country": "Zimbabwe", "level": "admin0", "continent": "Africa", "metrics": {"solar_cf": 0.246, "wind_cf": 0.126, "solar_f_adj": 1.2888, "wind_f_adj": 1.621, "mix_alpha": 1.0, "mix_f_adj": 1.2888, "solar_s_tot_pct": 8.8468, "wind_s_tot_pct": 30.0949, "mix_s_tot_pct": 8.8468, "solar_s_seasonal_pct": 7.5115, "solar_s_diurnal_pct": 1.3353, "wind_s_seasonal_pct": 29.2027, "wind_s_diurnal_pct": 0.8922, "solar_flaute_days": 0.75, "wind_flaute_days": 9.75, "solar_gap30d_max": 0.6183, "wind_gap30d_max": 0.8473, "solar_trend_pct_decade": 3.9856, "wind_trend_pct_decade": 2.8974}, "colocation": {"k": [0, 17, 35, 50], "storage_pct_cons": [8.8468, 2.9172, 0.8249, 0.6918], "pick": ["base", "wind", "wind", "wind"]}, "datasets": {"gldas": {"series_norm": {"months": [1, 2, 3, 4, 5, 6, 7, 8, 9, 10, 11, 12], "demand": [1.0, 1.0, 1.0, 1.0, 1.0, 1.0, 1.0, 1.0, 1.0, 1.0, 1.0, 1.0], "solar_supply": [1.378238, 1.386468, 1.327064, 1.219347, 1.112889, 0.988691, 1.040783, 1.25589, 1.451878, 1.527881, 1.430924, 1.351821], "wind_supply": [1.210286, 1.104248, 1.153554, 1.154104, 0.999031, 1.336023, 1.579667, 1.955325, 2.633859, 2.92824, 2.058313, 1.315624], "mix_supply": [1.378238, 1.386468, 1.327064, 1.219347, 1.112889, 0.988691, 1.040783, 1.25589, 1.451878, 1.527881, 1.430924, 1.351821], "mix_storage": [0.08171, 0.083882, 0.083053, 0.080387, 0.074146, 0.058505, 0.039411, 0.032472, 0.043004, 0.063796, 0.077081, 0.079322], "mix_s_tot": 0.088468}}, "nldas": null}, "pdf": "figures/94.pdf"}