{"id": 95, "name": "Pakistan", "country": "Pakistan", "level": "admin0", "continent": "Asia", "metrics": {"solar_cf": 0.2251, "wind_cf": 0.1809, "solar_f_adj": 1.2441, "wind_f_adj": 1.5808, "mix_alpha": 0.95, "mix_f_adj": 1.2498, "solar_s_tot_pct": 14.4894, "wind_s_tot_pct": 32.9613, "mix_s_tot_pct": 13.1959, "solar_s_seasonal_pct": 12.07, "solar_s_diurnal_pct": 2.4194, "wind_s_seasonal_pct": 32.4237, "wind_s_diurnal_pct": 0.5376, "solar_flaute_days": 0.875, "wind_flaute_days": 16.625, "solar_gap30d_max": 0.6311, "wind_gap30d_max": 0.8948, "solar_trend_pct_decade": 0.0917, "wind_trend_pct_decade": 3.9702}, "colocation": {"k": [0, 17, 35, 50], "storage_pct_cons": [13.1959, 9.4121, 6.5169, 4.5573], "pick": ["base", "wind", "wind", "wind"]}, "datasets": {"gldas": {"series_norm": {"months": [1, 2, 3, 4, 5, 6, 7, 8, 9, 10, 11, 12], "demand": [1.0, 1.0, 1.0, 1.0, 1.0, 1.0, 1.0, 1.0, 1.0, 1.0, 1.0, 1.0], "solar_supply": [0.819485, 1.005193, 1.239399, 1.457363, 1.619213, 1.646723, 1.515662, 1.429229, 1.351943, 1.156419, 0.902847, 0.77629], "wind_supply": [1.140004, 1.550616, 1.664559, 1.915872, 2.298747, 2.347637, 2.204427, 1.888177, 1.388752, 0.894802, 0.793343, 0.883371], "mix_supply": [0.82716, 1.020628, 1.248652, 1.466606, 1.636207, 1.664394, 1.533651, 1.43866, 1.345158, 1.139029, 0.893015, 0.775792], "mix_storage": [0.038466, 0.015493, 0.009773, 0.022043, 0.049571, 0.085143, 0.111368, 0.123394, 0.127086, 0.123966, 0.104435, 0.071178], "mix_s_tot": 0.131959}}, "nldas": null}, "pdf": "figures/95.pdf"}