{"id": 96, "name": "Bulgaria", "country": "Bulgaria", "level": "admin0", "continent": "Europe", "metrics": {"solar_cf": 0.1572, "wind_cf": 0.1596, "solar_f_adj": 1.3168, "wind_f_adj": 1.6729, "mix_alpha": 0.0, "mix_f_adj": 1.6729, "solar_s_tot_pct": 26.6971, "wind_s_tot_pct": 14.1805, "mix_s_tot_pct": 14.1805, "solar_s_seasonal_pct": 25.6923, "solar_s_diurnal_pct": 1.0048, "wind_s_seasonal_pct": 13.9772, "wind_s_diurnal_pct": 0.2032, "solar_flaute_days": 3.625, "wind_flaute_days": 12.5, "solar_gap30d_max": 0.7469, "wind_gap30d_max": 0.8067, "solar_trend_pct_decade": 1.2484, "wind_trend_pct_decade": -18.4002}, "colocation": {"k": [0, 17, 35, 50], "storage_pct_cons": [14.1805, 9.7497, 7.1183, 5.5849], "pick": ["base", "solar", "solar", "solar"]}, "datasets": {"gldas": {"series_norm": {"months": [1, 2, 3, 4, 5, 6, 7, 8, 9, 10, 11, 12], "demand": [1.0, 1.0, 1.0, 1.0, 1.0, 1.0, 1.0, 1.0, 1.0, 1.0, 1.0, 1.0], "solar_supply": [0.541126, 0.793236, 1.15267, 1.546283, 1.9277, 2.168815, 2.243864, 1.986288, 1.438643, 0.936073, 0.586515, 0.448589], "wind_supply": [2.241504, 2.343925, 2.242685, 1.811314, 1.325513, 1.074799, 1.243711, 1.250132, 1.402172, 1.391889, 1.713917, 2.0703], "mix_supply": [2.241504, 2.343925, 2.242685, 1.811314, 1.325513, 1.074799, 1.243711, 1.250132, 1.402172, 1.391889, 1.713917, 2.0703], "mix_storage": [0.122719, 0.130374, 0.132588, 0.134923, 0.129449, 0.115883, 0.108607, 0.103643, 0.1015, 0.100123, 0.096337, 0.107816], "mix_s_tot": 0.141805}}, "nldas": null}, "pdf": "figures/96.pdf"}