{"id": 97, "name": "Thailand", "country": "Thailand", "level": "admin0", "continent": "Asia", "metrics": {"solar_cf": 0.207, "wind_cf": 0.044, "solar_f_adj": 1.2713, "wind_f_adj": 3.0121, "mix_alpha": 0.95, "mix_f_adj": 1.2702, "solar_s_tot_pct": 9.417, "wind_s_tot_pct": 46.6625, "mix_s_tot_pct": 8.7448, "solar_s_seasonal_pct": 7.8456, "solar_s_diurnal_pct": 1.5714, "wind_s_seasonal_pct": 45.4992, "wind_s_diurnal_pct": 1.1633, "solar_flaute_days": 0.75, "wind_flaute_days": 26.375, "solar_gap30d_max": 0.6091, "wind_gap30d_max": 0.9899, "solar_trend_pct_decade": 3.4115, "wind_trend_pct_decade": 22.7317}, "colocation": {"k": [0, 17, 35, 50], "storage_pct_cons": [8.7448, 2.4765, 1.0207, 0.5721], "pick": ["base", "wind", "wind", "wind"]}, "datasets": {"gldas": {"series_norm": {"months": [1, 2, 3, 4, 5, 6, 7, 8, 9, 10, 11, 12], "demand": [1.0, 1.0, 1.0, 1.0, 1.0, 1.0, 1.0, 1.0, 1.0, 1.0, 1.0, 1.0], "solar_supply": [1.271619, 1.438985, 1.522229, 1.527186, 1.337175, 1.205813, 1.136139, 1.128936, 1.126707, 1.190224, 1.192412, 1.191876], "wind_supply": [4.189931, 3.628325, 3.051246, 2.039739, 1.706465, 3.079293, 3.566077, 3.045457, 1.112065, 1.438761, 3.844817, 5.434621], "mix_supply": [1.295347, 1.442367, 1.509212, 1.49259, 1.305208, 1.209467, 1.153598, 1.135783, 1.092901, 1.160079, 1.212888, 1.2459], "mix_storage": [0.040843, 0.049933, 0.063178, 0.070879, 0.073541, 0.071846, 0.066828, 0.059125, 0.049356, 0.040701, 0.037685, 0.037308], "mix_s_tot": 0.087448}}, "nldas": null}, "pdf": "figures/97.pdf"}