{"id": 98, "name": "San Marino", "country": "San Marino", "level": "admin0", "continent": "Europe", "metrics": {"solar_cf": 0.1622, "wind_cf": 0.183, "solar_f_adj": 1.3128, "wind_f_adj": 1.676, "mix_alpha": 0.25, "mix_f_adj": 1.4301, "solar_s_tot_pct": 29.9389, "wind_s_tot_pct": 21.7097, "mix_s_tot_pct": 13.1445, "solar_s_seasonal_pct": 28.7384, "solar_s_diurnal_pct": 1.2005, "wind_s_seasonal_pct": 20.6981, "wind_s_diurnal_pct": 1.0115, "solar_flaute_days": 2.875, "wind_flaute_days": 21.125, "solar_gap30d_max": 0.8048, "wind_gap30d_max": 0.9048, "solar_trend_pct_decade": 2.7675, "wind_trend_pct_decade": -14.031}, "colocation": {"k": [0, 17, 35, 50], "storage_pct_cons": [13.1445, 8.839, 7.146, 5.9559], "pick": ["base", "wind", "solar", "solar"]}, "datasets": {"gldas": {"series_norm": {"months": [1, 2, 3, 4, 5, 6, 7, 8, 9, 10, 11, 12], "demand": [1.0, 1.0, 1.0, 1.0, 1.0, 1.0, 1.0, 1.0, 1.0, 1.0, 1.0, 1.0], "solar_supply": [0.4828, 0.763182, 1.168688, 1.572445, 1.951669, 2.263661, 2.319966, 1.977445, 1.402842, 0.875019, 0.521697, 0.421173], "wind_supply": [2.260609, 2.278725, 2.326414, 1.743065, 1.487673, 1.151692, 1.192428, 1.072779, 1.413805, 1.45794, 1.812644, 1.948915], "mix_supply": [1.578219, 1.666175, 1.807134, 1.54377, 1.483607, 1.35356, 1.394965, 1.225107, 1.286861, 1.171353, 1.302127, 1.361959], "mix_storage": [0.08804, 0.098323, 0.106072, 0.115011, 0.119843, 0.12243, 0.123407, 0.121778, 0.117088, 0.107153, 0.096433, 0.088293], "mix_s_tot": 0.131445}}, "nldas": null}, "pdf": "figures/98.pdf"}