{"id": 99, "name": "Haiti", "country": "Haiti", "level": "admin0", "continent": "North America", "metrics": {"solar_cf": 0.2414, "wind_cf": 0.153, "solar_f_adj": 1.2567, "wind_f_adj": 3.8778, "mix_alpha": 1.0, "mix_f_adj": 1.2567, "solar_s_tot_pct": 8.4598, "wind_s_tot_pct": 29.2336, "mix_s_tot_pct": 8.4598, "solar_s_seasonal_pct": 7.2163, "solar_s_diurnal_pct": 1.2436, "wind_s_seasonal_pct": 27.5437, "wind_s_diurnal_pct": 1.6899, "solar_flaute_days": 1.625, "wind_flaute_days": 16.5, "solar_gap30d_max": 0.6292, "wind_gap30d_max": 0.9618, "solar_trend_pct_decade": -0.495, "wind_trend_pct_decade": -52.1391}, "colocation": {"k": [0, 17, 35, 50], "storage_pct_cons": [8.4598, 4.2249, 1.5283, 0.9293], "pick": ["base", "wind", "wind", "wind"]}, "datasets": {"gldas": {"series_norm": {"months": [1, 2, 3, 4, 5, 6, 7, 8, 9, 10, 11, 12], "demand": [1.0, 1.0, 1.0, 1.0, 1.0, 1.0, 1.0, 1.0, 1.0, 1.0, 1.0, 1.0], "solar_supply": [1.045541, 1.19683, 1.316096, 1.381307, 1.374631, 1.429196, 1.479513, 1.414708, 1.304237, 1.12896, 1.018276, 0.988722], "wind_supply": [5.174488, 5.055834, 4.374836, 3.768741, 3.460651, 3.937092, 3.941322, 3.612094, 2.468484, 2.764011, 3.486648, 4.534442], "mix_supply": [1.045541, 1.19683, 1.316096, 1.381307, 1.374631, 1.429196, 1.479513, 1.414708, 1.304237, 1.12896, 1.018276, 0.988722], "mix_storage": [0.024573, 0.015801, 0.018811, 0.028868, 0.041705, 0.052294, 0.065548, 0.074856, 0.077597, 0.073106, 0.059235, 0.040343], "mix_s_tot": 0.084598}}, "nldas": null}, "pdf": "figures/99.pdf"}